dataset,year,feature,target,method,r,n
A_portfolio,ALL,ema20_distance,net_profit_ratio,pearson,0.055151315553723546,1271
A_portfolio,ALL,ema20_distance,net_profit_ratio,spearman,-0.044646328808077944,1271
A_portfolio,ALL,ema50_distance,net_profit_ratio,pearson,0.09726045999069124,1271
A_portfolio,ALL,ema50_distance,net_profit_ratio,spearman,0.0008869328420958025,1271
A_portfolio,ALL,ema_gap,net_profit_ratio,pearson,0.1468695241386318,1271
A_portfolio,ALL,ema_gap,net_profit_ratio,spearman,0.08161740043523391,1271
A_portfolio,ALL,ema20_slope_6,net_profit_ratio,pearson,0.043580402622902824,1271
A_portfolio,ALL,ema20_slope_6,net_profit_ratio,spearman,-0.028028114618565664,1271
A_portfolio,ALL,ema50_slope_6,net_profit_ratio,pearson,0.09938077188203218,1271
A_portfolio,ALL,ema50_slope_6,net_profit_ratio,spearman,0.03403955157302966,1271
A_portfolio,ALL,trend_efficiency_20,net_profit_ratio,pearson,0.033691565288410184,1271
A_portfolio,ALL,trend_efficiency_20,net_profit_ratio,spearman,-0.004604334914364744,1271
A_portfolio,ALL,range_ratio,net_profit_ratio,pearson,-0.034917148640991685,1271
A_portfolio,ALL,range_ratio,net_profit_ratio,spearman,-0.10591032242582714,1271
A_portfolio,ALL,body_to_range,net_profit_ratio,pearson,-0.015211708276623138,1271
A_portfolio,ALL,body_to_range,net_profit_ratio,spearman,-0.01443039663956274,1271
A_portfolio,ALL,close_location,net_profit_ratio,pearson,-0.011554443601853122,1271
A_portfolio,ALL,close_location,net_profit_ratio,spearman,-0.02351103964860641,1271
A_portfolio,ALL,natr14,net_profit_ratio,pearson,-0.07501362653880465,1271
A_portfolio,ALL,natr14,net_profit_ratio,spearman,-0.08794418141845539,1271
A_portfolio,ALL,return_std_24,net_profit_ratio,pearson,-0.05536613233739264,1271
A_portfolio,ALL,return_std_24,net_profit_ratio,spearman,-0.06594227856539786,1271
A_portfolio,ALL,return_std_168,net_profit_ratio,pearson,-0.0671682877417935,1271
A_portfolio,ALL,return_std_168,net_profit_ratio,spearman,-0.11212555007898534,1271
A_portfolio,ALL,volatility_percentile_720,net_profit_ratio,pearson,-0.03522383131177135,1271
A_portfolio,ALL,volatility_percentile_720,net_profit_ratio,spearman,-0.04290735272288879,1271
A_portfolio,ALL,rsi14,net_profit_ratio,pearson,0.03985079294843423,1271
A_portfolio,ALL,rsi14,net_profit_ratio,spearman,-0.025110603750385905,1271
A_portfolio,ALL,macd_ratio,net_profit_ratio,pearson,0.049251605559841045,1271
A_portfolio,ALL,macd_ratio,net_profit_ratio,spearman,-0.021036297648831366,1271
A_portfolio,ALL,macd_signal_ratio,net_profit_ratio,pearson,0.043527036265480795,1271
A_portfolio,ALL,macd_signal_ratio,net_profit_ratio,spearman,-0.005336517975278831,1271
A_portfolio,ALL,relative_volume_24,net_profit_ratio,pearson,-0.017347824014556774,1271
A_portfolio,ALL,relative_volume_24,net_profit_ratio,spearman,-0.028784552215015066,1271
A_portfolio,ALL,volume_zscore_24,net_profit_ratio,pearson,-0.015855668817582682,1271
A_portfolio,ALL,volume_zscore_24,net_profit_ratio,spearman,-0.01478915920916164,1271
A_portfolio,ALL,volume_trend_24_168,net_profit_ratio,pearson,0.031072559455857168,1271
A_portfolio,ALL,volume_trend_24_168,net_profit_ratio,spearman,0.034898249797975796,1271
A_portfolio,ALL,regime_duration,net_profit_ratio,pearson,0.0037980366466070065,1271
A_portfolio,ALL,regime_duration,net_profit_ratio,spearman,-0.042617642879749444,1271
A_portfolio,ALL,regime_transition,net_profit_ratio,pearson,0.013712095372097817,1271
A_portfolio,ALL,regime_transition,net_profit_ratio,spearman,-0.01667345580483271,1271
A_portfolio,ALL,hour_of_day,net_profit_ratio,pearson,0.038739885833984404,1271
A_portfolio,ALL,hour_of_day,net_profit_ratio,spearman,0.03613554766176389,1271
A_portfolio,ALL,day_of_week,net_profit_ratio,pearson,-0.02477046061830647,1271
A_portfolio,ALL,day_of_week,net_profit_ratio,spearman,-0.010550472886045173,1271
A_portfolio,ALL,distance_high_24,net_profit_ratio,pearson,0.06721190846596219,1271
A_portfolio,ALL,distance_high_24,net_profit_ratio,spearman,0.03792973360530597,1271
A_portfolio,ALL,distance_low_24,net_profit_ratio,pearson,-0.008690573611070583,1271
A_portfolio,ALL,distance_low_24,net_profit_ratio,spearman,-0.07992179800052505,1271
A_portfolio,ALL,distance_high_168,net_profit_ratio,pearson,0.147313328074679,1271
A_portfolio,ALL,distance_high_168,net_profit_ratio,spearman,0.11517885712383089,1271
A_portfolio,ALL,distance_low_168,net_profit_ratio,pearson,0.003530191828079191,1271
A_portfolio,ALL,distance_low_168,net_profit_ratio,spearman,-0.0686001139472235,1271
A_portfolio,ALL,candles_since_prior_signal,net_profit_ratio,pearson,-0.03475872847838951,1271
A_portfolio,ALL,candles_since_prior_signal,net_profit_ratio,spearman,-0.031630662611423506,1271
A_portfolio,ALL,return_1h,net_profit_ratio,pearson,-0.0224335426979623,1271
A_portfolio,ALL,return_1h,net_profit_ratio,spearman,-0.042642670394204996,1271
A_portfolio,ALL,return_3h,net_profit_ratio,pearson,0.028129843793739832,1271
A_portfolio,ALL,return_3h,net_profit_ratio,spearman,-0.019750243303309944,1271
A_portfolio,ALL,return_6h,net_profit_ratio,pearson,0.0723667985831577,1271
A_portfolio,ALL,return_6h,net_profit_ratio,spearman,-0.011245068943341926,1271
A_portfolio,ALL,return_12h,net_profit_ratio,pearson,0.0516820060126254,1271
A_portfolio,ALL,return_12h,net_profit_ratio,spearman,-0.03020337825470078,1271
A_portfolio,ALL,return_24h,net_profit_ratio,pearson,0.010807980394857655,1271
A_portfolio,ALL,return_24h,net_profit_ratio,spearman,-0.05035604518494899,1271
A_portfolio,ALL,return_72h,net_profit_ratio,pearson,0.09546583652600567,1271
A_portfolio,ALL,return_72h,net_profit_ratio,spearman,0.04985845316062577,1271
A_portfolio,ALL,return_168h,net_profit_ratio,pearson,0.11976789278995006,1271
A_portfolio,ALL,return_168h,net_profit_ratio,spearman,0.08283306113412958,1271
A_portfolio,ALL,volatility_ratio_24_168,net_profit_ratio,pearson,0.031117096826622104,1271
A_portfolio,ALL,volatility_ratio_24_168,net_profit_ratio,spearman,0.01953639717132736,1271
A_portfolio,ALL,natr_ratio_168,net_profit_ratio,pearson,-0.010680150006872554,1271
A_portfolio,ALL,natr_ratio_168,net_profit_ratio,spearman,-0.004815068839135089,1271
A_portfolio,ALL,up_fraction_24,net_profit_ratio,pearson,0.028111669940569285,1271
A_portfolio,ALL,up_fraction_24,net_profit_ratio,spearman,0.007889966173161761,1271
A_portfolio,ALL,volume_price_interaction,net_profit_ratio,pearson,-0.026283238635126605,1271
A_portfolio,ALL,volume_price_interaction,net_profit_ratio,spearman,-0.04168243041012859,1271
A_portfolio,ALL,range_expansion_24,net_profit_ratio,pearson,-0.02159215753934728,1271
A_portfolio,ALL,range_expansion_24,net_profit_ratio,spearman,-0.02171403366081846,1271
A_portfolio,ALL,signal_density_168,net_profit_ratio,pearson,0.05889474674762289,1271
A_portfolio,ALL,signal_density_168,net_profit_ratio,spearman,0.06739019417100556,1271
A_portfolio,ALL,ema20_distance,profitable_after_fees,pearson,0.12506249834094044,1271
A_portfolio,ALL,ema20_distance,profitable_after_fees,spearman,0.10769906861276393,1271
A_portfolio,ALL,ema50_distance,profitable_after_fees,pearson,0.14214256050159485,1271
A_portfolio,ALL,ema50_distance,profitable_after_fees,spearman,0.12790362471466907,1271
A_portfolio,ALL,ema_gap,profitable_after_fees,pearson,0.11526098366805373,1271
A_portfolio,ALL,ema_gap,profitable_after_fees,spearman,0.11283016992827562,1271
A_portfolio,ALL,ema20_slope_6,profitable_after_fees,pearson,0.132975227949529,1271
A_portfolio,ALL,ema20_slope_6,profitable_after_fees,spearman,0.13803518473098672,1271
A_portfolio,ALL,ema50_slope_6,profitable_after_fees,pearson,0.14281469103502187,1271
A_portfolio,ALL,ema50_slope_6,profitable_after_fees,spearman,0.14797303328411998,1271
A_portfolio,ALL,trend_efficiency_20,profitable_after_fees,pearson,0.11100064251796589,1271
A_portfolio,ALL,trend_efficiency_20,profitable_after_fees,spearman,0.11681702213567496,1271
A_portfolio,ALL,range_ratio,profitable_after_fees,pearson,0.03522828585807073,1271
A_portfolio,ALL,range_ratio,profitable_after_fees,spearman,0.03108393246446945,1271
A_portfolio,ALL,body_to_range,profitable_after_fees,pearson,-0.024585199681392816,1271
A_portfolio,ALL,body_to_range,profitable_after_fees,spearman,-0.025515854127355787,1271
A_portfolio,ALL,close_location,profitable_after_fees,pearson,-0.007886005174966007,1271
A_portfolio,ALL,close_location,profitable_after_fees,spearman,-0.007523213299488835,1271
A_portfolio,ALL,natr14,profitable_after_fees,pearson,0.05617798745555204,1271
A_portfolio,ALL,natr14,profitable_after_fees,spearman,0.09593222345375027,1271
A_portfolio,ALL,return_std_24,profitable_after_fees,pearson,0.07136215387925615,1271
A_portfolio,ALL,return_std_24,profitable_after_fees,spearman,0.11201477981580187,1271
A_portfolio,ALL,return_std_168,profitable_after_fees,pearson,0.038049973474518994,1271
A_portfolio,ALL,return_std_168,profitable_after_fees,spearman,0.049576619821954535,1271
A_portfolio,ALL,volatility_percentile_720,profitable_after_fees,pearson,0.06696633508786981,1271
A_portfolio,ALL,volatility_percentile_720,profitable_after_fees,spearman,0.07276849820537219,1271
A_portfolio,ALL,rsi14,profitable_after_fees,pearson,0.10001005589398775,1271
A_portfolio,ALL,rsi14,profitable_after_fees,spearman,0.10105431493376503,1271
A_portfolio,ALL,macd_ratio,profitable_after_fees,pearson,0.14266432018409556,1271
A_portfolio,ALL,macd_ratio,profitable_after_fees,spearman,0.15283834445247174,1271
A_portfolio,ALL,macd_signal_ratio,profitable_after_fees,pearson,0.12554259156371642,1271
A_portfolio,ALL,macd_signal_ratio,profitable_after_fees,spearman,0.14442315809832262,1271
A_portfolio,ALL,relative_volume_24,profitable_after_fees,pearson,-0.027342925666982845,1271
A_portfolio,ALL,relative_volume_24,profitable_after_fees,spearman,-0.00766286509015399,1271
A_portfolio,ALL,volume_zscore_24,profitable_after_fees,pearson,-0.02426880359524447,1271
A_portfolio,ALL,volume_zscore_24,profitable_after_fees,spearman,0.0036444784585153303,1271
A_portfolio,ALL,volume_trend_24_168,profitable_after_fees,pearson,0.10361725714328383,1271
A_portfolio,ALL,volume_trend_24_168,profitable_after_fees,spearman,0.11458258293243194,1271
A_portfolio,ALL,regime_duration,profitable_after_fees,pearson,0.029611154890949423,1271
A_portfolio,ALL,regime_duration,profitable_after_fees,spearman,-0.048374079141808086,1271
A_portfolio,ALL,regime_transition,profitable_after_fees,pearson,0.016608276579315115,1271
A_portfolio,ALL,regime_transition,profitable_after_fees,spearman,0.01660827657931508,1271
A_portfolio,ALL,hour_of_day,profitable_after_fees,pearson,0.059731440270205445,1271
A_portfolio,ALL,hour_of_day,profitable_after_fees,spearman,0.05912920671034324,1271
A_portfolio,ALL,day_of_week,profitable_after_fees,pearson,-0.07393287700731002,1271
A_portfolio,ALL,day_of_week,profitable_after_fees,spearman,-0.07362150320104008,1271
A_portfolio,ALL,distance_high_24,profitable_after_fees,pearson,0.004765587823861575,1271
A_portfolio,ALL,distance_high_24,profitable_after_fees,spearman,0.02281290347827149,1271
A_portfolio,ALL,distance_low_24,profitable_after_fees,pearson,0.10513947677710318,1271
A_portfolio,ALL,distance_low_24,profitable_after_fees,spearman,0.12187153984946263,1271
A_portfolio,ALL,distance_high_168,profitable_after_fees,pearson,0.059341832719597205,1271
A_portfolio,ALL,distance_high_168,profitable_after_fees,spearman,0.05655924233208898,1271
A_portfolio,ALL,distance_low_168,profitable_after_fees,pearson,0.06599258749927892,1271
A_portfolio,ALL,distance_low_168,profitable_after_fees,spearman,0.07380406747324682,1271
A_portfolio,ALL,candles_since_prior_signal,profitable_after_fees,pearson,0.002765841759992563,1271
A_portfolio,ALL,candles_since_prior_signal,profitable_after_fees,spearman,-0.00575751385577893,1271
A_portfolio,ALL,return_1h,profitable_after_fees,pearson,-0.007907533234613014,1271
A_portfolio,ALL,return_1h,profitable_after_fees,spearman,-0.006788911046950065,1271
A_portfolio,ALL,return_3h,profitable_after_fees,pearson,0.04747072907209481,1271
A_portfolio,ALL,return_3h,profitable_after_fees,spearman,0.040789777813154945,1271
A_portfolio,ALL,return_6h,profitable_after_fees,pearson,0.10756783450421063,1271
A_portfolio,ALL,return_6h,profitable_after_fees,spearman,0.07431762809657282,1271
A_portfolio,ALL,return_12h,profitable_after_fees,pearson,0.12161605524215817,1271
A_portfolio,ALL,return_12h,profitable_after_fees,spearman,0.11355095676803144,1271
A_portfolio,ALL,return_24h,profitable_after_fees,pearson,0.10634425881003777,1271
A_portfolio,ALL,return_24h,profitable_after_fees,spearman,0.13158864743292067,1271
A_portfolio,ALL,return_72h,profitable_after_fees,pearson,0.06348432398603046,1271
A_portfolio,ALL,return_72h,profitable_after_fees,spearman,0.05421668510288258,1271
A_portfolio,ALL,return_168h,profitable_after_fees,pearson,0.07208407188408708,1271
A_portfolio,ALL,return_168h,profitable_after_fees,spearman,0.06596551059090233,1271
A_portfolio,ALL,volatility_ratio_24_168,profitable_after_fees,pearson,0.10327787342645721,1271
A_portfolio,ALL,volatility_ratio_24_168,profitable_after_fees,spearman,0.11359600594551618,1271
A_portfolio,ALL,natr_ratio_168,profitable_after_fees,pearson,0.06277668474011373,1271
A_portfolio,ALL,natr_ratio_168,profitable_after_fees,spearman,0.07245709706645313,1271
A_portfolio,ALL,up_fraction_24,profitable_after_fees,pearson,0.061602492397190116,1271
A_portfolio,ALL,up_fraction_24,profitable_after_fees,spearman,0.06764964491615716,1271
A_portfolio,ALL,volume_price_interaction,profitable_after_fees,pearson,-0.03297585679204084,1271
A_portfolio,ALL,volume_price_interaction,profitable_after_fees,spearman,-0.00591045208599767,1271
A_portfolio,ALL,range_expansion_24,profitable_after_fees,pearson,-0.04855761761407194,1271
A_portfolio,ALL,range_expansion_24,profitable_after_fees,spearman,-0.02154251667320187,1271
A_portfolio,ALL,signal_density_168,profitable_after_fees,pearson,0.018769351710321604,1271
A_portfolio,ALL,signal_density_168,profitable_after_fees,spearman,0.019243900168411515,1271
A_portfolio,ALL,ema20_distance,return_above_0_5_percent,pearson,0.17224753244198382,1271
A_portfolio,ALL,ema20_distance,return_above_0_5_percent,spearman,0.1657066920836655,1271
A_portfolio,ALL,ema50_distance,return_above_0_5_percent,pearson,0.18664618455113202,1271
A_portfolio,ALL,ema50_distance,return_above_0_5_percent,spearman,0.18102580865777687,1271
A_portfolio,ALL,ema_gap,return_above_0_5_percent,pearson,0.1333822511830478,1271
A_portfolio,ALL,ema_gap,return_above_0_5_percent,spearman,0.14142451158061342,1271
A_portfolio,ALL,ema20_slope_6,return_above_0_5_percent,pearson,0.16737733259518625,1271
A_portfolio,ALL,ema20_slope_6,return_above_0_5_percent,spearman,0.1794812597822936,1271
A_portfolio,ALL,ema50_slope_6,return_above_0_5_percent,pearson,0.17350046506241484,1271
A_portfolio,ALL,ema50_slope_6,return_above_0_5_percent,spearman,0.18594028235249632,1271
A_portfolio,ALL,trend_efficiency_20,return_above_0_5_percent,pearson,0.1374120435197113,1271
A_portfolio,ALL,trend_efficiency_20,return_above_0_5_percent,spearman,0.148922594303414,1271
A_portfolio,ALL,range_ratio,return_above_0_5_percent,pearson,0.06286083358114884,1271
A_portfolio,ALL,range_ratio,return_above_0_5_percent,spearman,0.06495062043964032,1271
A_portfolio,ALL,body_to_range,return_above_0_5_percent,pearson,-0.01064873414257813,1271
A_portfolio,ALL,body_to_range,return_above_0_5_percent,spearman,-0.012089605289009943,1271
A_portfolio,ALL,close_location,return_above_0_5_percent,pearson,-0.0013631341605860156,1271
A_portfolio,ALL,close_location,return_above_0_5_percent,spearman,-0.0005522932826816087,1271
A_portfolio,ALL,natr14,return_above_0_5_percent,pearson,0.08256117964452636,1271
A_portfolio,ALL,natr14,return_above_0_5_percent,spearman,0.12160280101191145,1271
A_portfolio,ALL,return_std_24,return_above_0_5_percent,pearson,0.09484384039121475,1271
A_portfolio,ALL,return_std_24,return_above_0_5_percent,spearman,0.13397791382032892,1271
A_portfolio,ALL,return_std_168,return_above_0_5_percent,pearson,0.06311806207661316,1271
A_portfolio,ALL,return_std_168,return_above_0_5_percent,spearman,0.07224276331237649,1271
A_portfolio,ALL,volatility_percentile_720,return_above_0_5_percent,pearson,0.0575755144756639,1271
A_portfolio,ALL,volatility_percentile_720,return_above_0_5_percent,spearman,0.06310935015705199,1271
A_portfolio,ALL,rsi14,return_above_0_5_percent,pearson,0.1483893706856034,1271
A_portfolio,ALL,rsi14,return_above_0_5_percent,spearman,0.15115048904502018,1271
A_portfolio,ALL,macd_ratio,return_above_0_5_percent,pearson,0.18196002864504315,1271
A_portfolio,ALL,macd_ratio,return_above_0_5_percent,spearman,0.1985213350109782,1271
A_portfolio,ALL,macd_signal_ratio,return_above_0_5_percent,pearson,0.15540473808424615,1271
A_portfolio,ALL,macd_signal_ratio,return_above_0_5_percent,spearman,0.17724868458954957,1271
A_portfolio,ALL,relative_volume_24,return_above_0_5_percent,pearson,-0.0006118593594254599,1271
A_portfolio,ALL,relative_volume_24,return_above_0_5_percent,spearman,0.023055902304941145,1271
A_portfolio,ALL,volume_zscore_24,return_above_0_5_percent,pearson,0.004998261942052136,1271
A_portfolio,ALL,volume_zscore_24,return_above_0_5_percent,spearman,0.028915827129501907,1271
A_portfolio,ALL,volume_trend_24_168,return_above_0_5_percent,pearson,0.09850318331235593,1271
A_portfolio,ALL,volume_trend_24_168,return_above_0_5_percent,spearman,0.10761761301208114,1271
A_portfolio,ALL,regime_duration,return_above_0_5_percent,pearson,0.03194237038647159,1271
A_portfolio,ALL,regime_duration,return_above_0_5_percent,spearman,-0.07028990193214646,1271
A_portfolio,ALL,regime_transition,return_above_0_5_percent,pearson,0.03935350646190446,1271
A_portfolio,ALL,regime_transition,return_above_0_5_percent,spearman,0.03935350646190451,1271
A_portfolio,ALL,hour_of_day,return_above_0_5_percent,pearson,0.03639609865732746,1271
A_portfolio,ALL,hour_of_day,return_above_0_5_percent,spearman,0.03603726194555398,1271
A_portfolio,ALL,day_of_week,return_above_0_5_percent,pearson,-0.06547190004524385,1271
A_portfolio,ALL,day_of_week,return_above_0_5_percent,spearman,-0.06481322406507734,1271
A_portfolio,ALL,distance_high_24,return_above_0_5_percent,pearson,0.03638584718875854,1271
A_portfolio,ALL,distance_high_24,return_above_0_5_percent,spearman,0.05032421063392757,1271
A_portfolio,ALL,distance_low_24,return_above_0_5_percent,pearson,0.1440073152476641,1271
A_portfolio,ALL,distance_low_24,return_above_0_5_percent,spearman,0.1670874251693248,1271
A_portfolio,ALL,distance_high_168,return_above_0_5_percent,pearson,0.05673369526427017,1271
A_portfolio,ALL,distance_high_168,return_above_0_5_percent,spearman,0.06805843999515818,1271
A_portfolio,ALL,distance_low_168,return_above_0_5_percent,pearson,0.09693189540357502,1271
A_portfolio,ALL,distance_low_168,return_above_0_5_percent,spearman,0.10765505662118378,1271
A_portfolio,ALL,candles_since_prior_signal,return_above_0_5_percent,pearson,-0.00857612705571772,1271
A_portfolio,ALL,candles_since_prior_signal,return_above_0_5_percent,spearman,-0.017910458568203298,1271
A_portfolio,ALL,return_1h,return_above_0_5_percent,pearson,0.011126382740054539,1271
A_portfolio,ALL,return_1h,return_above_0_5_percent,spearman,0.007118966180636517,1271
A_portfolio,ALL,return_3h,return_above_0_5_percent,pearson,0.09326505576662823,1271
A_portfolio,ALL,return_3h,return_above_0_5_percent,spearman,0.09004251912109933,1271
A_portfolio,ALL,return_6h,return_above_0_5_percent,pearson,0.14415402493339027,1271
A_portfolio,ALL,return_6h,return_above_0_5_percent,spearman,0.11582712430783161,1271
A_portfolio,ALL,return_12h,return_above_0_5_percent,pearson,0.16870133399849088,1271
A_portfolio,ALL,return_12h,return_above_0_5_percent,spearman,0.16895960562445603,1271
A_portfolio,ALL,return_24h,return_above_0_5_percent,pearson,0.14868003269698288,1271
A_portfolio,ALL,return_24h,return_above_0_5_percent,spearman,0.17760907932716233,1271
A_portfolio,ALL,return_72h,return_above_0_5_percent,pearson,0.07752403365907767,1271
A_portfolio,ALL,return_72h,return_above_0_5_percent,spearman,0.07798099640735372,1271
A_portfolio,ALL,return_168h,return_above_0_5_percent,pearson,0.07982717342953223,1271
A_portfolio,ALL,return_168h,return_above_0_5_percent,spearman,0.07495274452117895,1271
A_portfolio,ALL,volatility_ratio_24_168,return_above_0_5_percent,pearson,0.10977631031000352,1271
A_portfolio,ALL,volatility_ratio_24_168,return_above_0_5_percent,spearman,0.11871964311100937,1271
A_portfolio,ALL,natr_ratio_168,return_above_0_5_percent,pearson,0.06023152049770382,1271
A_portfolio,ALL,natr_ratio_168,return_above_0_5_percent,spearman,0.06942513172740399,1271
A_portfolio,ALL,up_fraction_24,return_above_0_5_percent,pearson,0.09093622549197582,1271
A_portfolio,ALL,up_fraction_24,return_above_0_5_percent,spearman,0.09324264970776125,1271
A_portfolio,ALL,volume_price_interaction,return_above_0_5_percent,pearson,-0.020457721708212598,1271
A_portfolio,ALL,volume_price_interaction,return_above_0_5_percent,spearman,0.009716616562131103,1271
A_portfolio,ALL,range_expansion_24,return_above_0_5_percent,pearson,-0.026699428189356684,1271
A_portfolio,ALL,range_expansion_24,return_above_0_5_percent,spearman,-0.0026210526371837277,1271
A_portfolio,ALL,signal_density_168,return_above_0_5_percent,pearson,0.02794469031085771,1271
A_portfolio,ALL,signal_density_168,return_above_0_5_percent,spearman,0.02876920989250535,1271
A_portfolio,ALL,ema20_distance,return_above_1_percent,pearson,0.19146531994342675,1271
A_portfolio,ALL,ema20_distance,return_above_1_percent,spearman,0.17814544128574344,1271
A_portfolio,ALL,ema50_distance,return_above_1_percent,pearson,0.20394623509827114,1271
A_portfolio,ALL,ema50_distance,return_above_1_percent,spearman,0.19291775260039468,1271
A_portfolio,ALL,ema_gap,return_above_1_percent,pearson,0.138514811008326,1271
A_portfolio,ALL,ema_gap,return_above_1_percent,spearman,0.15160803917406648,1271
A_portfolio,ALL,ema20_slope_6,return_above_1_percent,pearson,0.1782556204752311,1271
A_portfolio,ALL,ema20_slope_6,return_above_1_percent,spearman,0.18215506864257736,1271
A_portfolio,ALL,ema50_slope_6,return_above_1_percent,pearson,0.1827174598440401,1271
A_portfolio,ALL,ema50_slope_6,return_above_1_percent,spearman,0.19224148769930188,1271
A_portfolio,ALL,trend_efficiency_20,return_above_1_percent,pearson,0.1263583726220818,1271
A_portfolio,ALL,trend_efficiency_20,return_above_1_percent,spearman,0.13762710167984302,1271
A_portfolio,ALL,range_ratio,return_above_1_percent,pearson,0.08276086598175951,1271
A_portfolio,ALL,range_ratio,return_above_1_percent,spearman,0.08750196351444696,1271
A_portfolio,ALL,body_to_range,return_above_1_percent,pearson,-0.016072885466723693,1271
A_portfolio,ALL,body_to_range,return_above_1_percent,spearman,-0.01750135194388385,1271
A_portfolio,ALL,close_location,return_above_1_percent,pearson,0.01264755418513465,1271
A_portfolio,ALL,close_location,return_above_1_percent,spearman,0.014096047649316608,1271
A_portfolio,ALL,natr14,return_above_1_percent,pearson,0.1050274943723338,1271
A_portfolio,ALL,natr14,return_above_1_percent,spearman,0.1449796839023626,1271
A_portfolio,ALL,return_std_24,return_above_1_percent,pearson,0.11211638737715293,1271
A_portfolio,ALL,return_std_24,return_above_1_percent,spearman,0.14824110328351936,1271
A_portfolio,ALL,return_std_168,return_above_1_percent,pearson,0.09031053355266788,1271
A_portfolio,ALL,return_std_168,return_above_1_percent,spearman,0.10421673784287536,1271
A_portfolio,ALL,volatility_percentile_720,return_above_1_percent,pearson,0.05847185770656623,1271
A_portfolio,ALL,volatility_percentile_720,return_above_1_percent,spearman,0.06283796458934475,1271
A_portfolio,ALL,rsi14,return_above_1_percent,pearson,0.15296563042881897,1271
A_portfolio,ALL,rsi14,return_above_1_percent,spearman,0.15399175304529428,1271
A_portfolio,ALL,macd_ratio,return_above_1_percent,pearson,0.19400344901072913,1271
A_portfolio,ALL,macd_ratio,return_above_1_percent,spearman,0.2035077731792096,1271
A_portfolio,ALL,macd_signal_ratio,return_above_1_percent,pearson,0.1633859196372985,1271
A_portfolio,ALL,macd_signal_ratio,return_above_1_percent,spearman,0.180159847374105,1271
A_portfolio,ALL,relative_volume_24,return_above_1_percent,pearson,0.0016581302247591406,1271
A_portfolio,ALL,relative_volume_24,return_above_1_percent,spearman,0.026479847652009524,1271
A_portfolio,ALL,volume_zscore_24,return_above_1_percent,pearson,0.006414769966471173,1271
A_portfolio,ALL,volume_zscore_24,return_above_1_percent,spearman,0.027794007814416804,1271
A_portfolio,ALL,volume_trend_24_168,return_above_1_percent,pearson,0.08222759520893745,1271
A_portfolio,ALL,volume_trend_24_168,return_above_1_percent,spearman,0.08530530163713845,1271
A_portfolio,ALL,regime_duration,return_above_1_percent,pearson,0.0470818424473119,1271
A_portfolio,ALL,regime_duration,return_above_1_percent,spearman,-0.055908843041774695,1271
A_portfolio,ALL,regime_transition,return_above_1_percent,pearson,0.0435141694380869,1271
A_portfolio,ALL,regime_transition,return_above_1_percent,spearman,0.04351416943808684,1271
A_portfolio,ALL,hour_of_day,return_above_1_percent,pearson,0.03669030024313621,1271
A_portfolio,ALL,hour_of_day,return_above_1_percent,spearman,0.036563667194565656,1271
A_portfolio,ALL,day_of_week,return_above_1_percent,pearson,-0.07452945968386623,1271
A_portfolio,ALL,day_of_week,return_above_1_percent,spearman,-0.0737647441032259,1271
A_portfolio,ALL,distance_high_24,return_above_1_percent,pearson,0.03360607424126379,1271
A_portfolio,ALL,distance_high_24,return_above_1_percent,spearman,0.042691020458347544,1271
A_portfolio,ALL,distance_low_24,return_above_1_percent,pearson,0.16193582237790935,1271
A_portfolio,ALL,distance_low_24,return_above_1_percent,spearman,0.1794068431934556,1271
A_portfolio,ALL,distance_high_168,return_above_1_percent,pearson,0.04507355899613905,1271
A_portfolio,ALL,distance_high_168,return_above_1_percent,spearman,0.059698363290085585,1271
A_portfolio,ALL,distance_low_168,return_above_1_percent,pearson,0.12420359101112528,1271
A_portfolio,ALL,distance_low_168,return_above_1_percent,spearman,0.14063911840244073,1271
A_portfolio,ALL,candles_since_prior_signal,return_above_1_percent,pearson,-0.005555970302241898,1271
A_portfolio,ALL,candles_since_prior_signal,return_above_1_percent,spearman,-0.012319542412900914,1271
A_portfolio,ALL,return_1h,return_above_1_percent,pearson,0.0253858332715528,1271
A_portfolio,ALL,return_1h,return_above_1_percent,spearman,0.01660925781903803,1271
A_portfolio,ALL,return_3h,return_above_1_percent,pearson,0.11396051621160008,1271
A_portfolio,ALL,return_3h,return_above_1_percent,spearman,0.10852852627153635,1271
A_portfolio,ALL,return_6h,return_above_1_percent,pearson,0.16165893129199715,1271
A_portfolio,ALL,return_6h,return_above_1_percent,spearman,0.12882606555569204,1271
A_portfolio,ALL,return_12h,return_above_1_percent,pearson,0.18403242723331958,1271
A_portfolio,ALL,return_12h,return_above_1_percent,spearman,0.1780495171862977,1271
A_portfolio,ALL,return_24h,return_above_1_percent,pearson,0.16262780797679244,1271
A_portfolio,ALL,return_24h,return_above_1_percent,spearman,0.18501360680606183,1271
A_portfolio,ALL,return_72h,return_above_1_percent,pearson,0.08242029512079607,1271
A_portfolio,ALL,return_72h,return_above_1_percent,spearman,0.084336468232736,1271
A_portfolio,ALL,return_168h,return_above_1_percent,pearson,0.08857109347899862,1271
A_portfolio,ALL,return_168h,return_above_1_percent,spearman,0.08511824964321917,1271
A_portfolio,ALL,volatility_ratio_24_168,return_above_1_percent,pearson,0.09228746361216168,1271
A_portfolio,ALL,volatility_ratio_24_168,return_above_1_percent,spearman,0.09557397648280995,1271
A_portfolio,ALL,natr_ratio_168,return_above_1_percent,pearson,0.04904586270219234,1271
A_portfolio,ALL,natr_ratio_168,return_above_1_percent,spearman,0.052029231539394906,1271
A_portfolio,ALL,up_fraction_24,return_above_1_percent,pearson,0.08692951326839286,1271
A_portfolio,ALL,up_fraction_24,return_above_1_percent,spearman,0.08721254808577421,1271
A_portfolio,ALL,volume_price_interaction,return_above_1_percent,pearson,-0.012638713914432652,1271
A_portfolio,ALL,volume_price_interaction,return_above_1_percent,spearman,0.019774753100749002,1271
A_portfolio,ALL,range_expansion_24,return_above_1_percent,pearson,-0.0225950524450969,1271
A_portfolio,ALL,range_expansion_24,return_above_1_percent,spearman,0.00757320765124489,1271
A_portfolio,ALL,signal_density_168,return_above_1_percent,pearson,0.020042401430601434,1271
A_portfolio,ALL,signal_density_168,return_above_1_percent,spearman,0.018218878961625145,1271
A_portfolio,ALL,ema20_distance,stoploss_hit,pearson,0.12763683997133188,1271
A_portfolio,ALL,ema20_distance,stoploss_hit,spearman,0.1360623153769035,1271
A_portfolio,ALL,ema50_distance,stoploss_hit,pearson,0.04545535194329843,1271
A_portfolio,ALL,ema50_distance,stoploss_hit,spearman,0.07887340804751301,1271
A_portfolio,ALL,ema_gap,stoploss_hit,pearson,-0.15959249597878136,1271
A_portfolio,ALL,ema_gap,stoploss_hit,spearman,-0.07100881322253597,1271
A_portfolio,ALL,ema20_slope_6,stoploss_hit,pearson,0.1568585468867086,1271
A_portfolio,ALL,ema20_slope_6,stoploss_hit,spearman,0.1632265294042782,1271
A_portfolio,ALL,ema50_slope_6,stoploss_hit,pearson,0.02379076734692419,1271
A_portfolio,ALL,ema50_slope_6,stoploss_hit,spearman,0.05893276577875,1271
A_portfolio,ALL,trend_efficiency_20,stoploss_hit,pearson,0.05189542388273106,1271
A_portfolio,ALL,trend_efficiency_20,stoploss_hit,spearman,0.05763693420373186,1271
A_portfolio,ALL,range_ratio,stoploss_hit,pearson,0.19197498161627072,1271
A_portfolio,ALL,range_ratio,stoploss_hit,spearman,0.21352960831109893,1271
A_portfolio,ALL,body_to_range,stoploss_hit,pearson,-0.002734370253249415,1271
A_portfolio,ALL,body_to_range,stoploss_hit,spearman,-0.0008133410949581871,1271
A_portfolio,ALL,close_location,stoploss_hit,pearson,0.004060437031738762,1271
A_portfolio,ALL,close_location,stoploss_hit,spearman,0.002991441238622314,1271
A_portfolio,ALL,natr14,stoploss_hit,pearson,0.3475722635778098,1271
A_portfolio,ALL,natr14,stoploss_hit,spearman,0.2687265192299563,1271
A_portfolio,ALL,return_std_24,stoploss_hit,pearson,0.31365926410456335,1271
A_portfolio,ALL,return_std_24,stoploss_hit,spearman,0.2412728109145456,1271
A_portfolio,ALL,return_std_168,stoploss_hit,pearson,0.30634498042805314,1271
A_portfolio,ALL,return_std_168,stoploss_hit,spearman,0.26743068765493816,1271
A_portfolio,ALL,volatility_percentile_720,stoploss_hit,pearson,0.14191513878378573,1271
A_portfolio,ALL,volatility_percentile_720,stoploss_hit,spearman,0.13658032394061517,1271
A_portfolio,ALL,rsi14,stoploss_hit,pearson,0.05577423969618334,1271
A_portfolio,ALL,rsi14,stoploss_hit,spearman,0.06331653642615175,1271
A_portfolio,ALL,macd_ratio,stoploss_hit,pearson,0.1605274021704137,1271
A_portfolio,ALL,macd_ratio,stoploss_hit,spearman,0.17133236946928523,1271
A_portfolio,ALL,macd_signal_ratio,stoploss_hit,pearson,0.12807469550375225,1271
A_portfolio,ALL,macd_signal_ratio,stoploss_hit,spearman,0.14706309832227016,1271
A_portfolio,ALL,relative_volume_24,stoploss_hit,pearson,-0.013343200902189434,1271
A_portfolio,ALL,relative_volume_24,stoploss_hit,spearman,0.003129295399245906,1271
A_portfolio,ALL,volume_zscore_24,stoploss_hit,pearson,-0.012305218503578963,1271
A_portfolio,ALL,volume_zscore_24,stoploss_hit,spearman,-0.00951195517832456,1271
A_portfolio,ALL,volume_trend_24_168,stoploss_hit,pearson,0.05793293521933713,1271
A_portfolio,ALL,volume_trend_24_168,stoploss_hit,spearman,0.056065393782965205,1271
A_portfolio,ALL,regime_duration,stoploss_hit,pearson,0.13460975783695897,1271
A_portfolio,ALL,regime_duration,stoploss_hit,spearman,0.10376864746920834,1271
A_portfolio,ALL,regime_transition,stoploss_hit,pearson,-0.019512316863687925,1271
A_portfolio,ALL,regime_transition,stoploss_hit,spearman,-0.019512316863687956,1271
A_portfolio,ALL,hour_of_day,stoploss_hit,pearson,0.0004005037206195315,1271
A_portfolio,ALL,hour_of_day,stoploss_hit,spearman,0.0011279894341854565,1271
A_portfolio,ALL,day_of_week,stoploss_hit,pearson,-0.0515604166596974,1271
A_portfolio,ALL,day_of_week,stoploss_hit,spearman,-0.05089535774358832,1271
A_portfolio,ALL,distance_high_24,stoploss_hit,pearson,-0.14834377705548593,1271
A_portfolio,ALL,distance_high_24,stoploss_hit,spearman,-0.08628997599814868,1271
A_portfolio,ALL,distance_low_24,stoploss_hit,pearson,0.26294750751981216,1271
A_portfolio,ALL,distance_low_24,stoploss_hit,spearman,0.24631828279174384,1271
A_portfolio,ALL,distance_high_168,stoploss_hit,pearson,-0.2992199392030958,1271
A_portfolio,ALL,distance_high_168,stoploss_hit,spearman,-0.19969591697566605,1271
A_portfolio,ALL,distance_low_168,stoploss_hit,pearson,0.17919139127412964,1271
A_portfolio,ALL,distance_low_168,stoploss_hit,spearman,0.1783009105455795,1271
A_portfolio,ALL,candles_since_prior_signal,stoploss_hit,pearson,0.06816782637404735,1271
A_portfolio,ALL,candles_since_prior_signal,stoploss_hit,spearman,0.051735376032220275,1271
A_portfolio,ALL,return_1h,stoploss_hit,pearson,0.04151444581907215,1271
A_portfolio,ALL,return_1h,stoploss_hit,spearman,0.011304062675690056,1271
A_portfolio,ALL,return_3h,stoploss_hit,pearson,0.06448980519174732,1271
A_portfolio,ALL,return_3h,stoploss_hit,spearman,0.048304189845721913,1271
A_portfolio,ALL,return_6h,stoploss_hit,pearson,0.052258085248250576,1271
A_portfolio,ALL,return_6h,stoploss_hit,spearman,0.0535564432866535,1271
A_portfolio,ALL,return_12h,stoploss_hit,pearson,0.12705989955566188,1271
A_portfolio,ALL,return_12h,stoploss_hit,spearman,0.1409630401100838,1271
A_portfolio,ALL,return_24h,stoploss_hit,pearson,0.2206905948655096,1271
A_portfolio,ALL,return_24h,stoploss_hit,spearman,0.19440919985843785,1271
A_portfolio,ALL,return_72h,stoploss_hit,pearson,-0.14440586156223115,1271
A_portfolio,ALL,return_72h,stoploss_hit,spearman,-0.08775123288061593,1271
A_portfolio,ALL,return_168h,stoploss_hit,pearson,-0.14370026544594877,1271
A_portfolio,ALL,return_168h,stoploss_hit,spearman,-0.10429376362552821,1271
A_portfolio,ALL,volatility_ratio_24_168,stoploss_hit,pearson,0.05628752960543656,1271
A_portfolio,ALL,volatility_ratio_24_168,stoploss_hit,spearman,0.07270442262388947,1271
A_portfolio,ALL,natr_ratio_168,stoploss_hit,pearson,0.08602347973908155,1271
A_portfolio,ALL,natr_ratio_168,stoploss_hit,spearman,0.07967985642132748,1271
A_portfolio,ALL,up_fraction_24,stoploss_hit,pearson,0.04942496864446432,1271
A_portfolio,ALL,up_fraction_24,stoploss_hit,spearman,0.03586647983568737,1271
A_portfolio,ALL,volume_price_interaction,stoploss_hit,pearson,0.01084271239849736,1271
A_portfolio,ALL,volume_price_interaction,stoploss_hit,spearman,0.012689499625576462,1271
A_portfolio,ALL,range_expansion_24,stoploss_hit,pearson,-0.02654259393599788,1271
A_portfolio,ALL,range_expansion_24,stoploss_hit,spearman,-0.014819350458983915,1271
A_portfolio,ALL,signal_density_168,stoploss_hit,pearson,-0.08316018182847434,1271
A_portfolio,ALL,signal_density_168,stoploss_hit,spearman,-0.08211968018317832,1271
A_portfolio,ALL,ema20_distance,forward_6h_return,pearson,0.027406061558825624,1271
A_portfolio,ALL,ema20_distance,forward_6h_return,spearman,-0.005023476636921061,1271
A_portfolio,ALL,ema50_distance,forward_6h_return,pearson,0.06643578328899405,1271
A_portfolio,ALL,ema50_distance,forward_6h_return,spearman,0.020185834159059023,1271
A_portfolio,ALL,ema_gap,forward_6h_return,pearson,0.12303385350093282,1271
A_portfolio,ALL,ema_gap,forward_6h_return,spearman,0.058767710632522056,1271
A_portfolio,ALL,ema20_slope_6,forward_6h_return,pearson,0.045926213761543246,1271
A_portfolio,ALL,ema20_slope_6,forward_6h_return,spearman,0.021288889517493713,1271
A_portfolio,ALL,ema50_slope_6,forward_6h_return,pearson,0.09237036494228697,1271
A_portfolio,ALL,ema50_slope_6,forward_6h_return,spearman,0.050263661410893924,1271
A_portfolio,ALL,trend_efficiency_20,forward_6h_return,pearson,0.05167129513047174,1271
A_portfolio,ALL,trend_efficiency_20,forward_6h_return,spearman,0.00940478668808235,1271
A_portfolio,ALL,range_ratio,forward_6h_return,pearson,-0.02588198438583966,1271
A_portfolio,ALL,range_ratio,forward_6h_return,spearman,-0.04075261647992233,1271
A_portfolio,ALL,body_to_range,forward_6h_return,pearson,0.01226045312387959,1271
A_portfolio,ALL,body_to_range,forward_6h_return,spearman,0.004405026895649741,1271
A_portfolio,ALL,close_location,forward_6h_return,pearson,0.020008460804913343,1271
A_portfolio,ALL,close_location,forward_6h_return,spearman,-0.018884127044566264,1271
A_portfolio,ALL,natr14,forward_6h_return,pearson,-0.06749279775599562,1271
A_portfolio,ALL,natr14,forward_6h_return,spearman,-0.01950015552124984,1271
A_portfolio,ALL,return_std_24,forward_6h_return,pearson,-0.08683404238944048,1271
A_portfolio,ALL,return_std_24,forward_6h_return,spearman,-0.013234086891551602,1271
A_portfolio,ALL,return_std_168,forward_6h_return,pearson,-0.011949812884116775,1271
A_portfolio,ALL,return_std_168,forward_6h_return,spearman,-0.018527577874299792,1271
A_portfolio,ALL,volatility_percentile_720,forward_6h_return,pearson,-0.041978467683210494,1271
A_portfolio,ALL,volatility_percentile_720,forward_6h_return,spearman,-0.036201883080469524,1271
A_portfolio,ALL,rsi14,forward_6h_return,pearson,0.04750261539373194,1271
A_portfolio,ALL,rsi14,forward_6h_return,spearman,0.004082821465228756,1271
A_portfolio,ALL,macd_ratio,forward_6h_return,pearson,0.049472994643821745,1271
A_portfolio,ALL,macd_ratio,forward_6h_return,spearman,0.02436677252553769,1271
A_portfolio,ALL,macd_signal_ratio,forward_6h_return,pearson,0.05526597994830942,1271
A_portfolio,ALL,macd_signal_ratio,forward_6h_return,spearman,0.026609078022573906,1271
A_portfolio,ALL,relative_volume_24,forward_6h_return,pearson,-0.0156097795699036,1271
A_portfolio,ALL,relative_volume_24,forward_6h_return,spearman,-0.02720264787055115,1271
A_portfolio,ALL,volume_zscore_24,forward_6h_return,pearson,-0.012861858110244071,1271
A_portfolio,ALL,volume_zscore_24,forward_6h_return,spearman,-0.021519360203929798,1271
A_portfolio,ALL,volume_trend_24_168,forward_6h_return,pearson,-0.006049559717918952,1271
A_portfolio,ALL,volume_trend_24_168,forward_6h_return,spearman,0.021482353042938943,1271
A_portfolio,ALL,regime_duration,forward_6h_return,pearson,0.008107376942078085,1271
A_portfolio,ALL,regime_duration,forward_6h_return,spearman,-0.025439638747170076,1271
A_portfolio,ALL,regime_transition,forward_6h_return,pearson,0.0058535748590865504,1271
A_portfolio,ALL,regime_transition,forward_6h_return,spearman,-0.012457179551494736,1271
A_portfolio,ALL,hour_of_day,forward_6h_return,pearson,0.04570836688145193,1271
A_portfolio,ALL,hour_of_day,forward_6h_return,spearman,0.05453950072528216,1271
A_portfolio,ALL,day_of_week,forward_6h_return,pearson,-0.02200303689119162,1271
A_portfolio,ALL,day_of_week,forward_6h_return,spearman,-0.010120802944602455,1271
A_portfolio,ALL,distance_high_24,forward_6h_return,pearson,0.1135888618346443,1271
A_portfolio,ALL,distance_high_24,forward_6h_return,spearman,0.012957579343598633,1271
A_portfolio,ALL,distance_low_24,forward_6h_return,pearson,-0.0038228376783911167,1271
A_portfolio,ALL,distance_low_24,forward_6h_return,spearman,-0.0108814495585733,1271
A_portfolio,ALL,distance_high_168,forward_6h_return,pearson,0.08875944214292059,1271
A_portfolio,ALL,distance_high_168,forward_6h_return,spearman,0.02947830189263692,1271
A_portfolio,ALL,distance_low_168,forward_6h_return,pearson,0.03299826124120339,1271
A_portfolio,ALL,distance_low_168,forward_6h_return,spearman,-0.002668852185380395,1271
A_portfolio,ALL,candles_since_prior_signal,forward_6h_return,pearson,-0.04022806858546802,1271
A_portfolio,ALL,candles_since_prior_signal,forward_6h_return,spearman,-0.05482518011976966,1271
A_portfolio,ALL,return_1h,forward_6h_return,pearson,-0.01428725677301178,1271
A_portfolio,ALL,return_1h,forward_6h_return,spearman,-0.031425876795610014,1271
A_portfolio,ALL,return_3h,forward_6h_return,pearson,-0.025208194949198525,1271
A_portfolio,ALL,return_3h,forward_6h_return,spearman,-0.04192806730441884,1271
A_portfolio,ALL,return_6h,forward_6h_return,pearson,0.02362746484577084,1271
A_portfolio,ALL,return_6h,forward_6h_return,spearman,-0.008042990959428767,1271
A_portfolio,ALL,return_12h,forward_6h_return,pearson,0.04102878950338508,1271
A_portfolio,ALL,return_12h,forward_6h_return,spearman,0.01707748979234728,1271
A_portfolio,ALL,return_24h,forward_6h_return,pearson,-0.013138431468246767,1271
A_portfolio,ALL,return_24h,forward_6h_return,spearman,-0.018941085558195046,1271
A_portfolio,ALL,return_72h,forward_6h_return,pearson,0.0683156637934129,1271
A_portfolio,ALL,return_72h,forward_6h_return,spearman,0.04722568441915531,1271
A_portfolio,ALL,return_168h,forward_6h_return,pearson,0.0796136626270901,1271
A_portfolio,ALL,return_168h,forward_6h_return,spearman,0.007931390874286582,1271
A_portfolio,ALL,volatility_ratio_24_168,forward_6h_return,pearson,-0.03278474534608873,1271
A_portfolio,ALL,volatility_ratio_24_168,forward_6h_return,spearman,-0.01718202391766035,1271
A_portfolio,ALL,natr_ratio_168,forward_6h_return,pearson,-0.0580360733221801,1271
A_portfolio,ALL,natr_ratio_168,forward_6h_return,spearman,-0.033793253872747966,1271
A_portfolio,ALL,up_fraction_24,forward_6h_return,pearson,0.01601243241107658,1271
A_portfolio,ALL,up_fraction_24,forward_6h_return,spearman,-0.011340730575479246,1271
A_portfolio,ALL,volume_price_interaction,forward_6h_return,pearson,-0.019517439824076468,1271
A_portfolio,ALL,volume_price_interaction,forward_6h_return,spearman,-0.025803482623992402,1271
A_portfolio,ALL,range_expansion_24,forward_6h_return,pearson,-0.009650115436186804,1271
A_portfolio,ALL,range_expansion_24,forward_6h_return,spearman,-0.0052229190514524616,1271
A_portfolio,ALL,signal_density_168,forward_6h_return,pearson,0.07778840858432207,1271
A_portfolio,ALL,signal_density_168,forward_6h_return,spearman,0.06249282834110188,1271
A_portfolio,ALL,ema20_distance,forward_12h_return,pearson,0.058790372000304424,1270
A_portfolio,ALL,ema20_distance,forward_12h_return,spearman,0.03176638467674675,1270
A_portfolio,ALL,ema50_distance,forward_12h_return,pearson,0.10264357624932398,1270
A_portfolio,ALL,ema50_distance,forward_12h_return,spearman,0.0634420626276529,1270
A_portfolio,ALL,ema_gap,forward_12h_return,pearson,0.15204718856605307,1270
A_portfolio,ALL,ema_gap,forward_12h_return,spearman,0.10851906104434939,1270
A_portfolio,ALL,ema20_slope_6,forward_12h_return,pearson,0.07567804152980433,1270
A_portfolio,ALL,ema20_slope_6,forward_12h_return,spearman,0.041451462272122486,1270
A_portfolio,ALL,ema50_slope_6,forward_12h_return,pearson,0.12472713656186685,1270
A_portfolio,ALL,ema50_slope_6,forward_12h_return,spearman,0.08482263996760019,1270
A_portfolio,ALL,trend_efficiency_20,forward_12h_return,pearson,0.06752739109483195,1270
A_portfolio,ALL,trend_efficiency_20,forward_12h_return,spearman,0.04299345024913886,1270
A_portfolio,ALL,range_ratio,forward_12h_return,pearson,-0.013937699176431135,1270
A_portfolio,ALL,range_ratio,forward_12h_return,spearman,-0.005515049189586356,1270
A_portfolio,ALL,body_to_range,forward_12h_return,pearson,-0.006093537187075593,1270
A_portfolio,ALL,body_to_range,forward_12h_return,spearman,-0.007413654289915971,1270
A_portfolio,ALL,close_location,forward_12h_return,pearson,0.010966167283477901,1270
A_portfolio,ALL,close_location,forward_12h_return,spearman,0.011536990264338246,1270
A_portfolio,ALL,natr14,forward_12h_return,pearson,-0.033606860600003556,1270
A_portfolio,ALL,natr14,forward_12h_return,spearman,0.011341357745853356,1270
A_portfolio,ALL,return_std_24,forward_12h_return,pearson,-0.031613362901295315,1270
A_portfolio,ALL,return_std_24,forward_12h_return,spearman,0.0128109373441834,1270
A_portfolio,ALL,return_std_168,forward_12h_return,pearson,0.048715435849055876,1270
A_portfolio,ALL,return_std_168,forward_12h_return,spearman,0.009534130144775308,1270
A_portfolio,ALL,volatility_percentile_720,forward_12h_return,pearson,-0.012078957499730597,1270
A_portfolio,ALL,volatility_percentile_720,forward_12h_return,spearman,-0.012563395973473552,1270
A_portfolio,ALL,rsi14,forward_12h_return,pearson,0.06747396537318198,1270
A_portfolio,ALL,rsi14,forward_12h_return,spearman,0.03986682599439119,1270
A_portfolio,ALL,macd_ratio,forward_12h_return,pearson,0.08079504739141576,1270
A_portfolio,ALL,macd_ratio,forward_12h_return,spearman,0.04547287482397141,1270
A_portfolio,ALL,macd_signal_ratio,forward_12h_return,pearson,0.07910683667275897,1270
A_portfolio,ALL,macd_signal_ratio,forward_12h_return,spearman,0.04639556026502931,1270
A_portfolio,ALL,relative_volume_24,forward_12h_return,pearson,-0.014359730725025508,1270
A_portfolio,ALL,relative_volume_24,forward_12h_return,spearman,-0.012401701122378199,1270
A_portfolio,ALL,volume_zscore_24,forward_12h_return,pearson,-0.01328318262289503,1270
A_portfolio,ALL,volume_zscore_24,forward_12h_return,spearman,-0.014383335668591419,1270
A_portfolio,ALL,volume_trend_24_168,forward_12h_return,pearson,-0.011686818584446357,1270
A_portfolio,ALL,volume_trend_24_168,forward_12h_return,spearman,0.01751491603081228,1270
A_portfolio,ALL,regime_duration,forward_12h_return,pearson,0.037177928037926924,1270
A_portfolio,ALL,regime_duration,forward_12h_return,spearman,-0.01547948887369055,1270
A_portfolio,ALL,regime_transition,forward_12h_return,pearson,0.04726090714403569,1270
A_portfolio,ALL,regime_transition,forward_12h_return,spearman,0.031422917886704226,1270
A_portfolio,ALL,hour_of_day,forward_12h_return,pearson,0.049580318676033595,1270
A_portfolio,ALL,hour_of_day,forward_12h_return,spearman,0.06009727571457318,1270
A_portfolio,ALL,day_of_week,forward_12h_return,pearson,-0.02976621636102322,1270
A_portfolio,ALL,day_of_week,forward_12h_return,spearman,-0.027525138870253787,1270
A_portfolio,ALL,distance_high_24,forward_12h_return,pearson,0.05439380852593182,1270
A_portfolio,ALL,distance_high_24,forward_12h_return,spearman,0.03291853906546999,1270
A_portfolio,ALL,distance_low_24,forward_12h_return,pearson,0.01663869070838153,1270
A_portfolio,ALL,distance_low_24,forward_12h_return,spearman,0.019564418786336274,1270
A_portfolio,ALL,distance_high_168,forward_12h_return,pearson,0.07116484664674856,1270
A_portfolio,ALL,distance_high_168,forward_12h_return,spearman,0.035419053459337387,1270
A_portfolio,ALL,distance_low_168,forward_12h_return,pearson,0.0767710416438349,1270
A_portfolio,ALL,distance_low_168,forward_12h_return,spearman,0.026148742304980425,1270
A_portfolio,ALL,candles_since_prior_signal,forward_12h_return,pearson,-0.044109863539609544,1270
A_portfolio,ALL,candles_since_prior_signal,forward_12h_return,spearman,-0.05918653531716615,1270
A_portfolio,ALL,return_1h,forward_12h_return,pearson,-0.03550025849121519,1270
A_portfolio,ALL,return_1h,forward_12h_return,spearman,-0.024221179711459345,1270
A_portfolio,ALL,return_3h,forward_12h_return,pearson,0.008464866139765468,1270
A_portfolio,ALL,return_3h,forward_12h_return,spearman,0.009053185622369106,1270
A_portfolio,ALL,return_6h,forward_12h_return,pearson,0.06257757749331817,1270
A_portfolio,ALL,return_6h,forward_12h_return,spearman,0.04384078645341169,1270
A_portfolio,ALL,return_12h,forward_12h_return,pearson,0.08190755892930143,1270
A_portfolio,ALL,return_12h,forward_12h_return,spearman,0.05064593209391688,1270
A_portfolio,ALL,return_24h,forward_12h_return,pearson,0.00815919539072195,1270
A_portfolio,ALL,return_24h,forward_12h_return,spearman,0.0003864445715398955,1270
A_portfolio,ALL,return_72h,forward_12h_return,pearson,0.11867422956071039,1270
A_portfolio,ALL,return_72h,forward_12h_return,spearman,0.08696752142970929,1270
A_portfolio,ALL,return_168h,forward_12h_return,pearson,0.09713102683018117,1270
A_portfolio,ALL,return_168h,forward_12h_return,spearman,0.04896573550282544,1270
A_portfolio,ALL,volatility_ratio_24_168,forward_12h_return,pearson,-0.04131917111961331,1270
A_portfolio,ALL,volatility_ratio_24_168,forward_12h_return,spearman,-0.01280942590715257,1270
A_portfolio,ALL,natr_ratio_168,forward_12h_return,pearson,-0.07573216924875303,1270
A_portfolio,ALL,natr_ratio_168,forward_12h_return,spearman,-0.05283193870314396,1270
A_portfolio,ALL,up_fraction_24,forward_12h_return,pearson,0.032345284784395016,1270
A_portfolio,ALL,up_fraction_24,forward_12h_return,spearman,0.03426423415145752,1270
A_portfolio,ALL,volume_price_interaction,forward_12h_return,pearson,-0.034200595225161105,1270
A_portfolio,ALL,volume_price_interaction,forward_12h_return,spearman,-0.02148785714857943,1270
A_portfolio,ALL,range_expansion_24,forward_12h_return,pearson,-0.0145115982972747,1270
A_portfolio,ALL,range_expansion_24,forward_12h_return,spearman,-0.0027987390807278877,1270
A_portfolio,ALL,signal_density_168,forward_12h_return,pearson,0.08368187956228854,1270
A_portfolio,ALL,signal_density_168,forward_12h_return,spearman,0.08302771260880015,1270
A_portfolio,ALL,ema20_distance,forward_24h_return,pearson,0.06868153611848211,1270
A_portfolio,ALL,ema20_distance,forward_24h_return,spearman,0.03687921293849852,1270
A_portfolio,ALL,ema50_distance,forward_24h_return,pearson,0.09482878278268903,1270
A_portfolio,ALL,ema50_distance,forward_24h_return,spearman,0.04465373453609157,1270
A_portfolio,ALL,ema_gap,forward_24h_return,pearson,0.10822117452779786,1270
A_portfolio,ALL,ema_gap,forward_24h_return,spearman,0.050233233626820126,1270
A_portfolio,ALL,ema20_slope_6,forward_24h_return,pearson,0.05958890208886898,1270
A_portfolio,ALL,ema20_slope_6,forward_24h_return,spearman,0.028888057891436083,1270
A_portfolio,ALL,ema50_slope_6,forward_24h_return,pearson,0.09084420819016595,1270
A_portfolio,ALL,ema50_slope_6,forward_24h_return,spearman,0.047144682353713434,1270
A_portfolio,ALL,trend_efficiency_20,forward_24h_return,pearson,0.04837931186357136,1270
A_portfolio,ALL,trend_efficiency_20,forward_24h_return,spearman,0.024523484692474774,1270
A_portfolio,ALL,range_ratio,forward_24h_return,pearson,0.018045720186794765,1270
A_portfolio,ALL,range_ratio,forward_24h_return,spearman,0.008278916840368421,1270
A_portfolio,ALL,body_to_range,forward_24h_return,pearson,-0.017921238833417147,1270
A_portfolio,ALL,body_to_range,forward_24h_return,spearman,-0.0164264528955743,1270
A_portfolio,ALL,close_location,forward_24h_return,pearson,0.02634940338416107,1270
A_portfolio,ALL,close_location,forward_24h_return,spearman,0.01616051169763764,1270
A_portfolio,ALL,natr14,forward_24h_return,pearson,-0.0021289978457497767,1270
A_portfolio,ALL,natr14,forward_24h_return,spearman,0.04314482242526152,1270
A_portfolio,ALL,return_std_24,forward_24h_return,pearson,-0.0015506775548323564,1270
A_portfolio,ALL,return_std_24,forward_24h_return,spearman,0.04011575615839924,1270
A_portfolio,ALL,return_std_168,forward_24h_return,pearson,0.06942491451073,1270
A_portfolio,ALL,return_std_168,forward_24h_return,spearman,0.0519481581199223,1270
A_portfolio,ALL,volatility_percentile_720,forward_24h_return,pearson,-0.025289539607783594,1270
A_portfolio,ALL,volatility_percentile_720,forward_24h_return,spearman,-0.012031298658352394,1270
A_portfolio,ALL,rsi14,forward_24h_return,pearson,0.058888130604794274,1270
A_portfolio,ALL,rsi14,forward_24h_return,spearman,0.02683918197220007,1270
A_portfolio,ALL,macd_ratio,forward_24h_return,pearson,0.06027279347317003,1270
A_portfolio,ALL,macd_ratio,forward_24h_return,spearman,0.026369230504706756,1270
A_portfolio,ALL,macd_signal_ratio,forward_24h_return,pearson,0.0446784169683248,1270
A_portfolio,ALL,macd_signal_ratio,forward_24h_return,spearman,0.024389330010280843,1270
A_portfolio,ALL,relative_volume_24,forward_24h_return,pearson,-0.0035628576749103724,1270
A_portfolio,ALL,relative_volume_24,forward_24h_return,spearman,-0.02996466972003309,1270
A_portfolio,ALL,volume_zscore_24,forward_24h_return,pearson,0.0014409004524149535,1270
A_portfolio,ALL,volume_zscore_24,forward_24h_return,spearman,-0.027798346941905205,1270
A_portfolio,ALL,volume_trend_24_168,forward_24h_return,pearson,-0.026280705128854685,1270
A_portfolio,ALL,volume_trend_24_168,forward_24h_return,spearman,0.006044936751120114,1270
A_portfolio,ALL,regime_duration,forward_24h_return,pearson,0.09664322214930585,1270
A_portfolio,ALL,regime_duration,forward_24h_return,spearman,0.020661598664035653,1270
A_portfolio,ALL,regime_transition,forward_24h_return,pearson,-0.010663615257579005,1270
A_portfolio,ALL,regime_transition,forward_24h_return,spearman,-0.022801300281655668,1270
A_portfolio,ALL,hour_of_day,forward_24h_return,pearson,0.021462922337922078,1270
A_portfolio,ALL,hour_of_day,forward_24h_return,spearman,0.02274414834402913,1270
A_portfolio,ALL,day_of_week,forward_24h_return,pearson,-0.005664901031321533,1270
A_portfolio,ALL,day_of_week,forward_24h_return,spearman,-0.004837048700869448,1270
A_portfolio,ALL,distance_high_24,forward_24h_return,pearson,0.03940728670893035,1270
A_portfolio,ALL,distance_high_24,forward_24h_return,spearman,0.025819061567201148,1270
A_portfolio,ALL,distance_low_24,forward_24h_return,pearson,0.02125934042560413,1270
A_portfolio,ALL,distance_low_24,forward_24h_return,spearman,0.03630213104859122,1270
A_portfolio,ALL,distance_high_168,forward_24h_return,pearson,0.07173705012593017,1270
A_portfolio,ALL,distance_high_168,forward_24h_return,spearman,0.0011655434946688378,1270
A_portfolio,ALL,distance_low_168,forward_24h_return,pearson,0.09889679091386548,1270
A_portfolio,ALL,distance_low_168,forward_24h_return,spearman,0.030495670355349246,1270
A_portfolio,ALL,candles_since_prior_signal,forward_24h_return,pearson,0.015338305624818409,1270
A_portfolio,ALL,candles_since_prior_signal,forward_24h_return,spearman,0.0017967540006414162,1270
A_portfolio,ALL,return_1h,forward_24h_return,pearson,-0.006749381031358221,1270
A_portfolio,ALL,return_1h,forward_24h_return,spearman,0.0039582749061133245,1270
A_portfolio,ALL,return_3h,forward_24h_return,pearson,0.023811737565366344,1270
A_portfolio,ALL,return_3h,forward_24h_return,spearman,0.023140862552715007,1270
A_portfolio,ALL,return_6h,forward_24h_return,pearson,0.09140301109291664,1270
A_portfolio,ALL,return_6h,forward_24h_return,spearman,0.05822131307527333,1270
A_portfolio,ALL,return_12h,forward_24h_return,pearson,0.059977453760327024,1270
A_portfolio,ALL,return_12h,forward_24h_return,spearman,0.02496388112190397,1270
A_portfolio,ALL,return_24h,forward_24h_return,pearson,0.03459596050611186,1270
A_portfolio,ALL,return_24h,forward_24h_return,spearman,0.030583784790933467,1270
A_portfolio,ALL,return_72h,forward_24h_return,pearson,0.06742488597800593,1270
A_portfolio,ALL,return_72h,forward_24h_return,spearman,0.02212474625029974,1270
A_portfolio,ALL,return_168h,forward_24h_return,pearson,0.12676929004836632,1270
A_portfolio,ALL,return_168h,forward_24h_return,spearman,0.05694038190821005,1270
A_portfolio,ALL,volatility_ratio_24_168,forward_24h_return,pearson,-0.044367638592718646,1270
A_portfolio,ALL,volatility_ratio_24_168,forward_24h_return,spearman,-0.010281705646730211,1270
A_portfolio,ALL,natr_ratio_168,forward_24h_return,pearson,-0.07861636673610757,1270
A_portfolio,ALL,natr_ratio_168,forward_24h_return,spearman,-0.03982502714472073,1270
A_portfolio,ALL,up_fraction_24,forward_24h_return,pearson,0.03851796599124024,1270
A_portfolio,ALL,up_fraction_24,forward_24h_return,spearman,0.039048384973846,1270
A_portfolio,ALL,volume_price_interaction,forward_24h_return,pearson,-0.01990343036899666,1270
A_portfolio,ALL,volume_price_interaction,forward_24h_return,spearman,0.0048538950794098324,1270
A_portfolio,ALL,range_expansion_24,forward_24h_return,pearson,-0.012846318013186546,1270
A_portfolio,ALL,range_expansion_24,forward_24h_return,spearman,-0.017906190756739465,1270
A_portfolio,ALL,signal_density_168,forward_24h_return,pearson,0.04983682535874088,1270
A_portfolio,ALL,signal_density_168,forward_24h_return,spearman,0.0460983371424055,1270
A_portfolio,ALL,ema20_distance,forward_48h_return,pearson,0.06971716064733842,1269
A_portfolio,ALL,ema20_distance,forward_48h_return,spearman,0.03515766734272653,1269
A_portfolio,ALL,ema50_distance,forward_48h_return,pearson,0.08805604126078001,1269
A_portfolio,ALL,ema50_distance,forward_48h_return,spearman,0.029694278013221363,1269
A_portfolio,ALL,ema_gap,forward_48h_return,pearson,0.09021051033080271,1269
A_portfolio,ALL,ema_gap,forward_48h_return,spearman,0.022552442203869424,1269
A_portfolio,ALL,ema20_slope_6,forward_48h_return,pearson,0.06904977567572837,1269
A_portfolio,ALL,ema20_slope_6,forward_48h_return,spearman,0.03282558084159206,1269
A_portfolio,ALL,ema50_slope_6,forward_48h_return,pearson,0.08653527716955638,1269
A_portfolio,ALL,ema50_slope_6,forward_48h_return,spearman,0.02891799240579188,1269
A_portfolio,ALL,trend_efficiency_20,forward_48h_return,pearson,0.057067505282586854,1269
A_portfolio,ALL,trend_efficiency_20,forward_48h_return,spearman,0.02855405457699222,1269
A_portfolio,ALL,range_ratio,forward_48h_return,pearson,0.04294743793739405,1269
A_portfolio,ALL,range_ratio,forward_48h_return,spearman,0.02854846429651693,1269
A_portfolio,ALL,body_to_range,forward_48h_return,pearson,-0.013311885910848469,1269
A_portfolio,ALL,body_to_range,forward_48h_return,spearman,-0.015614686864725842,1269
A_portfolio,ALL,close_location,forward_48h_return,pearson,0.0011176923076869007,1269
A_portfolio,ALL,close_location,forward_48h_return,spearman,-0.012142219449004456,1269
A_portfolio,ALL,natr14,forward_48h_return,pearson,0.008903043056996907,1269
A_portfolio,ALL,natr14,forward_48h_return,spearman,0.06859863119163934,1269
A_portfolio,ALL,return_std_24,forward_48h_return,pearson,-0.003057505093695787,1269
A_portfolio,ALL,return_std_24,forward_48h_return,spearman,0.059429578819930544,1269
A_portfolio,ALL,return_std_168,forward_48h_return,pearson,0.050631348855231954,1269
A_portfolio,ALL,return_std_168,forward_48h_return,spearman,0.037545098794995076,1269
A_portfolio,ALL,volatility_percentile_720,forward_48h_return,pearson,0.042444692211674975,1269
A_portfolio,ALL,volatility_percentile_720,forward_48h_return,spearman,0.07096129137607561,1269
A_portfolio,ALL,rsi14,forward_48h_return,pearson,0.06187825890151799,1269
A_portfolio,ALL,rsi14,forward_48h_return,spearman,0.019372159827762987,1269
A_portfolio,ALL,macd_ratio,forward_48h_return,pearson,0.06697967902274939,1269
A_portfolio,ALL,macd_ratio,forward_48h_return,spearman,0.03473106200002736,1269
A_portfolio,ALL,macd_signal_ratio,forward_48h_return,pearson,0.049546471003001955,1269
A_portfolio,ALL,macd_signal_ratio,forward_48h_return,spearman,0.02912867316513283,1269
A_portfolio,ALL,relative_volume_24,forward_48h_return,pearson,0.008766870098006935,1269
A_portfolio,ALL,relative_volume_24,forward_48h_return,spearman,-0.010829935270776567,1269
A_portfolio,ALL,volume_zscore_24,forward_48h_return,pearson,0.013615520236437091,1269
A_portfolio,ALL,volume_zscore_24,forward_48h_return,spearman,-0.0077584695832075955,1269
A_portfolio,ALL,volume_trend_24_168,forward_48h_return,pearson,0.015787978321629904,1269
A_portfolio,ALL,volume_trend_24_168,forward_48h_return,spearman,0.04728018468125741,1269
A_portfolio,ALL,regime_duration,forward_48h_return,pearson,0.06479227227477538,1269
A_portfolio,ALL,regime_duration,forward_48h_return,spearman,-0.005777841740845355,1269
A_portfolio,ALL,regime_transition,forward_48h_return,pearson,-0.007710748993738946,1269
A_portfolio,ALL,regime_transition,forward_48h_return,spearman,-0.028659411639352816,1269
A_portfolio,ALL,hour_of_day,forward_48h_return,pearson,0.0200046684267096,1269
A_portfolio,ALL,hour_of_day,forward_48h_return,spearman,0.03596756686365632,1269
A_portfolio,ALL,day_of_week,forward_48h_return,pearson,-0.015183590039943818,1269
A_portfolio,ALL,day_of_week,forward_48h_return,spearman,-0.023314225221143296,1269
A_portfolio,ALL,distance_high_24,forward_48h_return,pearson,0.009432970876469169,1269
A_portfolio,ALL,distance_high_24,forward_48h_return,spearman,0.0008835814108376394,1269
A_portfolio,ALL,distance_low_24,forward_48h_return,pearson,0.02648758594422804,1269
A_portfolio,ALL,distance_low_24,forward_48h_return,spearman,0.04060919494265176,1269
A_portfolio,ALL,distance_high_168,forward_48h_return,pearson,0.041895644297542486,1269
A_portfolio,ALL,distance_high_168,forward_48h_return,spearman,-0.002497023263729056,1269
A_portfolio,ALL,distance_low_168,forward_48h_return,pearson,0.03067573104920451,1269
A_portfolio,ALL,distance_low_168,forward_48h_return,spearman,0.0229777263143134,1269
A_portfolio,ALL,candles_since_prior_signal,forward_48h_return,pearson,0.005214428835080199,1269
A_portfolio,ALL,candles_since_prior_signal,forward_48h_return,spearman,-0.0022726478739823835,1269
A_portfolio,ALL,return_1h,forward_48h_return,pearson,-0.02516006424680029,1269
A_portfolio,ALL,return_1h,forward_48h_return,spearman,-0.031722087662057204,1269
A_portfolio,ALL,return_3h,forward_48h_return,pearson,0.030326269649976242,1269
A_portfolio,ALL,return_3h,forward_48h_return,spearman,0.0369683927141622,1269
A_portfolio,ALL,return_6h,forward_48h_return,pearson,0.09707438245189763,1269
A_portfolio,ALL,return_6h,forward_48h_return,spearman,0.04279033799880995,1269
A_portfolio,ALL,return_12h,forward_48h_return,pearson,0.0635723682518135,1269
A_portfolio,ALL,return_12h,forward_48h_return,spearman,0.02320174858336009,1269
A_portfolio,ALL,return_24h,forward_48h_return,pearson,0.03975461225362318,1269
A_portfolio,ALL,return_24h,forward_48h_return,spearman,0.04342479372775228,1269
A_portfolio,ALL,return_72h,forward_48h_return,pearson,0.0417964198611314,1269
A_portfolio,ALL,return_72h,forward_48h_return,spearman,-0.01245195045296833,1269
A_portfolio,ALL,return_168h,forward_48h_return,pearson,0.03668843633151465,1269
A_portfolio,ALL,return_168h,forward_48h_return,spearman,0.011771780087996416,1269
A_portfolio,ALL,volatility_ratio_24_168,forward_48h_return,pearson,-0.01554942288971959,1269
A_portfolio,ALL,volatility_ratio_24_168,forward_48h_return,spearman,0.029304279612206,1269
A_portfolio,ALL,natr_ratio_168,forward_48h_return,pearson,-0.007767003197949265,1269
A_portfolio,ALL,natr_ratio_168,forward_48h_return,spearman,0.04038536645433583,1269
A_portfolio,ALL,up_fraction_24,forward_48h_return,pearson,0.05325937479845942,1269
A_portfolio,ALL,up_fraction_24,forward_48h_return,spearman,0.03343828486731594,1269
A_portfolio,ALL,volume_price_interaction,forward_48h_return,pearson,-0.018608792990412373,1269
A_portfolio,ALL,volume_price_interaction,forward_48h_return,spearman,-0.03409687051753607,1269
A_portfolio,ALL,range_expansion_24,forward_48h_return,pearson,0.0030201345487713663,1269
A_portfolio,ALL,range_expansion_24,forward_48h_return,spearman,0.006487802354459366,1269
A_portfolio,ALL,signal_density_168,forward_48h_return,pearson,0.0322967976313585,1269
A_portfolio,ALL,signal_density_168,forward_48h_return,spearman,0.01725184840184304,1269
A_portfolio,2019,ema20_distance,net_profit_ratio,pearson,-0.056459021173359894,223
A_portfolio,2019,ema20_distance,net_profit_ratio,spearman,-0.14454540634196347,223
A_portfolio,2019,ema50_distance,net_profit_ratio,pearson,-0.016696210540899065,223
A_portfolio,2019,ema50_distance,net_profit_ratio,spearman,-0.08403644150978126,223
A_portfolio,2019,ema_gap,net_profit_ratio,pearson,0.0801606057558586,223
A_portfolio,2019,ema_gap,net_profit_ratio,spearman,0.07487953287001292,223
A_portfolio,2019,ema20_slope_6,net_profit_ratio,pearson,-0.07716024700594222,223
A_portfolio,2019,ema20_slope_6,net_profit_ratio,spearman,-0.11582699480913296,223
A_portfolio,2019,ema50_slope_6,net_profit_ratio,pearson,-0.013978520993281408,223
A_portfolio,2019,ema50_slope_6,net_profit_ratio,spearman,-0.04177636669190455,223
A_portfolio,2019,trend_efficiency_20,net_profit_ratio,pearson,-0.05641106019953374,223
A_portfolio,2019,trend_efficiency_20,net_profit_ratio,spearman,-0.11066852358651708,223
A_portfolio,2019,range_ratio,net_profit_ratio,pearson,-0.07040043671885425,223
A_portfolio,2019,range_ratio,net_profit_ratio,spearman,-0.10800434146986504,223
A_portfolio,2019,body_to_range,net_profit_ratio,pearson,0.05667311921407362,223
A_portfolio,2019,body_to_range,net_profit_ratio,spearman,0.06419142289187633,223
A_portfolio,2019,close_location,net_profit_ratio,pearson,0.0030642170286569854,223
A_portfolio,2019,close_location,net_profit_ratio,spearman,-0.01917518566493676,223
A_portfolio,2019,natr14,net_profit_ratio,pearson,-0.12970366392300425,223
A_portfolio,2019,natr14,net_profit_ratio,spearman,-0.15678419583803768,223
A_portfolio,2019,return_std_24,net_profit_ratio,pearson,-0.12638583527755307,223
A_portfolio,2019,return_std_24,net_profit_ratio,spearman,-0.1534231277412378,223
A_portfolio,2019,return_std_168,net_profit_ratio,pearson,-0.19136446032686455,223
A_portfolio,2019,return_std_168,net_profit_ratio,spearman,-0.21181329948470975,223
A_portfolio,2019,volatility_percentile_720,net_profit_ratio,pearson,-0.0637139195684262,223
A_portfolio,2019,volatility_percentile_720,net_profit_ratio,spearman,-0.07974043886129716,223
A_portfolio,2019,rsi14,net_profit_ratio,pearson,-0.002894839680938032,223
A_portfolio,2019,rsi14,net_profit_ratio,spearman,-0.07393700540307388,223
A_portfolio,2019,macd_ratio,net_profit_ratio,pearson,-0.08061531685762978,223
A_portfolio,2019,macd_ratio,net_profit_ratio,spearman,-0.12605844968847707,223
A_portfolio,2019,macd_signal_ratio,net_profit_ratio,pearson,-0.08825351029717465,223
A_portfolio,2019,macd_signal_ratio,net_profit_ratio,spearman,-0.0882675349606787,223
A_portfolio,2019,relative_volume_24,net_profit_ratio,pearson,-0.0015043489437035153,223
A_portfolio,2019,relative_volume_24,net_profit_ratio,spearman,0.02792305253374877,223
A_portfolio,2019,volume_zscore_24,net_profit_ratio,pearson,0.011492744696858525,223
A_portfolio,2019,volume_zscore_24,net_profit_ratio,spearman,0.02561488825478093,223
A_portfolio,2019,volume_trend_24_168,net_profit_ratio,pearson,0.0027224232645022255,223
A_portfolio,2019,volume_trend_24_168,net_profit_ratio,spearman,0.06716942012381233,223
A_portfolio,2019,regime_duration,net_profit_ratio,pearson,0.06650533927821196,223
A_portfolio,2019,regime_duration,net_profit_ratio,spearman,0.024388471063210796,223
A_portfolio,2019,regime_transition,net_profit_ratio,pearson,0.03804432615344496,223
A_portfolio,2019,regime_transition,net_profit_ratio,spearman,-0.00414210141889555,223
A_portfolio,2019,hour_of_day,net_profit_ratio,pearson,0.03279684714068401,223
A_portfolio,2019,hour_of_day,net_profit_ratio,spearman,0.03182546969563845,223
A_portfolio,2019,day_of_week,net_profit_ratio,pearson,-0.0019077868458143266,223
A_portfolio,2019,day_of_week,net_profit_ratio,spearman,-0.020660297798676536,223
A_portfolio,2019,distance_high_24,net_profit_ratio,pearson,0.016703463955590876,223
A_portfolio,2019,distance_high_24,net_profit_ratio,spearman,0.01691679895597948,223
A_portfolio,2019,distance_low_24,net_profit_ratio,pearson,-0.13547985661474052,223
A_portfolio,2019,distance_low_24,net_profit_ratio,spearman,-0.18086355427010162,223
A_portfolio,2019,distance_high_168,net_profit_ratio,pearson,0.22458338025547828,223
A_portfolio,2019,distance_high_168,net_profit_ratio,spearman,0.21008948059282237,223
A_portfolio,2019,distance_low_168,net_profit_ratio,pearson,-0.046058584579543024,223
A_portfolio,2019,distance_low_168,net_profit_ratio,spearman,-0.12230998224246457,223
A_portfolio,2019,candles_since_prior_signal,net_profit_ratio,pearson,-0.1059244600345733,223
A_portfolio,2019,candles_since_prior_signal,net_profit_ratio,spearman,-0.10505657218011513,223
A_portfolio,2019,return_1h,net_profit_ratio,pearson,-0.08960592980494038,223
A_portfolio,2019,return_1h,net_profit_ratio,spearman,-0.114117243491379,223
A_portfolio,2019,return_3h,net_profit_ratio,pearson,-0.009303746997124752,223
A_portfolio,2019,return_3h,net_profit_ratio,spearman,-0.056876299729244906,223
A_portfolio,2019,return_6h,net_profit_ratio,pearson,0.006035107839934627,223
A_portfolio,2019,return_6h,net_profit_ratio,spearman,-0.04346447558791478,223
A_portfolio,2019,return_12h,net_profit_ratio,pearson,-0.02943194721297591,223
A_portfolio,2019,return_12h,net_profit_ratio,spearman,-0.09286871382339379,223
A_portfolio,2019,return_24h,net_profit_ratio,pearson,-0.13472534655611046,223
A_portfolio,2019,return_24h,net_profit_ratio,spearman,-0.16916366107544606,223
A_portfolio,2019,return_72h,net_profit_ratio,pearson,0.01749160855576579,223
A_portfolio,2019,return_72h,net_profit_ratio,spearman,0.025980645182249816,223
A_portfolio,2019,return_168h,net_profit_ratio,pearson,0.11701825027498375,223
A_portfolio,2019,return_168h,net_profit_ratio,spearman,0.08962667904618439,223
A_portfolio,2019,volatility_ratio_24_168,net_profit_ratio,pearson,0.026928462006889343,223
A_portfolio,2019,volatility_ratio_24_168,net_profit_ratio,spearman,0.03761344686949983,223
A_portfolio,2019,natr_ratio_168,net_profit_ratio,pearson,0.01499122647165829,223
A_portfolio,2019,natr_ratio_168,net_profit_ratio,spearman,0.058141283893419146,223
A_portfolio,2019,up_fraction_24,net_profit_ratio,pearson,0.07876808720404121,223
A_portfolio,2019,up_fraction_24,net_profit_ratio,spearman,0.02685243936537501,223
A_portfolio,2019,volume_price_interaction,net_profit_ratio,pearson,-0.05763945898998196,223
A_portfolio,2019,volume_price_interaction,net_profit_ratio,spearman,-0.0838784518310521,223
A_portfolio,2019,range_expansion_24,net_profit_ratio,pearson,-0.012541483631194532,223
A_portfolio,2019,range_expansion_24,net_profit_ratio,spearman,0.05534183664086884,223
A_portfolio,2019,signal_density_168,net_profit_ratio,pearson,0.141908328352315,223
A_portfolio,2019,signal_density_168,net_profit_ratio,spearman,0.15168634087528002,223
A_portfolio,2019,ema20_distance,profitable_after_fees,pearson,0.05270625586338803,223
A_portfolio,2019,ema20_distance,profitable_after_fees,spearman,0.06316860139493934,223
A_portfolio,2019,ema50_distance,profitable_after_fees,pearson,0.09053983472030765,223
A_portfolio,2019,ema50_distance,profitable_after_fees,spearman,0.11352470345033909,223
A_portfolio,2019,ema_gap,profitable_after_fees,pearson,0.13705021702639883,223
A_portfolio,2019,ema_gap,profitable_after_fees,spearman,0.18160972901045055,223
A_portfolio,2019,ema20_slope_6,profitable_after_fees,pearson,0.060715973158906124,223
A_portfolio,2019,ema20_slope_6,profitable_after_fees,spearman,0.09639171014746639,223
A_portfolio,2019,ema50_slope_6,profitable_after_fees,pearson,0.10569221442712327,223
A_portfolio,2019,ema50_slope_6,profitable_after_fees,spearman,0.1391497021294182,223
A_portfolio,2019,trend_efficiency_20,profitable_after_fees,pearson,0.07419240471631301,223
A_portfolio,2019,trend_efficiency_20,profitable_after_fees,spearman,0.0835792108079268,223
A_portfolio,2019,range_ratio,profitable_after_fees,pearson,0.009104420245931655,223
A_portfolio,2019,range_ratio,profitable_after_fees,spearman,0.04469476513792878,223
A_portfolio,2019,body_to_range,profitable_after_fees,pearson,0.020831494627876857,223
A_portfolio,2019,body_to_range,profitable_after_fees,spearman,0.021751452367125338,223
A_portfolio,2019,close_location,profitable_after_fees,pearson,0.02534411389779487,223
A_portfolio,2019,close_location,profitable_after_fees,spearman,0.029051597339653703,223
A_portfolio,2019,natr14,profitable_after_fees,pearson,0.02028464112250187,223
A_portfolio,2019,natr14,profitable_after_fees,spearman,0.07195857187206534,223
A_portfolio,2019,return_std_24,profitable_after_fees,pearson,0.0466600449398977,223
A_portfolio,2019,return_std_24,profitable_after_fees,spearman,0.07478924033080082,223
A_portfolio,2019,return_std_168,profitable_after_fees,pearson,-0.03650798323562904,223
A_portfolio,2019,return_std_168,profitable_after_fees,spearman,-0.007002179871608841,223
A_portfolio,2019,volatility_percentile_720,profitable_after_fees,pearson,0.05036204865568199,223
A_portfolio,2019,volatility_percentile_720,profitable_after_fees,spearman,0.05631618107513005,223
A_portfolio,2019,rsi14,profitable_after_fees,pearson,0.09937741411337982,223
A_portfolio,2019,rsi14,profitable_after_fees,spearman,0.11203487794574146,223
A_portfolio,2019,macd_ratio,profitable_after_fees,pearson,0.07564562471523852,223
A_portfolio,2019,macd_ratio,profitable_after_fees,spearman,0.1095021745879255,223
A_portfolio,2019,macd_signal_ratio,profitable_after_fees,pearson,0.07756283510394404,223
A_portfolio,2019,macd_signal_ratio,profitable_after_fees,spearman,0.12633720278987867,223
A_portfolio,2019,relative_volume_24,profitable_after_fees,pearson,-0.0019727101642426155,223
A_portfolio,2019,relative_volume_24,profitable_after_fees,spearman,0.024582120825860823,223
A_portfolio,2019,volume_zscore_24,profitable_after_fees,pearson,-0.006764608763104066,223
A_portfolio,2019,volume_zscore_24,profitable_after_fees,spearman,0.0266678765322975,223
A_portfolio,2019,volume_trend_24_168,profitable_after_fees,pearson,0.04402461144557013,223
A_portfolio,2019,volume_trend_24_168,profitable_after_fees,spearman,0.08983647792723684,223
A_portfolio,2019,regime_duration,profitable_after_fees,pearson,0.05671930505175783,223
A_portfolio,2019,regime_duration,profitable_after_fees,spearman,-0.006640375832429325,223
A_portfolio,2019,regime_transition,profitable_after_fees,pearson,0.018156567920369845,223
A_portfolio,2019,regime_transition,profitable_after_fees,spearman,0.018156567920369886,223
A_portfolio,2019,hour_of_day,profitable_after_fees,pearson,0.0504516939371043,223
A_portfolio,2019,hour_of_day,profitable_after_fees,spearman,0.041537918613156304,223
A_portfolio,2019,day_of_week,profitable_after_fees,pearson,-0.022830910896367195,223
A_portfolio,2019,day_of_week,profitable_after_fees,spearman,-0.025461989693738415,223
A_portfolio,2019,distance_high_24,profitable_after_fees,pearson,-0.10069917104422667,223
A_portfolio,2019,distance_high_24,profitable_after_fees,spearman,-0.02845566713781465,223
A_portfolio,2019,distance_low_24,profitable_after_fees,pearson,0.009453045267242131,223
A_portfolio,2019,distance_low_24,profitable_after_fees,spearman,0.06391351414723814,223
A_portfolio,2019,distance_high_168,profitable_after_fees,pearson,0.16182133021429923,223
A_portfolio,2019,distance_high_168,profitable_after_fees,spearman,0.16373182295527908,223
A_portfolio,2019,distance_low_168,profitable_after_fees,pearson,0.06944090695378995,223
A_portfolio,2019,distance_low_168,profitable_after_fees,spearman,0.08566496651436346,223
A_portfolio,2019,candles_since_prior_signal,profitable_after_fees,pearson,-0.0232133409535601,223
A_portfolio,2019,candles_since_prior_signal,profitable_after_fees,spearman,-0.02272146176792288,223
A_portfolio,2019,return_1h,profitable_after_fees,pearson,-0.04248569732406259,223
A_portfolio,2019,return_1h,profitable_after_fees,spearman,-0.01504723759643602,223
A_portfolio,2019,return_3h,profitable_after_fees,pearson,0.018420360878829138,223
A_portfolio,2019,return_3h,profitable_after_fees,spearman,0.028679148722074846,223
A_portfolio,2019,return_6h,profitable_after_fees,pearson,0.035567321986110234,223
A_portfolio,2019,return_6h,profitable_after_fees,spearman,0.029200579890113466,223
A_portfolio,2019,return_12h,profitable_after_fees,pearson,0.08228718868602806,223
A_portfolio,2019,return_12h,profitable_after_fees,spearman,0.10086118666125926,223
A_portfolio,2019,return_24h,profitable_after_fees,pearson,0.030925746594006324,223
A_portfolio,2019,return_24h,profitable_after_fees,spearman,0.09058139067953565,223
A_portfolio,2019,return_72h,profitable_after_fees,pearson,0.06541883326957129,223
A_portfolio,2019,return_72h,profitable_after_fees,spearman,0.09505086719332852,223
A_portfolio,2019,return_168h,profitable_after_fees,pearson,0.15248195946753476,223
A_portfolio,2019,return_168h,profitable_after_fees,spearman,0.14317223099183182,223
A_portfolio,2019,volatility_ratio_24_168,profitable_after_fees,pearson,0.10837740353177762,223
A_portfolio,2019,volatility_ratio_24_168,profitable_after_fees,spearman,0.11397165110171838,223
A_portfolio,2019,natr_ratio_168,profitable_after_fees,pearson,0.030444310776949885,223
A_portfolio,2019,natr_ratio_168,profitable_after_fees,spearman,0.08819766987217945,223
A_portfolio,2019,up_fraction_24,profitable_after_fees,pearson,0.1290664215403695,223
A_portfolio,2019,up_fraction_24,profitable_after_fees,spearman,0.11731893296467495,223
A_portfolio,2019,volume_price_interaction,profitable_after_fees,pearson,-0.05827560724791479,223
A_portfolio,2019,volume_price_interaction,profitable_after_fees,spearman,0.011769621486321243,223
A_portfolio,2019,range_expansion_24,profitable_after_fees,pearson,-0.024503083130231924,223
A_portfolio,2019,range_expansion_24,profitable_after_fees,spearman,0.03799055036723946,223
A_portfolio,2019,signal_density_168,profitable_after_fees,pearson,0.062233148813866025,223
A_portfolio,2019,signal_density_168,profitable_after_fees,spearman,0.05138748571029272,223
A_portfolio,2019,ema20_distance,return_above_0_5_percent,pearson,0.08198644425905295,223
A_portfolio,2019,ema20_distance,return_above_0_5_percent,spearman,0.10896606993161251,223
A_portfolio,2019,ema50_distance,return_above_0_5_percent,pearson,0.11411504118678638,223
A_portfolio,2019,ema50_distance,return_above_0_5_percent,spearman,0.14718315532791715,223
A_portfolio,2019,ema_gap,return_above_0_5_percent,pearson,0.13727009563377604,223
A_portfolio,2019,ema_gap,return_above_0_5_percent,spearman,0.19029581777912036,223
A_portfolio,2019,ema20_slope_6,return_above_0_5_percent,pearson,0.07286287695013613,223
A_portfolio,2019,ema20_slope_6,return_above_0_5_percent,spearman,0.12002059876525434,223
A_portfolio,2019,ema50_slope_6,return_above_0_5_percent,pearson,0.11147627451884914,223
A_portfolio,2019,ema50_slope_6,return_above_0_5_percent,spearman,0.1595010588854038,223
A_portfolio,2019,trend_efficiency_20,return_above_0_5_percent,pearson,0.11143226991089994,223
A_portfolio,2019,trend_efficiency_20,return_above_0_5_percent,spearman,0.12412656661774989,223
A_portfolio,2019,range_ratio,return_above_0_5_percent,pearson,0.005208688750738747,223
A_portfolio,2019,range_ratio,return_above_0_5_percent,spearman,0.0434285061321644,223
A_portfolio,2019,body_to_range,return_above_0_5_percent,pearson,0.009151895388559688,223
A_portfolio,2019,body_to_range,return_above_0_5_percent,spearman,0.013581278281331413,223
A_portfolio,2019,close_location,return_above_0_5_percent,pearson,0.023205825163528537,223
A_portfolio,2019,close_location,return_above_0_5_percent,spearman,0.02732047840314342,223
A_portfolio,2019,natr14,return_above_0_5_percent,pearson,0.02342850394200594,223
A_portfolio,2019,natr14,return_above_0_5_percent,spearman,0.049113692389465925,223
A_portfolio,2019,return_std_24,return_above_0_5_percent,pearson,0.02616677035282599,223
A_portfolio,2019,return_std_24,return_above_0_5_percent,spearman,0.035532414108134514,223
A_portfolio,2019,return_std_168,return_above_0_5_percent,pearson,-0.04233726164654453,223
A_portfolio,2019,return_std_168,return_above_0_5_percent,spearman,-0.02684671288170163,223
A_portfolio,2019,volatility_percentile_720,return_above_0_5_percent,pearson,0.0276149912219796,223
A_portfolio,2019,volatility_percentile_720,return_above_0_5_percent,spearman,0.03450639823406971,223
A_portfolio,2019,rsi14,return_above_0_5_percent,pearson,0.1410007162410419,223
A_portfolio,2019,rsi14,return_above_0_5_percent,spearman,0.159816902566365,223
A_portfolio,2019,macd_ratio,return_above_0_5_percent,pearson,0.08598008293424236,223
A_portfolio,2019,macd_ratio,return_above_0_5_percent,spearman,0.13107512759889617,223
A_portfolio,2019,macd_signal_ratio,return_above_0_5_percent,pearson,0.06900844413047075,223
A_portfolio,2019,macd_signal_ratio,return_above_0_5_percent,spearman,0.1317068149608186,223
A_portfolio,2019,relative_volume_24,return_above_0_5_percent,pearson,0.026233998935758337,223
A_portfolio,2019,relative_volume_24,return_above_0_5_percent,spearman,0.07438118686636157,223
A_portfolio,2019,volume_zscore_24,return_above_0_5_percent,pearson,0.024620017774099924,223
A_portfolio,2019,volume_zscore_24,return_above_0_5_percent,spearman,0.06380042355416152,223
A_portfolio,2019,volume_trend_24_168,return_above_0_5_percent,pearson,-0.0006750391767869227,223
A_portfolio,2019,volume_trend_24_168,return_above_0_5_percent,spearman,0.03853292907726587,223
A_portfolio,2019,regime_duration,return_above_0_5_percent,pearson,0.07526845413405071,223
A_portfolio,2019,regime_duration,return_above_0_5_percent,spearman,-0.005694320954968904,223
A_portfolio,2019,regime_transition,return_above_0_5_percent,pearson,0.04011842892444481,223
A_portfolio,2019,regime_transition,return_above_0_5_percent,spearman,0.04011842892444482,223
A_portfolio,2019,hour_of_day,return_above_0_5_percent,pearson,0.006228668517477226,223
A_portfolio,2019,hour_of_day,return_above_0_5_percent,spearman,-0.004110547504015745,223
A_portfolio,2019,day_of_week,return_above_0_5_percent,pearson,0.03517400141433843,223
A_portfolio,2019,day_of_week,return_above_0_5_percent,spearman,0.029864416373922856,223
A_portfolio,2019,distance_high_24,return_above_0_5_percent,pearson,0.0023218206524314553,223
A_portfolio,2019,distance_high_24,return_above_0_5_percent,spearman,0.06364250171368092,223
A_portfolio,2019,distance_low_24,return_above_0_5_percent,pearson,0.025198404458865953,223
A_portfolio,2019,distance_low_24,return_above_0_5_percent,spearman,0.07690793631405114,223
A_portfolio,2019,distance_high_168,return_above_0_5_percent,pearson,0.16828669941806662,223
A_portfolio,2019,distance_high_168,return_above_0_5_percent,spearman,0.1746615555715412,223
A_portfolio,2019,distance_low_168,return_above_0_5_percent,pearson,0.07934465326166386,223
A_portfolio,2019,distance_low_168,return_above_0_5_percent,spearman,0.10264919631238859,223
A_portfolio,2019,candles_since_prior_signal,return_above_0_5_percent,pearson,-0.04701076354417986,223
A_portfolio,2019,candles_since_prior_signal,return_above_0_5_percent,spearman,-0.048327534858732514,223
A_portfolio,2019,return_1h,return_above_0_5_percent,pearson,-0.06389597383428054,223
A_portfolio,2019,return_1h,return_above_0_5_percent,spearman,-0.03569033594861511,223
A_portfolio,2019,return_3h,return_above_0_5_percent,pearson,0.07211683945591457,223
A_portfolio,2019,return_3h,return_above_0_5_percent,spearman,0.08969962965942176,223
A_portfolio,2019,return_6h,return_above_0_5_percent,pearson,0.06787918382607525,223
A_portfolio,2019,return_6h,return_above_0_5_percent,spearman,0.08385649729519744,223
A_portfolio,2019,return_12h,return_above_0_5_percent,pearson,0.12126880891180931,223
A_portfolio,2019,return_12h,return_above_0_5_percent,spearman,0.1512891231804127,223
A_portfolio,2019,return_24h,return_above_0_5_percent,pearson,0.043070942634167844,223
A_portfolio,2019,return_24h,return_above_0_5_percent,spearman,0.10201750895046618,223
A_portfolio,2019,return_72h,return_above_0_5_percent,pearson,0.06082322220031704,223
A_portfolio,2019,return_72h,return_above_0_5_percent,spearman,0.10880814809113189,223
A_portfolio,2019,return_168h,return_above_0_5_percent,pearson,0.1442996221150889,223
A_portfolio,2019,return_168h,return_above_0_5_percent,spearman,0.14134004723013505,223
A_portfolio,2019,volatility_ratio_24_168,return_above_0_5_percent,pearson,0.07431134107613604,223
A_portfolio,2019,volatility_ratio_24_168,return_above_0_5_percent,spearman,0.0799084512831825,223
A_portfolio,2019,natr_ratio_168,return_above_0_5_percent,pearson,0.016817609879885776,223
A_portfolio,2019,natr_ratio_168,return_above_0_5_percent,spearman,0.06759054772569587,223
A_portfolio,2019,up_fraction_24,return_above_0_5_percent,pearson,0.16622101073837764,223
A_portfolio,2019,up_fraction_24,return_above_0_5_percent,spearman,0.1612082216282499,223
A_portfolio,2019,volume_price_interaction,return_above_0_5_percent,pearson,-0.06519013957014594,223
A_portfolio,2019,volume_price_interaction,return_above_0_5_percent,spearman,-0.009317388588355272,223
A_portfolio,2019,range_expansion_24,return_above_0_5_percent,pearson,-0.015656929905990827,223
A_portfolio,2019,range_expansion_24,return_above_0_5_percent,spearman,0.058273159137340595,223
A_portfolio,2019,signal_density_168,return_above_0_5_percent,pearson,0.050707088400749285,223
A_portfolio,2019,signal_density_168,return_above_0_5_percent,spearman,0.05387038501457862,223
A_portfolio,2019,ema20_distance,return_above_1_percent,pearson,0.0848117265590343,223
A_portfolio,2019,ema20_distance,return_above_1_percent,spearman,0.11386445836761692,223
A_portfolio,2019,ema50_distance,return_above_1_percent,pearson,0.11106124574121624,223
A_portfolio,2019,ema50_distance,return_above_1_percent,spearman,0.1472412771598076,223
A_portfolio,2019,ema_gap,return_above_1_percent,pearson,0.12221904363052893,223
A_portfolio,2019,ema_gap,return_above_1_percent,spearman,0.1747092811418975,223
A_portfolio,2019,ema20_slope_6,return_above_1_percent,pearson,0.06506501067641415,223
A_portfolio,2019,ema20_slope_6,return_above_1_percent,spearman,0.11194808599677344,223
A_portfolio,2019,ema50_slope_6,return_above_1_percent,pearson,0.09812205432109845,223
A_portfolio,2019,ema50_slope_6,return_above_1_percent,spearman,0.14803976564765903,223
A_portfolio,2019,trend_efficiency_20,return_above_1_percent,pearson,0.10876086004921959,223
A_portfolio,2019,trend_efficiency_20,return_above_1_percent,spearman,0.12216873864127202,223
A_portfolio,2019,range_ratio,return_above_1_percent,pearson,0.014002954407035043,223
A_portfolio,2019,range_ratio,return_above_1_percent,spearman,0.04918689085164939,223
A_portfolio,2019,body_to_range,return_above_1_percent,pearson,0.006195798115012631,223
A_portfolio,2019,body_to_range,return_above_1_percent,spearman,0.013734001991044959,223
A_portfolio,2019,close_location,return_above_1_percent,pearson,0.043283503782175714,223
A_portfolio,2019,close_location,return_above_1_percent,spearman,0.04711082078323561,223
A_portfolio,2019,natr14,return_above_1_percent,pearson,0.024270807950934007,223
A_portfolio,2019,natr14,return_above_1_percent,spearman,0.043278076041548645,223
A_portfolio,2019,return_std_24,return_above_1_percent,pearson,0.029363728822439743,223
A_portfolio,2019,return_std_24,return_above_1_percent,spearman,0.030821655631066012,223
A_portfolio,2019,return_std_168,return_above_1_percent,pearson,-0.04074441945105842,223
A_portfolio,2019,return_std_168,return_above_1_percent,spearman,-0.029384376352933398,223
A_portfolio,2019,volatility_percentile_720,return_above_1_percent,pearson,0.04261046825893075,223
A_portfolio,2019,volatility_percentile_720,return_above_1_percent,spearman,0.04727117068701478,223
A_portfolio,2019,rsi14,return_above_1_percent,pearson,0.14014723404437002,223
A_portfolio,2019,rsi14,return_above_1_percent,spearman,0.16113497684842282,223
A_portfolio,2019,macd_ratio,return_above_1_percent,pearson,0.07828959800200117,223
A_portfolio,2019,macd_ratio,return_above_1_percent,spearman,0.11977327317771765,223
A_portfolio,2019,macd_signal_ratio,return_above_1_percent,pearson,0.056257374778571734,223
A_portfolio,2019,macd_signal_ratio,return_above_1_percent,spearman,0.11274657448462488,223
A_portfolio,2019,relative_volume_24,return_above_1_percent,pearson,0.03261835707785959,223
A_portfolio,2019,relative_volume_24,return_above_1_percent,spearman,0.08144582576084801,223
A_portfolio,2019,volume_zscore_24,return_above_1_percent,pearson,0.030744514425913548,223
A_portfolio,2019,volume_zscore_24,return_above_1_percent,spearman,0.06994759153578711,223
A_portfolio,2019,volume_trend_24_168,return_above_1_percent,pearson,-0.005523432933599127,223
A_portfolio,2019,volume_trend_24_168,return_above_1_percent,spearman,0.03321712109462036,223
A_portfolio,2019,regime_duration,return_above_1_percent,pearson,0.08412290769414678,223
A_portfolio,2019,regime_duration,return_above_1_percent,spearman,-0.001999428656728002,223
A_portfolio,2019,regime_transition,return_above_1_percent,pearson,0.04851900949466995,223
A_portfolio,2019,regime_transition,return_above_1_percent,spearman,0.04851900949467009,223
A_portfolio,2019,hour_of_day,return_above_1_percent,pearson,0.029461508163322592,223
A_portfolio,2019,hour_of_day,return_above_1_percent,spearman,0.019824601523964546,223
A_portfolio,2019,day_of_week,return_above_1_percent,pearson,0.016074919127011467,223
A_portfolio,2019,day_of_week,return_above_1_percent,spearman,0.010012916002150027,223
A_portfolio,2019,distance_high_24,return_above_1_percent,pearson,0.005172696943454319,223
A_portfolio,2019,distance_high_24,return_above_1_percent,spearman,0.06755212607223277,223
A_portfolio,2019,distance_low_24,return_above_1_percent,pearson,0.0276110213630344,223
A_portfolio,2019,distance_low_24,return_above_1_percent,spearman,0.07537731325317698,223
A_portfolio,2019,distance_high_168,return_above_1_percent,pearson,0.15560657386701426,223
A_portfolio,2019,distance_high_168,return_above_1_percent,spearman,0.1616140699411337,223
A_portfolio,2019,distance_low_168,return_above_1_percent,pearson,0.07105570520916477,223
A_portfolio,2019,distance_low_168,return_above_1_percent,spearman,0.09054859452235454,223
A_portfolio,2019,candles_since_prior_signal,return_above_1_percent,pearson,-0.044845373315862566,223
A_portfolio,2019,candles_since_prior_signal,return_above_1_percent,spearman,-0.04647534937697118,223
A_portfolio,2019,return_1h,return_above_1_percent,pearson,-0.05498623190084228,223
A_portfolio,2019,return_1h,return_above_1_percent,spearman,-0.021559189171989176,223
A_portfolio,2019,return_3h,return_above_1_percent,pearson,0.08478082842200627,223
A_portfolio,2019,return_3h,return_above_1_percent,spearman,0.09949169250177992,223
A_portfolio,2019,return_6h,return_above_1_percent,pearson,0.07041536498960801,223
A_portfolio,2019,return_6h,return_above_1_percent,spearman,0.0881531290588002,223
A_portfolio,2019,return_12h,return_above_1_percent,pearson,0.12222070349980252,223
A_portfolio,2019,return_12h,return_above_1_percent,spearman,0.15219190578448658,223
A_portfolio,2019,return_24h,return_above_1_percent,pearson,0.03796413266089892,223
A_portfolio,2019,return_24h,return_above_1_percent,spearman,0.0964574093324553,223
A_portfolio,2019,return_72h,return_above_1_percent,pearson,0.05026234444693421,223
A_portfolio,2019,return_72h,return_above_1_percent,spearman,0.10029015407414225,223
A_portfolio,2019,return_168h,return_above_1_percent,pearson,0.13873604067100873,223
A_portfolio,2019,return_168h,return_above_1_percent,spearman,0.1304730189149271,223
A_portfolio,2019,volatility_ratio_24_168,return_above_1_percent,pearson,0.07810615383512995,223
A_portfolio,2019,volatility_ratio_24_168,return_above_1_percent,spearman,0.07857126720458278,223
A_portfolio,2019,natr_ratio_168,return_above_1_percent,pearson,0.024268533962705466,223
A_portfolio,2019,natr_ratio_168,return_above_1_percent,spearman,0.07489822016046611,223
A_portfolio,2019,up_fraction_24,return_above_1_percent,pearson,0.1615070944594592,223
A_portfolio,2019,up_fraction_24,return_above_1_percent,spearman,0.15612024380697603,223
A_portfolio,2019,volume_price_interaction,return_above_1_percent,pearson,-0.06184836606995353,223
A_portfolio,2019,volume_price_interaction,return_above_1_percent,spearman,0.0033536516489760942,223
A_portfolio,2019,range_expansion_24,return_above_1_percent,pearson,-0.007005336326770234,223
A_portfolio,2019,range_expansion_24,return_above_1_percent,spearman,0.06962819614064654,223
A_portfolio,2019,signal_density_168,return_above_1_percent,pearson,0.056198460437624005,223
A_portfolio,2019,signal_density_168,return_above_1_percent,spearman,0.05942065916763,223
A_portfolio,2019,ema20_distance,stoploss_hit,pearson,0.14671187912320288,223
A_portfolio,2019,ema20_distance,stoploss_hit,spearman,0.18464177317763694,223
A_portfolio,2019,ema50_distance,stoploss_hit,pearson,0.12725911507044402,223
A_portfolio,2019,ema50_distance,stoploss_hit,spearman,0.1626843731240801,223
A_portfolio,2019,ema_gap,stoploss_hit,pearson,0.030380947193822557,223
A_portfolio,2019,ema_gap,stoploss_hit,spearman,0.07510428881955232,223
A_portfolio,2019,ema20_slope_6,stoploss_hit,pearson,0.1906623787368837,223
A_portfolio,2019,ema20_slope_6,stoploss_hit,spearman,0.19337483001711975,223
A_portfolio,2019,ema50_slope_6,stoploss_hit,pearson,0.1404778841374559,223
A_portfolio,2019,ema50_slope_6,stoploss_hit,spearman,0.14222406852872035,223
A_portfolio,2019,trend_efficiency_20,stoploss_hit,pearson,0.08457094573010898,223
A_portfolio,2019,trend_efficiency_20,stoploss_hit,spearman,0.08084315474264103,223
A_portfolio,2019,range_ratio,stoploss_hit,pearson,0.14125143652223338,223
A_portfolio,2019,range_ratio,stoploss_hit,spearman,0.11128409572598116,223
A_portfolio,2019,body_to_range,stoploss_hit,pearson,-0.010374743539300624,223
A_portfolio,2019,body_to_range,stoploss_hit,spearman,-0.013473859123773505,223
A_portfolio,2019,close_location,stoploss_hit,pearson,-0.006510895975954821,223
A_portfolio,2019,close_location,stoploss_hit,spearman,-0.011228215936477921,223
A_portfolio,2019,natr14,stoploss_hit,pearson,0.25172053809568024,223
A_portfolio,2019,natr14,stoploss_hit,spearman,0.1706688822344644,223
A_portfolio,2019,return_std_24,stoploss_hit,pearson,0.2521820003485215,223
A_portfolio,2019,return_std_24,stoploss_hit,spearman,0.18239612999034133,223
A_portfolio,2019,return_std_168,stoploss_hit,pearson,0.33816601093385573,223
A_portfolio,2019,return_std_168,stoploss_hit,spearman,0.2637383165523814,223
A_portfolio,2019,volatility_percentile_720,stoploss_hit,pearson,0.07131072688909645,223
A_portfolio,2019,volatility_percentile_720,stoploss_hit,spearman,0.056890412335567894,223
A_portfolio,2019,rsi14,stoploss_hit,pearson,0.10541276460204907,223
A_portfolio,2019,rsi14,stoploss_hit,spearman,0.12949875713404535,223
A_portfolio,2019,macd_ratio,stoploss_hit,pearson,0.20619888546727924,223
A_portfolio,2019,macd_ratio,stoploss_hit,spearman,0.20485256186329717,223
A_portfolio,2019,macd_signal_ratio,stoploss_hit,pearson,0.20597844855434105,223
A_portfolio,2019,macd_signal_ratio,stoploss_hit,spearman,0.16917178677626735,223
A_portfolio,2019,relative_volume_24,stoploss_hit,pearson,0.022221122219951824,223
A_portfolio,2019,relative_volume_24,stoploss_hit,spearman,-0.012974827304374487,223
A_portfolio,2019,volume_zscore_24,stoploss_hit,pearson,0.006435768969171528,223
A_portfolio,2019,volume_zscore_24,stoploss_hit,spearman,-0.020959336414758785,223
A_portfolio,2019,volume_trend_24_168,stoploss_hit,pearson,-0.08408583930976139,223
A_portfolio,2019,volume_trend_24_168,stoploss_hit,spearman,-0.08907717976272485,223
A_portfolio,2019,regime_duration,stoploss_hit,pearson,0.1532538152329982,223
A_portfolio,2019,regime_duration,stoploss_hit,spearman,0.11146290192926771,223
A_portfolio,2019,regime_transition,stoploss_hit,pearson,-0.022485241217827828,223
A_portfolio,2019,regime_transition,stoploss_hit,spearman,-0.02248524121782768,223
A_portfolio,2019,hour_of_day,stoploss_hit,pearson,0.010197338807912766,223
A_portfolio,2019,hour_of_day,stoploss_hit,spearman,0.017360697659795213,223
A_portfolio,2019,day_of_week,stoploss_hit,pearson,-0.01864608682065399,223
A_portfolio,2019,day_of_week,stoploss_hit,spearman,-0.02195268894068392,223
A_portfolio,2019,distance_high_24,stoploss_hit,pearson,-0.021766679237210734,223
A_portfolio,2019,distance_high_24,stoploss_hit,spearman,-0.040671093281020025,223
A_portfolio,2019,distance_low_24,stoploss_hit,pearson,0.20745636076960416,223
A_portfolio,2019,distance_low_24,stoploss_hit,spearman,0.18364370953883888,223
A_portfolio,2019,distance_high_168,stoploss_hit,pearson,-0.17245360765321388,223
A_portfolio,2019,distance_high_168,stoploss_hit,spearman,-0.1437211639869174,223
A_portfolio,2019,distance_low_168,stoploss_hit,pearson,0.19971015514968649,223
A_portfolio,2019,distance_low_168,stoploss_hit,spearman,0.18988160728132664,223
A_portfolio,2019,candles_since_prior_signal,stoploss_hit,pearson,0.07812421838347754,223
A_portfolio,2019,candles_since_prior_signal,stoploss_hit,spearman,0.0668750401796887,223
A_portfolio,2019,return_1h,stoploss_hit,pearson,0.07328308755539825,223
A_portfolio,2019,return_1h,stoploss_hit,spearman,0.04166915691981806,223
A_portfolio,2019,return_3h,stoploss_hit,pearson,0.027927904160393795,223
A_portfolio,2019,return_3h,stoploss_hit,spearman,-0.029442885309726326,223
A_portfolio,2019,return_6h,stoploss_hit,pearson,0.03224642575015743,223
A_portfolio,2019,return_6h,stoploss_hit,spearman,0.02470207506025143,223
A_portfolio,2019,return_12h,stoploss_hit,pearson,0.1486380577171299,223
A_portfolio,2019,return_12h,stoploss_hit,spearman,0.1741621049702575,223
A_portfolio,2019,return_24h,stoploss_hit,pearson,0.25809059560494557,223
A_portfolio,2019,return_24h,stoploss_hit,spearman,0.2572509029001941,223
A_portfolio,2019,return_72h,stoploss_hit,pearson,0.029605171432956715,223
A_portfolio,2019,return_72h,stoploss_hit,spearman,0.05389543649509402,223
A_portfolio,2019,return_168h,stoploss_hit,pearson,0.05313083109943196,223
A_portfolio,2019,return_168h,stoploss_hit,spearman,0.027446750066946028,223
A_portfolio,2019,volatility_ratio_24_168,stoploss_hit,pearson,-0.03337768289034863,223
A_portfolio,2019,volatility_ratio_24_168,stoploss_hit,spearman,-0.03817593418402493,223
A_portfolio,2019,natr_ratio_168,stoploss_hit,pearson,-0.07750949725960275,223
A_portfolio,2019,natr_ratio_168,stoploss_hit,spearman,-0.07310816154195623,223
A_portfolio,2019,up_fraction_24,stoploss_hit,pearson,0.020652525103954062,223
A_portfolio,2019,up_fraction_24,stoploss_hit,spearman,0.010781978214316314,223
A_portfolio,2019,volume_price_interaction,stoploss_hit,pearson,0.017002644580626378,223
A_portfolio,2019,volume_price_interaction,stoploss_hit,spearman,0.042168188739217086,223
A_portfolio,2019,range_expansion_24,stoploss_hit,pearson,0.013738521919051684,223
A_portfolio,2019,range_expansion_24,stoploss_hit,spearman,-0.03917399782282297,223
A_portfolio,2019,signal_density_168,stoploss_hit,pearson,-0.08362924606194017,223
A_portfolio,2019,signal_density_168,stoploss_hit,spearman,-0.08132006774934121,223
A_portfolio,2019,ema20_distance,forward_6h_return,pearson,-0.02487024764236364,223
A_portfolio,2019,ema20_distance,forward_6h_return,spearman,-0.13826354381287118,223
A_portfolio,2019,ema50_distance,forward_6h_return,pearson,-0.053327190930597845,223
A_portfolio,2019,ema50_distance,forward_6h_return,spearman,-0.06411019443530655,223
A_portfolio,2019,ema_gap,forward_6h_return,pearson,-0.09765240002910941,223
A_portfolio,2019,ema_gap,forward_6h_return,spearman,0.052068364007825885,223
A_portfolio,2019,ema20_slope_6,forward_6h_return,pearson,-0.11312120604983207,223
A_portfolio,2019,ema20_slope_6,forward_6h_return,spearman,-0.11857004345793583,223
A_portfolio,2019,ema50_slope_6,forward_6h_return,pearson,-0.12608563661641956,223
A_portfolio,2019,ema50_slope_6,forward_6h_return,spearman,-0.03784606194920096,223
A_portfolio,2019,trend_efficiency_20,forward_6h_return,pearson,-0.0463172706618482,223
A_portfolio,2019,trend_efficiency_20,forward_6h_return,spearman,-0.11374054227193241,223
A_portfolio,2019,range_ratio,forward_6h_return,pearson,0.043363836373678084,223
A_portfolio,2019,range_ratio,forward_6h_return,spearman,-0.010122149696140727,223
A_portfolio,2019,body_to_range,forward_6h_return,pearson,0.13153639121053795,223
A_portfolio,2019,body_to_range,forward_6h_return,spearman,0.0813050799037346,223
A_portfolio,2019,close_location,forward_6h_return,pearson,0.12376890239111583,223
A_portfolio,2019,close_location,forward_6h_return,spearman,-0.006261145835136866,223
A_portfolio,2019,natr14,forward_6h_return,pearson,0.025026217117160663,223
A_portfolio,2019,natr14,forward_6h_return,spearman,-0.03697279117682706,223
A_portfolio,2019,return_std_24,forward_6h_return,pearson,-0.007912575127121303,223
A_portfolio,2019,return_std_24,forward_6h_return,spearman,-0.05845178939349342,223
A_portfolio,2019,return_std_168,forward_6h_return,pearson,-0.019389018146386397,223
A_portfolio,2019,return_std_168,forward_6h_return,spearman,-0.06888450750558374,223
A_portfolio,2019,volatility_percentile_720,forward_6h_return,pearson,0.07890882339616136,223
A_portfolio,2019,volatility_percentile_720,forward_6h_return,spearman,-0.005535119740100269,223
A_portfolio,2019,rsi14,forward_6h_return,pearson,-0.008710810740232377,223
A_portfolio,2019,rsi14,forward_6h_return,spearman,-0.08241100645809166,223
A_portfolio,2019,macd_ratio,forward_6h_return,pearson,-0.13038277738821738,223
A_portfolio,2019,macd_ratio,forward_6h_return,spearman,-0.10760492234707479,223
A_portfolio,2019,macd_signal_ratio,forward_6h_return,pearson,-0.17630300345517494,223
A_portfolio,2019,macd_signal_ratio,forward_6h_return,spearman,-0.09745463753311287,223
A_portfolio,2019,relative_volume_24,forward_6h_return,pearson,0.02367898233857556,223
A_portfolio,2019,relative_volume_24,forward_6h_return,spearman,0.021253917274096645,223
A_portfolio,2019,volume_zscore_24,forward_6h_return,pearson,0.032679443631792544,223
A_portfolio,2019,volume_zscore_24,forward_6h_return,spearman,0.010184912651280364,223
A_portfolio,2019,volume_trend_24_168,forward_6h_return,pearson,0.027991946576908077,223
A_portfolio,2019,volume_trend_24_168,forward_6h_return,spearman,0.01719596758834427,223
A_portfolio,2019,regime_duration,forward_6h_return,pearson,0.06161319605333486,223
A_portfolio,2019,regime_duration,forward_6h_return,spearman,0.11582058989053354,223
A_portfolio,2019,regime_transition,forward_6h_return,pearson,0.046162835921203474,223
A_portfolio,2019,regime_transition,forward_6h_return,spearman,-0.018846541061724214,223
A_portfolio,2019,hour_of_day,forward_6h_return,pearson,0.08677545672835786,223
A_portfolio,2019,hour_of_day,forward_6h_return,spearman,0.1283428181530088,223
A_portfolio,2019,day_of_week,forward_6h_return,pearson,0.008464295130374097,223
A_portfolio,2019,day_of_week,forward_6h_return,spearman,0.008161462657619752,223
A_portfolio,2019,distance_high_24,forward_6h_return,pearson,-0.031074356026459887,223
A_portfolio,2019,distance_high_24,forward_6h_return,spearman,-0.03990533614973077,223
A_portfolio,2019,distance_low_24,forward_6h_return,pearson,-0.04627078568694526,223
A_portfolio,2019,distance_low_24,forward_6h_return,spearman,-0.12475544089893864,223
A_portfolio,2019,distance_high_168,forward_6h_return,pearson,-0.015384403926865242,223
A_portfolio,2019,distance_high_168,forward_6h_return,spearman,0.07044167806499646,223
A_portfolio,2019,distance_low_168,forward_6h_return,pearson,0.04841873377527615,223
A_portfolio,2019,distance_low_168,forward_6h_return,spearman,-0.018298647782952714,223
A_portfolio,2019,candles_since_prior_signal,forward_6h_return,pearson,-0.02458121006860599,223
A_portfolio,2019,candles_since_prior_signal,forward_6h_return,spearman,-0.11600721205809231,223
A_portfolio,2019,return_1h,forward_6h_return,pearson,0.061594763883974266,223
A_portfolio,2019,return_1h,forward_6h_return,spearman,-0.048288519140537084,223
A_portfolio,2019,return_3h,forward_6h_return,pearson,0.046674607082464924,223
A_portfolio,2019,return_3h,forward_6h_return,spearman,-0.0652339936160342,223
A_portfolio,2019,return_6h,forward_6h_return,pearson,0.025387398578529577,223
A_portfolio,2019,return_6h,forward_6h_return,spearman,-0.0613129144519279,223
A_portfolio,2019,return_12h,forward_6h_return,pearson,-0.024668415554333457,223
A_portfolio,2019,return_12h,forward_6h_return,spearman,-0.05986503800405145,223
A_portfolio,2019,return_24h,forward_6h_return,pearson,-0.12104235270715605,223
A_portfolio,2019,return_24h,forward_6h_return,spearman,-0.18047920598369027,223
A_portfolio,2019,return_72h,forward_6h_return,pearson,-0.07607519066130042,223
A_portfolio,2019,return_72h,forward_6h_return,spearman,0.018469622729712414,223
A_portfolio,2019,return_168h,forward_6h_return,pearson,0.05277623362902758,223
A_portfolio,2019,return_168h,forward_6h_return,spearman,0.05623452568519833,223
A_portfolio,2019,volatility_ratio_24_168,forward_6h_return,pearson,0.035608635913670666,223
A_portfolio,2019,volatility_ratio_24_168,forward_6h_return,spearman,-0.0111014682203023,223
A_portfolio,2019,natr_ratio_168,forward_6h_return,pearson,0.048997635892105665,223
A_portfolio,2019,natr_ratio_168,forward_6h_return,spearman,0.012420572398150873,223
A_portfolio,2019,up_fraction_24,forward_6h_return,pearson,0.011704604286272513,223
A_portfolio,2019,up_fraction_24,forward_6h_return,spearman,-0.027891035044772854,223
A_portfolio,2019,volume_price_interaction,forward_6h_return,pearson,0.011093479290104779,223
A_portfolio,2019,volume_price_interaction,forward_6h_return,spearman,-0.029928190522360922,223
A_portfolio,2019,range_expansion_24,forward_6h_return,pearson,0.02523708025746423,223
A_portfolio,2019,range_expansion_24,forward_6h_return,spearman,0.06018426337933064,223
A_portfolio,2019,signal_density_168,forward_6h_return,pearson,0.11467532719159654,223
A_portfolio,2019,signal_density_168,forward_6h_return,spearman,0.15090265007169093,223
A_portfolio,2019,ema20_distance,forward_12h_return,pearson,0.06271790655994547,223
A_portfolio,2019,ema20_distance,forward_12h_return,spearman,-0.06112678982634139,223
A_portfolio,2019,ema50_distance,forward_12h_return,pearson,0.02682347311101013,223
A_portfolio,2019,ema50_distance,forward_12h_return,spearman,-0.0394605848641723,223
A_portfolio,2019,ema_gap,forward_12h_return,pearson,-0.06934852968499707,223
A_portfolio,2019,ema_gap,forward_12h_return,spearman,0.026338798760323422,223
A_portfolio,2019,ema20_slope_6,forward_12h_return,pearson,-0.02783367500678052,223
A_portfolio,2019,ema20_slope_6,forward_12h_return,spearman,-0.07230076008102913,223
A_portfolio,2019,ema50_slope_6,forward_12h_return,pearson,-0.05872052200197363,223
A_portfolio,2019,ema50_slope_6,forward_12h_return,spearman,-0.05338097546617726,223
A_portfolio,2019,trend_efficiency_20,forward_12h_return,pearson,0.008443232035297602,223
A_portfolio,2019,trend_efficiency_20,forward_12h_return,spearman,-0.055158898488494895,223
A_portfolio,2019,range_ratio,forward_12h_return,pearson,0.03415188334107148,223
A_portfolio,2019,range_ratio,forward_12h_return,spearman,0.009773707083124123,223
A_portfolio,2019,body_to_range,forward_12h_return,pearson,0.10538766535808133,223
A_portfolio,2019,body_to_range,forward_12h_return,spearman,0.03806789653202209,223
A_portfolio,2019,close_location,forward_12h_return,pearson,0.13071906520362853,223
A_portfolio,2019,close_location,forward_12h_return,spearman,0.06890506778399154,223
A_portfolio,2019,natr14,forward_12h_return,pearson,0.03914083483792165,223
A_portfolio,2019,natr14,forward_12h_return,spearman,-0.03839361462679848,223
A_portfolio,2019,return_std_24,forward_12h_return,pearson,-0.00611543684336389,223
A_portfolio,2019,return_std_24,forward_12h_return,spearman,-0.06910742420832107,223
A_portfolio,2019,return_std_168,forward_12h_return,pearson,0.024062105289014726,223
A_portfolio,2019,return_std_168,forward_12h_return,spearman,-0.07832492165451806,223
A_portfolio,2019,volatility_percentile_720,forward_12h_return,pearson,0.06204103496528748,223
A_portfolio,2019,volatility_percentile_720,forward_12h_return,spearman,-0.011819617861436009,223
A_portfolio,2019,rsi14,forward_12h_return,pearson,0.07135681766474118,223
A_portfolio,2019,rsi14,forward_12h_return,spearman,-0.02048561213359419,223
A_portfolio,2019,macd_ratio,forward_12h_return,pearson,-0.05206619569360154,223
A_portfolio,2019,macd_ratio,forward_12h_return,spearman,-0.0824975760513877,223
A_portfolio,2019,macd_signal_ratio,forward_12h_return,pearson,-0.1288746000466856,223
A_portfolio,2019,macd_signal_ratio,forward_12h_return,spearman,-0.09407625915473448,223
A_portfolio,2019,relative_volume_24,forward_12h_return,pearson,0.02187937744685287,223
A_portfolio,2019,relative_volume_24,forward_12h_return,spearman,0.04501186003428156,223
A_portfolio,2019,volume_zscore_24,forward_12h_return,pearson,0.029861022696802457,223
A_portfolio,2019,volume_zscore_24,forward_12h_return,spearman,0.012119743061447096,223
A_portfolio,2019,volume_trend_24_168,forward_12h_return,pearson,0.024257589476762688,223
A_portfolio,2019,volume_trend_24_168,forward_12h_return,spearman,0.01799998268608134,223
A_portfolio,2019,regime_duration,forward_12h_return,pearson,0.06576131284610344,223
A_portfolio,2019,regime_duration,forward_12h_return,spearman,0.08505146953991041,223
A_portfolio,2019,regime_transition,forward_12h_return,pearson,0.14442830489694203,223
A_portfolio,2019,regime_transition,forward_12h_return,spearman,0.10976556882103113,223
A_portfolio,2019,hour_of_day,forward_12h_return,pearson,0.07743864727646531,223
A_portfolio,2019,hour_of_day,forward_12h_return,spearman,0.058947065224060465,223
A_portfolio,2019,day_of_week,forward_12h_return,pearson,0.03289839744491229,223
A_portfolio,2019,day_of_week,forward_12h_return,spearman,0.04255932478110616,223
A_portfolio,2019,distance_high_24,forward_12h_return,pearson,0.02012882709385794,223
A_portfolio,2019,distance_high_24,forward_12h_return,spearman,0.06262985438994408,223
A_portfolio,2019,distance_low_24,forward_12h_return,pearson,0.000995497525660354,223
A_portfolio,2019,distance_low_24,forward_12h_return,spearman,-0.09707156708277785,223
A_portfolio,2019,distance_high_168,forward_12h_return,pearson,-0.00672303781194653,223
A_portfolio,2019,distance_high_168,forward_12h_return,spearman,0.04223297608947832,223
A_portfolio,2019,distance_low_168,forward_12h_return,pearson,0.042963492153368706,223
A_portfolio,2019,distance_low_168,forward_12h_return,spearman,-0.06648977613103173,223
A_portfolio,2019,candles_since_prior_signal,forward_12h_return,pearson,0.013746798194975115,223
A_portfolio,2019,candles_since_prior_signal,forward_12h_return,spearman,-0.08747129494221291,223
A_portfolio,2019,return_1h,forward_12h_return,pearson,0.05524284944424829,223
A_portfolio,2019,return_1h,forward_12h_return,spearman,-0.06959437817061136,223
A_portfolio,2019,return_3h,forward_12h_return,pearson,0.09133101653267282,223
A_portfolio,2019,return_3h,forward_12h_return,spearman,0.03354626753745002,223
A_portfolio,2019,return_6h,forward_12h_return,pearson,0.12071929052466311,223
A_portfolio,2019,return_6h,forward_12h_return,spearman,0.043038073307131594,223
A_portfolio,2019,return_12h,forward_12h_return,pearson,0.05785678839070786,223
A_portfolio,2019,return_12h,forward_12h_return,spearman,-0.0065673857714216455,223
A_portfolio,2019,return_24h,forward_12h_return,pearson,-0.04512495203284323,223
A_portfolio,2019,return_24h,forward_12h_return,spearman,-0.12885667538133905,223
A_portfolio,2019,return_72h,forward_12h_return,pearson,-0.051351863003600194,223
A_portfolio,2019,return_72h,forward_12h_return,spearman,-0.030119725747528435,223
A_portfolio,2019,return_168h,forward_12h_return,pearson,0.03386541454666306,223
A_portfolio,2019,return_168h,forward_12h_return,spearman,0.022077410530325324,223
A_portfolio,2019,volatility_ratio_24_168,forward_12h_return,pearson,-0.010377200068078619,223
A_portfolio,2019,volatility_ratio_24_168,forward_12h_return,spearman,-0.02249078033831397,223
A_portfolio,2019,natr_ratio_168,forward_12h_return,pearson,0.02593759978443427,223
A_portfolio,2019,natr_ratio_168,forward_12h_return,spearman,-0.004262470349914296,223
A_portfolio,2019,up_fraction_24,forward_12h_return,pearson,0.08459449174533894,223
A_portfolio,2019,up_fraction_24,forward_12h_return,spearman,0.0656688093760281,223
A_portfolio,2019,volume_price_interaction,forward_12h_return,pearson,0.010062160185797676,223
A_portfolio,2019,volume_price_interaction,forward_12h_return,spearman,-0.06113220042592239,223
A_portfolio,2019,range_expansion_24,forward_12h_return,pearson,0.028981176831939476,223
A_portfolio,2019,range_expansion_24,forward_12h_return,spearman,0.052197136277853766,223
A_portfolio,2019,signal_density_168,forward_12h_return,pearson,0.05995476401589149,223
A_portfolio,2019,signal_density_168,forward_12h_return,spearman,0.08402309494795271,223
A_portfolio,2019,ema20_distance,forward_24h_return,pearson,0.06925910198907774,223
A_portfolio,2019,ema20_distance,forward_24h_return,spearman,0.017523849922953062,223
A_portfolio,2019,ema50_distance,forward_24h_return,pearson,0.05160496515779214,223
A_portfolio,2019,ema50_distance,forward_24h_return,spearman,-0.003898878058070883,223
A_portfolio,2019,ema_gap,forward_24h_return,pearson,-0.011308087179961271,223
A_portfolio,2019,ema_gap,forward_24h_return,spearman,-0.009282424641169035,223
A_portfolio,2019,ema20_slope_6,forward_24h_return,pearson,-0.013067223459466022,223
A_portfolio,2019,ema20_slope_6,forward_24h_return,spearman,0.0223749935072805,223
A_portfolio,2019,ema50_slope_6,forward_24h_return,pearson,-0.02177157436101462,223
A_portfolio,2019,ema50_slope_6,forward_24h_return,spearman,-0.014266668975189153,223
A_portfolio,2019,trend_efficiency_20,forward_24h_return,pearson,0.023655686314021908,223
A_portfolio,2019,trend_efficiency_20,forward_24h_return,spearman,-0.011633871219073012,223
A_portfolio,2019,range_ratio,forward_24h_return,pearson,0.06890045955255367,223
A_portfolio,2019,range_ratio,forward_24h_return,spearman,0.06173277697941375,223
A_portfolio,2019,body_to_range,forward_24h_return,pearson,0.11025788277983713,223
A_portfolio,2019,body_to_range,forward_24h_return,spearman,0.10440834011461814,223
A_portfolio,2019,close_location,forward_24h_return,pearson,0.07042949406620176,223
A_portfolio,2019,close_location,forward_24h_return,spearman,0.04278485724674065,223
A_portfolio,2019,natr14,forward_24h_return,pearson,0.03302902762937899,223
A_portfolio,2019,natr14,forward_24h_return,spearman,0.052664612081652434,223
A_portfolio,2019,return_std_24,forward_24h_return,pearson,-0.026982268044135366,223
A_portfolio,2019,return_std_24,forward_24h_return,spearman,0.005810983949997402,223
A_portfolio,2019,return_std_168,forward_24h_return,pearson,0.02114948251806115,223
A_portfolio,2019,return_std_168,forward_24h_return,spearman,0.008491394982426372,223
A_portfolio,2019,volatility_percentile_720,forward_24h_return,pearson,0.05748393921648808,223
A_portfolio,2019,volatility_percentile_720,forward_24h_return,spearman,0.06203608541556171,223
A_portfolio,2019,rsi14,forward_24h_return,pearson,0.09742389926570917,223
A_portfolio,2019,rsi14,forward_24h_return,spearman,0.04385507384386308,223
A_portfolio,2019,macd_ratio,forward_24h_return,pearson,-0.02467686437068506,223
A_portfolio,2019,macd_ratio,forward_24h_return,spearman,0.0036012950811157084,223
A_portfolio,2019,macd_signal_ratio,forward_24h_return,pearson,-0.0875076647403221,223
A_portfolio,2019,macd_signal_ratio,forward_24h_return,spearman,-0.018351671658846547,223
A_portfolio,2019,relative_volume_24,forward_24h_return,pearson,0.028543659515633917,223
A_portfolio,2019,relative_volume_24,forward_24h_return,spearman,-0.003891303218657479,223
A_portfolio,2019,volume_zscore_24,forward_24h_return,pearson,0.018160545327655056,223
A_portfolio,2019,volume_zscore_24,forward_24h_return,spearman,-0.04736547085201793,223
A_portfolio,2019,volume_trend_24_168,forward_24h_return,pearson,0.0408161141774487,223
A_portfolio,2019,volume_trend_24_168,forward_24h_return,spearman,0.09213818238481915,223
A_portfolio,2019,regime_duration,forward_24h_return,pearson,0.07345902000202664,223
A_portfolio,2019,regime_duration,forward_24h_return,spearman,0.08309293701886929,223
A_portfolio,2019,regime_transition,forward_24h_return,pearson,0.038881569260186356,223
A_portfolio,2019,regime_transition,forward_24h_return,spearman,0.003106572702482013,223
A_portfolio,2019,hour_of_day,forward_24h_return,pearson,0.044139079916251246,223
A_portfolio,2019,hour_of_day,forward_24h_return,spearman,0.05118665315833064,223
A_portfolio,2019,day_of_week,forward_24h_return,pearson,0.07270468284399562,223
A_portfolio,2019,day_of_week,forward_24h_return,spearman,0.10231922210880219,223
A_portfolio,2019,distance_high_24,forward_24h_return,pearson,0.0727113262690542,223
A_portfolio,2019,distance_high_24,forward_24h_return,spearman,0.05462108489014318,223
A_portfolio,2019,distance_low_24,forward_24h_return,pearson,0.017131651973281706,223
A_portfolio,2019,distance_low_24,forward_24h_return,spearman,0.013873859445608325,223
A_portfolio,2019,distance_high_168,forward_24h_return,pearson,0.029638348211806883,223
A_portfolio,2019,distance_high_168,forward_24h_return,spearman,-0.018719592430354762,223
A_portfolio,2019,distance_low_168,forward_24h_return,pearson,0.05708968886992279,223
A_portfolio,2019,distance_low_168,forward_24h_return,spearman,-0.0015279533216752946,223
A_portfolio,2019,candles_since_prior_signal,forward_24h_return,pearson,0.007908348794972452,223
A_portfolio,2019,candles_since_prior_signal,forward_24h_return,spearman,-0.0011747250707961044,223
A_portfolio,2019,return_1h,forward_24h_return,pearson,0.02508959395943364,223
A_portfolio,2019,return_1h,forward_24h_return,spearman,-0.019509539969181224,223
A_portfolio,2019,return_3h,forward_24h_return,pearson,0.0989005255221285,223
A_portfolio,2019,return_3h,forward_24h_return,spearman,0.06644326294953207,223
A_portfolio,2019,return_6h,forward_24h_return,pearson,0.13222815619518005,223
A_portfolio,2019,return_6h,forward_24h_return,spearman,0.05348702321796492,223
A_portfolio,2019,return_12h,forward_24h_return,pearson,0.06938243471272076,223
A_portfolio,2019,return_12h,forward_24h_return,spearman,0.07280502796197863,223
A_portfolio,2019,return_24h,forward_24h_return,pearson,-0.015170368524719752,223
A_portfolio,2019,return_24h,forward_24h_return,spearman,0.020138251640493793,223
A_portfolio,2019,return_72h,forward_24h_return,pearson,-0.006122894237039921,223
A_portfolio,2019,return_72h,forward_24h_return,spearman,-0.049720163789670514,223
A_portfolio,2019,return_168h,forward_24h_return,pearson,0.07505695957987187,223
A_portfolio,2019,return_168h,forward_24h_return,spearman,-0.007347594231002301,223
A_portfolio,2019,volatility_ratio_24_168,forward_24h_return,pearson,-0.03306819428811063,223
A_portfolio,2019,volatility_ratio_24_168,forward_24h_return,spearman,-0.016625690392506536,223
A_portfolio,2019,natr_ratio_168,forward_24h_return,pearson,0.024000820497366043,223
A_portfolio,2019,natr_ratio_168,forward_24h_return,spearman,0.08100425056703084,223
A_portfolio,2019,up_fraction_24,forward_24h_return,pearson,0.08866112280694927,223
A_portfolio,2019,up_fraction_24,forward_24h_return,spearman,0.11401547059643871,223
A_portfolio,2019,volume_price_interaction,forward_24h_return,pearson,0.0038360889668436226,223
A_portfolio,2019,volume_price_interaction,forward_24h_return,spearman,0.0001028013920390602,223
A_portfolio,2019,range_expansion_24,forward_24h_return,pearson,0.052816394671677605,223
A_portfolio,2019,range_expansion_24,forward_24h_return,spearman,0.062032524196201325,223
A_portfolio,2019,signal_density_168,forward_24h_return,pearson,0.06603639857037417,223
A_portfolio,2019,signal_density_168,forward_24h_return,spearman,0.03708026696395621,223
A_portfolio,2019,ema20_distance,forward_48h_return,pearson,0.07131499656332033,223
A_portfolio,2019,ema20_distance,forward_48h_return,spearman,0.04987923541735201,223
A_portfolio,2019,ema50_distance,forward_48h_return,pearson,0.07410884021211415,223
A_portfolio,2019,ema50_distance,forward_48h_return,spearman,0.039124045570233905,223
A_portfolio,2019,ema_gap,forward_48h_return,pearson,0.046640663752746,223
A_portfolio,2019,ema_gap,forward_48h_return,spearman,0.026447010751943483,223
A_portfolio,2019,ema20_slope_6,forward_48h_return,pearson,0.06937495129183027,223
A_portfolio,2019,ema20_slope_6,forward_48h_return,spearman,0.09509886247554407,223
A_portfolio,2019,ema50_slope_6,forward_48h_return,pearson,0.06704683496601922,223
A_portfolio,2019,ema50_slope_6,forward_48h_return,spearman,0.04710467995221358,223
A_portfolio,2019,trend_efficiency_20,forward_48h_return,pearson,0.007144918638272254,223
A_portfolio,2019,trend_efficiency_20,forward_48h_return,spearman,-0.003368639299132572,223
A_portfolio,2019,range_ratio,forward_48h_return,pearson,0.018872975715076755,223
A_portfolio,2019,range_ratio,forward_48h_return,spearman,0.05199261561369184,223
A_portfolio,2019,body_to_range,forward_48h_return,pearson,0.015317139876309662,223
A_portfolio,2019,body_to_range,forward_48h_return,spearman,0.031208338383226272,223
A_portfolio,2019,close_location,forward_48h_return,pearson,-0.003993653854442283,223
A_portfolio,2019,close_location,forward_48h_return,spearman,-0.019119976799348994,223
A_portfolio,2019,natr14,forward_48h_return,pearson,0.030594827116548765,223
A_portfolio,2019,natr14,forward_48h_return,spearman,0.08895133923160828,223
A_portfolio,2019,return_std_24,forward_48h_return,pearson,0.022567838305262253,223
A_portfolio,2019,return_std_24,forward_48h_return,spearman,0.07803599563689248,223
A_portfolio,2019,return_std_168,forward_48h_return,pearson,-0.027144665043846373,223
A_portfolio,2019,return_std_168,forward_48h_return,spearman,0.022608731409179836,223
A_portfolio,2019,volatility_percentile_720,forward_48h_return,pearson,0.07077595478585218,223
A_portfolio,2019,volatility_percentile_720,forward_48h_return,spearman,0.11407649125354646,223
A_portfolio,2019,rsi14,forward_48h_return,pearson,0.11161664713206605,223
A_portfolio,2019,rsi14,forward_48h_return,spearman,0.06530485482279204,223
A_portfolio,2019,macd_ratio,forward_48h_return,pearson,0.06288766224437858,223
A_portfolio,2019,macd_ratio,forward_48h_return,spearman,0.06920481500077913,223
A_portfolio,2019,macd_signal_ratio,forward_48h_return,pearson,0.03045039411203803,223
A_portfolio,2019,macd_signal_ratio,forward_48h_return,spearman,0.049884646016933,223
A_portfolio,2019,relative_volume_24,forward_48h_return,pearson,-0.002188643832792694,223
A_portfolio,2019,relative_volume_24,forward_48h_return,spearman,0.004992901293349724,223
A_portfolio,2019,volume_zscore_24,forward_48h_return,pearson,0.010357505044134914,223
A_portfolio,2019,volume_zscore_24,forward_48h_return,spearman,0.014469025399518672,223
A_portfolio,2019,volume_trend_24_168,forward_48h_return,pearson,0.11057581864474397,223
A_portfolio,2019,volume_trend_24_168,forward_48h_return,spearman,0.1715181709576328,223
A_portfolio,2019,regime_duration,forward_48h_return,pearson,0.10990352470753995,223
A_portfolio,2019,regime_duration,forward_48h_return,spearman,0.11702313102617003,223
A_portfolio,2019,regime_transition,forward_48h_return,pearson,-0.07001213866229199,223
A_portfolio,2019,regime_transition,forward_48h_return,spearman,-0.09526822954278172,223
A_portfolio,2019,hour_of_day,forward_48h_return,pearson,0.059485649183239876,223
A_portfolio,2019,hour_of_day,forward_48h_return,spearman,0.03873706071617706,223
A_portfolio,2019,day_of_week,forward_48h_return,pearson,0.048670755845932445,223
A_portfolio,2019,day_of_week,forward_48h_return,spearman,0.05798216923875753,223
A_portfolio,2019,distance_high_24,forward_48h_return,pearson,-0.00781097051445372,223
A_portfolio,2019,distance_high_24,forward_48h_return,spearman,-0.01726522326298111,223
A_portfolio,2019,distance_low_24,forward_48h_return,pearson,0.0461730404585795,223
A_portfolio,2019,distance_low_24,forward_48h_return,spearman,0.08346390913655488,223
A_portfolio,2019,distance_high_168,forward_48h_return,pearson,0.04916835086003867,223
A_portfolio,2019,distance_high_168,forward_48h_return,spearman,0.008795470678878752,223
A_portfolio,2019,distance_low_168,forward_48h_return,pearson,0.015358070537396736,223
A_portfolio,2019,distance_low_168,forward_48h_return,spearman,-0.008379936631057707,223
A_portfolio,2019,candles_since_prior_signal,forward_48h_return,pearson,-0.015288345166376643,223
A_portfolio,2019,candles_since_prior_signal,forward_48h_return,spearman,-0.030608865870471687,223
A_portfolio,2019,return_1h,forward_48h_return,pearson,-0.034589902639253704,223
A_portfolio,2019,return_1h,forward_48h_return,spearman,-0.09579899406132589,223
A_portfolio,2019,return_3h,forward_48h_return,pearson,0.05110852038673626,223
A_portfolio,2019,return_3h,forward_48h_return,spearman,0.06598823140167001,223
A_portfolio,2019,return_6h,forward_48h_return,pearson,0.08764024193704596,223
A_portfolio,2019,return_6h,forward_48h_return,spearman,0.06614025139809894,223
A_portfolio,2019,return_12h,forward_48h_return,pearson,0.11511728611155787,223
A_portfolio,2019,return_12h,forward_48h_return,spearman,0.1033359592776633,223
A_portfolio,2019,return_24h,forward_48h_return,pearson,0.059016568343653826,223
A_portfolio,2019,return_24h,forward_48h_return,spearman,0.05392311754419377,223
A_portfolio,2019,return_72h,forward_48h_return,pearson,0.03189735348701107,223
A_portfolio,2019,return_72h,forward_48h_return,spearman,0.006963441660751078,223
A_portfolio,2019,return_168h,forward_48h_return,pearson,-0.021423951785126523,223
A_portfolio,2019,return_168h,forward_48h_return,spearman,-0.05609817857575705,223
A_portfolio,2019,volatility_ratio_24_168,forward_48h_return,pearson,0.05743289118169544,223
A_portfolio,2019,volatility_ratio_24_168,forward_48h_return,spearman,0.09030723548660767,223
A_portfolio,2019,natr_ratio_168,forward_48h_return,pearson,0.09408227972393601,223
A_portfolio,2019,natr_ratio_168,forward_48h_return,spearman,0.16736715895908721,223
A_portfolio,2019,up_fraction_24,forward_48h_return,pearson,0.1811394861634366,223
A_portfolio,2019,up_fraction_24,forward_48h_return,spearman,0.15940029093556612,223
A_portfolio,2019,volume_price_interaction,forward_48h_return,pearson,-0.02801846338811171,223
A_portfolio,2019,volume_price_interaction,forward_48h_return,spearman,-0.08228115206814757,223
A_portfolio,2019,range_expansion_24,forward_48h_return,pearson,0.004108359069336435,223
A_portfolio,2019,range_expansion_24,forward_48h_return,spearman,0.012877227002787539,223
A_portfolio,2019,signal_density_168,forward_48h_return,pearson,0.010363107533805453,223
A_portfolio,2019,signal_density_168,forward_48h_return,spearman,0.050591840369264396,223
A_portfolio,2020,ema20_distance,net_profit_ratio,pearson,0.19023082794818696,210
A_portfolio,2020,ema20_distance,net_profit_ratio,spearman,0.09624384096821113,210
A_portfolio,2020,ema50_distance,net_profit_ratio,pearson,0.2531348501501411,210
A_portfolio,2020,ema50_distance,net_profit_ratio,spearman,0.13973300333988783,210
A_portfolio,2020,ema_gap,net_profit_ratio,pearson,0.2513070136224447,210
A_portfolio,2020,ema_gap,net_profit_ratio,spearman,0.22145691674252413,210
A_portfolio,2020,ema20_slope_6,net_profit_ratio,pearson,0.2547232206058661,210
A_portfolio,2020,ema20_slope_6,net_profit_ratio,spearman,0.1548509360432533,210
A_portfolio,2020,ema50_slope_6,net_profit_ratio,pearson,0.29908877940211487,210
A_portfolio,2020,ema50_slope_6,net_profit_ratio,spearman,0.22704823238622188,210
A_portfolio,2020,trend_efficiency_20,net_profit_ratio,pearson,0.12326504733614212,210
A_portfolio,2020,trend_efficiency_20,net_profit_ratio,spearman,0.08894597545133838,210
A_portfolio,2020,range_ratio,net_profit_ratio,pearson,-0.04033130728203196,210
A_portfolio,2020,range_ratio,net_profit_ratio,spearman,-0.08175825172582468,210
A_portfolio,2020,body_to_range,net_profit_ratio,pearson,-0.08355529670879927,210
A_portfolio,2020,body_to_range,net_profit_ratio,spearman,-0.09943795291762365,210
A_portfolio,2020,close_location,net_profit_ratio,pearson,-0.025796801612252975,210
A_portfolio,2020,close_location,net_profit_ratio,spearman,-0.030311668874901602,210
A_portfolio,2020,natr14,net_profit_ratio,pearson,-0.09186971519187673,210
A_portfolio,2020,natr14,net_profit_ratio,spearman,-0.018092408962950245,210
A_portfolio,2020,return_std_24,net_profit_ratio,pearson,-0.0341701698332042,210
A_portfolio,2020,return_std_24,net_profit_ratio,spearman,0.059238790643130874,210
A_portfolio,2020,return_std_168,net_profit_ratio,pearson,-0.07015670062480955,210
A_portfolio,2020,return_std_168,net_profit_ratio,spearman,-0.07322031921682708,210
A_portfolio,2020,volatility_percentile_720,net_profit_ratio,pearson,0.020327361366453172,210
A_portfolio,2020,volatility_percentile_720,net_profit_ratio,spearman,0.01923747874633067,210
A_portfolio,2020,rsi14,net_profit_ratio,pearson,0.11058321818923789,210
A_portfolio,2020,rsi14,net_profit_ratio,spearman,0.05982837317334698,210
A_portfolio,2020,macd_ratio,net_profit_ratio,pearson,0.25333531765847567,210
A_portfolio,2020,macd_ratio,net_profit_ratio,spearman,0.14990880907568363,210
A_portfolio,2020,macd_signal_ratio,net_profit_ratio,pearson,0.23790586100166838,210
A_portfolio,2020,macd_signal_ratio,net_profit_ratio,spearman,0.16279151130735067,210
A_portfolio,2020,relative_volume_24,net_profit_ratio,pearson,-0.046780907858754134,210
A_portfolio,2020,relative_volume_24,net_profit_ratio,spearman,-0.051554780963611095,210
A_portfolio,2020,volume_zscore_24,net_profit_ratio,pearson,-0.0647666449402708,210
A_portfolio,2020,volume_zscore_24,net_profit_ratio,spearman,-0.023599498530902867,210
A_portfolio,2020,volume_trend_24_168,net_profit_ratio,pearson,0.1479511421647413,210
A_portfolio,2020,volume_trend_24_168,net_profit_ratio,spearman,0.15004875393999864,210
A_portfolio,2020,regime_duration,net_profit_ratio,pearson,0.06816290850078177,210
A_portfolio,2020,regime_duration,net_profit_ratio,spearman,-0.027352692912391088,210
A_portfolio,2020,regime_transition,net_profit_ratio,pearson,-0.02314943872652286,210
A_portfolio,2020,regime_transition,net_profit_ratio,spearman,-0.06123071665550334,210
A_portfolio,2020,hour_of_day,net_profit_ratio,pearson,0.1409702097588863,210
A_portfolio,2020,hour_of_day,net_profit_ratio,spearman,0.15395396929727453,210
A_portfolio,2020,day_of_week,net_profit_ratio,pearson,-0.07428270990471175,210
A_portfolio,2020,day_of_week,net_profit_ratio,spearman,-0.05780424499252762,210
A_portfolio,2020,distance_high_24,net_profit_ratio,pearson,0.14002860852314533,210
A_portfolio,2020,distance_high_24,net_profit_ratio,spearman,0.00983047882524061,210
A_portfolio,2020,distance_low_24,net_profit_ratio,pearson,0.14231351614034538,210
A_portfolio,2020,distance_low_24,net_profit_ratio,spearman,0.07641702273780097,210
A_portfolio,2020,distance_high_168,net_profit_ratio,pearson,0.16141004187178457,210
A_portfolio,2020,distance_high_168,net_profit_ratio,spearman,0.14298412986365094,210
A_portfolio,2020,distance_low_168,net_profit_ratio,pearson,-0.01994893134527566,210
A_portfolio,2020,distance_low_168,net_profit_ratio,spearman,-0.0009102895109380517,210
A_portfolio,2020,candles_since_prior_signal,net_profit_ratio,pearson,0.07405645866768326,210
A_portfolio,2020,candles_since_prior_signal,net_profit_ratio,spearman,0.06524737338825257,210
A_portfolio,2020,return_1h,net_profit_ratio,pearson,-0.07650874213303088,210
A_portfolio,2020,return_1h,net_profit_ratio,spearman,-0.08224287560780452,210
A_portfolio,2020,return_3h,net_profit_ratio,pearson,0.09937086579562403,210
A_portfolio,2020,return_3h,net_profit_ratio,spearman,0.011476126766722924,210
A_portfolio,2020,return_6h,net_profit_ratio,pearson,0.13267801475307958,210
A_portfolio,2020,return_6h,net_profit_ratio,spearman,0.029678029628141877,210
A_portfolio,2020,return_12h,net_profit_ratio,pearson,0.22876084911396508,210
A_portfolio,2020,return_12h,net_profit_ratio,spearman,0.13039686678998227,210
A_portfolio,2020,return_24h,net_profit_ratio,pearson,0.17272321036254656,210
A_portfolio,2020,return_24h,net_profit_ratio,spearman,0.07353649094731658,210
A_portfolio,2020,return_72h,net_profit_ratio,pearson,0.18920886506474016,210
A_portfolio,2020,return_72h,net_profit_ratio,spearman,0.18731814456434062,210
A_portfolio,2020,return_168h,net_profit_ratio,pearson,0.11582423218964194,210
A_portfolio,2020,return_168h,net_profit_ratio,spearman,0.04822331572144493,210
A_portfolio,2020,volatility_ratio_24_168,net_profit_ratio,pearson,0.13646097575010058,210
A_portfolio,2020,volatility_ratio_24_168,net_profit_ratio,spearman,0.13567719384631333,210
A_portfolio,2020,natr_ratio_168,net_profit_ratio,pearson,0.026322419558181473,210
A_portfolio,2020,natr_ratio_168,net_profit_ratio,spearman,0.06108787695218226,210
A_portfolio,2020,up_fraction_24,net_profit_ratio,pearson,0.02650318143515784,210
A_portfolio,2020,up_fraction_24,net_profit_ratio,spearman,-0.010837703492585412,210
A_portfolio,2020,volume_price_interaction,net_profit_ratio,pearson,-0.04682351328442943,210
A_portfolio,2020,volume_price_interaction,net_profit_ratio,spearman,-0.0728924854143113,210
A_portfolio,2020,range_expansion_24,net_profit_ratio,pearson,-0.041884704598427615,210
A_portfolio,2020,range_expansion_24,net_profit_ratio,spearman,-0.08690511284674418,210
A_portfolio,2020,signal_density_168,net_profit_ratio,pearson,-0.029860931482525787,210
A_portfolio,2020,signal_density_168,net_profit_ratio,spearman,-0.038902314311535346,210
A_portfolio,2020,ema20_distance,profitable_after_fees,pearson,0.20312046534810696,210
A_portfolio,2020,ema20_distance,profitable_after_fees,spearman,0.15560897954801778,210
A_portfolio,2020,ema50_distance,profitable_after_fees,pearson,0.21718621454731302,210
A_portfolio,2020,ema50_distance,profitable_after_fees,spearman,0.17388737319555003,210
A_portfolio,2020,ema_gap,profitable_after_fees,pearson,0.15200230982368035,210
A_portfolio,2020,ema_gap,profitable_after_fees,spearman,0.1921657668430823,210
A_portfolio,2020,ema20_slope_6,profitable_after_fees,pearson,0.2705303124363132,210
A_portfolio,2020,ema20_slope_6,profitable_after_fees,spearman,0.22661973009020053,210
A_portfolio,2020,ema50_slope_6,profitable_after_fees,pearson,0.24692528941866254,210
A_portfolio,2020,ema50_slope_6,profitable_after_fees,spearman,0.2447363680417369,210
A_portfolio,2020,trend_efficiency_20,profitable_after_fees,pearson,0.1415178160756208,210
A_portfolio,2020,trend_efficiency_20,profitable_after_fees,spearman,0.14040394412440693,210
A_portfolio,2020,range_ratio,profitable_after_fees,pearson,-0.005189223978548756,210
A_portfolio,2020,range_ratio,profitable_after_fees,spearman,0.00954358606375577,210
A_portfolio,2020,body_to_range,profitable_after_fees,pearson,-0.11021428930362417,210
A_portfolio,2020,body_to_range,profitable_after_fees,spearman,-0.10756753783724722,210
A_portfolio,2020,close_location,profitable_after_fees,pearson,0.003408326707419128,210
A_portfolio,2020,close_location,profitable_after_fees,spearman,-0.005499693663859257,210
A_portfolio,2020,natr14,profitable_after_fees,pearson,0.040828797482822914,210
A_portfolio,2020,natr14,profitable_after_fees,spearman,0.10805280492523481,210
A_portfolio,2020,return_std_24,profitable_after_fees,pearson,0.07204702332204614,210
A_portfolio,2020,return_std_24,profitable_after_fees,spearman,0.14816821753220819,210
A_portfolio,2020,return_std_168,profitable_after_fees,pearson,0.01754900410587732,210
A_portfolio,2020,return_std_168,profitable_after_fees,spearman,0.0025880911359337675,210
A_portfolio,2020,volatility_percentile_720,profitable_after_fees,pearson,0.11543675715042676,210
A_portfolio,2020,volatility_percentile_720,profitable_after_fees,spearman,0.11484799514561758,210
A_portfolio,2020,rsi14,profitable_after_fees,pearson,0.1419578562795284,210
A_portfolio,2020,rsi14,profitable_after_fees,spearman,0.124066618828825,210
A_portfolio,2020,macd_ratio,profitable_after_fees,pearson,0.26524926762019885,210
A_portfolio,2020,macd_ratio,profitable_after_fees,spearman,0.222575837690304,210
A_portfolio,2020,macd_signal_ratio,profitable_after_fees,pearson,0.2294973674400196,210
A_portfolio,2020,macd_signal_ratio,profitable_after_fees,spearman,0.21319400732254415,210
A_portfolio,2020,relative_volume_24,profitable_after_fees,pearson,-0.04747944167804411,210
A_portfolio,2020,relative_volume_24,profitable_after_fees,spearman,-0.040438923998965114,210
A_portfolio,2020,volume_zscore_24,profitable_after_fees,pearson,-0.06586575640624444,210
A_portfolio,2020,volume_zscore_24,profitable_after_fees,spearman,-0.016822592383569493,210
A_portfolio,2020,volume_trend_24_168,profitable_after_fees,pearson,0.2148968868269049,210
A_portfolio,2020,volume_trend_24_168,profitable_after_fees,spearman,0.21060591618661034,210
A_portfolio,2020,regime_duration,profitable_after_fees,pearson,0.10608509633114498,210
A_portfolio,2020,regime_duration,profitable_after_fees,spearman,-0.0021900786564715744,210
A_portfolio,2020,regime_transition,profitable_after_fees,pearson,-0.008770580193070292,210
A_portfolio,2020,regime_transition,profitable_after_fees,spearman,-0.008770580193070292,210
A_portfolio,2020,hour_of_day,profitable_after_fees,pearson,0.1266225634086129,210
A_portfolio,2020,hour_of_day,profitable_after_fees,spearman,0.1318968651719535,210
A_portfolio,2020,day_of_week,profitable_after_fees,pearson,-0.10614789229931783,210
A_portfolio,2020,day_of_week,profitable_after_fees,spearman,-0.10244202963353403,210
A_portfolio,2020,distance_high_24,profitable_after_fees,pearson,0.028434930181954716,210
A_portfolio,2020,distance_high_24,profitable_after_fees,spearman,0.012293432895685396,210
A_portfolio,2020,distance_low_24,profitable_after_fees,pearson,0.2223783145332425,210
A_portfolio,2020,distance_low_24,profitable_after_fees,spearman,0.19782721620293736,210
A_portfolio,2020,distance_high_168,profitable_after_fees,pearson,0.05062659843676609,210
A_portfolio,2020,distance_high_168,profitable_after_fees,spearman,0.09430357076558667,210
A_portfolio,2020,distance_low_168,profitable_after_fees,pearson,0.04128516630999466,210
A_portfolio,2020,distance_low_168,profitable_after_fees,spearman,0.08168662647790954,210
A_portfolio,2020,candles_since_prior_signal,profitable_after_fees,pearson,0.039637994850782135,210
A_portfolio,2020,candles_since_prior_signal,profitable_after_fees,spearman,0.023618451068866734,210
A_portfolio,2020,return_1h,profitable_after_fees,pearson,-0.06998315711190789,210
A_portfolio,2020,return_1h,profitable_after_fees,spearman,-0.048364953102762294,210
A_portfolio,2020,return_3h,profitable_after_fees,pearson,0.06584008327482165,210
A_portfolio,2020,return_3h,profitable_after_fees,spearman,0.032836406287159677,210
A_portfolio,2020,return_6h,profitable_after_fees,pearson,0.15074725396343633,210
A_portfolio,2020,return_6h,profitable_after_fees,spearman,0.09883273025347077,210
A_portfolio,2020,return_12h,profitable_after_fees,pearson,0.2342806890443898,210
A_portfolio,2020,return_12h,profitable_after_fees,spearman,0.18860714153117333,210
A_portfolio,2020,return_24h,profitable_after_fees,pearson,0.20535541021979067,210
A_portfolio,2020,return_24h,profitable_after_fees,spearman,0.16143218460386877,210
A_portfolio,2020,return_72h,profitable_after_fees,pearson,0.10954375698749656,210
A_portfolio,2020,return_72h,profitable_after_fees,spearman,0.17049050357963697,210
A_portfolio,2020,return_168h,profitable_after_fees,pearson,0.025712348914152555,210
A_portfolio,2020,return_168h,profitable_after_fees,spearman,0.008896563279772328,210
A_portfolio,2020,volatility_ratio_24_168,profitable_after_fees,pearson,0.17896139965142846,210
A_portfolio,2020,volatility_ratio_24_168,profitable_after_fees,spearman,0.1818134022993472,210
A_portfolio,2020,natr_ratio_168,profitable_after_fees,pearson,0.10912317351774059,210
A_portfolio,2020,natr_ratio_168,profitable_after_fees,spearman,0.11112616314915616,210
A_portfolio,2020,up_fraction_24,profitable_after_fees,pearson,0.015275615287129058,210
A_portfolio,2020,up_fraction_24,profitable_after_fees,spearman,0.005750701421850294,210
A_portfolio,2020,volume_price_interaction,profitable_after_fees,pearson,-0.055738618622671265,210
A_portfolio,2020,volume_price_interaction,profitable_after_fees,spearman,-0.037042054383052046,210
A_portfolio,2020,range_expansion_24,profitable_after_fees,pearson,-0.09355427252070243,210
A_portfolio,2020,range_expansion_24,profitable_after_fees,spearman,-0.09559761633355354,210
A_portfolio,2020,signal_density_168,profitable_after_fees,pearson,-0.012725695259515528,210
A_portfolio,2020,signal_density_168,profitable_after_fees,spearman,-0.04703545040154226,210
A_portfolio,2020,ema20_distance,return_above_0_5_percent,pearson,0.2498635519833783,210
A_portfolio,2020,ema20_distance,return_above_0_5_percent,spearman,0.20422670670546544,210
A_portfolio,2020,ema50_distance,return_above_0_5_percent,pearson,0.2546208892011003,210
A_portfolio,2020,ema50_distance,return_above_0_5_percent,spearman,0.21129735758174165,210
A_portfolio,2020,ema_gap,return_above_0_5_percent,pearson,0.16042408031756955,210
A_portfolio,2020,ema_gap,return_above_0_5_percent,spearman,0.20225350180976048,210
A_portfolio,2020,ema20_slope_6,return_above_0_5_percent,pearson,0.32127748978963766,210
A_portfolio,2020,ema20_slope_6,return_above_0_5_percent,spearman,0.2828260350510472,210
A_portfolio,2020,ema50_slope_6,return_above_0_5_percent,pearson,0.28074787307023674,210
A_portfolio,2020,ema50_slope_6,return_above_0_5_percent,spearman,0.2833193362749734,210
A_portfolio,2020,trend_efficiency_20,return_above_0_5_percent,pearson,0.20272347807668376,210
A_portfolio,2020,trend_efficiency_20,return_above_0_5_percent,spearman,0.20274680303368672,210
A_portfolio,2020,range_ratio,return_above_0_5_percent,pearson,0.036674513383517626,210
A_portfolio,2020,range_ratio,return_above_0_5_percent,spearman,0.06264925543863312,210
A_portfolio,2020,body_to_range,return_above_0_5_percent,pearson,-0.09009754693846149,210
A_portfolio,2020,body_to_range,return_above_0_5_percent,spearman,-0.08698544915232788,210
A_portfolio,2020,close_location,return_above_0_5_percent,pearson,0.007054433836964712,210
A_portfolio,2020,close_location,return_above_0_5_percent,spearman,0.0011510361891612386,210
A_portfolio,2020,natr14,return_above_0_5_percent,pearson,0.07079045877575946,210
A_portfolio,2020,natr14,return_above_0_5_percent,spearman,0.14782593343656475,210
A_portfolio,2020,return_std_24,return_above_0_5_percent,pearson,0.09942154202191429,210
A_portfolio,2020,return_std_24,return_above_0_5_percent,spearman,0.1881122000572081,210
A_portfolio,2020,return_std_168,return_above_0_5_percent,pearson,0.04924154216618866,210
A_portfolio,2020,return_std_168,return_above_0_5_percent,spearman,0.05574303830366569,210
A_portfolio,2020,volatility_percentile_720,return_above_0_5_percent,pearson,0.1029750204899996,210
A_portfolio,2020,volatility_percentile_720,return_above_0_5_percent,spearman,0.10129246437428954,210
A_portfolio,2020,rsi14,return_above_0_5_percent,pearson,0.18867624092355112,210
A_portfolio,2020,rsi14,return_above_0_5_percent,spearman,0.16246053641304337,210
A_portfolio,2020,macd_ratio,return_above_0_5_percent,pearson,0.3201756641940262,210
A_portfolio,2020,macd_ratio,return_above_0_5_percent,spearman,0.2815105651205772,210
A_portfolio,2020,macd_signal_ratio,return_above_0_5_percent,pearson,0.27725851258229345,210
A_portfolio,2020,macd_signal_ratio,return_above_0_5_percent,spearman,0.26802699833325977,210
A_portfolio,2020,relative_volume_24,return_above_0_5_percent,pearson,-0.026251996859995578,210
A_portfolio,2020,relative_volume_24,return_above_0_5_percent,spearman,-0.018581012767888563,210
A_portfolio,2020,volume_zscore_24,return_above_0_5_percent,pearson,-0.05031998101211866,210
A_portfolio,2020,volume_zscore_24,return_above_0_5_percent,spearman,-0.003288674826174967,210
A_portfolio,2020,volume_trend_24_168,return_above_0_5_percent,pearson,0.21924284839839472,210
A_portfolio,2020,volume_trend_24_168,return_above_0_5_percent,spearman,0.20833755023818415,210
A_portfolio,2020,regime_duration,return_above_0_5_percent,pearson,0.10043877698673337,210
A_portfolio,2020,regime_duration,return_above_0_5_percent,spearman,-0.03430209416674014,210
A_portfolio,2020,regime_transition,return_above_0_5_percent,pearson,0.01783157379053732,210
A_portfolio,2020,regime_transition,return_above_0_5_percent,spearman,0.017831573790537302,210
A_portfolio,2020,hour_of_day,return_above_0_5_percent,pearson,0.1174745274589808,210
A_portfolio,2020,hour_of_day,return_above_0_5_percent,spearman,0.12107581962521208,210
A_portfolio,2020,day_of_week,return_above_0_5_percent,pearson,-0.10946025566408751,210
A_portfolio,2020,day_of_week,return_above_0_5_percent,spearman,-0.10463673722599526,210
A_portfolio,2020,distance_high_24,return_above_0_5_percent,pearson,0.04119253153765062,210
A_portfolio,2020,distance_high_24,return_above_0_5_percent,spearman,0.013319133046008617,210
A_portfolio,2020,distance_low_24,return_above_0_5_percent,pearson,0.274654894772642,210
A_portfolio,2020,distance_low_24,return_above_0_5_percent,spearman,0.2604630462330574,210
A_portfolio,2020,distance_high_168,return_above_0_5_percent,pearson,0.04736186120883872,210
A_portfolio,2020,distance_high_168,return_above_0_5_percent,spearman,0.08698544915232788,210
A_portfolio,2020,distance_low_168,return_above_0_5_percent,pearson,0.06873227085797048,210
A_portfolio,2020,distance_low_168,return_above_0_5_percent,spearman,0.10934843797031765,210
A_portfolio,2020,candles_since_prior_signal,return_above_0_5_percent,pearson,0.05093121887464767,210
A_portfolio,2020,candles_since_prior_signal,return_above_0_5_percent,spearman,0.042756609598346325,210
A_portfolio,2020,return_1h,return_above_0_5_percent,pearson,-0.04994277676180547,210
A_portfolio,2020,return_1h,return_above_0_5_percent,spearman,-0.01989648269835855,210
A_portfolio,2020,return_3h,return_above_0_5_percent,pearson,0.09527027560488485,210
A_portfolio,2020,return_3h,return_above_0_5_percent,spearman,0.05936058061245815,210
A_portfolio,2020,return_6h,return_above_0_5_percent,pearson,0.1768668013651271,210
A_portfolio,2020,return_6h,return_above_0_5_percent,spearman,0.12496964339464875,210
A_portfolio,2020,return_12h,return_above_0_5_percent,pearson,0.27737884305457516,210
A_portfolio,2020,return_12h,return_above_0_5_percent,spearman,0.2387577923803026,210
A_portfolio,2020,return_24h,return_above_0_5_percent,pearson,0.26872681528597947,210
A_portfolio,2020,return_24h,return_above_0_5_percent,spearman,0.224123189403824,210
A_portfolio,2020,return_72h,return_above_0_5_percent,pearson,0.10946624395669713,210
A_portfolio,2020,return_72h,return_above_0_5_percent,spearman,0.1601584640347209,210
A_portfolio,2020,return_168h,return_above_0_5_percent,pearson,0.03345389310447519,210
A_portfolio,2020,return_168h,return_above_0_5_percent,spearman,0.017101109096109828,210
A_portfolio,2020,volatility_ratio_24_168,return_above_0_5_percent,pearson,0.177115285524589,210
A_portfolio,2020,volatility_ratio_24_168,return_above_0_5_percent,spearman,0.18548126019626815,210
A_portfolio,2020,natr_ratio_168,return_above_0_5_percent,pearson,0.10466109749892813,210
A_portfolio,2020,natr_ratio_168,return_above_0_5_percent,spearman,0.10326438954189397,210
A_portfolio,2020,up_fraction_24,return_above_0_5_percent,pearson,0.04854705749644193,210
A_portfolio,2020,up_fraction_24,return_above_0_5_percent,spearman,0.032236021721465384,210
A_portfolio,2020,volume_price_interaction,return_above_0_5_percent,pearson,-0.04225996692000851,210
A_portfolio,2020,volume_price_interaction,return_above_0_5_percent,spearman,-0.011181494408994888,210
A_portfolio,2020,range_expansion_24,return_above_0_5_percent,pearson,-0.06659345855839015,210
A_portfolio,2020,range_expansion_24,return_above_0_5_percent,spearman,-0.06363585788648561,210
A_portfolio,2020,signal_density_168,return_above_0_5_percent,pearson,-0.021021622841568336,210
A_portfolio,2020,signal_density_168,return_above_0_5_percent,spearman,-0.06049417664737231,210
A_portfolio,2020,ema20_distance,return_above_1_percent,pearson,0.24877493486687222,210
A_portfolio,2020,ema20_distance,return_above_1_percent,spearman,0.19809093929597016,210
A_portfolio,2020,ema50_distance,return_above_1_percent,pearson,0.2523353082893402,210
A_portfolio,2020,ema50_distance,return_above_1_percent,spearman,0.20404856153043543,210
A_portfolio,2020,ema_gap,return_above_1_percent,pearson,0.15697576219902587,210
A_portfolio,2020,ema_gap,return_above_1_percent,spearman,0.19775996028294432,210
A_portfolio,2020,ema20_slope_6,return_above_1_percent,pearson,0.309075368755725,210
A_portfolio,2020,ema20_slope_6,return_above_1_percent,spearman,0.2646177209141657,210
A_portfolio,2020,ema50_slope_6,return_above_1_percent,pearson,0.2712517533334176,210
A_portfolio,2020,ema50_slope_6,return_above_1_percent,spearman,0.2666035949923207,210
A_portfolio,2020,trend_efficiency_20,return_above_1_percent,pearson,0.17865542157161973,210
A_portfolio,2020,trend_efficiency_20,return_above_1_percent,spearman,0.1770737719688288,210
A_portfolio,2020,range_ratio,return_above_1_percent,pearson,0.05230030743207415,210
A_portfolio,2020,range_ratio,return_above_1_percent,spearman,0.08340671128251374,210
A_portfolio,2020,body_to_range,return_above_1_percent,pearson,-0.08302276352968013,210
A_portfolio,2020,body_to_range,return_above_1_percent,spearman,-0.07960045263271649,210
A_portfolio,2020,close_location,return_above_1_percent,pearson,0.012179736868021223,210
A_portfolio,2020,close_location,return_above_1_percent,spearman,0.007778006806107433,210
A_portfolio,2020,natr14,return_above_1_percent,pearson,0.08594590498202721,210
A_portfolio,2020,natr14,return_above_1_percent,spearman,0.17061968121482476,210
A_portfolio,2020,return_std_24,return_above_1_percent,pearson,0.11185384600461964,210
A_portfolio,2020,return_std_24,return_above_1_percent,spearman,0.20603443560859053,210
A_portfolio,2020,return_std_168,return_above_1_percent,pearson,0.06637863870415014,210
A_portfolio,2020,return_std_168,return_above_1_percent,spearman,0.08655101190625931,210
A_portfolio,2020,volatility_percentile_720,return_above_1_percent,pearson,0.10540933707779487,210
A_portfolio,2020,volatility_percentile_720,return_above_1_percent,spearman,0.10326675673535746,210
A_portfolio,2020,rsi14,return_above_1_percent,pearson,0.17029491688959178,210
A_portfolio,2020,rsi14,return_above_1_percent,spearman,0.1393421644838821,210
A_portfolio,2020,macd_ratio,return_above_1_percent,pearson,0.31166195852231077,210
A_portfolio,2020,macd_ratio,return_above_1_percent,spearman,0.26743104252488537,210
A_portfolio,2020,macd_signal_ratio,return_above_1_percent,pearson,0.26934000966299876,210
A_portfolio,2020,macd_signal_ratio,return_above_1_percent,spearman,0.2533644344712868,210
A_portfolio,2020,relative_volume_24,return_above_1_percent,pearson,-0.016806906224059313,210
A_portfolio,2020,relative_volume_24,return_above_1_percent,spearman,-0.008274475325646206,210
A_portfolio,2020,volume_zscore_24,return_above_1_percent,pearson,-0.04062195786364157,210
A_portfolio,2020,volume_zscore_24,return_above_1_percent,spearman,0.006619580260516965,210
A_portfolio,2020,volume_trend_24_168,return_above_1_percent,pearson,0.19846076358290954,210
A_portfolio,2020,volume_trend_24_168,return_above_1_percent,spearman,0.18468628926842334,210
A_portfolio,2020,regime_duration,return_above_1_percent,pearson,0.11216698610417006,210
A_portfolio,2020,regime_duration,return_above_1_percent,spearman,-0.014107684810072503,210
A_portfolio,2020,regime_transition,return_above_1_percent,pearson,0.026919095102908304,210
A_portfolio,2020,regime_transition,return_above_1_percent,spearman,0.026919095102908276,210
A_portfolio,2020,hour_of_day,return_above_1_percent,pearson,0.10006264993394313,210
A_portfolio,2020,hour_of_day,return_above_1_percent,spearman,0.10503729311386167,210
A_portfolio,2020,day_of_week,return_above_1_percent,pearson,-0.09574654025721477,210
A_portfolio,2020,day_of_week,return_above_1_percent,spearman,-0.09125627392583921,210
A_portfolio,2020,distance_high_24,return_above_1_percent,pearson,0.034957834950962274,210
A_portfolio,2020,distance_high_24,return_above_1_percent,spearman,0.009929370390775448,210
A_portfolio,2020,distance_low_24,return_above_1_percent,pearson,0.27743986056093967,210
A_portfolio,2020,distance_low_24,return_above_1_percent,spearman,0.25849460917318745,210
A_portfolio,2020,distance_high_168,return_above_1_percent,pearson,0.03887874199588083,210
A_portfolio,2020,distance_high_168,return_above_1_percent,spearman,0.07678713102199679,210
A_portfolio,2020,distance_low_168,return_above_1_percent,pearson,0.08474400198453651,210
A_portfolio,2020,distance_low_168,return_above_1_percent,spearman,0.1323916052103393,210
A_portfolio,2020,candles_since_prior_signal,return_above_1_percent,pearson,0.0714515836006056,210
A_portfolio,2020,candles_since_prior_signal,return_above_1_percent,spearman,0.06777403476859238,210
A_portfolio,2020,return_1h,return_above_1_percent,pearson,-0.04509989583270159,210
A_portfolio,2020,return_1h,return_above_1_percent,spearman,-0.015390524105701943,210
A_portfolio,2020,return_3h,return_above_1_percent,pearson,0.1028571613576736,210
A_portfolio,2020,return_3h,return_above_1_percent,spearman,0.06785069767029889,210
A_portfolio,2020,return_6h,return_above_1_percent,pearson,0.17582261696745807,210
A_portfolio,2020,return_6h,return_above_1_percent,spearman,0.11766303913068905,210
A_portfolio,2020,return_12h,return_above_1_percent,pearson,0.27203779328306804,210
A_portfolio,2020,return_12h,return_above_1_percent,spearman,0.22705160293573187,210
A_portfolio,2020,return_24h,return_above_1_percent,pearson,0.2647758347025406,210
A_portfolio,2020,return_24h,return_above_1_percent,spearman,0.21463988994726255,210
A_portfolio,2020,return_72h,return_above_1_percent,pearson,0.10726398040130725,210
A_portfolio,2020,return_72h,return_above_1_percent,spearman,0.15456719908307112,210
A_portfolio,2020,return_168h,return_above_1_percent,pearson,0.03948753324714767,210
A_portfolio,2020,return_168h,return_above_1_percent,spearman,0.02780223709417125,210
A_portfolio,2020,volatility_ratio_24_168,return_above_1_percent,pearson,0.15412483667246651,210
A_portfolio,2020,volatility_ratio_24_168,return_above_1_percent,spearman,0.15920090526543298,210
A_portfolio,2020,natr_ratio_168,return_above_1_percent,pearson,0.0844582302334754,210
A_portfolio,2020,natr_ratio_168,return_above_1_percent,spearman,0.07877300510015188,210
A_portfolio,2020,up_fraction_24,return_above_1_percent,pearson,0.038823795270320635,210
A_portfolio,2020,up_fraction_24,return_above_1_percent,spearman,0.02109635277633325,210
A_portfolio,2020,volume_price_interaction,return_above_1_percent,pearson,-0.03723650080415897,210
A_portfolio,2020,volume_price_interaction,return_above_1_percent,spearman,-0.0026478321042067857,210
A_portfolio,2020,range_expansion_24,return_above_1_percent,pearson,-0.06113368156371119,210
A_portfolio,2020,range_expansion_24,return_above_1_percent,spearman,-0.06354797050096286,210
A_portfolio,2020,signal_density_168,return_above_1_percent,pearson,-0.02766631590978456,210
A_portfolio,2020,signal_density_168,return_above_1_percent,spearman,-0.07045364786246018,210
A_portfolio,2020,ema20_distance,stoploss_hit,pearson,-0.014197784985339303,210
A_portfolio,2020,ema20_distance,stoploss_hit,spearman,-0.011542463265277457,210
A_portfolio,2020,ema50_distance,stoploss_hit,pearson,-0.1551387688408939,210
A_portfolio,2020,ema50_distance,stoploss_hit,spearman,-0.043348362040708674,210
A_portfolio,2020,ema_gap,stoploss_hit,pearson,-0.3193861884262242,210
A_portfolio,2020,ema_gap,stoploss_hit,spearman,-0.16415947755061275,210
A_portfolio,2020,ema20_slope_6,stoploss_hit,pearson,-0.02338509212238241,210
A_portfolio,2020,ema20_slope_6,stoploss_hit,spearman,0.05129983673456648,210
A_portfolio,2020,ema50_slope_6,stoploss_hit,pearson,-0.20795625512686552,210
A_portfolio,2020,ema50_slope_6,stoploss_hit,spearman,-0.07823225102021389,210
A_portfolio,2020,trend_efficiency_20,stoploss_hit,pearson,0.0025585737277782233,210
A_portfolio,2020,trend_efficiency_20,stoploss_hit,spearman,-0.0015389951020369943,210
A_portfolio,2020,range_ratio,stoploss_hit,pearson,0.14828394070899725,210
A_portfolio,2020,range_ratio,stoploss_hit,spearman,0.1731369489791619,210
A_portfolio,2020,body_to_range,stoploss_hit,pearson,0.05946686965226201,210
A_portfolio,2020,body_to_range,stoploss_hit,spearman,0.060533807346788454,210
A_portfolio,2020,close_location,stoploss_hit,pearson,0.0895684271884397,210
A_portfolio,2020,close_location,stoploss_hit,spearman,0.09157020857120116,210
A_portfolio,2020,natr14,stoploss_hit,pearson,0.3532515535937043,210
A_portfolio,2020,natr14,stoploss_hit,spearman,0.21494631591783356,210
A_portfolio,2020,return_std_24,stoploss_hit,pearson,0.285181872387071,210
A_portfolio,2020,return_std_24,stoploss_hit,spearman,0.1328665771425272,210
A_portfolio,2020,return_std_168,stoploss_hit,pearson,0.30836301022721363,210
A_portfolio,2020,return_std_168,stoploss_hit,spearman,0.19724787224440812,210
A_portfolio,2020,volatility_percentile_720,stoploss_hit,pearson,0.09358638110149628,210
A_portfolio,2020,volatility_percentile_720,stoploss_hit,spearman,0.08477405123848596,210
A_portfolio,2020,rsi14,stoploss_hit,pearson,-0.0012138288906342342,210
A_portfolio,2020,rsi14,stoploss_hit,spearman,-0.011029464897931792,210
A_portfolio,2020,macd_ratio,stoploss_hit,pearson,-0.03840473776874941,210
A_portfolio,2020,macd_ratio,stoploss_hit,spearman,0.051043337550893644,210
A_portfolio,2020,macd_signal_ratio,stoploss_hit,pearson,-0.09355830968881844,210
A_portfolio,2020,macd_signal_ratio,stoploss_hit,spearman,-0.0015389951020369943,210
A_portfolio,2020,relative_volume_24,stoploss_hit,pearson,0.07088647292670168,210
A_portfolio,2020,relative_volume_24,stoploss_hit,spearman,0.0041039869387653185,210
A_portfolio,2020,volume_zscore_24,stoploss_hit,pearson,0.060459558723784446,210
A_portfolio,2020,volume_zscore_24,stoploss_hit,spearman,0.0005129983673456648,210
A_portfolio,2020,volume_trend_24_168,stoploss_hit,pearson,-0.0218247827719064,210
A_portfolio,2020,volume_trend_24_168,stoploss_hit,spearman,-0.02231542897953642,210
A_portfolio,2020,regime_duration,stoploss_hit,pearson,0.06408088019504254,210
A_portfolio,2020,regime_duration,stoploss_hit,spearman,0.041545584706470615,210
A_portfolio,2020,regime_transition,stoploss_hit,pearson,0.055630724989547575,210
A_portfolio,2020,regime_transition,stoploss_hit,spearman,0.05563072498954754,210
A_portfolio,2020,hour_of_day,stoploss_hit,pearson,-0.08031515415618334,210
A_portfolio,2020,hour_of_day,stoploss_hit,spearman,-0.08589460992221253,210
A_portfolio,2020,day_of_week,stoploss_hit,pearson,-0.0374127885777696,210
A_portfolio,2020,day_of_week,stoploss_hit,spearman,-0.03941187453431041,210
A_portfolio,2020,distance_high_24,stoploss_hit,pearson,-0.2505383189125284,210
A_portfolio,2020,distance_high_24,stoploss_hit,spearman,-0.024110923265246244,210
A_portfolio,2020,distance_low_24,stoploss_hit,pearson,0.15441855690629677,210
A_portfolio,2020,distance_low_24,stoploss_hit,spearman,0.15005202244860694,210
A_portfolio,2020,distance_high_168,stoploss_hit,pearson,-0.34081661500195415,210
A_portfolio,2020,distance_high_168,stoploss_hit,spearman,-0.18083192448934685,210
A_portfolio,2020,distance_low_168,stoploss_hit,pearson,0.23219123598056596,210
A_portfolio,2020,distance_low_168,stoploss_hit,spearman,0.15159101755064394,210
A_portfolio,2020,candles_since_prior_signal,stoploss_hit,pearson,-0.03410537215034853,210
A_portfolio,2020,candles_since_prior_signal,stoploss_hit,spearman,-0.010260888130198396,210
A_portfolio,2020,return_1h,stoploss_hit,pearson,0.060054879284367035,210
A_portfolio,2020,return_1h,stoploss_hit,spearman,0.07156327224472026,210
A_portfolio,2020,return_3h,stoploss_hit,pearson,-0.07996791211572435,210
A_portfolio,2020,return_3h,stoploss_hit,spearman,-0.05360832938762198,210
A_portfolio,2020,return_6h,stoploss_hit,pearson,0.006519554468375842,210
A_portfolio,2020,return_6h,stoploss_hit,spearman,0.034627389795832374,210
A_portfolio,2020,return_12h,stoploss_hit,pearson,-0.02649110597449896,210
A_portfolio,2020,return_12h,stoploss_hit,spearman,0.01692894612240694,210
A_portfolio,2020,return_24h,stoploss_hit,pearson,0.01666905646473304,210
A_portfolio,2020,return_24h,stoploss_hit,spearman,0.044374358775400004,210
A_portfolio,2020,return_72h,stoploss_hit,pearson,-0.2507628260403646,210
A_portfolio,2020,return_72h,stoploss_hit,spearman,-0.1787799310199642,210
A_portfolio,2020,return_168h,stoploss_hit,pearson,-0.21185621728632145,210
A_portfolio,2020,return_168h,stoploss_hit,spearman,-0.09593069469363932,210
A_portfolio,2020,volatility_ratio_24_168,stoploss_hit,pearson,-0.07741051138555664,210
A_portfolio,2020,volatility_ratio_24_168,stoploss_hit,spearman,-0.05771231632638729,210
A_portfolio,2020,natr_ratio_168,stoploss_hit,pearson,0.03980584483715483,210
A_portfolio,2020,natr_ratio_168,stoploss_hit,spearman,0.015902949387715606,210
A_portfolio,2020,up_fraction_24,stoploss_hit,pearson,-0.025242752325741556,210
A_portfolio,2020,up_fraction_24,stoploss_hit,spearman,-0.027226729096832016,210
A_portfolio,2020,volume_price_interaction,stoploss_hit,pearson,0.04152171243180977,210
A_portfolio,2020,volume_price_interaction,stoploss_hit,spearman,0.0695112787753376,210
A_portfolio,2020,range_expansion_24,stoploss_hit,pearson,-0.05243483255157214,210
A_portfolio,2020,range_expansion_24,stoploss_hit,spearman,-0.045400355510091334,210
A_portfolio,2020,signal_density_168,stoploss_hit,pearson,-0.012612115548849528,210
A_portfolio,2020,signal_density_168,stoploss_hit,spearman,-0.01043915808581637,210
A_portfolio,2020,ema20_distance,forward_6h_return,pearson,0.10098098532915037,210
A_portfolio,2020,ema20_distance,forward_6h_return,spearman,0.03232402419232053,210
A_portfolio,2020,ema50_distance,forward_6h_return,pearson,0.145890358034975,210
A_portfolio,2020,ema50_distance,forward_6h_return,spearman,0.05586326868442109,210
A_portfolio,2020,ema_gap,forward_6h_return,pearson,0.16217680462729192,210
A_portfolio,2020,ema_gap,forward_6h_return,spearman,0.08971048906194827,210
A_portfolio,2020,ema20_slope_6,forward_6h_return,pearson,0.06995511185470332,210
A_portfolio,2020,ema20_slope_6,forward_6h_return,spearman,-0.00682555159980952,210
A_portfolio,2020,ema50_slope_6,forward_6h_return,pearson,0.1376870780914266,210
A_portfolio,2020,ema50_slope_6,forward_6h_return,spearman,0.06716640804942126,210
A_portfolio,2020,trend_efficiency_20,forward_6h_return,pearson,0.07949367703547455,210
A_portfolio,2020,trend_efficiency_20,forward_6h_return,spearman,-0.0197523105480202,210
A_portfolio,2020,range_ratio,forward_6h_return,pearson,-0.061592549040828504,210
A_portfolio,2020,range_ratio,forward_6h_return,spearman,-0.09888335660348631,210
A_portfolio,2020,body_to_range,forward_6h_return,pearson,-0.05210170780303725,210
A_portfolio,2020,body_to_range,forward_6h_return,spearman,-0.050059444172689364,210
A_portfolio,2020,close_location,forward_6h_return,pearson,0.03600519697991064,210
A_portfolio,2020,close_location,forward_6h_return,spearman,-0.00297577204536546,210
A_portfolio,2020,natr14,forward_6h_return,pearson,-0.1804908912074488,210
A_portfolio,2020,natr14,forward_6h_return,spearman,-0.13621364915952094,210
A_portfolio,2020,return_std_24,forward_6h_return,pearson,-0.29764402691800557,210
A_portfolio,2020,return_std_24,forward_6h_return,spearman,-0.11265496788070994,210
A_portfolio,2020,return_std_168,forward_6h_return,pearson,-0.034488774809901014,210
A_portfolio,2020,return_std_168,forward_6h_return,spearman,-0.10399134415098495,210
A_portfolio,2020,volatility_percentile_720,forward_6h_return,pearson,-0.1580379371824095,210
A_portfolio,2020,volatility_percentile_720,forward_6h_return,spearman,-0.16238344665879215,210
A_portfolio,2020,rsi14,forward_6h_return,pearson,0.06737813590737197,210
A_portfolio,2020,rsi14,forward_6h_return,spearman,0.028574020142989962,210
A_portfolio,2020,macd_ratio,forward_6h_return,pearson,0.058274005693725615,210
A_portfolio,2020,macd_ratio,forward_6h_return,spearman,-0.03226830540375065,210
A_portfolio,2020,macd_signal_ratio,forward_6h_return,pearson,0.03236992493261043,210
A_portfolio,2020,macd_signal_ratio,forward_6h_return,spearman,-0.05575442267884273,210
A_portfolio,2020,relative_volume_24,forward_6h_return,pearson,0.04783520942044828,210
A_portfolio,2020,relative_volume_24,forward_6h_return,spearman,0.06692150453686996,210
A_portfolio,2020,volume_zscore_24,forward_6h_return,pearson,0.05507725689285067,210
A_portfolio,2020,volume_zscore_24,forward_6h_return,spearman,0.10102399471319401,210
A_portfolio,2020,volume_trend_24_168,forward_6h_return,pearson,-0.07805093456931703,210
A_portfolio,2020,volume_trend_24_168,forward_6h_return,spearman,0.01806131010421357,210
A_portfolio,2020,regime_duration,forward_6h_return,pearson,-0.007655347087094095,210
A_portfolio,2020,regime_duration,forward_6h_return,spearman,-0.020572837873838085,210
A_portfolio,2020,regime_transition,forward_6h_return,pearson,0.044623464107280575,210
A_portfolio,2020,regime_transition,forward_6h_return,spearman,0.00727180628094618,210
A_portfolio,2020,hour_of_day,forward_6h_return,pearson,0.13328469382332872,210
A_portfolio,2020,hour_of_day,forward_6h_return,spearman,0.1918603296207998,210
A_portfolio,2020,day_of_week,forward_6h_return,pearson,0.0063791591939636495,210
A_portfolio,2020,day_of_week,forward_6h_return,spearman,-0.0407928641765665,210
A_portfolio,2020,distance_high_24,forward_6h_return,pearson,0.4002594768378378,210
A_portfolio,2020,distance_high_24,forward_6h_return,spearman,0.08712410064368158,210
A_portfolio,2020,distance_low_24,forward_6h_return,pearson,0.024279193428233755,210
A_portfolio,2020,distance_low_24,forward_6h_return,spearman,-0.07971738912123047,210
A_portfolio,2020,distance_high_168,forward_6h_return,pearson,0.10278970379022566,210
A_portfolio,2020,distance_high_168,forward_6h_return,spearman,0.09060458125062765,210
A_portfolio,2020,distance_low_168,forward_6h_return,pearson,-0.02111442700087247,210
A_portfolio,2020,distance_low_168,forward_6h_return,spearman,-0.05582439511100025,210
A_portfolio,2020,candles_since_prior_signal,forward_6h_return,pearson,0.07846702196863724,210
A_portfolio,2020,candles_since_prior_signal,forward_6h_return,spearman,0.02195322903898176,210
A_portfolio,2020,return_1h,forward_6h_return,pearson,0.019876244738131092,210
A_portfolio,2020,return_1h,forward_6h_return,spearman,-0.03247433534288111,210
A_portfolio,2020,return_3h,forward_6h_return,pearson,0.11864073684214589,210
A_portfolio,2020,return_3h,forward_6h_return,spearman,-0.014976044160379407,210
A_portfolio,2020,return_6h,forward_6h_return,pearson,0.07807401104159707,210
A_portfolio,2020,return_6h,forward_6h_return,spearman,0.010556118862429662,210
A_portfolio,2020,return_12h,forward_6h_return,pearson,0.07720722966864155,210
A_portfolio,2020,return_12h,forward_6h_return,spearman,0.06359651822360726,210
A_portfolio,2020,return_24h,forward_6h_return,pearson,0.0020320877209722542,210
A_portfolio,2020,return_24h,forward_6h_return,spearman,-0.11061280949033504,210
A_portfolio,2020,return_72h,forward_6h_return,pearson,0.0851878506586639,210
A_portfolio,2020,return_72h,forward_6h_return,spearman,0.14325754066337754,210
A_portfolio,2020,return_168h,forward_6h_return,pearson,0.0598652156671805,210
A_portfolio,2020,return_168h,forward_6h_return,spearman,0.020665839523409987,210
A_portfolio,2020,volatility_ratio_24_168,forward_6h_return,pearson,-0.1745964027662283,210
A_portfolio,2020,volatility_ratio_24_168,forward_6h_return,spearman,-0.07900211537028698,210
A_portfolio,2020,natr_ratio_168,forward_6h_return,pearson,-0.18963913017805745,210
A_portfolio,2020,natr_ratio_168,forward_6h_return,spearman,-0.1385369930643066,210
A_portfolio,2020,up_fraction_24,forward_6h_return,pearson,0.0007032388658463767,210
A_portfolio,2020,up_fraction_24,forward_6h_return,spearman,-0.09563213780189195,210
A_portfolio,2020,volume_price_interaction,forward_6h_return,pearson,0.021579494692222926,210
A_portfolio,2020,volume_price_interaction,forward_6h_return,spearman,-0.013305776289063891,210
A_portfolio,2020,range_expansion_24,forward_6h_return,pearson,0.034305966861971994,210
A_portfolio,2020,range_expansion_24,forward_6h_return,spearman,0.00635777293297872,210
A_portfolio,2020,signal_density_168,forward_6h_return,pearson,-0.0701511246518326,210
A_portfolio,2020,signal_density_168,forward_6h_return,spearman,-0.05351731072681026,210
A_portfolio,2020,ema20_distance,forward_12h_return,pearson,0.0925025088892613,210
A_portfolio,2020,ema20_distance,forward_12h_return,spearman,0.0506917876336684,210
A_portfolio,2020,ema50_distance,forward_12h_return,pearson,0.15701176550856294,210
A_portfolio,2020,ema50_distance,forward_12h_return,spearman,0.08369545146796331,210
A_portfolio,2020,ema_gap,forward_12h_return,pearson,0.19644190943224368,210
A_portfolio,2020,ema_gap,forward_12h_return,spearman,0.14125036848908135,210
A_portfolio,2020,ema20_slope_6,forward_12h_return,pearson,0.10841574308372727,210
A_portfolio,2020,ema20_slope_6,forward_12h_return,spearman,0.04192968418461059,210
A_portfolio,2020,ema50_slope_6,forward_12h_return,pearson,0.1798033632937874,210
A_portfolio,2020,ema50_slope_6,forward_12h_return,spearman,0.10727227374770401,210
A_portfolio,2020,trend_efficiency_20,forward_12h_return,pearson,0.006703970366958243,210
A_portfolio,2020,trend_efficiency_20,forward_12h_return,spearman,-0.014745394291415742,210
A_portfolio,2020,range_ratio,forward_12h_return,pearson,-0.005118221829829225,210
A_portfolio,2020,range_ratio,forward_12h_return,spearman,-0.07410793247660297,210
A_portfolio,2020,body_to_range,forward_12h_return,pearson,-0.1112609561137179,210
A_portfolio,2020,body_to_range,forward_12h_return,spearman,-0.0753765067559031,210
A_portfolio,2020,close_location,forward_12h_return,pearson,-0.08774042501751828,210
A_portfolio,2020,close_location,forward_12h_return,spearman,-0.039835694363007906,210
A_portfolio,2020,natr14,forward_12h_return,pearson,-0.044038068050890715,210
A_portfolio,2020,natr14,forward_12h_return,spearman,-0.07279141412341711,210
A_portfolio,2020,return_std_24,forward_12h_return,pearson,-0.03978681624629506,210
A_portfolio,2020,return_std_24,forward_12h_return,spearman,-0.04882326453790659,210
A_portfolio,2020,return_std_168,forward_12h_return,pearson,0.13848790461655314,210
A_portfolio,2020,return_std_168,forward_12h_return,spearman,-0.07592462414113697,210
A_portfolio,2020,volatility_percentile_720,forward_12h_return,pearson,-0.008913541710638411,210
A_portfolio,2020,volatility_percentile_720,forward_12h_return,spearman,-0.06779960809005028,210
A_portfolio,2020,rsi14,forward_12h_return,pearson,0.02695508762268366,210
A_portfolio,2020,rsi14,forward_12h_return,spearman,0.03182385088097236,210
A_portfolio,2020,macd_ratio,forward_12h_return,pearson,0.12242125379502183,210
A_portfolio,2020,macd_ratio,forward_12h_return,spearman,0.017987450314713972,210
A_portfolio,2020,macd_signal_ratio,forward_12h_return,pearson,0.12298353199970073,210
A_portfolio,2020,macd_signal_ratio,forward_12h_return,spearman,-0.0015672529017502828,210
A_portfolio,2020,relative_volume_24,forward_12h_return,pearson,-0.012199659774301068,210
A_portfolio,2020,relative_volume_24,forward_12h_return,spearman,0.03759009760506393,210
A_portfolio,2020,volume_zscore_24,forward_12h_return,pearson,0.005068831831571259,210
A_portfolio,2020,volume_zscore_24,forward_12h_return,spearman,0.06374682937416785,210
A_portfolio,2020,volume_trend_24_168,forward_12h_return,pearson,-0.020436477713090047,210
A_portfolio,2020,volume_trend_24_168,forward_12h_return,spearman,0.04337707690164661,210
A_portfolio,2020,regime_duration,forward_12h_return,pearson,0.21015211180158985,210
A_portfolio,2020,regime_duration,forward_12h_return,spearman,0.035215089497257046,210
A_portfolio,2020,regime_transition,forward_12h_return,pearson,0.0029457479686030145,210
A_portfolio,2020,regime_transition,forward_12h_return,spearman,0.025187850741248363,210
A_portfolio,2020,hour_of_day,forward_12h_return,pearson,0.010173765652808692,210
A_portfolio,2020,hour_of_day,forward_12h_return,spearman,0.07825216182251993,210
A_portfolio,2020,day_of_week,forward_12h_return,pearson,-0.10132052944580687,210
A_portfolio,2020,day_of_week,forward_12h_return,spearman,-0.07617986336295271,210
A_portfolio,2020,distance_high_24,forward_12h_return,pearson,0.11735735699575625,210
A_portfolio,2020,distance_high_24,forward_12h_return,spearman,0.07383322589109569,210
A_portfolio,2020,distance_low_24,forward_12h_return,pearson,0.0662498178742924,210
A_portfolio,2020,distance_low_24,forward_12h_return,spearman,-0.025580754989585123,210
A_portfolio,2020,distance_high_168,forward_12h_return,pearson,-0.027773296300219665,210
A_portfolio,2020,distance_high_168,forward_12h_return,spearman,0.08966254498806256,210
A_portfolio,2020,distance_low_168,forward_12h_return,pearson,0.09947858434116967,210
A_portfolio,2020,distance_low_168,forward_12h_return,spearman,-0.006829438957151604,210
A_portfolio,2020,candles_since_prior_signal,forward_12h_return,pearson,-0.01790823468748081,210
A_portfolio,2020,candles_since_prior_signal,forward_12h_return,spearman,-0.016284953379083512,210
A_portfolio,2020,return_1h,forward_12h_return,pearson,-0.08950518749055922,210
A_portfolio,2020,return_1h,forward_12h_return,spearman,-0.07954245804083669,210
A_portfolio,2020,return_3h,forward_12h_return,pearson,0.08875390503943917,210
A_portfolio,2020,return_3h,forward_12h_return,spearman,0.023091550504870533,210
A_portfolio,2020,return_6h,forward_12h_return,pearson,0.06704377526539082,210
A_portfolio,2020,return_6h,forward_12h_return,spearman,0.04435150780872906,210
A_portfolio,2020,return_12h,forward_12h_return,pearson,0.1160654237904779,210
A_portfolio,2020,return_12h,forward_12h_return,spearman,0.08308902372259819,210
A_portfolio,2020,return_24h,forward_12h_return,pearson,0.06986870429909499,210
A_portfolio,2020,return_24h,forward_12h_return,spearman,-0.03703031814780381,210
A_portfolio,2020,return_72h,forward_12h_return,pearson,0.2226909005700156,210
A_portfolio,2020,return_72h,forward_12h_return,spearman,0.19733068129176884,210
A_portfolio,2020,return_168h,forward_12h_return,pearson,-0.02603613432511798,210
A_portfolio,2020,return_168h,forward_12h_return,spearman,0.05064643513134408,210
A_portfolio,2020,volatility_ratio_24_168,forward_12h_return,pearson,-0.07510291673486424,210
A_portfolio,2020,volatility_ratio_24_168,forward_12h_return,spearman,-0.0062942794297246776,210
A_portfolio,2020,natr_ratio_168,forward_12h_return,pearson,-0.1540821074486931,210
A_portfolio,2020,natr_ratio_168,forward_12h_return,spearman,-0.0847333758782998,210
A_portfolio,2020,up_fraction_24,forward_12h_return,pearson,-0.055892581634454236,210
A_portfolio,2020,up_fraction_24,forward_12h_return,spearman,-0.08324525080058985,210
A_portfolio,2020,volume_price_interaction,forward_12h_return,pearson,-0.06400747444583049,210
A_portfolio,2020,volume_price_interaction,forward_12h_return,spearman,-0.05954459608737483,210
A_portfolio,2020,range_expansion_24,forward_12h_return,pearson,-0.016919995137326158,210
A_portfolio,2020,range_expansion_24,forward_12h_return,spearman,-0.03638890418635991,210
A_portfolio,2020,signal_density_168,forward_12h_return,pearson,0.029534863631673906,210
A_portfolio,2020,signal_density_168,forward_12h_return,spearman,-0.026707653453020425,210
A_portfolio,2020,ema20_distance,forward_24h_return,pearson,0.09388776632110804,210
A_portfolio,2020,ema20_distance,forward_24h_return,spearman,-0.00562694975266689,210
A_portfolio,2020,ema50_distance,forward_24h_return,pearson,0.13134869182253922,210
A_portfolio,2020,ema50_distance,forward_24h_return,spearman,0.01650636716737989,210
A_portfolio,2020,ema_gap,forward_24h_return,pearson,0.13695336590924767,210
A_portfolio,2020,ema_gap,forward_24h_return,spearman,0.1104249205521343,210
A_portfolio,2020,ema20_slope_6,forward_24h_return,pearson,0.10482882298148158,210
A_portfolio,2020,ema20_slope_6,forward_24h_return,spearman,0.02551855727211177,210
A_portfolio,2020,ema50_slope_6,forward_24h_return,pearson,0.14274160638902397,210
A_portfolio,2020,ema50_slope_6,forward_24h_return,spearman,0.0669124340364051,210
A_portfolio,2020,trend_efficiency_20,forward_24h_return,pearson,0.042294213870911444,210
A_portfolio,2020,trend_efficiency_20,forward_24h_return,spearman,-0.0035744250760464283,210
A_portfolio,2020,range_ratio,forward_24h_return,pearson,-0.003548988285752552,210
A_portfolio,2020,range_ratio,forward_24h_return,spearman,-0.07391356460949876,210
A_portfolio,2020,body_to_range,forward_24h_return,pearson,-0.09512399357464338,210
A_portfolio,2020,body_to_range,forward_24h_return,spearman,-0.10965781536996304,210
A_portfolio,2020,close_location,forward_24h_return,pearson,-0.011208185547277039,210
A_portfolio,2020,close_location,forward_24h_return,spearman,-0.02119192855037205,210
A_portfolio,2020,natr14,forward_24h_return,pearson,0.010136824899038898,210
A_portfolio,2020,natr14,forward_24h_return,spearman,-0.02832522927309657,210
A_portfolio,2020,return_std_24,forward_24h_return,pearson,0.026258584344136804,210
A_portfolio,2020,return_std_24,forward_24h_return,spearman,0.01431001026910231,210
A_portfolio,2020,return_std_168,forward_24h_return,pearson,0.1498746864315637,210
A_portfolio,2020,return_std_168,forward_24h_return,spearman,-0.015966024496830183,210
A_portfolio,2020,volatility_percentile_720,forward_24h_return,pearson,-0.000123847018243061,210
A_portfolio,2020,volatility_percentile_720,forward_24h_return,spearman,-0.009923900779925464,210
A_portfolio,2020,rsi14,forward_24h_return,pearson,0.05609746435379311,210
A_portfolio,2020,rsi14,forward_24h_return,spearman,-0.026687356046298426,210
A_portfolio,2020,macd_ratio,forward_24h_return,pearson,0.11891955066555013,210
A_portfolio,2020,macd_ratio,forward_24h_return,spearman,0.00047101813128253635,210
A_portfolio,2020,macd_signal_ratio,forward_24h_return,pearson,0.11438245411331896,210
A_portfolio,2020,macd_signal_ratio,forward_24h_return,spearman,0.027650124881354616,210
A_portfolio,2020,relative_volume_24,forward_24h_return,pearson,-0.015582426373292988,210
A_portfolio,2020,relative_volume_24,forward_24h_return,spearman,-0.04253870350153712,210
A_portfolio,2020,volume_zscore_24,forward_24h_return,pearson,-0.013592364167043323,210
A_portfolio,2020,volume_zscore_24,forward_24h_return,spearman,-0.022845351206538536,210
A_portfolio,2020,volume_trend_24_168,forward_24h_return,pearson,-0.03250897745583252,210
A_portfolio,2020,volume_trend_24_168,forward_24h_return,spearman,0.030198935511981162,210
A_portfolio,2020,regime_duration,forward_24h_return,pearson,0.1940139068215851,210
A_portfolio,2020,regime_duration,forward_24h_return,spearman,0.004972803393717282,210
A_portfolio,2020,regime_transition,forward_24h_return,pearson,-0.045714731163983786,210
A_portfolio,2020,regime_transition,forward_24h_return,spearman,-0.00895802223015109,210
A_portfolio,2020,hour_of_day,forward_24h_return,pearson,0.04895729894822843,210
A_portfolio,2020,hour_of_day,forward_24h_return,spearman,0.07332528195842393,210
A_portfolio,2020,day_of_week,forward_24h_return,pearson,0.0027806606336956666,210
A_portfolio,2020,day_of_week,forward_24h_return,spearman,0.031870632681385236,210
A_portfolio,2020,distance_high_24,forward_24h_return,pearson,0.06298986347120371,210
A_portfolio,2020,distance_high_24,forward_24h_return,spearman,-0.015706867340691235,210
A_portfolio,2020,distance_low_24,forward_24h_return,pearson,0.08136126052982755,210
A_portfolio,2020,distance_low_24,forward_24h_return,spearman,-0.008629285406536591,210
A_portfolio,2020,distance_high_168,forward_24h_return,pearson,-0.013808882830380237,210
A_portfolio,2020,distance_high_168,forward_24h_return,spearman,0.04181047189278668,210
A_portfolio,2020,distance_low_168,forward_24h_return,pearson,0.1329673490275515,210
A_portfolio,2020,distance_low_168,forward_24h_return,spearman,-0.02045203486959536,210
A_portfolio,2020,candles_since_prior_signal,forward_24h_return,pearson,0.09910502753138836,210
A_portfolio,2020,candles_since_prior_signal,forward_24h_return,spearman,0.050702168539899145,210
A_portfolio,2020,return_1h,forward_24h_return,pearson,-0.043838493670020524,210
A_portfolio,2020,return_1h,forward_24h_return,spearman,-0.10409630279922123,210
A_portfolio,2020,return_3h,forward_24h_return,pearson,0.07812062682202033,210
A_portfolio,2020,return_3h,forward_24h_return,spearman,-0.0434807397641022,210
A_portfolio,2020,return_6h,forward_24h_return,pearson,0.04886998963376724,210
A_portfolio,2020,return_6h,forward_24h_return,spearman,-0.020720262526199167,210
A_portfolio,2020,return_12h,forward_24h_return,pearson,0.09518277617485418,210
A_portfolio,2020,return_12h,forward_24h_return,spearman,0.013760597098087742,210
A_portfolio,2020,return_24h,forward_24h_return,pearson,0.11619246288134248,210
A_portfolio,2020,return_24h,forward_24h_return,spearman,-0.02756719459139015,210
A_portfolio,2020,return_72h,forward_24h_return,pearson,0.19590395550560388,210
A_portfolio,2020,return_72h,forward_24h_return,spearman,0.16888170447661593,210
A_portfolio,2020,return_168h,forward_24h_return,pearson,-0.02231168518377789,210
A_portfolio,2020,return_168h,forward_24h_return,spearman,-0.017285134421577423,210
A_portfolio,2020,volatility_ratio_24_168,forward_24h_return,pearson,-0.08640590271737132,210
A_portfolio,2020,volatility_ratio_24_168,forward_24h_return,spearman,0.030827391615618104,210
A_portfolio,2020,natr_ratio_168,forward_24h_return,pearson,-0.13345724242024745,210
A_portfolio,2020,natr_ratio_168,forward_24h_return,spearman,-0.04966682108113886,210
A_portfolio,2020,up_fraction_24,forward_24h_return,pearson,0.03415717482623186,210
A_portfolio,2020,up_fraction_24,forward_24h_return,spearman,-0.03523240795354947,210
A_portfolio,2020,volume_price_interaction,forward_24h_return,pearson,-0.05489701281790846,210
A_portfolio,2020,volume_price_interaction,forward_24h_return,spearman,-0.09581493587480118,210
A_portfolio,2020,range_expansion_24,forward_24h_return,pearson,-0.030892726509560462,210
A_portfolio,2020,range_expansion_24,forward_24h_return,spearman,-0.08814258826730764,210
A_portfolio,2020,signal_density_168,forward_24h_return,pearson,-0.031034945872401323,210
A_portfolio,2020,signal_density_168,forward_24h_return,spearman,-0.03698575272673858,210
A_portfolio,2020,ema20_distance,forward_48h_return,pearson,0.0870381472474285,210
A_portfolio,2020,ema20_distance,forward_48h_return,spearman,0.0294007314710732,210
A_portfolio,2020,ema50_distance,forward_48h_return,pearson,0.19152454247498235,210
A_portfolio,2020,ema50_distance,forward_48h_return,spearman,0.027987029184335245,210
A_portfolio,2020,ema_gap,forward_48h_return,pearson,0.2844594658795763,210
A_portfolio,2020,ema_gap,forward_48h_return,spearman,0.06857103983569436,210
A_portfolio,2020,ema20_slope_6,forward_48h_return,pearson,0.1524633215583325,210
A_portfolio,2020,ema20_slope_6,forward_48h_return,spearman,0.09321170224138545,210
A_portfolio,2020,ema50_slope_6,forward_48h_return,pearson,0.25807693222244615,210
A_portfolio,2020,ema50_slope_6,forward_48h_return,spearman,0.0827365699902492,210
A_portfolio,2020,trend_efficiency_20,forward_48h_return,pearson,0.1332841418708569,210
A_portfolio,2020,trend_efficiency_20,forward_48h_return,spearman,0.04593884539008011,210
A_portfolio,2020,range_ratio,forward_48h_return,pearson,0.007590480128651604,210
A_portfolio,2020,range_ratio,forward_48h_return,spearman,0.01803539438859968,210
A_portfolio,2020,body_to_range,forward_48h_return,pearson,-0.054436718228748036,210
A_portfolio,2020,body_to_range,forward_48h_return,spearman,-0.11757765806156927,210
A_portfolio,2020,close_location,forward_48h_return,pearson,-0.07845595314039333,210
A_portfolio,2020,close_location,forward_48h_return,spearman,-0.0802253371472628,210
A_portfolio,2020,natr14,forward_48h_return,pearson,-0.05780208905659131,210
A_portfolio,2020,natr14,forward_48h_return,spearman,0.0846361919447477,210
A_portfolio,2020,return_std_24,forward_48h_return,pearson,-0.048047741175217255,210
A_portfolio,2020,return_std_24,forward_48h_return,spearman,0.11384709079894911,210
A_portfolio,2020,return_std_168,forward_48h_return,pearson,0.09170329567959656,210
A_portfolio,2020,return_std_168,forward_48h_return,spearman,0.042265292701810536,210
A_portfolio,2020,volatility_percentile_720,forward_48h_return,pearson,-0.009632701988878134,210
A_portfolio,2020,volatility_percentile_720,forward_48h_return,spearman,0.08473185480824393,210
A_portfolio,2020,rsi14,forward_48h_return,pearson,0.07611418737259208,210
A_portfolio,2020,rsi14,forward_48h_return,spearman,-0.012438895601779115,210
A_portfolio,2020,macd_ratio,forward_48h_return,pearson,0.1910638941935984,210
A_portfolio,2020,macd_ratio,forward_48h_return,spearman,0.10080759848781799,210
A_portfolio,2020,macd_signal_ratio,forward_48h_return,pearson,0.24229735470513264,210
A_portfolio,2020,macd_signal_ratio,forward_48h_return,spearman,0.13028154185550042,210
A_portfolio,2020,relative_volume_24,forward_48h_return,pearson,0.0383883094417198,210
A_portfolio,2020,relative_volume_24,forward_48h_return,spearman,-0.0249950598167111,210
A_portfolio,2020,volume_zscore_24,forward_48h_return,pearson,0.04126529891861141,210
A_portfolio,2020,volume_zscore_24,forward_48h_return,spearman,-0.003404677138775418,210
A_portfolio,2020,volume_trend_24_168,forward_48h_return,pearson,-0.09707784084818825,210
A_portfolio,2020,volume_trend_24_168,forward_48h_return,spearman,0.03913726582721345,210
A_portfolio,2020,regime_duration,forward_48h_return,pearson,0.10043698448668748,210
A_portfolio,2020,regime_duration,forward_48h_return,spearman,0.00666874183061812,210
A_portfolio,2020,regime_transition,forward_48h_return,pearson,0.009796859093534107,210
A_portfolio,2020,regime_transition,forward_48h_return,spearman,-0.03994224029679133,210
A_portfolio,2020,hour_of_day,forward_48h_return,pearson,-0.011421421673156122,210
A_portfolio,2020,hour_of_day,forward_48h_return,spearman,0.12746063926451187,210
A_portfolio,2020,day_of_week,forward_48h_return,pearson,0.018004080939582372,210
A_portfolio,2020,day_of_week,forward_48h_return,spearman,-0.007483985854469381,210
A_portfolio,2020,distance_high_24,forward_48h_return,pearson,0.06688077335233085,210
A_portfolio,2020,distance_high_24,forward_48h_return,spearman,-0.06719361955081585,210
A_portfolio,2020,distance_low_24,forward_48h_return,pearson,0.06476203897518354,210
A_portfolio,2020,distance_low_24,forward_48h_return,spearman,0.05761128370257828,210
A_portfolio,2020,distance_high_168,forward_48h_return,pearson,0.0811932840648271,210
A_portfolio,2020,distance_high_168,forward_48h_return,spearman,0.0137217235246669,210
A_portfolio,2020,distance_low_168,forward_48h_return,pearson,0.07477224468141004,210
A_portfolio,2020,distance_low_168,forward_48h_return,spearman,0.025706446210312508,210
A_portfolio,2020,candles_since_prior_signal,forward_48h_return,pearson,-0.00025915856513609564,210
A_portfolio,2020,candles_since_prior_signal,forward_48h_return,spearman,-0.015018209104380602,210
A_portfolio,2020,return_1h,forward_48h_return,pearson,-0.1175697561016113,210
A_portfolio,2020,return_1h,forward_48h_return,spearman,-0.1262037040036541,210
A_portfolio,2020,return_3h,forward_48h_return,pearson,0.04079959546454293,210
A_portfolio,2020,return_3h,forward_48h_return,spearman,-0.02656555218291312,210
A_portfolio,2020,return_6h,forward_48h_return,pearson,0.05080201107649845,210
A_portfolio,2020,return_6h,forward_48h_return,spearman,-0.049284564275833914,210
A_portfolio,2020,return_12h,forward_48h_return,pearson,0.12905228148386724,210
A_portfolio,2020,return_12h,forward_48h_return,spearman,0.06409021260605197,210
A_portfolio,2020,return_24h,forward_48h_return,pearson,0.14067236839674085,210
A_portfolio,2020,return_24h,forward_48h_return,spearman,0.08075790510312834,210
A_portfolio,2020,return_72h,forward_48h_return,pearson,0.24600089574808892,210
A_portfolio,2020,return_72h,forward_48h_return,spearman,0.10594409332249193,210
A_portfolio,2020,return_168h,forward_48h_return,pearson,0.04028970724971005,210
A_portfolio,2020,return_168h,forward_48h_return,spearman,-0.06766787714655012,210
A_portfolio,2020,volatility_ratio_24_168,forward_48h_return,pearson,-0.13072030558729472,210
A_portfolio,2020,volatility_ratio_24_168,forward_48h_return,spearman,0.04162776609770873,210
A_portfolio,2020,natr_ratio_168,forward_48h_return,pearson,-0.17898016392995122,210
A_portfolio,2020,natr_ratio_168,forward_48h_return,spearman,-0.0011966581684715882,210
A_portfolio,2020,up_fraction_24,forward_48h_return,pearson,0.07889204748869205,210
A_portfolio,2020,up_fraction_24,forward_48h_return,spearman,-0.0340622939864729,210
A_portfolio,2020,volume_price_interaction,forward_48h_return,pearson,-0.03874117932751359,210
A_portfolio,2020,volume_price_interaction,forward_48h_return,spearman,-0.1176139400634287,210
A_portfolio,2020,range_expansion_24,forward_48h_return,pearson,0.013234106424864014,210
A_portfolio,2020,range_expansion_24,forward_48h_return,spearman,-0.06338141778401195,210
A_portfolio,2020,signal_density_168,forward_48h_return,pearson,0.02432758208654366,210
A_portfolio,2020,signal_density_168,forward_48h_return,spearman,-0.002681937192338692,210
A_portfolio,2021,ema20_distance,net_profit_ratio,pearson,0.21256204122408515,203
A_portfolio,2021,ema20_distance,net_profit_ratio,spearman,0.11861248425624946,203
A_portfolio,2021,ema50_distance,net_profit_ratio,pearson,0.23441090814009358,203
A_portfolio,2021,ema50_distance,net_profit_ratio,spearman,0.1647807637906648,203
A_portfolio,2021,ema_gap,net_profit_ratio,pearson,0.19409664860023595,203
A_portfolio,2021,ema_gap,net_profit_ratio,spearman,0.1527308772604296,203
A_portfolio,2021,ema20_slope_6,net_profit_ratio,pearson,0.14471073597749273,203
A_portfolio,2021,ema20_slope_6,net_profit_ratio,spearman,0.06839601665179558,203
A_portfolio,2021,ema50_slope_6,net_profit_ratio,pearson,0.1796596215184649,203
A_portfolio,2021,ema50_slope_6,net_profit_ratio,spearman,0.14162776752899864,203
A_portfolio,2021,trend_efficiency_20,net_profit_ratio,pearson,0.1438958438746205,203
A_portfolio,2021,trend_efficiency_20,net_profit_ratio,spearman,0.08499473534719454,203
A_portfolio,2021,range_ratio,net_profit_ratio,pearson,0.11940399784156333,203
A_portfolio,2021,range_ratio,net_profit_ratio,spearman,0.09418564284710129,203
A_portfolio,2021,body_to_range,net_profit_ratio,pearson,-0.03787423975966252,203
A_portfolio,2021,body_to_range,net_profit_ratio,spearman,-0.04007734879544171,203
A_portfolio,2021,close_location,net_profit_ratio,pearson,0.1412288948442783,203
A_portfolio,2021,close_location,net_profit_ratio,spearman,0.14651801314585242,203
A_portfolio,2021,natr14,net_profit_ratio,pearson,-0.0025634355370839626,203
A_portfolio,2021,natr14,net_profit_ratio,spearman,0.035452487584313346,203
A_portfolio,2021,return_std_24,net_profit_ratio,pearson,0.03678667204711074,203
A_portfolio,2021,return_std_24,net_profit_ratio,spearman,0.08624419381955582,203
A_portfolio,2021,return_std_168,net_profit_ratio,pearson,0.050366010277768,203
A_portfolio,2021,return_std_168,net_profit_ratio,spearman,0.018139382758907592,203
A_portfolio,2021,volatility_percentile_720,net_profit_ratio,pearson,-0.024990457034571905,203
A_portfolio,2021,volatility_percentile_720,net_profit_ratio,spearman,-0.013091495943894364,203
A_portfolio,2021,rsi14,net_profit_ratio,pearson,0.14688343018822697,203
A_portfolio,2021,rsi14,net_profit_ratio,spearman,0.09918634575714888,203
A_portfolio,2021,macd_ratio,net_profit_ratio,pearson,0.179854090584887,203
A_portfolio,2021,macd_ratio,net_profit_ratio,spearman,0.10935558928248665,203
A_portfolio,2021,macd_signal_ratio,net_profit_ratio,pearson,0.16221986921535514,203
A_portfolio,2021,macd_signal_ratio,net_profit_ratio,spearman,0.11768722511196354,203
A_portfolio,2021,relative_volume_24,net_profit_ratio,pearson,0.16082035998297123,203
A_portfolio,2021,relative_volume_24,net_profit_ratio,spearman,0.10422004240412451,203
A_portfolio,2021,volume_zscore_24,net_profit_ratio,pearson,0.12296544051974505,203
A_portfolio,2021,volume_zscore_24,net_profit_ratio,spearman,0.08784223829511321,203
A_portfolio,2021,volume_trend_24_168,net_profit_ratio,pearson,-0.02074454116380703,203
A_portfolio,2021,volume_trend_24_168,net_profit_ratio,spearman,-0.007036273027476611,203
A_portfolio,2021,regime_duration,net_profit_ratio,pearson,0.01877544194098803,203
A_portfolio,2021,regime_duration,net_profit_ratio,spearman,-0.09318069960414839,203
A_portfolio,2021,regime_transition,net_profit_ratio,pearson,-0.00044650251651026326,203
A_portfolio,2021,regime_transition,net_profit_ratio,spearman,-0.003864404230775873,203
A_portfolio,2021,hour_of_day,net_profit_ratio,pearson,0.020087856974259934,203
A_portfolio,2021,hour_of_day,net_profit_ratio,spearman,-0.01186391184256119,203
A_portfolio,2021,day_of_week,net_profit_ratio,pearson,-0.04351540923002405,203
A_portfolio,2021,day_of_week,net_profit_ratio,spearman,-0.019834723593747276,203
A_portfolio,2021,distance_high_24,net_profit_ratio,pearson,0.10882314384841876,203
A_portfolio,2021,distance_high_24,net_profit_ratio,spearman,0.10343679977965924,203
A_portfolio,2021,distance_low_24,net_profit_ratio,pearson,0.10359890304407417,203
A_portfolio,2021,distance_low_24,net_profit_ratio,spearman,0.0698649552002433,203
A_portfolio,2021,distance_high_168,net_profit_ratio,pearson,0.1400068743092363,203
A_portfolio,2021,distance_high_168,net_profit_ratio,spearman,0.13666723090738517,203
A_portfolio,2021,distance_low_168,net_profit_ratio,pearson,0.1052970570679537,203
A_portfolio,2021,distance_low_168,net_profit_ratio,spearman,0.08894824573735265,203
A_portfolio,2021,candles_since_prior_signal,net_profit_ratio,pearson,-0.027559011116491405,203
A_portfolio,2021,candles_since_prior_signal,net_profit_ratio,spearman,-0.0019561182562227784,203
A_portfolio,2021,return_1h,net_profit_ratio,pearson,0.11933183259982237,203
A_portfolio,2021,return_1h,net_profit_ratio,spearman,0.09785512019761815,203
A_portfolio,2021,return_3h,net_profit_ratio,pearson,0.13808212363028866,203
A_portfolio,2021,return_3h,net_profit_ratio,spearman,0.0681722330448055,203
A_portfolio,2021,return_6h,net_profit_ratio,pearson,0.20316607365232245,203
A_portfolio,2021,return_6h,net_profit_ratio,spearman,0.1308861543934747,203
A_portfolio,2021,return_12h,net_profit_ratio,pearson,0.1820905965829501,203
A_portfolio,2021,return_12h,net_profit_ratio,spearman,0.10486987557057648,203
A_portfolio,2021,return_24h,net_profit_ratio,pearson,0.12053799882333396,203
A_portfolio,2021,return_24h,net_profit_ratio,spearman,0.12017610048457758,203
A_portfolio,2021,return_72h,net_profit_ratio,pearson,0.11858590308322946,203
A_portfolio,2021,return_72h,net_profit_ratio,spearman,0.0842774801965853,203
A_portfolio,2021,return_168h,net_profit_ratio,pearson,0.13458321103349508,203
A_portfolio,2021,return_168h,net_profit_ratio,spearman,0.1353675645744812,203
A_portfolio,2021,volatility_ratio_24_168,net_profit_ratio,pearson,0.06857705695518897,203
A_portfolio,2021,volatility_ratio_24_168,net_profit_ratio,spearman,0.10430467851189641,203
A_portfolio,2021,natr_ratio_168,net_profit_ratio,pearson,-0.037974187462199674,203
A_portfolio,2021,natr_ratio_168,net_profit_ratio,spearman,0.01430063319284696,203
A_portfolio,2021,up_fraction_24,net_profit_ratio,pearson,0.005935976443965471,203
A_portfolio,2021,up_fraction_24,net_profit_ratio,spearman,-0.018883310816956666,203
A_portfolio,2021,volume_price_interaction,net_profit_ratio,pearson,0.13191265344451794,203
A_portfolio,2021,volume_price_interaction,net_profit_ratio,spearman,0.09479530972511914,203
A_portfolio,2021,range_expansion_24,net_profit_ratio,pearson,0.10780379690897669,203
A_portfolio,2021,range_expansion_24,net_profit_ratio,spearman,0.0811402061678205,203
A_portfolio,2021,signal_density_168,net_profit_ratio,pearson,0.04349036752479719,203
A_portfolio,2021,signal_density_168,net_profit_ratio,spearman,0.03445968957899066,203
A_portfolio,2021,ema20_distance,profitable_after_fees,pearson,0.26179987886074585,203
A_portfolio,2021,ema20_distance,profitable_after_fees,spearman,0.22707077453061783,203
A_portfolio,2021,ema50_distance,profitable_after_fees,pearson,0.2706709308763203,203
A_portfolio,2021,ema50_distance,profitable_after_fees,spearman,0.24862267036685717,203
A_portfolio,2021,ema_gap,profitable_after_fees,pearson,0.18474253980047858,203
A_portfolio,2021,ema_gap,profitable_after_fees,spearman,0.15586331068768297,203
A_portfolio,2021,ema20_slope_6,profitable_after_fees,pearson,0.20647279704928778,203
A_portfolio,2021,ema20_slope_6,profitable_after_fees,spearman,0.1905187591923559,203
A_portfolio,2021,ema50_slope_6,profitable_after_fees,pearson,0.21554336956822326,203
A_portfolio,2021,ema50_slope_6,profitable_after_fees,spearman,0.22258798019668002,203
A_portfolio,2021,trend_efficiency_20,profitable_after_fees,pearson,0.18649486773271715,203
A_portfolio,2021,trend_efficiency_20,profitable_after_fees,spearman,0.17396690319012406,203
A_portfolio,2021,range_ratio,profitable_after_fees,pearson,0.1663271166803237,203
A_portfolio,2021,range_ratio,profitable_after_fees,spearman,0.1384493788520016,203
A_portfolio,2021,body_to_range,profitable_after_fees,pearson,-0.009203847342770629,203
A_portfolio,2021,body_to_range,profitable_after_fees,spearman,-0.019827744169340203,203
A_portfolio,2021,close_location,profitable_after_fees,pearson,0.12151767027296206,203
A_portfolio,2021,close_location,profitable_after_fees,spearman,0.11810438918259164,203
A_portfolio,2021,natr14,profitable_after_fees,pearson,0.06750122420682064,203
A_portfolio,2021,natr14,profitable_after_fees,spearman,0.12638031718370757,203
A_portfolio,2021,return_std_24,profitable_after_fees,pearson,0.09511801077147938,203
A_portfolio,2021,return_std_24,profitable_after_fees,spearman,0.15396674385409392,203
A_portfolio,2021,return_std_168,profitable_after_fees,pearson,0.12086836938274166,203
A_portfolio,2021,return_std_168,profitable_after_fees,spearman,0.12086303184963029,203
A_portfolio,2021,volatility_percentile_720,profitable_after_fees,pearson,0.025506361371193765,203
A_portfolio,2021,volatility_percentile_720,profitable_after_fees,spearman,0.020948690675970424,203
A_portfolio,2021,rsi14,profitable_after_fees,pearson,0.19281268757376657,203
A_portfolio,2021,rsi14,profitable_after_fees,spearman,0.18534630419165843,203
A_portfolio,2021,macd_ratio,profitable_after_fees,pearson,0.23852267982877576,203
A_portfolio,2021,macd_ratio,profitable_after_fees,spearman,0.2163810341958431,203
A_portfolio,2021,macd_signal_ratio,profitable_after_fees,pearson,0.19930644389866742,203
A_portfolio,2021,macd_signal_ratio,profitable_after_fees,spearman,0.1894842681922164,203
A_portfolio,2021,relative_volume_24,profitable_after_fees,pearson,0.16881193104068049,203
A_portfolio,2021,relative_volume_24,profitable_after_fees,spearman,0.1441390793527688,203
A_portfolio,2021,volume_zscore_24,profitable_after_fees,pearson,0.12976921608906247,203
A_portfolio,2021,volume_zscore_24,profitable_after_fees,spearman,0.12396650485004874,203
A_portfolio,2021,volume_trend_24_168,profitable_after_fees,pearson,-0.008021705150836453,203
A_portfolio,2021,volume_trend_24_168,profitable_after_fees,spearman,-0.016034610502162077,203
A_portfolio,2021,regime_duration,profitable_after_fees,pearson,0.043507788982171815,203
A_portfolio,2021,regime_duration,profitable_after_fees,spearman,-0.030206113386510785,203
A_portfolio,2021,regime_transition,profitable_after_fees,pearson,-0.005720030108121265,203
A_portfolio,2021,regime_transition,profitable_after_fees,spearman,-0.005720030108121236,203
A_portfolio,2021,hour_of_day,profitable_after_fees,pearson,0.061007454596643945,203
A_portfolio,2021,hour_of_day,profitable_after_fees,spearman,0.058093964775482766,203
A_portfolio,2021,day_of_week,profitable_after_fees,pearson,-0.09035792301814528,203
A_portfolio,2021,day_of_week,profitable_after_fees,spearman,-0.08957836425639049,203
A_portfolio,2021,distance_high_24,profitable_after_fees,pearson,0.11257627660604667,203
A_portfolio,2021,distance_high_24,profitable_after_fees,spearman,0.147759797853257,203
A_portfolio,2021,distance_low_24,profitable_after_fees,pearson,0.1635263346663413,203
A_portfolio,2021,distance_low_24,profitable_after_fees,spearman,0.17862211269075176,203
A_portfolio,2021,distance_high_168,profitable_after_fees,pearson,0.07728103149357904,203
A_portfolio,2021,distance_high_168,profitable_after_fees,spearman,0.0872420743450969,203
A_portfolio,2021,distance_low_168,profitable_after_fees,pearson,0.1314418487426987,203
A_portfolio,2021,distance_low_168,profitable_after_fees,spearman,0.16327716285534932,203
A_portfolio,2021,candles_since_prior_signal,profitable_after_fees,pearson,-0.015190224238483234,203
A_portfolio,2021,candles_since_prior_signal,profitable_after_fees,spearman,-0.011207922410495251,203
A_portfolio,2021,return_1h,profitable_after_fees,pearson,0.12378852850591048,203
A_portfolio,2021,return_1h,profitable_after_fees,spearman,0.10069045734691026,203
A_portfolio,2021,return_3h,profitable_after_fees,pearson,0.15710147662851906,203
A_portfolio,2021,return_3h,profitable_after_fees,spearman,0.1431045883526293,203
A_portfolio,2021,return_6h,profitable_after_fees,pearson,0.23940247124857195,203
A_portfolio,2021,return_6h,profitable_after_fees,spearman,0.21034650336169608,203
A_portfolio,2021,return_12h,profitable_after_fees,pearson,0.24221440582554918,203
A_portfolio,2021,return_12h,profitable_after_fees,spearman,0.22758802003068757,203
A_portfolio,2021,return_24h,profitable_after_fees,pearson,0.16929443181099318,203
A_portfolio,2021,return_24h,profitable_after_fees,spearman,0.20051883886037092,203
A_portfolio,2021,return_72h,profitable_after_fees,pearson,0.12138835072587743,203
A_portfolio,2021,return_72h,profitable_after_fees,spearman,0.09241452934579433,203
A_portfolio,2021,return_168h,profitable_after_fees,pearson,0.1049550059682781,203
A_portfolio,2021,return_168h,profitable_after_fees,spearman,0.11103536734830513,203
A_portfolio,2021,volatility_ratio_24_168,profitable_after_fees,pearson,0.05690382032204529,203
A_portfolio,2021,volatility_ratio_24_168,profitable_after_fees,spearman,0.05224179550704419,203
A_portfolio,2021,natr_ratio_168,profitable_after_fees,pearson,-0.02868461393906753,203
A_portfolio,2021,natr_ratio_168,profitable_after_fees,spearman,-0.03155197550425441,203
A_portfolio,2021,up_fraction_24,profitable_after_fees,pearson,0.03581336581188575,203
A_portfolio,2021,up_fraction_24,profitable_after_fees,spearman,0.04424535035456164,203
A_portfolio,2021,volume_price_interaction,profitable_after_fees,pearson,0.12666232105716488,203
A_portfolio,2021,volume_price_interaction,profitable_after_fees,spearman,0.09603524784628255,203
A_portfolio,2021,range_expansion_24,profitable_after_fees,pearson,0.11432716824900063,203
A_portfolio,2021,range_expansion_24,profitable_after_fees,spearman,0.05965564767471053,203
A_portfolio,2021,signal_density_168,profitable_after_fees,pearson,0.0174274070454316,203
A_portfolio,2021,signal_density_168,profitable_after_fees,spearman,0.017533951096560117,203
A_portfolio,2021,ema20_distance,return_above_0_5_percent,pearson,0.29874155658799506,203
A_portfolio,2021,ema20_distance,return_above_0_5_percent,spearman,0.26158700760751524,203
A_portfolio,2021,ema50_distance,return_above_0_5_percent,pearson,0.30478012365492724,203
A_portfolio,2021,ema50_distance,return_above_0_5_percent,spearman,0.2865993111237716,203
A_portfolio,2021,ema_gap,return_above_0_5_percent,pearson,0.1979568471880658,203
A_portfolio,2021,ema_gap,return_above_0_5_percent,spearman,0.16970153149571207,203
A_portfolio,2021,ema20_slope_6,return_above_0_5_percent,pearson,0.22311434463485064,203
A_portfolio,2021,ema20_slope_6,return_above_0_5_percent,spearman,0.2073936833222929,203
A_portfolio,2021,ema50_slope_6,return_above_0_5_percent,pearson,0.23176377843299598,203
A_portfolio,2021,ema50_slope_6,return_above_0_5_percent,spearman,0.24334886962691157,203
A_portfolio,2021,trend_efficiency_20,return_above_0_5_percent,pearson,0.20827030169323366,203
A_portfolio,2021,trend_efficiency_20,return_above_0_5_percent,spearman,0.19506122811636095,203
A_portfolio,2021,range_ratio,return_above_0_5_percent,pearson,0.15533400816599627,203
A_portfolio,2021,range_ratio,return_above_0_5_percent,spearman,0.13774136589160663,203
A_portfolio,2021,body_to_range,return_above_0_5_percent,pearson,-0.01903430174566177,203
A_portfolio,2021,body_to_range,return_above_0_5_percent,spearman,-0.03178646905190922,203
A_portfolio,2021,close_location,return_above_0_5_percent,pearson,0.12952401165192007,203
A_portfolio,2021,close_location,return_above_0_5_percent,spearman,0.12784066241642178,203
A_portfolio,2021,natr14,return_above_0_5_percent,pearson,0.06454813683553,203
A_portfolio,2021,natr14,return_above_0_5_percent,spearman,0.12627739344665576,203
A_portfolio,2021,return_std_24,return_above_0_5_percent,pearson,0.09299405716275042,203
A_portfolio,2021,return_std_24,return_above_0_5_percent,spearman,0.1512896969629122,203
A_portfolio,2021,return_std_168,return_above_0_5_percent,pearson,0.10617038161847143,203
A_portfolio,2021,return_std_168,return_above_0_5_percent,spearman,0.11064470374899547,203
A_portfolio,2021,volatility_percentile_720,return_above_0_5_percent,pearson,0.02356458768991184,203
A_portfolio,2021,volatility_percentile_720,return_above_0_5_percent,spearman,0.021625476681189307,203
A_portfolio,2021,rsi14,return_above_0_5_percent,pearson,0.22291184298965006,203
A_portfolio,2021,rsi14,return_above_0_5_percent,spearman,0.21468893851453438,203
A_portfolio,2021,macd_ratio,return_above_0_5_percent,pearson,0.2609581043986118,203
A_portfolio,2021,macd_ratio,return_above_0_5_percent,spearman,0.24369626273130401,203
A_portfolio,2021,macd_signal_ratio,return_above_0_5_percent,pearson,0.21679555278748328,203
A_portfolio,2021,macd_signal_ratio,return_above_0_5_percent,spearman,0.2091306488442552,203
A_portfolio,2021,relative_volume_24,return_above_0_5_percent,pearson,0.17465648266907127,203
A_portfolio,2021,relative_volume_24,return_above_0_5_percent,spearman,0.15406884179805178,203
A_portfolio,2021,volume_zscore_24,return_above_0_5_percent,pearson,0.13357528978719319,203
A_portfolio,2021,volume_zscore_24,return_above_0_5_percent,spearman,0.1335726486388972,203
A_portfolio,2021,volume_trend_24_168,return_above_0_5_percent,pearson,0.018765343474950413,203
A_portfolio,2021,volume_trend_24_168,return_above_0_5_percent,spearman,0.01389572417569802,203
A_portfolio,2021,regime_duration,return_above_0_5_percent,pearson,0.027637756865285554,203
A_portfolio,2021,regime_duration,return_above_0_5_percent,spearman,-0.04599368511469329,203
A_portfolio,2021,regime_transition,return_above_0_5_percent,pearson,0.004610032991012294,203
A_portfolio,2021,regime_transition,return_above_0_5_percent,spearman,0.004610032991012393,203
A_portfolio,2021,hour_of_day,return_above_0_5_percent,pearson,0.07931119646819669,203
A_portfolio,2021,hour_of_day,return_above_0_5_percent,spearman,0.07583124204336006,203
A_portfolio,2021,day_of_week,return_above_0_5_percent,pearson,-0.09893775058689054,203
A_portfolio,2021,day_of_week,return_above_0_5_percent,spearman,-0.09763251512481937,203
A_portfolio,2021,distance_high_24,return_above_0_5_percent,pearson,0.1402665598177706,203
A_portfolio,2021,distance_high_24,return_above_0_5_percent,spearman,0.16414324182543283,203
A_portfolio,2021,distance_low_24,return_above_0_5_percent,pearson,0.1868501154081853,203
A_portfolio,2021,distance_low_24,return_above_0_5_percent,spearman,0.2139941523057495,203
A_portfolio,2021,distance_high_168,return_above_0_5_percent,pearson,0.09476909064893771,203
A_portfolio,2021,distance_high_168,return_above_0_5_percent,spearman,0.11047100719679927,203
A_portfolio,2021,distance_low_168,return_above_0_5_percent,pearson,0.1342134924798825,203
A_portfolio,2021,distance_low_168,return_above_0_5_percent,spearman,0.17508612461379502,203
A_portfolio,2021,candles_since_prior_signal,return_above_0_5_percent,pearson,-0.001301127324242455,203
A_portfolio,2021,candles_since_prior_signal,return_above_0_5_percent,spearman,0.002692521556149461,203
A_portfolio,2021,return_1h,return_above_0_5_percent,pearson,0.1537307837266394,203
A_portfolio,2021,return_1h,return_above_0_5_percent,spearman,0.12262976585053503,203
A_portfolio,2021,return_3h,return_above_0_5_percent,pearson,0.2006964078463452,203
A_portfolio,2021,return_3h,return_above_0_5_percent,spearman,0.17925484186650448,203
A_portfolio,2021,return_6h,return_above_0_5_percent,pearson,0.2779506700917669,203
A_portfolio,2021,return_6h,return_above_0_5_percent,spearman,0.24404365583569648,203
A_portfolio,2021,return_12h,return_above_0_5_percent,pearson,0.26735428066149175,203
A_portfolio,2021,return_12h,return_above_0_5_percent,spearman,0.2457806213576587,203
A_portfolio,2021,return_24h,return_above_0_5_percent,pearson,0.2102541292941807,203
A_portfolio,2021,return_24h,return_above_0_5_percent,spearman,0.24178560065714552,203
A_portfolio,2021,return_72h,return_above_0_5_percent,pearson,0.13726771747735877,203
A_portfolio,2021,return_72h,return_above_0_5_percent,spearman,0.1129027589275464,203
A_portfolio,2021,return_168h,return_above_0_5_percent,pearson,0.11690937843554353,203
A_portfolio,2021,return_168h,return_above_0_5_percent,spearman,0.1189821382544143,203
A_portfolio,2021,volatility_ratio_24_168,return_above_0_5_percent,pearson,0.07369072500652128,203
A_portfolio,2021,volatility_ratio_24_168,return_above_0_5_percent,spearman,0.0736473381311995,203
A_portfolio,2021,natr_ratio_168,return_above_0_5_percent,pearson,-0.0051330397798628295,203
A_portfolio,2021,natr_ratio_168,return_above_0_5_percent,spearman,-0.004863503461494307,203
A_portfolio,2021,up_fraction_24,return_above_0_5_percent,pearson,0.0828734288972919,203
A_portfolio,2021,up_fraction_24,return_above_0_5_percent,spearman,0.07956535225970672,203
A_portfolio,2021,volume_price_interaction,return_above_0_5_percent,pearson,0.15322824143972866,203
A_portfolio,2021,volume_price_interaction,return_above_0_5_percent,spearman,0.11828735204562939,203
A_portfolio,2021,range_expansion_24,return_above_0_5_percent,pearson,0.11396819866688178,203
A_portfolio,2021,range_expansion_24,return_above_0_5_percent,spearman,0.05419332428522228,203
A_portfolio,2021,signal_density_168,return_above_0_5_percent,pearson,0.0050476165495915324,203
A_portfolio,2021,signal_density_168,return_above_0_5_percent,spearman,0.003006683066051264,203
A_portfolio,2021,ema20_distance,return_above_1_percent,pearson,0.33047071760967467,203
A_portfolio,2021,ema20_distance,return_above_1_percent,spearman,0.29621725697142104,203
A_portfolio,2021,ema50_distance,return_above_1_percent,pearson,0.33293524593108126,203
A_portfolio,2021,ema50_distance,return_above_1_percent,spearman,0.31531109553433345,203
A_portfolio,2021,ema_gap,return_above_1_percent,pearson,0.20652712220885608,203
A_portfolio,2021,ema_gap,return_above_1_percent,spearman,0.17815076897689838,203
A_portfolio,2021,ema20_slope_6,return_above_1_percent,pearson,0.244318418325365,203
A_portfolio,2021,ema20_slope_6,return_above_1_percent,spearman,0.2275495072772773,203
A_portfolio,2021,ema50_slope_6,return_above_1_percent,pearson,0.24866877630687634,203
A_portfolio,2021,ema50_slope_6,return_above_1_percent,spearman,0.257504061353039,203
A_portfolio,2021,trend_efficiency_20,return_above_1_percent,pearson,0.23278705930186083,203
A_portfolio,2021,trend_efficiency_20,return_above_1_percent,spearman,0.22141845819744302,203
A_portfolio,2021,range_ratio,return_above_1_percent,pearson,0.17091276696275876,203
A_portfolio,2021,range_ratio,return_above_1_percent,spearman,0.1531010541650041,203
A_portfolio,2021,body_to_range,return_above_1_percent,pearson,-0.010490112275305694,203
A_portfolio,2021,body_to_range,return_above_1_percent,spearman,-0.024524196319337044,203
A_portfolio,2021,close_location,return_above_1_percent,pearson,0.12163565190358658,203
A_portfolio,2021,close_location,return_above_1_percent,spearman,0.1198182163030467,203
A_portfolio,2021,natr14,return_above_1_percent,pearson,0.0742922852869428,203
A_portfolio,2021,natr14,return_above_1_percent,spearman,0.131554795970158,203
A_portfolio,2021,return_std_24,return_above_1_percent,pearson,0.10294045049580568,203
A_portfolio,2021,return_std_24,return_above_1_percent,spearman,0.15835623909057636,203
A_portfolio,2021,return_std_168,return_above_1_percent,pearson,0.12030008674476518,203
A_portfolio,2021,return_std_168,return_above_1_percent,spearman,0.12700030236799542,203
A_portfolio,2021,volatility_percentile_720,return_above_1_percent,pearson,0.02716368678043731,203
A_portfolio,2021,volatility_percentile_720,return_above_1_percent,spearman,0.025137598725271514,203
A_portfolio,2021,rsi14,return_above_1_percent,pearson,0.2537789756235838,203
A_portfolio,2021,rsi14,return_above_1_percent,spearman,0.24576748168592766,203
A_portfolio,2021,macd_ratio,return_above_1_percent,pearson,0.28319884711262194,203
A_portfolio,2021,macd_ratio,return_above_1_percent,spearman,0.26643787572651173,203
A_portfolio,2021,macd_signal_ratio,return_above_1_percent,pearson,0.22809484692730989,203
A_portfolio,2021,macd_signal_ratio,return_above_1_percent,spearman,0.22229432235170507,203
A_portfolio,2021,relative_volume_24,return_above_1_percent,pearson,0.18139432788201565,203
A_portfolio,2021,relative_volume_24,return_above_1_percent,spearman,0.15117415302562764,203
A_portfolio,2021,volume_zscore_24,return_above_1_percent,pearson,0.13606019638589104,203
A_portfolio,2021,volume_zscore_24,return_above_1_percent,spearman,0.12752582086055264,203
A_portfolio,2021,volume_trend_24_168,return_above_1_percent,pearson,0.012656671644762845,203
A_portfolio,2021,volume_trend_24_168,return_above_1_percent,spearman,0.006306221910686669,203
A_portfolio,2021,regime_duration,return_above_1_percent,pearson,0.0423432477227512,203
A_portfolio,2021,regime_duration,return_above_1_percent,spearman,-0.03428426500300286,203
A_portfolio,2021,regime_transition,return_above_1_percent,pearson,0.015109947130387583,203
A_portfolio,2021,regime_transition,return_above_1_percent,spearman,0.015109947130387486,203
A_portfolio,2021,hour_of_day,return_above_1_percent,pearson,0.07411143369058716,203
A_portfolio,2021,hour_of_day,return_above_1_percent,spearman,0.06945962214226926,203
A_portfolio,2021,day_of_week,return_above_1_percent,pearson,-0.10775414414451831,203
A_portfolio,2021,day_of_week,return_above_1_percent,spearman,-0.10591351362991804,203
A_portfolio,2021,distance_high_24,return_above_1_percent,pearson,0.16510929026937068,203
A_portfolio,2021,distance_high_24,return_above_1_percent,spearman,0.18708458335037118,203
A_portfolio,2021,distance_low_24,return_above_1_percent,pearson,0.20819918535204912,203
A_portfolio,2021,distance_low_24,return_above_1_percent,spearman,0.24506679036251802,203
A_portfolio,2021,distance_high_168,return_above_1_percent,pearson,0.09859955398455701,203
A_portfolio,2021,distance_high_168,return_above_1_percent,spearman,0.1121106117455408,203
A_portfolio,2021,distance_low_168,return_above_1_percent,pearson,0.15887606294808676,203
A_portfolio,2021,distance_low_168,return_above_1_percent,spearman,0.2067039404058408,203
A_portfolio,2021,candles_since_prior_signal,return_above_1_percent,pearson,0.007273196340768098,203
A_portfolio,2021,candles_since_prior_signal,return_above_1_percent,spearman,0.009985685799604375,203
A_portfolio,2021,return_1h,return_above_1_percent,pearson,0.1582854276666396,203
A_portfolio,2021,return_1h,return_above_1_percent,spearman,0.12244580876583282,203
A_portfolio,2021,return_3h,return_above_1_percent,pearson,0.23780284904989904,203
A_portfolio,2021,return_3h,return_above_1_percent,spearman,0.2203674212123286,203
A_portfolio,2021,return_6h,return_above_1_percent,pearson,0.3119465003081496,203
A_portfolio,2021,return_6h,return_above_1_percent,spearman,0.2860572327819814,203
A_portfolio,2021,return_12h,return_above_1_percent,pearson,0.29404575306634745,203
A_portfolio,2021,return_12h,return_above_1_percent,spearman,0.2729192704680508,203
A_portfolio,2021,return_24h,return_above_1_percent,pearson,0.22531244174937712,203
A_portfolio,2021,return_24h,return_above_1_percent,spearman,0.2601316538158251,203
A_portfolio,2021,return_72h,return_above_1_percent,pearson,0.13941983123544094,203
A_portfolio,2021,return_72h,return_above_1_percent,spearman,0.11228578457639318,203
A_portfolio,2021,return_168h,return_above_1_percent,pearson,0.13528410387792048,203
A_portfolio,2021,return_168h,return_above_1_percent,spearman,0.14241551148300727,203
A_portfolio,2021,volatility_ratio_24_168,return_above_1_percent,pearson,0.06708804422533195,203
A_portfolio,2021,volatility_ratio_24_168,return_above_1_percent,spearman,0.06323739193771909,203
A_portfolio,2021,natr_ratio_168,return_above_1_percent,pearson,-0.013421014375477706,203
A_portfolio,2021,natr_ratio_168,return_above_1_percent,spearman,-0.018743492901207602,203
A_portfolio,2021,up_fraction_24,return_above_1_percent,pearson,0.0934104658950758,203
A_portfolio,2021,up_fraction_24,return_above_1_percent,spearman,0.09221133303678287,203
A_portfolio,2021,volume_price_interaction,return_above_1_percent,pearson,0.15965888569424735,203
A_portfolio,2021,volume_price_interaction,return_above_1_percent,spearman,0.11824166082537504,203
A_portfolio,2021,range_expansion_24,return_above_1_percent,pearson,0.1256646932806355,203
A_portfolio,2021,range_expansion_24,return_above_1_percent,spearman,0.06604015723135762,203
A_portfolio,2021,signal_density_168,return_above_1_percent,pearson,0.00370722445541404,203
A_portfolio,2021,signal_density_168,return_above_1_percent,spearman,-0.002558450317596159,203
A_portfolio,2021,ema20_distance,stoploss_hit,pearson,0.0066136908424399635,203
A_portfolio,2021,ema20_distance,stoploss_hit,spearman,0.04978757818827598,203
A_portfolio,2021,ema50_distance,stoploss_hit,pearson,-0.055253368823513824,203
A_portfolio,2021,ema50_distance,stoploss_hit,spearman,-0.02859699738913372,203
A_portfolio,2021,ema_gap,stoploss_hit,pearson,-0.18148547845208385,203
A_portfolio,2021,ema_gap,stoploss_hit,spearman,-0.15018566974149364,203
A_portfolio,2021,ema20_slope_6,stoploss_hit,pearson,0.05832501941476197,203
A_portfolio,2021,ema20_slope_6,stoploss_hit,spearman,0.10595290399571125,203
A_portfolio,2021,ema50_slope_6,stoploss_hit,pearson,-0.04634349142436782,203
A_portfolio,2021,ema50_slope_6,stoploss_hit,spearman,-0.03723781674412376,203
A_portfolio,2021,trend_efficiency_20,stoploss_hit,pearson,-0.006364129118789562,203
A_portfolio,2021,trend_efficiency_20,stoploss_hit,spearman,0.02921419877163301,203
A_portfolio,2021,range_ratio,stoploss_hit,pearson,0.059550107117681515,203
A_portfolio,2021,range_ratio,stoploss_hit,spearman,0.09875222119988623,203
A_portfolio,2021,body_to_range,stoploss_hit,pearson,0.04095327317927044,203
A_portfolio,2021,body_to_range,stoploss_hit,spearman,0.05472518924827029,203
A_portfolio,2021,close_location,stoploss_hit,pearson,-0.1496332334881193,203
A_portfolio,2021,close_location,stoploss_hit,spearman,-0.15059713732982652,203
A_portfolio,2021,natr14,stoploss_hit,pearson,0.2327533223953062,203
A_portfolio,2021,natr14,stoploss_hit,spearman,0.18598334992645238,203
A_portfolio,2021,return_std_24,stoploss_hit,pearson,0.18903995029404191,203
A_portfolio,2021,return_std_24,stoploss_hit,spearman,0.15162580630065864,203
A_portfolio,2021,return_std_168,stoploss_hit,pearson,0.18593373579405129,203
A_portfolio,2021,return_std_168,stoploss_hit,spearman,0.190098025809781,203
A_portfolio,2021,volatility_percentile_720,stoploss_hit,pearson,0.08198144941683054,203
A_portfolio,2021,volatility_percentile_720,stoploss_hit,spearman,0.0827059640617954,203
A_portfolio,2021,rsi14,stoploss_hit,pearson,0.012955894400417695,203
A_portfolio,2021,rsi14,stoploss_hit,spearman,0.011109624884987202,203
A_portfolio,2021,macd_ratio,stoploss_hit,pearson,0.0382121395825381,203
A_portfolio,2021,macd_ratio,stoploss_hit,spearman,0.07838457557740969,203
A_portfolio,2021,macd_signal_ratio,stoploss_hit,pearson,0.0020383243997249114,203
A_portfolio,2021,macd_signal_ratio,stoploss_hit,spearman,0.03497474500829304,203
A_portfolio,2021,relative_volume_24,stoploss_hit,pearson,-0.09511431635037393,203
A_portfolio,2021,relative_volume_24,stoploss_hit,spearman,-0.048553175423277396,203
A_portfolio,2021,volume_zscore_24,stoploss_hit,pearson,-0.08649417517140022,203
A_portfolio,2021,volume_zscore_24,stoploss_hit,spearman,-0.05986853410243103,203
A_portfolio,2021,volume_trend_24_168,stoploss_hit,pearson,0.06448733811722158,203
A_portfolio,2021,volume_trend_24_168,stoploss_hit,spearman,0.05410798786577099,203
A_portfolio,2021,regime_duration,stoploss_hit,pearson,0.1250917905250041,203
A_portfolio,2021,regime_duration,stoploss_hit,spearman,0.18608661057635184,203
A_portfolio,2021,regime_transition,stoploss_hit,pearson,-0.017746055353800732,203
A_portfolio,2021,regime_transition,stoploss_hit,spearman,-0.017746055353800604,203
A_portfolio,2021,hour_of_day,stoploss_hit,pearson,0.075787139367012,203
A_portfolio,2021,hour_of_day,stoploss_hit,spearman,0.07848760793126812,203
A_portfolio,2021,day_of_week,stoploss_hit,pearson,-0.023716254656524306,203
A_portfolio,2021,day_of_week,stoploss_hit,spearman,-0.02219042088340751,203
A_portfolio,2021,distance_high_24,stoploss_hit,pearson,-0.1289742287819912,203
A_portfolio,2021,distance_high_24,stoploss_hit,spearman,-0.11006757987903987,203
A_portfolio,2021,distance_low_24,stoploss_hit,pearson,0.1388447498192647,203
A_portfolio,2021,distance_low_24,stoploss_hit,spearman,0.17199345192313517,203
A_portfolio,2021,distance_high_168,stoploss_hit,pearson,-0.24482381658128766,203
A_portfolio,2021,distance_high_168,stoploss_hit,spearman,-0.20285352104809962,203
A_portfolio,2021,distance_low_168,stoploss_hit,pearson,0.045336223960497454,203
A_portfolio,2021,distance_low_168,stoploss_hit,spearman,0.06624628172159033,203
A_portfolio,2021,candles_since_prior_signal,stoploss_hit,pearson,0.083368656932593,203
A_portfolio,2021,candles_since_prior_signal,stoploss_hit,spearman,0.040841571015497756,203
A_portfolio,2021,return_1h,stoploss_hit,pearson,-0.06405959685300772,203
A_portfolio,2021,return_1h,stoploss_hit,spearman,-0.10533570261321197,203
A_portfolio,2021,return_3h,stoploss_hit,pearson,0.013302139237664039,203
A_portfolio,2021,return_3h,stoploss_hit,spearman,0.05842839754326602,203
A_portfolio,2021,return_6h,stoploss_hit,pearson,-0.01320499132112416,203
A_portfolio,2021,return_6h,stoploss_hit,spearman,0.01728163870998009,203
A_portfolio,2021,return_12h,stoploss_hit,pearson,0.014448562346567708,203
A_portfolio,2021,return_12h,stoploss_hit,spearman,0.04608436989328024,203
A_portfolio,2021,return_24h,stoploss_hit,pearson,0.12225734270338297,203
A_portfolio,2021,return_24h,stoploss_hit,spearman,0.10122102672988338,203
A_portfolio,2021,return_72h,stoploss_hit,pearson,-0.1253771995726676,203
A_portfolio,2021,return_72h,stoploss_hit,spearman,-0.10410129984821341,203
A_portfolio,2021,return_168h,stoploss_hit,pearson,-0.11592966460939193,203
A_portfolio,2021,return_168h,stoploss_hit,spearman,-0.1075987743490427,203
A_portfolio,2021,volatility_ratio_24_168,stoploss_hit,pearson,-0.0019383690685759146,203
A_portfolio,2021,volatility_ratio_24_168,stoploss_hit,spearman,-0.013578430414984355,203
A_portfolio,2021,natr_ratio_168,stoploss_hit,pearson,0.054760073854998044,203
A_portfolio,2021,natr_ratio_168,stoploss_hit,spearman,0.01707590491581366,203
A_portfolio,2021,up_fraction_24,stoploss_hit,pearson,0.07475392615944314,203
A_portfolio,2021,up_fraction_24,stoploss_hit,spearman,0.05519067653838968,203
A_portfolio,2021,volume_price_interaction,stoploss_hit,pearson,-0.06495453966694764,203
A_portfolio,2021,volume_price_interaction,stoploss_hit,spearman,-0.09916368878821909,203
A_portfolio,2021,range_expansion_24,stoploss_hit,pearson,-0.07848171878600707,203
A_portfolio,2021,range_expansion_24,stoploss_hit,spearman,-0.03908942089162164,203
A_portfolio,2021,signal_density_168,stoploss_hit,pearson,-0.06466005154809246,203
A_portfolio,2021,signal_density_168,stoploss_hit,spearman,-0.056757373109674554,203
A_portfolio,2021,ema20_distance,forward_6h_return,pearson,0.13631383491937904,203
A_portfolio,2021,ema20_distance,forward_6h_return,spearman,0.10887502833157846,203
A_portfolio,2021,ema50_distance,forward_6h_return,pearson,0.1748300030523241,203
A_portfolio,2021,ema50_distance,forward_6h_return,spearman,0.12960944022539028,203
A_portfolio,2021,ema_gap,forward_6h_return,pearson,0.1977348373244753,203
A_portfolio,2021,ema_gap,forward_6h_return,spearman,0.1055240122679321,203
A_portfolio,2021,ema20_slope_6,forward_6h_return,pearson,0.18999564463720683,203
A_portfolio,2021,ema20_slope_6,forward_6h_return,spearman,0.13196777516059344,203
A_portfolio,2021,ema50_slope_6,forward_6h_return,pearson,0.2220974455720268,203
A_portfolio,2021,ema50_slope_6,forward_6h_return,spearman,0.16746042903334094,203
A_portfolio,2021,trend_efficiency_20,forward_6h_return,pearson,0.13481514456086544,203
A_portfolio,2021,trend_efficiency_20,forward_6h_return,spearman,0.1391776239345175,203
A_portfolio,2021,range_ratio,forward_6h_return,pearson,0.08097131581266477,203
A_portfolio,2021,range_ratio,forward_6h_return,spearman,0.08149022668131779,203
A_portfolio,2021,body_to_range,forward_6h_return,pearson,0.06929095418640199,203
A_portfolio,2021,body_to_range,forward_6h_return,spearman,0.02718110118748763,203
A_portfolio,2021,close_location,forward_6h_return,pearson,0.0649844823002417,203
A_portfolio,2021,close_location,forward_6h_return,spearman,0.04427185691620452,203
A_portfolio,2021,natr14,forward_6h_return,pearson,0.024446576611472693,203
A_portfolio,2021,natr14,forward_6h_return,spearman,0.04166678620919178,203
A_portfolio,2021,return_std_24,forward_6h_return,pearson,0.05598281322948402,203
A_portfolio,2021,return_std_24,forward_6h_return,spearman,0.05827841549730169,203
A_portfolio,2021,return_std_168,forward_6h_return,pearson,0.09274638923972105,203
A_portfolio,2021,return_std_168,forward_6h_return,spearman,0.05528028896775509,203
A_portfolio,2021,volatility_percentile_720,forward_6h_return,pearson,-0.024179063158800453,203
A_portfolio,2021,volatility_percentile_720,forward_6h_return,spearman,-0.049908638547450014,203
A_portfolio,2021,rsi14,forward_6h_return,pearson,0.12063208594417116,203
A_portfolio,2021,rsi14,forward_6h_return,spearman,0.12799848515712192,203
A_portfolio,2021,macd_ratio,forward_6h_return,pearson,0.23273614761824024,203
A_portfolio,2021,macd_ratio,forward_6h_return,spearman,0.16631425530266733,203
A_portfolio,2021,macd_signal_ratio,forward_6h_return,pearson,0.27997617659694773,203
A_portfolio,2021,macd_signal_ratio,forward_6h_return,spearman,0.20377649181898777,203
A_portfolio,2021,relative_volume_24,forward_6h_return,pearson,0.026929223948603188,203
A_portfolio,2021,relative_volume_24,forward_6h_return,spearman,0.026479625650191796,203
A_portfolio,2021,volume_zscore_24,forward_6h_return,pearson,0.022008466957567436,203
A_portfolio,2021,volume_zscore_24,forward_6h_return,spearman,0.013259178714162347,203
A_portfolio,2021,volume_trend_24_168,forward_6h_return,pearson,0.0035722332477873737,203
A_portfolio,2021,volume_trend_24_168,forward_6h_return,spearman,0.007565607328626228,203
A_portfolio,2021,regime_duration,forward_6h_return,pearson,0.04499076292063263,203
A_portfolio,2021,regime_duration,forward_6h_return,spearman,-0.032847939678130926,203
A_portfolio,2021,regime_transition,forward_6h_return,pearson,-0.013711663121328866,203
A_portfolio,2021,regime_transition,forward_6h_return,spearman,0.0016561732417610883,203
A_portfolio,2021,hour_of_day,forward_6h_return,pearson,0.03311076333760462,203
A_portfolio,2021,hour_of_day,forward_6h_return,spearman,0.06329047564706472,203
A_portfolio,2021,day_of_week,forward_6h_return,pearson,0.012423014155987651,203
A_portfolio,2021,day_of_week,forward_6h_return,spearman,0.012588021430362445,203
A_portfolio,2021,distance_high_24,forward_6h_return,pearson,0.08601309746475247,203
A_portfolio,2021,distance_high_24,forward_6h_return,spearman,0.09230499984220387,203
A_portfolio,2021,distance_low_24,forward_6h_return,pearson,0.129597619397884,203
A_portfolio,2021,distance_low_24,forward_6h_return,spearman,0.10004418291727754,203
A_portfolio,2021,distance_high_168,forward_6h_return,pearson,0.0390014088734718,203
A_portfolio,2021,distance_high_168,forward_6h_return,spearman,0.006829703544101151,203
A_portfolio,2021,distance_low_168,forward_6h_return,pearson,0.10277257949824704,203
A_portfolio,2021,distance_low_168,forward_6h_return,spearman,0.0615950033137188,203
A_portfolio,2021,candles_since_prior_signal,forward_6h_return,pearson,-0.09053994303488046,203
A_portfolio,2021,candles_since_prior_signal,forward_6h_return,spearman,-0.10616335094947833,203
A_portfolio,2021,return_1h,forward_6h_return,pearson,0.04100433108838675,203
A_portfolio,2021,return_1h,forward_6h_return,spearman,0.010160636463530446,203
A_portfolio,2021,return_3h,forward_6h_return,pearson,-0.002099923801169179,203
A_portfolio,2021,return_3h,forward_6h_return,spearman,-0.01729158717088748,203
A_portfolio,2021,return_6h,forward_6h_return,pearson,0.023527216414636478,203
A_portfolio,2021,return_6h,forward_6h_return,spearman,0.061526146819260316,203
A_portfolio,2021,return_12h,forward_6h_return,pearson,0.20912964263377629,203
A_portfolio,2021,return_12h,forward_6h_return,spearman,0.17345811660273533,203
A_portfolio,2021,return_24h,forward_6h_return,pearson,0.11822521484019403,203
A_portfolio,2021,return_24h,forward_6h_return,spearman,0.13228767095776517,203
A_portfolio,2021,return_72h,forward_6h_return,pearson,0.11406825430769121,203
A_portfolio,2021,return_72h,forward_6h_return,spearman,0.07945609107419001,203
A_portfolio,2021,return_168h,forward_6h_return,pearson,0.04259786054849659,203
A_portfolio,2021,return_168h,forward_6h_return,spearman,-0.030266732845408567,203
A_portfolio,2021,volatility_ratio_24_168,forward_6h_return,pearson,0.0010962624795083594,203
A_portfolio,2021,volatility_ratio_24_168,forward_6h_return,spearman,-0.0039033025296154656,203
A_portfolio,2021,natr_ratio_168,forward_6h_return,pearson,-0.049145754821811806,203
A_portfolio,2021,natr_ratio_168,forward_6h_return,spearman,-0.035136895318045286,203
A_portfolio,2021,up_fraction_24,forward_6h_return,pearson,0.012433256467483337,203
A_portfolio,2021,up_fraction_24,forward_6h_return,spearman,-0.001722275281955674,203
A_portfolio,2021,volume_price_interaction,forward_6h_return,pearson,0.01740177016441394,203
A_portfolio,2021,volume_price_interaction,forward_6h_return,spearman,0.004723842421912432,203
A_portfolio,2021,range_expansion_24,forward_6h_return,pearson,0.062436133236729044,203
A_portfolio,2021,range_expansion_24,forward_6h_return,spearman,0.06137695774793359,203
A_portfolio,2021,signal_density_168,forward_6h_return,pearson,0.13463502751397585,203
A_portfolio,2021,signal_density_168,forward_6h_return,spearman,0.07459644385262858,203
A_portfolio,2021,ema20_distance,forward_12h_return,pearson,0.11781801612133826,203
A_portfolio,2021,ema20_distance,forward_12h_return,spearman,0.09721819762387714,203
A_portfolio,2021,ema50_distance,forward_12h_return,pearson,0.15913680219601872,203
A_portfolio,2021,ema50_distance,forward_12h_return,spearman,0.127427550057237,203
A_portfolio,2021,ema_gap,forward_12h_return,pearson,0.1924917647796028,203
A_portfolio,2021,ema_gap,forward_12h_return,spearman,0.11302506663300352,203
A_portfolio,2021,ema20_slope_6,forward_12h_return,pearson,0.12850478414750463,203
A_portfolio,2021,ema20_slope_6,forward_12h_return,spearman,0.08813057486565813,203
A_portfolio,2021,ema50_slope_6,forward_12h_return,pearson,0.17525464973907895,203
A_portfolio,2021,ema50_slope_6,forward_12h_return,spearman,0.13474068357284874,203
A_portfolio,2021,trend_efficiency_20,forward_12h_return,pearson,0.11855661059407901,203
A_portfolio,2021,trend_efficiency_20,forward_12h_return,spearman,0.07914049880792196,203
A_portfolio,2021,range_ratio,forward_12h_return,pearson,0.08391060692404126,203
A_portfolio,2021,range_ratio,forward_12h_return,spearman,0.07647087513735437,203
A_portfolio,2021,body_to_range,forward_12h_return,pearson,0.03316383970318605,203
A_portfolio,2021,body_to_range,forward_12h_return,spearman,0.023135782138051536,203
A_portfolio,2021,close_location,forward_12h_return,pearson,0.06976633776946622,203
A_portfolio,2021,close_location,forward_12h_return,spearman,0.048602643515583084,203
A_portfolio,2021,natr14,forward_12h_return,pearson,0.004690673993540857,203
A_portfolio,2021,natr14,forward_12h_return,spearman,0.11419993056970144,203
A_portfolio,2021,return_std_24,forward_12h_return,pearson,0.04567404236920567,203
A_portfolio,2021,return_std_24,forward_12h_return,spearman,0.14372502158938003,203
A_portfolio,2021,return_std_168,forward_12h_return,pearson,0.11840349933332442,203
A_portfolio,2021,return_std_168,forward_12h_return,spearman,0.1620035518475058,203
A_portfolio,2021,volatility_percentile_720,forward_12h_return,pearson,-0.015570525161501968,203
A_portfolio,2021,volatility_percentile_720,forward_12h_return,spearman,0.0017171291524042903,203
A_portfolio,2021,rsi14,forward_12h_return,pearson,0.11652968853760234,203
A_portfolio,2021,rsi14,forward_12h_return,spearman,0.10599022811582812,203
A_portfolio,2021,macd_ratio,forward_12h_return,pearson,0.14626293718700678,203
A_portfolio,2021,macd_ratio,forward_12h_return,spearman,0.10336077073369465,203
A_portfolio,2021,macd_signal_ratio,forward_12h_return,pearson,0.15552183046923548,203
A_portfolio,2021,macd_signal_ratio,forward_12h_return,spearman,0.0996841208316717,203
A_portfolio,2021,relative_volume_24,forward_12h_return,pearson,0.06107082802844584,203
A_portfolio,2021,relative_volume_24,forward_12h_return,spearman,0.014623398010621116,203
A_portfolio,2021,volume_zscore_24,forward_12h_return,pearson,0.054960952273933876,203
A_portfolio,2021,volume_zscore_24,forward_12h_return,spearman,0.014877306333936786,203
A_portfolio,2021,volume_trend_24_168,forward_12h_return,pearson,-0.08642132546344106,203
A_portfolio,2021,volume_trend_24_168,forward_12h_return,spearman,-0.06425745443278029,203
A_portfolio,2021,regime_duration,forward_12h_return,pearson,0.05445270783776792,203
A_portfolio,2021,regime_duration,forward_12h_return,spearman,-0.01284233378095072,203
A_portfolio,2021,regime_transition,forward_12h_return,pearson,0.025868448122573075,203
A_portfolio,2021,regime_transition,forward_12h_return,spearman,0.01683776129123773,203
A_portfolio,2021,hour_of_day,forward_12h_return,pearson,0.0495206975894579,203
A_portfolio,2021,hour_of_day,forward_12h_return,spearman,0.08840873055243036,203
A_portfolio,2021,day_of_week,forward_12h_return,pearson,-0.015960400182950023,203
A_portfolio,2021,day_of_week,forward_12h_return,spearman,-0.037899903635970345,203
A_portfolio,2021,distance_high_24,forward_12h_return,pearson,0.040418008190126684,203
A_portfolio,2021,distance_high_24,forward_12h_return,spearman,0.03462620965081151,203
A_portfolio,2021,distance_low_24,forward_12h_return,pearson,0.06819032030691663,203
A_portfolio,2021,distance_low_24,forward_12h_return,spearman,0.11092637806232088,203
A_portfolio,2021,distance_high_168,forward_12h_return,pearson,0.09585029220979768,203
A_portfolio,2021,distance_high_168,forward_12h_return,spearman,-0.012262194054815509,203
A_portfolio,2021,distance_low_168,forward_12h_return,pearson,0.14980596262397858,203
A_portfolio,2021,distance_low_168,forward_12h_return,spearman,0.13496877071074248,203
A_portfolio,2021,candles_since_prior_signal,forward_12h_return,pearson,-0.07433778675902178,203
A_portfolio,2021,candles_since_prior_signal,forward_12h_return,spearman,-0.12152752290768726,203
A_portfolio,2021,return_1h,forward_12h_return,pearson,0.0138112089923151,203
A_portfolio,2021,return_1h,forward_12h_return,spearman,0.00430353090365542,203
A_portfolio,2021,return_3h,forward_12h_return,pearson,0.0387925180498418,203
A_portfolio,2021,return_3h,forward_12h_return,spearman,0.025408046455181597,203
A_portfolio,2021,return_6h,forward_12h_return,pearson,0.08912864027035709,203
A_portfolio,2021,return_6h,forward_12h_return,spearman,0.14738445736778838,203
A_portfolio,2021,return_12h,forward_12h_return,pearson,0.16770369302944885,203
A_portfolio,2021,return_12h,forward_12h_return,spearman,0.13267642324939535,203
A_portfolio,2021,return_24h,forward_12h_return,pearson,0.04579327437118564,203
A_portfolio,2021,return_24h,forward_12h_return,spearman,0.07692991843374429,203
A_portfolio,2021,return_72h,forward_12h_return,pearson,0.1358009959046447,203
A_portfolio,2021,return_72h,forward_12h_return,spearman,0.10201376556085053,203
A_portfolio,2021,return_168h,forward_12h_return,pearson,0.1939934250001246,203
A_portfolio,2021,return_168h,forward_12h_return,spearman,0.05755542230548759,203
A_portfolio,2021,volatility_ratio_24_168,forward_12h_return,pearson,-0.05269068434476868,203
A_portfolio,2021,volatility_ratio_24_168,forward_12h_return,spearman,-0.033901781948696176,203
A_portfolio,2021,natr_ratio_168,forward_12h_return,pearson,-0.14572826692628457,203
A_portfolio,2021,natr_ratio_168,forward_12h_return,spearman,-0.15458426456960392,203
A_portfolio,2021,up_fraction_24,forward_12h_return,pearson,0.00855123341183828,203
A_portfolio,2021,up_fraction_24,forward_12h_return,spearman,0.020689812040188417,203
A_portfolio,2021,volume_price_interaction,forward_12h_return,pearson,0.023106844780910605,203
A_portfolio,2021,volume_price_interaction,forward_12h_return,spearman,0.0035590200573230317,203
A_portfolio,2021,range_expansion_24,forward_12h_return,pearson,0.06549074629409214,203
A_portfolio,2021,range_expansion_24,forward_12h_return,spearman,0.02144162547231252,203
A_portfolio,2021,signal_density_168,forward_12h_return,pearson,0.16053480100537698,203
A_portfolio,2021,signal_density_168,forward_12h_return,spearman,0.11569230856401719,203
A_portfolio,2021,ema20_distance,forward_24h_return,pearson,0.10855533902543708,203
A_portfolio,2021,ema20_distance,forward_24h_return,spearman,0.08904292341723306,203
A_portfolio,2021,ema50_distance,forward_24h_return,pearson,0.13074824156326184,203
A_portfolio,2021,ema50_distance,forward_24h_return,spearman,0.10153750814084597,203
A_portfolio,2021,ema_gap,forward_24h_return,pearson,0.1277208115407277,203
A_portfolio,2021,ema_gap,forward_24h_return,spearman,0.06957374960909594,203
A_portfolio,2021,ema20_slope_6,forward_24h_return,pearson,0.08705803352707518,203
A_portfolio,2021,ema20_slope_6,forward_24h_return,spearman,0.06034267582075508,203
A_portfolio,2021,ema50_slope_6,forward_24h_return,pearson,0.11384224446951972,203
A_portfolio,2021,ema50_slope_6,forward_24h_return,spearman,0.09253021795949516,203
A_portfolio,2021,trend_efficiency_20,forward_24h_return,pearson,0.05984512756269842,203
A_portfolio,2021,trend_efficiency_20,forward_24h_return,spearman,0.056524009398911494,203
A_portfolio,2021,range_ratio,forward_24h_return,pearson,0.0999442572505751,203
A_portfolio,2021,range_ratio,forward_24h_return,spearman,0.1371119291007629,203
A_portfolio,2021,body_to_range,forward_24h_return,pearson,0.005825768356965218,203
A_portfolio,2021,body_to_range,forward_24h_return,spearman,-0.003841618586663071,203
A_portfolio,2021,close_location,forward_24h_return,pearson,0.10309678660657924,203
A_portfolio,2021,close_location,forward_24h_return,spearman,0.10291176900941328,203
A_portfolio,2021,natr14,forward_24h_return,pearson,0.007391677404882457,203
A_portfolio,2021,natr14,forward_24h_return,spearman,0.1616650074164183,203
A_portfolio,2021,return_std_24,forward_24h_return,pearson,0.04066393509653645,203
A_portfolio,2021,return_std_24,forward_24h_return,spearman,0.17666424712595866,203
A_portfolio,2021,return_std_168,forward_24h_return,pearson,0.10920648341076024,203
A_portfolio,2021,return_std_168,forward_24h_return,spearman,0.16440348758144435,203
A_portfolio,2021,volatility_percentile_720,forward_24h_return,pearson,-0.01802539034987783,203
A_portfolio,2021,volatility_percentile_720,forward_24h_return,spearman,0.029919935448367824,203
A_portfolio,2021,rsi14,forward_24h_return,pearson,0.08347461956912744,203
A_portfolio,2021,rsi14,forward_24h_return,spearman,0.07336946386612002,203
A_portfolio,2021,macd_ratio,forward_24h_return,pearson,0.08036943491226052,203
A_portfolio,2021,macd_ratio,forward_24h_return,spearman,0.08060800284606845,203
A_portfolio,2021,macd_signal_ratio,forward_24h_return,pearson,0.05133230331219336,203
A_portfolio,2021,macd_signal_ratio,forward_24h_return,spearman,0.08127074660523137,203
A_portfolio,2021,relative_volume_24,forward_24h_return,pearson,0.12079098400474768,203
A_portfolio,2021,relative_volume_24,forward_24h_return,spearman,0.045402251033564676,203
A_portfolio,2021,volume_zscore_24,forward_24h_return,pearson,0.08837217853479387,203
A_portfolio,2021,volume_zscore_24,forward_24h_return,spearman,0.04477106650102856,203
A_portfolio,2021,volume_trend_24_168,forward_24h_return,pearson,-0.11830302163753262,203
A_portfolio,2021,volume_trend_24_168,forward_24h_return,spearman,-0.0842215342948378,203
A_portfolio,2021,regime_duration,forward_24h_return,pearson,0.11452793219829575,203
A_portfolio,2021,regime_duration,forward_24h_return,spearman,0.03838267318573887,203
A_portfolio,2021,regime_transition,forward_24h_return,pearson,-0.07586736656722119,203
A_portfolio,2021,regime_transition,forward_24h_return,spearman,-0.09136555717048671,203
A_portfolio,2021,hour_of_day,forward_24h_return,pearson,0.048122820611428564,203
A_portfolio,2021,hour_of_day,forward_24h_return,spearman,0.09787170666706117,203
A_portfolio,2021,day_of_week,forward_24h_return,pearson,-0.018490890656266096,203
A_portfolio,2021,day_of_week,forward_24h_return,spearman,-0.05263375086731904,203
A_portfolio,2021,distance_high_24,forward_24h_return,pearson,-0.003100499673536491,203
A_portfolio,2021,distance_high_24,forward_24h_return,spearman,0.022917736572266326,203
A_portfolio,2021,distance_low_24,forward_24h_return,pearson,0.0056824218440672414,203
A_portfolio,2021,distance_low_24,forward_24h_return,spearman,0.11828254688696921,203
A_portfolio,2021,distance_high_168,forward_24h_return,pearson,0.11691673996193754,203
A_portfolio,2021,distance_high_168,forward_24h_return,spearman,-0.0173790922992618,203
A_portfolio,2021,distance_low_168,forward_24h_return,pearson,0.11345863576862382,203
A_portfolio,2021,distance_low_168,forward_24h_return,spearman,0.12385705391750419,203
A_portfolio,2021,candles_since_prior_signal,forward_24h_return,pearson,-0.018830016192894407,203
A_portfolio,2021,candles_since_prior_signal,forward_24h_return,spearman,-0.013663417874782355,203
A_portfolio,2021,return_1h,forward_24h_return,pearson,0.015885230029427353,203
A_portfolio,2021,return_1h,forward_24h_return,spearman,0.051640936333563814,203
A_portfolio,2021,return_3h,forward_24h_return,pearson,0.02922917766081889,203
A_portfolio,2021,return_3h,forward_24h_return,spearman,0.04688840370562701,203
A_portfolio,2021,return_6h,forward_24h_return,pearson,0.1467044018330207,203
A_portfolio,2021,return_6h,forward_24h_return,spearman,0.14157469064785355,203
A_portfolio,2021,return_12h,forward_24h_return,pearson,0.08315970673377832,203
A_portfolio,2021,return_12h,forward_24h_return,spearman,0.05248299388037907,203
A_portfolio,2021,return_24h,forward_24h_return,pearson,0.020794237289972945,203
A_portfolio,2021,return_24h,forward_24h_return,spearman,0.11990784705824974,203
A_portfolio,2021,return_72h,forward_24h_return,pearson,0.031106517400211437,203
A_portfolio,2021,return_72h,forward_24h_return,spearman,-0.017191171449802187,203
A_portfolio,2021,return_168h,forward_24h_return,pearson,0.21197069560460524,203
A_portfolio,2021,return_168h,forward_24h_return,spearman,0.12591557619975272,203
A_portfolio,2021,volatility_ratio_24_168,forward_24h_return,pearson,-0.03338943463208118,203
A_portfolio,2021,volatility_ratio_24_168,forward_24h_return,spearman,-0.005555858396619147,203
A_portfolio,2021,natr_ratio_168,forward_24h_return,pearson,-0.1356842151227587,203
A_portfolio,2021,natr_ratio_168,forward_24h_return,spearman,-0.1007011886352356,203
A_portfolio,2021,up_fraction_24,forward_24h_return,pearson,-0.04314184170401114,203
A_portfolio,2021,up_fraction_24,forward_24h_return,spearman,0.01491743071997442,203
A_portfolio,2021,volume_price_interaction,forward_24h_return,pearson,0.05536789587285741,203
A_portfolio,2021,volume_price_interaction,forward_24h_return,spearman,0.05860261482537707,203
A_portfolio,2021,range_expansion_24,forward_24h_return,pearson,0.07216924359494334,203
A_portfolio,2021,range_expansion_24,forward_24h_return,spearman,0.05242561346833032,203
A_portfolio,2021,signal_density_168,forward_24h_return,pearson,0.11399838726545099,203
A_portfolio,2021,signal_density_168,forward_24h_return,spearman,0.06191461384926332,203
A_portfolio,2021,ema20_distance,forward_48h_return,pearson,0.058129892451629965,203
A_portfolio,2021,ema20_distance,forward_48h_return,spearman,0.0477648894996715,203
A_portfolio,2021,ema50_distance,forward_48h_return,pearson,0.040553372322698344,203
A_portfolio,2021,ema50_distance,forward_48h_return,spearman,0.03094812523848734,203
A_portfolio,2021,ema_gap,forward_48h_return,pearson,-0.021470205986012625,203
A_portfolio,2021,ema_gap,forward_48h_return,spearman,-0.03497049212310394,203
A_portfolio,2021,ema20_slope_6,forward_48h_return,pearson,0.06007266845047162,203
A_portfolio,2021,ema20_slope_6,forward_48h_return,spearman,0.02395345300974606,203
A_portfolio,2021,ema50_slope_6,forward_48h_return,pearson,0.023918820350400976,203
A_portfolio,2021,ema50_slope_6,forward_48h_return,spearman,0.011681217382822026,203
A_portfolio,2021,trend_efficiency_20,forward_48h_return,pearson,0.049527799444987086,203
A_portfolio,2021,trend_efficiency_20,forward_48h_return,spearman,0.041057119331173925,203
A_portfolio,2021,range_ratio,forward_48h_return,pearson,0.16624592655689777,203
A_portfolio,2021,range_ratio,forward_48h_return,spearman,0.1650375411345829,203
A_portfolio,2021,body_to_range,forward_48h_return,pearson,0.009391234545746807,203
A_portfolio,2021,body_to_range,forward_48h_return,spearman,-0.00021230752458033404,203
A_portfolio,2021,close_location,forward_48h_return,pearson,0.0863011950384721,203
A_portfolio,2021,close_location,forward_48h_return,spearman,0.06089926581762784,203
A_portfolio,2021,natr14,forward_48h_return,pearson,0.0801911378016291,203
A_portfolio,2021,natr14,forward_48h_return,spearman,0.17085161138542135,203
A_portfolio,2021,return_std_24,forward_48h_return,pearson,0.04293596897215293,203
A_portfolio,2021,return_std_24,forward_48h_return,spearman,0.13035538558202386,203
A_portfolio,2021,return_std_168,forward_48h_return,pearson,0.12040724364305047,203
A_portfolio,2021,return_std_168,forward_48h_return,spearman,0.13705311417841295,203
A_portfolio,2021,volatility_percentile_720,forward_48h_return,pearson,0.08757331600938703,203
A_portfolio,2021,volatility_percentile_720,forward_48h_return,spearman,0.10940637468825548,203
A_portfolio,2021,rsi14,forward_48h_return,pearson,0.02657030747741597,203
A_portfolio,2021,rsi14,forward_48h_return,spearman,0.03452866295032865,203
A_portfolio,2021,macd_ratio,forward_48h_return,pearson,0.03847786870709994,203
A_portfolio,2021,macd_ratio,forward_48h_return,spearman,0.019966948882659926,203
A_portfolio,2021,macd_signal_ratio,forward_48h_return,pearson,-0.003947675672759761,203
A_portfolio,2021,macd_signal_ratio,forward_48h_return,spearman,-0.0038358805454581976,203
A_portfolio,2021,relative_volume_24,forward_48h_return,pearson,0.11026467340905118,203
A_portfolio,2021,relative_volume_24,forward_48h_return,spearman,0.045535660491577985,203
A_portfolio,2021,volume_zscore_24,forward_48h_return,pearson,0.06463841114440237,203
A_portfolio,2021,volume_zscore_24,forward_48h_return,spearman,0.025519938258676638,203
A_portfolio,2021,volume_trend_24_168,forward_48h_return,pearson,-0.023973487978162858,203
A_portfolio,2021,volume_trend_24_168,forward_48h_return,spearman,-0.027300165542488763,203
A_portfolio,2021,regime_duration,forward_48h_return,pearson,0.09032013757599767,203
A_portfolio,2021,regime_duration,forward_48h_return,spearman,-0.028549689188180072,203
A_portfolio,2021,regime_transition,forward_48h_return,pearson,-0.019714503143154153,203
A_portfolio,2021,regime_transition,forward_48h_return,spearman,0.011869241565954466,203
A_portfolio,2021,hour_of_day,forward_48h_return,pearson,-0.024182994083192598,203
A_portfolio,2021,hour_of_day,forward_48h_return,spearman,-0.014790568465748841,203
A_portfolio,2021,day_of_week,forward_48h_return,pearson,-0.08400866051695056,203
A_portfolio,2021,day_of_week,forward_48h_return,spearman,-0.10445464490616699,203
A_portfolio,2021,distance_high_24,forward_48h_return,pearson,-0.11591060403425042,203
A_portfolio,2021,distance_high_24,forward_48h_return,spearman,-0.021091604958815215,203
A_portfolio,2021,distance_low_24,forward_48h_return,pearson,0.026188068935775383,203
A_portfolio,2021,distance_low_24,forward_48h_return,spearman,0.07379120989467827,203
A_portfolio,2021,distance_high_168,forward_48h_return,pearson,-0.02790388335612377,203
A_portfolio,2021,distance_high_168,forward_48h_return,spearman,-0.05037856726849156,203
A_portfolio,2021,distance_low_168,forward_48h_return,pearson,-0.019178690295095596,203
A_portfolio,2021,distance_low_168,forward_48h_return,spearman,0.07795702780941671,203
A_portfolio,2021,candles_since_prior_signal,forward_48h_return,pearson,0.036765086550975934,203
A_portfolio,2021,candles_since_prior_signal,forward_48h_return,spearman,0.059590951278220505,203
A_portfolio,2021,return_1h,forward_48h_return,pearson,-0.013544072394261463,203
A_portfolio,2021,return_1h,forward_48h_return,spearman,-0.016805288178774413,203
A_portfolio,2021,return_3h,forward_48h_return,pearson,-0.03594413579457023,203
A_portfolio,2021,return_3h,forward_48h_return,spearman,0.011141841509563882,203
A_portfolio,2021,return_6h,forward_48h_return,pearson,0.11801386351146259,203
A_portfolio,2021,return_6h,forward_48h_return,spearman,0.1263889645991548,203
A_portfolio,2021,return_12h,forward_48h_return,pearson,0.03086888379904025,203
A_portfolio,2021,return_12h,forward_48h_return,spearman,0.01806048469234058,203
A_portfolio,2021,return_24h,forward_48h_return,pearson,-0.0011453518044080427,203
A_portfolio,2021,return_24h,forward_48h_return,spearman,0.07440948383450341,203
A_portfolio,2021,return_72h,forward_48h_return,pearson,-0.07931811221434454,203
A_portfolio,2021,return_72h,forward_48h_return,spearman,-0.10722534148517722,203
A_portfolio,2021,return_168h,forward_48h_return,pearson,0.029810590775729586,203
A_portfolio,2021,return_168h,forward_48h_return,spearman,0.06820522678173353,203
A_portfolio,2021,volatility_ratio_24_168,forward_48h_return,pearson,-0.03129452224942376,203
A_portfolio,2021,volatility_ratio_24_168,forward_48h_return,spearman,-0.01432932339887133,203
A_portfolio,2021,natr_ratio_168,forward_48h_return,pearson,-0.04819185206318836,203
A_portfolio,2021,natr_ratio_168,forward_48h_return,spearman,-0.021341209751227226,203
A_portfolio,2021,up_fraction_24,forward_48h_return,pearson,-0.09432425796205096,203
A_portfolio,2021,up_fraction_24,forward_48h_return,spearman,-0.053739780962641356,203
A_portfolio,2021,volume_price_interaction,forward_48h_return,pearson,0.05561949027983343,203
A_portfolio,2021,volume_price_interaction,forward_48h_return,spearman,-0.010162070973831663,203
A_portfolio,2021,range_expansion_24,forward_48h_return,pearson,0.10508218908222862,203
A_portfolio,2021,range_expansion_24,forward_48h_return,spearman,0.07220033797062697,203
A_portfolio,2021,signal_density_168,forward_48h_return,pearson,0.0698463807514377,203
A_portfolio,2021,signal_density_168,forward_48h_return,spearman,0.009967454347012588,203
A_portfolio,2022,ema20_distance,net_profit_ratio,pearson,-0.0440254358410136,213
A_portfolio,2022,ema20_distance,net_profit_ratio,spearman,-0.07215608941960704,213
A_portfolio,2022,ema50_distance,net_profit_ratio,pearson,0.035488935762685234,213
A_portfolio,2022,ema50_distance,net_profit_ratio,spearman,-0.00704101172011792,213
A_portfolio,2022,ema_gap,net_profit_ratio,pearson,0.20082500716553323,213
A_portfolio,2022,ema_gap,net_profit_ratio,spearman,0.09675865100672808,213
A_portfolio,2022,ema20_slope_6,net_profit_ratio,pearson,0.028282634198684733,213
A_portfolio,2022,ema20_slope_6,net_profit_ratio,spearman,0.008880119014208687,213
A_portfolio,2022,ema50_slope_6,net_profit_ratio,pearson,0.11752085826496765,213
A_portfolio,2022,ema50_slope_6,net_profit_ratio,spearman,0.06518337675497526,213
A_portfolio,2022,trend_efficiency_20,net_profit_ratio,pearson,0.060776125570812654,213
A_portfolio,2022,trend_efficiency_20,net_profit_ratio,spearman,0.05390161458967169,213
A_portfolio,2022,range_ratio,net_profit_ratio,pearson,-0.12083812995416886,213
A_portfolio,2022,range_ratio,net_profit_ratio,spearman,-0.12132768396661044,213
A_portfolio,2022,body_to_range,net_profit_ratio,pearson,0.04262597153953661,213
A_portfolio,2022,body_to_range,net_profit_ratio,spearman,0.05538184139220794,213
A_portfolio,2022,close_location,net_profit_ratio,pearson,-0.08338077159373389,213
A_portfolio,2022,close_location,net_profit_ratio,spearman,-0.09567331692500265,213
A_portfolio,2022,natr14,net_profit_ratio,pearson,-0.15762274746007898,213
A_portfolio,2022,natr14,net_profit_ratio,spearman,-0.10405919913769338,213
A_portfolio,2022,return_std_24,net_profit_ratio,pearson,-0.11899914779321141,213
A_portfolio,2022,return_std_24,net_profit_ratio,spearman,-0.09748013739286363,213
A_portfolio,2022,return_std_168,net_profit_ratio,pearson,-0.12051843141267635,213
A_portfolio,2022,return_std_168,net_profit_ratio,spearman,-0.07850790157981924,213
A_portfolio,2022,volatility_percentile_720,net_profit_ratio,pearson,-0.17687476238060823,213
A_portfolio,2022,volatility_percentile_720,net_profit_ratio,spearman,-0.18463794797394292,213
A_portfolio,2022,rsi14,net_profit_ratio,pearson,0.02900979761706723,213
A_portfolio,2022,rsi14,net_profit_ratio,spearman,-0.03797179124828321,213
A_portfolio,2022,macd_ratio,net_profit_ratio,pearson,0.023858545461498296,213
A_portfolio,2022,macd_ratio,net_profit_ratio,spearman,0.004600872737749012,213
A_portfolio,2022,macd_signal_ratio,net_profit_ratio,pearson,0.04768017521071017,213
A_portfolio,2022,macd_signal_ratio,net_profit_ratio,spearman,0.016229097384518713,213
A_portfolio,2022,relative_volume_24,net_profit_ratio,pearson,-0.0917659692484717,213
A_portfolio,2022,relative_volume_24,net_profit_ratio,spearman,-0.06916955799334891,213
A_portfolio,2022,volume_zscore_24,net_profit_ratio,pearson,-0.05788869547866236,213
A_portfolio,2022,volume_zscore_24,net_profit_ratio,spearman,-0.0590451543682834,213
A_portfolio,2022,volume_trend_24_168,net_profit_ratio,pearson,0.009516752439823233,213
A_portfolio,2022,volume_trend_24_168,net_profit_ratio,spearman,0.022027066294788657,213
A_portfolio,2022,regime_duration,net_profit_ratio,pearson,-0.08676384793154866,213
A_portfolio,2022,regime_duration,net_profit_ratio,spearman,-0.07878288808724691,213
A_portfolio,2022,regime_transition,net_profit_ratio,pearson,-0.023209773719637214,213
A_portfolio,2022,regime_transition,net_profit_ratio,spearman,-0.04677043374720581,213
A_portfolio,2022,hour_of_day,net_profit_ratio,pearson,0.09065464675670186,213
A_portfolio,2022,hour_of_day,net_profit_ratio,spearman,0.12647343321073623,213
A_portfolio,2022,day_of_week,net_profit_ratio,pearson,-0.09643630940981035,213
A_portfolio,2022,day_of_week,net_profit_ratio,spearman,-0.07589809093263315,213
A_portfolio,2022,distance_high_24,net_profit_ratio,pearson,0.055301064042373727,213
A_portfolio,2022,distance_high_24,net_profit_ratio,spearman,0.015212062358279458,213
A_portfolio,2022,distance_low_24,net_profit_ratio,pearson,-0.06998115655258108,213
A_portfolio,2022,distance_low_24,net_profit_ratio,spearman,-0.08239101333445922,213
A_portfolio,2022,distance_high_168,net_profit_ratio,pearson,0.1904981246688026,213
A_portfolio,2022,distance_high_168,net_profit_ratio,spearman,0.15448004549958894,213
A_portfolio,2022,distance_low_168,net_profit_ratio,pearson,-0.036938044206366025,213
A_portfolio,2022,distance_low_168,net_profit_ratio,spearman,-0.08467841079274092,213
A_portfolio,2022,candles_since_prior_signal,net_profit_ratio,pearson,-0.09839711643162279,213
A_portfolio,2022,candles_since_prior_signal,net_profit_ratio,spearman,-0.08175247141418321,213
A_portfolio,2022,return_1h,net_profit_ratio,pearson,-0.06681740569213734,213
A_portfolio,2022,return_1h,net_profit_ratio,spearman,-0.04405661619159499,213
A_portfolio,2022,return_3h,net_profit_ratio,pearson,-0.14150212784342422,213
A_portfolio,2022,return_3h,net_profit_ratio,spearman,-0.13777906373171137,213
A_portfolio,2022,return_6h,net_profit_ratio,pearson,-0.0014348236088723577,213
A_portfolio,2022,return_6h,net_profit_ratio,spearman,-0.05388050397252142,213
A_portfolio,2022,return_12h,net_profit_ratio,pearson,-0.038507274041522106,213
A_portfolio,2022,return_12h,net_profit_ratio,spearman,-0.06643387037087628,213
A_portfolio,2022,return_24h,net_profit_ratio,pearson,-0.048954226551550795,213
A_portfolio,2022,return_24h,net_profit_ratio,spearman,-0.05393886861993686,213
A_portfolio,2022,return_72h,net_profit_ratio,pearson,0.14329530534301474,213
A_portfolio,2022,return_72h,net_profit_ratio,spearman,0.04166739105058849,213
A_portfolio,2022,return_168h,net_profit_ratio,pearson,0.20962893477187056,213
A_portfolio,2022,return_168h,net_profit_ratio,spearman,0.2168519847705524,213
A_portfolio,2022,volatility_ratio_24_168,net_profit_ratio,pearson,-0.023979326148334854,213
A_portfolio,2022,volatility_ratio_24_168,net_profit_ratio,spearman,-0.020178024592627176,213
A_portfolio,2022,natr_ratio_168,net_profit_ratio,pearson,-0.12198154891459469,213
A_portfolio,2022,natr_ratio_168,net_profit_ratio,spearman,-0.08697325905707566,213
A_portfolio,2022,up_fraction_24,net_profit_ratio,pearson,-0.004730859323911866,213
A_portfolio,2022,up_fraction_24,net_profit_ratio,spearman,0.011590960307921666,213
A_portfolio,2022,volume_price_interaction,net_profit_ratio,pearson,-0.10952475786086752,213
A_portfolio,2022,volume_price_interaction,net_profit_ratio,spearman,-0.05116468516619022,213
A_portfolio,2022,range_expansion_24,net_profit_ratio,pearson,-0.03816575868611302,213
A_portfolio,2022,range_expansion_24,net_profit_ratio,spearman,-0.011078106799853963,213
A_portfolio,2022,signal_density_168,net_profit_ratio,pearson,0.06381375369833829,213
A_portfolio,2022,signal_density_168,net_profit_ratio,spearman,0.07212329750749046,213
A_portfolio,2022,ema20_distance,profitable_after_fees,pearson,0.06162581048344805,213
A_portfolio,2022,ema20_distance,profitable_after_fees,spearman,0.09976070441984894,213
A_portfolio,2022,ema50_distance,profitable_after_fees,pearson,0.10251066966443172,213
A_portfolio,2022,ema50_distance,profitable_after_fees,spearman,0.13140433353465908,213
A_portfolio,2022,ema_gap,profitable_after_fees,pearson,0.1400865875368931,213
A_portfolio,2022,ema_gap,profitable_after_fees,spearman,0.08144070861653777,213
A_portfolio,2022,ema20_slope_6,profitable_after_fees,pearson,0.1344141429208728,213
A_portfolio,2022,ema20_slope_6,profitable_after_fees,spearman,0.18636432094459257,213
A_portfolio,2022,ema50_slope_6,profitable_after_fees,pearson,0.16028311186731364,213
A_portfolio,2022,ema50_slope_6,profitable_after_fees,spearman,0.16871050680685637,213
A_portfolio,2022,trend_efficiency_20,profitable_after_fees,pearson,0.11045778550870027,213
A_portfolio,2022,trend_efficiency_20,profitable_after_fees,spearman,0.1468930572592767,213
A_portfolio,2022,range_ratio,profitable_after_fees,pearson,0.026405934102215308,213
A_portfolio,2022,range_ratio,profitable_after_fees,spearman,0.05312798782960235,213
A_portfolio,2022,body_to_range,profitable_after_fees,pearson,0.06372777912885078,213
A_portfolio,2022,body_to_range,profitable_after_fees,spearman,0.06362034906240782,213
A_portfolio,2022,close_location,profitable_after_fees,pearson,-0.06465374445616123,213
A_portfolio,2022,close_location,profitable_after_fees,spearman,-0.05912362281977691,213
A_portfolio,2022,natr14,profitable_after_fees,pearson,0.05342427749646483,213
A_portfolio,2022,natr14,profitable_after_fees,spearman,0.1520559651674826,213
A_portfolio,2022,return_std_24,profitable_after_fees,pearson,0.06558535951334617,213
A_portfolio,2022,return_std_24,profitable_after_fees,spearman,0.15322178308223877,213
A_portfolio,2022,return_std_168,profitable_after_fees,pearson,0.02476886817831825,213
A_portfolio,2022,return_std_168,profitable_after_fees,spearman,0.12141160855103482,213
A_portfolio,2022,volatility_percentile_720,profitable_after_fees,pearson,0.0028086803138783856,213
A_portfolio,2022,volatility_percentile_720,profitable_after_fees,spearman,0.015072828127226405,213
A_portfolio,2022,rsi14,profitable_after_fees,pearson,0.09117543926615622,213
A_portfolio,2022,rsi14,profitable_after_fees,spearman,0.09976070441984894,213
A_portfolio,2022,macd_ratio,profitable_after_fees,pearson,0.13307122363865367,213
A_portfolio,2022,macd_ratio,profitable_after_fees,spearman,0.1931926830167358,213
A_portfolio,2022,macd_signal_ratio,profitable_after_fees,pearson,0.13665408035720072,213
A_portfolio,2022,macd_signal_ratio,profitable_after_fees,spearman,0.17903632262326813,213
A_portfolio,2022,relative_volume_24,profitable_after_fees,pearson,-0.10304640025930131,213
A_portfolio,2022,relative_volume_24,profitable_after_fees,spearman,-0.08077452695096281,213
A_portfolio,2022,volume_zscore_24,profitable_after_fees,pearson,-0.08773948228759929,213
A_portfolio,2022,volume_zscore_24,profitable_after_fees,spearman,-0.06628507572470763,213
A_portfolio,2022,volume_trend_24_168,profitable_after_fees,pearson,0.14022137322185432,213
A_portfolio,2022,volume_trend_24_168,profitable_after_fees,spearman,0.17587195971178707,213
A_portfolio,2022,regime_duration,profitable_after_fees,pearson,-0.04057620805365695,213
A_portfolio,2022,regime_duration,profitable_after_fees,spearman,-0.0434309073610493,213
A_portfolio,2022,regime_transition,profitable_after_fees,pearson,-0.041867437955982946,213
A_portfolio,2022,regime_transition,profitable_after_fees,spearman,-0.04186743795598305,213
A_portfolio,2022,hour_of_day,profitable_after_fees,pearson,0.11886000194476097,213
A_portfolio,2022,hour_of_day,profitable_after_fees,spearman,0.11597442506036156,213
A_portfolio,2022,day_of_week,profitable_after_fees,pearson,-0.24109059943986386,213
A_portfolio,2022,day_of_week,profitable_after_fees,spearman,-0.24111949212274006,213
A_portfolio,2022,distance_high_24,profitable_after_fees,pearson,0.003180135875068686,213
A_portfolio,2022,distance_high_24,profitable_after_fees,spearman,0.00899345248526184,213
A_portfolio,2022,distance_low_24,profitable_after_fees,pearson,0.0896717851687913,213
A_portfolio,2022,distance_low_24,profitable_after_fees,spearman,0.15488723724617615,213
A_portfolio,2022,distance_high_168,profitable_after_fees,pearson,0.06898116526658715,213
A_portfolio,2022,distance_high_168,profitable_after_fees,spearman,0.02897890245251037,213
A_portfolio,2022,distance_low_168,profitable_after_fees,pearson,0.052007163219295924,213
A_portfolio,2022,distance_low_168,profitable_after_fees,spearman,0.06928289321979492,213
A_portfolio,2022,candles_since_prior_signal,profitable_after_fees,pearson,-0.01996987571267964,213
A_portfolio,2022,candles_since_prior_signal,profitable_after_fees,spearman,0.005496440708956362,213
A_portfolio,2022,return_1h,profitable_after_fees,pearson,-0.012687660877719427,213
A_portfolio,2022,return_1h,profitable_after_fees,spearman,-0.02031854080003601,213
A_portfolio,2022,return_3h,profitable_after_fees,pearson,-0.07196094848852515,213
A_portfolio,2022,return_3h,profitable_after_fees,spearman,-0.0666181665574951,213
A_portfolio,2022,return_6h,profitable_after_fees,pearson,0.03630015721277105,213
A_portfolio,2022,return_6h,profitable_after_fees,spearman,0.01349017872789276,213
A_portfolio,2022,return_12h,profitable_after_fees,pearson,0.055843073246794606,213
A_portfolio,2022,return_12h,profitable_after_fees,spearman,0.08677016194113737,213
A_portfolio,2022,return_24h,profitable_after_fees,pearson,0.06792205777470983,213
A_portfolio,2022,return_24h,profitable_after_fees,spearman,0.1433956035150082,213
A_portfolio,2022,return_72h,profitable_after_fees,pearson,0.07720214090256255,213
A_portfolio,2022,return_72h,profitable_after_fees,spearman,0.006162180406568296,213
A_portfolio,2022,return_168h,profitable_after_fees,pearson,0.11834889729663453,213
A_portfolio,2022,return_168h,profitable_after_fees,spearman,0.1287396068723593,213
A_portfolio,2022,volatility_ratio_24_168,profitable_after_fees,pearson,0.11712902560218667,213
A_portfolio,2022,volatility_ratio_24_168,profitable_after_fees,spearman,0.14189669476746458,213
A_portfolio,2022,natr_ratio_168,profitable_after_fees,pearson,0.03414809274858501,213
A_portfolio,2022,natr_ratio_168,profitable_after_fees,spearman,0.07927561820341918,213
A_portfolio,2022,up_fraction_24,profitable_after_fees,pearson,-0.0234805158934611,213
A_portfolio,2022,up_fraction_24,profitable_after_fees,spearman,0.009619006097374158,213
A_portfolio,2022,volume_price_interaction,profitable_after_fees,pearson,-0.02604319212419424,213
A_portfolio,2022,volume_price_interaction,profitable_after_fees,spearman,-0.027313448288572992,213
A_portfolio,2022,range_expansion_24,profitable_after_fees,pearson,-0.0738680664959448,213
A_portfolio,2022,range_expansion_24,profitable_after_fees,spearman,-0.03997089993449707,213
A_portfolio,2022,signal_density_168,profitable_after_fees,pearson,-0.025966040357856775,213
A_portfolio,2022,signal_density_168,profitable_after_fees,spearman,-0.012446504716504209,213
A_portfolio,2022,ema20_distance,return_above_0_5_percent,pearson,0.11046669654387888,213
A_portfolio,2022,ema20_distance,return_above_0_5_percent,spearman,0.16451958691888552,213
A_portfolio,2022,ema50_distance,return_above_0_5_percent,pearson,0.15159031979712737,213
A_portfolio,2022,ema50_distance,return_above_0_5_percent,spearman,0.1948763293620309,213
A_portfolio,2022,ema_gap,return_above_0_5_percent,pearson,0.16163393767166098,213
A_portfolio,2022,ema_gap,return_above_0_5_percent,spearman,0.11165698369892549,213
A_portfolio,2022,ema20_slope_6,return_above_0_5_percent,pearson,0.150240625765916,213
A_portfolio,2022,ema20_slope_6,return_above_0_5_percent,spearman,0.20900791636142618,213
A_portfolio,2022,ema50_slope_6,return_above_0_5_percent,pearson,0.179212571412542,213
A_portfolio,2022,ema50_slope_6,return_above_0_5_percent,spearman,0.18737437576975935,213
A_portfolio,2022,trend_efficiency_20,return_above_0_5_percent,pearson,0.13396370518673628,213
A_portfolio,2022,trend_efficiency_20,return_above_0_5_percent,spearman,0.17446403702957108,213
A_portfolio,2022,range_ratio,return_above_0_5_percent,pearson,0.023895433662322444,213
A_portfolio,2022,range_ratio,return_above_0_5_percent,spearman,0.02285478885087381,213
A_portfolio,2022,body_to_range,return_above_0_5_percent,pearson,0.0409910791541645,213
A_portfolio,2022,body_to_range,return_above_0_5_percent,spearman,0.03593959162809164,213
A_portfolio,2022,close_location,return_above_0_5_percent,pearson,-0.0783808532845007,213
A_portfolio,2022,close_location,return_above_0_5_percent,spearman,-0.07432167977459728,213
A_portfolio,2022,natr14,return_above_0_5_percent,pearson,0.039644212613373746,213
A_portfolio,2022,natr14,return_above_0_5_percent,spearman,0.11357608810625078,213
A_portfolio,2022,return_std_24,return_above_0_5_percent,pearson,0.06305890165526612,213
A_portfolio,2022,return_std_24,return_above_0_5_percent,spearman,0.11933340132822662,213
A_portfolio,2022,return_std_168,return_above_0_5_percent,pearson,0.03306216059647537,213
A_portfolio,2022,return_std_168,return_above_0_5_percent,spearman,0.1111335915878368,213
A_portfolio,2022,volatility_percentile_720,return_above_0_5_percent,pearson,-0.040648540741980925,213
A_portfolio,2022,volatility_percentile_720,return_above_0_5_percent,spearman,-0.0320151447213301,213
A_portfolio,2022,rsi14,return_above_0_5_percent,pearson,0.14786652094086006,213
A_portfolio,2022,rsi14,return_above_0_5_percent,spearman,0.15858780965988012,213
A_portfolio,2022,macd_ratio,return_above_0_5_percent,pearson,0.16505806234935735,213
A_portfolio,2022,macd_ratio,return_above_0_5_percent,spearman,0.2292457446568564,213
A_portfolio,2022,macd_signal_ratio,return_above_0_5_percent,pearson,0.16742330709430825,213
A_portfolio,2022,macd_signal_ratio,return_above_0_5_percent,spearman,0.2044718513986573,213
A_portfolio,2022,relative_volume_24,return_above_0_5_percent,pearson,-0.0690778183453754,213
A_portfolio,2022,relative_volume_24,return_above_0_5_percent,spearman,-0.04623296981283634,213
A_portfolio,2022,volume_zscore_24,return_above_0_5_percent,pearson,-0.03499319306244356,213
A_portfolio,2022,volume_zscore_24,return_above_0_5_percent,spearman,-0.02582067748037652,213
A_portfolio,2022,volume_trend_24_168,return_above_0_5_percent,pearson,0.10680696277220354,213
A_portfolio,2022,volume_trend_24_168,return_above_0_5_percent,spearman,0.13241820410544444,213
A_portfolio,2022,regime_duration,return_above_0_5_percent,pearson,-0.043357803913778546,213
A_portfolio,2022,regime_duration,return_above_0_5_percent,spearman,-0.06750157501624025,213
A_portfolio,2022,regime_transition,return_above_0_5_percent,pearson,-0.015424663834517254,213
A_portfolio,2022,regime_transition,return_above_0_5_percent,spearman,-0.015424663834517174,213
A_portfolio,2022,hour_of_day,return_above_0_5_percent,pearson,0.03204697917023666,213
A_portfolio,2022,hour_of_day,return_above_0_5_percent,spearman,0.03196608254383759,213
A_portfolio,2022,day_of_week,return_above_0_5_percent,pearson,-0.1795952653307608,213
A_portfolio,2022,day_of_week,return_above_0_5_percent,spearman,-0.18032880163528206,213
A_portfolio,2022,distance_high_24,return_above_0_5_percent,pearson,0.07007971664623487,213
A_portfolio,2022,distance_high_24,return_above_0_5_percent,spearman,0.07589185610786342,213
A_portfolio,2022,distance_low_24,return_above_0_5_percent,pearson,0.10616437354275265,213
A_portfolio,2022,distance_low_24,return_above_0_5_percent,spearman,0.16521744306700384,213
A_portfolio,2022,distance_high_168,return_above_0_5_percent,pearson,0.06226055013880818,213
A_portfolio,2022,distance_high_168,return_above_0_5_percent,spearman,0.05199028303481218,213
A_portfolio,2022,distance_low_168,return_above_0_5_percent,pearson,0.0970048563845816,213
A_portfolio,2022,distance_low_168,return_above_0_5_percent,spearman,0.11148251966189592,213
A_portfolio,2022,candles_since_prior_signal,return_above_0_5_percent,pearson,-0.050174289852149244,213
A_portfolio,2022,candles_since_prior_signal,return_above_0_5_percent,spearman,-0.05007520516713269,213
A_portfolio,2022,return_1h,return_above_0_5_percent,pearson,0.02681919713965846,213
A_portfolio,2022,return_1h,return_above_0_5_percent,spearman,0.013608194888306545,213
A_portfolio,2022,return_3h,return_above_0_5_percent,pearson,-0.012069846009526547,213
A_portfolio,2022,return_3h,return_above_0_5_percent,spearman,-0.0012212482592069975,213
A_portfolio,2022,return_6h,return_above_0_5_percent,pearson,0.07975872103118069,213
A_portfolio,2022,return_6h,return_above_0_5_percent,spearman,0.06210919718252731,213
A_portfolio,2022,return_12h,return_above_0_5_percent,pearson,0.08262263810459146,213
A_portfolio,2022,return_12h,return_above_0_5_percent,spearman,0.13538409273494717,213
A_portfolio,2022,return_24h,return_above_0_5_percent,pearson,0.09884840088869375,213
A_portfolio,2022,return_24h,return_above_0_5_percent,spearman,0.1702769001408614,213
A_portfolio,2022,return_72h,return_above_0_5_percent,pearson,0.10437330577162322,213
A_portfolio,2022,return_72h,return_above_0_5_percent,spearman,0.054083851479167035,213
A_portfolio,2022,return_168h,return_above_0_5_percent,pearson,0.11622895120386498,213
A_portfolio,2022,return_168h,return_above_0_5_percent,spearman,0.13294159621653315,213
A_portfolio,2022,volatility_ratio_24_168,return_above_0_5_percent,pearson,0.09335887015999735,213
A_portfolio,2022,volatility_ratio_24_168,return_above_0_5_percent,spearman,0.10938895121754107,213
A_portfolio,2022,natr_ratio_168,return_above_0_5_percent,pearson,-0.0021016522529320584,213
A_portfolio,2022,natr_ratio_168,return_above_0_5_percent,spearman,0.03175245473938194,213
A_portfolio,2022,up_fraction_24,return_above_0_5_percent,pearson,-0.00600912288498131,213
A_portfolio,2022,up_fraction_24,return_above_0_5_percent,spearman,0.007757901159878446,213
A_portfolio,2022,volume_price_interaction,return_above_0_5_percent,pearson,0.0015436274359586979,213
A_portfolio,2022,volume_price_interaction,return_above_0_5_percent,spearman,0.01639961948077968,213
A_portfolio,2022,range_expansion_24,return_above_0_5_percent,pearson,-0.060708566118896516,213
A_portfolio,2022,range_expansion_24,return_above_0_5_percent,spearman,-0.05094349881263476,213
A_portfolio,2022,signal_density_168,return_above_0_5_percent,pearson,0.002219406231607399,213
A_portfolio,2022,signal_density_168,return_above_0_5_percent,spearman,0.021233786792781668,213
A_portfolio,2022,ema20_distance,return_above_1_percent,pearson,0.12896669133542377,213
A_portfolio,2022,ema20_distance,return_above_1_percent,spearman,0.18787811030451662,213
A_portfolio,2022,ema50_distance,return_above_1_percent,pearson,0.1688308534238237,213
A_portfolio,2022,ema50_distance,return_above_1_percent,spearman,0.2120516419993267,213
A_portfolio,2022,ema_gap,return_above_1_percent,pearson,0.1657849034650994,213
A_portfolio,2022,ema_gap,return_above_1_percent,spearman,0.12175639125694787,213
A_portfolio,2022,ema20_slope_6,return_above_1_percent,pearson,0.16696200112492923,213
A_portfolio,2022,ema20_slope_6,return_above_1_percent,spearman,0.22787108553490096,213
A_portfolio,2022,ema50_slope_6,return_above_1_percent,pearson,0.19254557468261596,213
A_portfolio,2022,ema50_slope_6,return_above_1_percent,spearman,0.20120910204797807,213
A_portfolio,2022,trend_efficiency_20,return_above_1_percent,pearson,0.14187284674581016,213
A_portfolio,2022,trend_efficiency_20,return_above_1_percent,spearman,0.17899078247554234,213
A_portfolio,2022,range_ratio,return_above_1_percent,pearson,0.05292416887480277,213
A_portfolio,2022,range_ratio,return_above_1_percent,spearman,0.06647721216072774,213
A_portfolio,2022,body_to_range,return_above_1_percent,pearson,0.033874712255021,213
A_portfolio,2022,body_to_range,return_above_1_percent,spearman,0.026484236930343404,213
A_portfolio,2022,close_location,return_above_1_percent,pearson,-0.06289090894540572,213
A_portfolio,2022,close_location,return_above_1_percent,spearman,-0.06061157579360471,213
A_portfolio,2022,natr14,return_above_1_percent,pearson,0.06229736155808458,213
A_portfolio,2022,natr14,return_above_1_percent,spearman,0.14219724526358876,213
A_portfolio,2022,return_std_24,return_above_1_percent,pearson,0.07841217529221643,213
A_portfolio,2022,return_std_24,return_above_1_percent,spearman,0.13473188988725035,213
A_portfolio,2022,return_std_168,return_above_1_percent,pearson,0.060664663341232744,213
A_portfolio,2022,return_std_168,return_above_1_percent,spearman,0.14699640229123487,213
A_portfolio,2022,volatility_percentile_720,return_above_1_percent,pearson,-0.0250278006710625,213
A_portfolio,2022,volatility_percentile_720,return_above_1_percent,spearman,-0.014842298261063607,213
A_portfolio,2022,rsi14,return_above_1_percent,pearson,0.16503746043660675,213
A_portfolio,2022,rsi14,return_above_1_percent,spearman,0.17721331690974745,213
A_portfolio,2022,macd_ratio,return_above_1_percent,pearson,0.18007186832067087,213
A_portfolio,2022,macd_ratio,return_above_1_percent,spearman,0.24511250152311112,213
A_portfolio,2022,macd_signal_ratio,return_above_1_percent,pearson,0.1775774858984901,213
A_portfolio,2022,macd_signal_ratio,return_above_1_percent,spearman,0.2115184023295883,213
A_portfolio,2022,relative_volume_24,return_above_1_percent,pearson,-0.04609924888649657,213
A_portfolio,2022,relative_volume_24,return_above_1_percent,spearman,-0.010131553725030698,213
A_portfolio,2022,volume_zscore_24,return_above_1_percent,pearson,-0.011828589359620667,213
A_portfolio,2022,volume_zscore_24,return_above_1_percent,spearman,0.0058656363671230356,213
A_portfolio,2022,volume_trend_24_168,return_above_1_percent,pearson,0.09678883659119161,213
A_portfolio,2022,volume_trend_24_168,return_above_1_percent,spearman,0.1201566722477325,213
A_portfolio,2022,regime_duration,return_above_1_percent,pearson,-0.036583093690154854,213
A_portfolio,2022,regime_duration,return_above_1_percent,spearman,-0.07224132785510108,213
A_portfolio,2022,regime_transition,return_above_1_percent,pearson,-0.006058747759341967,213
A_portfolio,2022,regime_transition,return_above_1_percent,spearman,-0.006058747759341997,213
A_portfolio,2022,hour_of_day,return_above_1_percent,pearson,0.06017098933736734,213
A_portfolio,2022,hour_of_day,return_above_1_percent,spearman,0.06104185533147431,213
A_portfolio,2022,day_of_week,return_above_1_percent,pearson,-0.19853715089289042,213
A_portfolio,2022,day_of_week,return_above_1_percent,spearman,-0.1991816105133337,213
A_portfolio,2022,distance_high_24,return_above_1_percent,pearson,0.05619899419403051,213
A_portfolio,2022,distance_high_24,return_above_1_percent,spearman,0.06114481546334316,213
A_portfolio,2022,distance_low_24,return_above_1_percent,pearson,0.1193754997728161,213
A_portfolio,2022,distance_low_24,return_above_1_percent,spearman,0.17756881002290648,213
A_portfolio,2022,distance_high_168,return_above_1_percent,pearson,0.04405544948082737,213
A_portfolio,2022,distance_high_168,return_above_1_percent,spearman,0.034482831976420276,213
A_portfolio,2022,distance_low_168,return_above_1_percent,pearson,0.11269941401277181,213
A_portfolio,2022,distance_low_168,return_above_1_percent,spearman,0.12673329484117346,213
A_portfolio,2022,candles_since_prior_signal,return_above_1_percent,pearson,-0.05911257322483062,213
A_portfolio,2022,candles_since_prior_signal,return_above_1_percent,spearman,-0.06861568821675483,213
A_portfolio,2022,return_1h,return_above_1_percent,pearson,0.03595685268448839,213
A_portfolio,2022,return_1h,return_above_1_percent,spearman,0.021151840232958827,213
A_portfolio,2022,return_3h,return_above_1_percent,pearson,-0.0011947214631186519,213
A_portfolio,2022,return_3h,return_above_1_percent,spearman,0.0037326776881692046,213
A_portfolio,2022,return_6h,return_above_1_percent,pearson,0.09587867118738752,213
A_portfolio,2022,return_6h,return_above_1_percent,spearman,0.07927496423445073,213
A_portfolio,2022,return_12h,return_above_1_percent,pearson,0.10401477542009663,213
A_portfolio,2022,return_12h,return_above_1_percent,spearman,0.16583753728866035,213
A_portfolio,2022,return_24h,return_above_1_percent,pearson,0.115172891115598,213
A_portfolio,2022,return_24h,return_above_1_percent,spearman,0.18983332242689097,213
A_portfolio,2022,return_72h,return_above_1_percent,pearson,0.1103118322564209,213
A_portfolio,2022,return_72h,return_above_1_percent,spearman,0.0645220000383534,213
A_portfolio,2022,return_168h,return_above_1_percent,pearson,0.11228798665710389,213
A_portfolio,2022,return_168h,return_above_1_percent,spearman,0.12637780172801452,213
A_portfolio,2022,volatility_ratio_24_168,return_above_1_percent,pearson,0.07302288632260469,213
A_portfolio,2022,volatility_ratio_24_168,return_above_1_percent,spearman,0.08514060060157376,213
A_portfolio,2022,natr_ratio_168,return_above_1_percent,pearson,0.0022455368840954043,213
A_portfolio,2022,natr_ratio_168,return_above_1_percent,spearman,0.03679353721195359,213
A_portfolio,2022,up_fraction_24,return_above_1_percent,pearson,0.02271235025647958,213
A_portfolio,2022,up_fraction_24,return_above_1_percent,spearman,0.02171291683146583,213
A_portfolio,2022,volume_price_interaction,return_above_1_percent,pearson,0.008806376321084773,213
A_portfolio,2022,volume_price_interaction,return_above_1_percent,spearman,0.022040573015856255,213
A_portfolio,2022,range_expansion_24,return_above_1_percent,pearson,-0.03283953615144856,213
A_portfolio,2022,range_expansion_24,return_above_1_percent,spearman,-0.006754369150020465,213
A_portfolio,2022,signal_density_168,return_above_1_percent,pearson,-0.0064153957868433205,213
A_portfolio,2022,signal_density_168,return_above_1_percent,spearman,0.011575712033175601,213
A_portfolio,2022,ema20_distance,stoploss_hit,pearson,0.2219943032187143,213
A_portfolio,2022,ema20_distance,stoploss_hit,spearman,0.14290361017587144,213
A_portfolio,2022,ema50_distance,stoploss_hit,pearson,0.08463114527693436,213
A_portfolio,2022,ema50_distance,stoploss_hit,spearman,0.048717139832683456,213
A_portfolio,2022,ema_gap,stoploss_hit,pearson,-0.2843506361273704,213
A_portfolio,2022,ema_gap,stoploss_hit,spearman,-0.1911877087655977,213
A_portfolio,2022,ema20_slope_6,stoploss_hit,pearson,0.16633830272544115,213
A_portfolio,2022,ema20_slope_6,stoploss_hit,spearman,0.07405005254567885,213
A_portfolio,2022,ema50_slope_6,stoploss_hit,pearson,-0.024822547084496546,213
A_portfolio,2022,ema50_slope_6,stoploss_hit,spearman,-0.0316120107358746,213
A_portfolio,2022,trend_efficiency_20,stoploss_hit,pearson,0.006716450448577769,213
A_portfolio,2022,trend_efficiency_20,stoploss_hit,spearman,-0.013424278531672773,213
A_portfolio,2022,range_ratio,stoploss_hit,pearson,0.31389641236643206,213
A_portfolio,2022,range_ratio,stoploss_hit,spearman,0.252246524022561,213
A_portfolio,2022,body_to_range,stoploss_hit,pearson,-0.06511013047005551,213
A_portfolio,2022,body_to_range,stoploss_hit,spearman,-0.07080224322349994,213
A_portfolio,2022,close_location,stoploss_hit,pearson,0.022843481506437315,213
A_portfolio,2022,close_location,stoploss_hit,spearman,0.018187732204201824,213
A_portfolio,2022,natr14,stoploss_hit,pearson,0.4436475431243984,213
A_portfolio,2022,natr14,stoploss_hit,spearman,0.319800957923882,213
A_portfolio,2022,return_std_24,stoploss_hit,pearson,0.3872953713363896,213
A_portfolio,2022,return_std_24,stoploss_hit,spearman,0.30182974634115883,213
A_portfolio,2022,return_std_168,stoploss_hit,pearson,0.2939710754051169,213
A_portfolio,2022,return_std_168,stoploss_hit,spearman,0.24098745170567418,213
A_portfolio,2022,volatility_percentile_720,stoploss_hit,pearson,0.34667710572239835,213
A_portfolio,2022,volatility_percentile_720,stoploss_hit,spearman,0.3332355819231903,213
A_portfolio,2022,rsi14,stoploss_hit,pearson,0.039926599902323834,213
A_portfolio,2022,rsi14,stoploss_hit,spearman,0.053913634748169695,213
A_portfolio,2022,macd_ratio,stoploss_hit,pearson,0.18546453937313012,213
A_portfolio,2022,macd_ratio,stoploss_hit,spearman,0.11886982119174763,213
A_portfolio,2022,macd_signal_ratio,stoploss_hit,pearson,0.14310361749061795,213
A_portfolio,2022,macd_signal_ratio,stoploss_hit,spearman,0.11540549124809014,213
A_portfolio,2022,relative_volume_24,stoploss_hit,pearson,0.025549682130028693,213
A_portfolio,2022,relative_volume_24,stoploss_hit,spearman,-0.016888608475330264,213
A_portfolio,2022,volume_zscore_24,stoploss_hit,pearson,0.0018604723673406017,213
A_portfolio,2022,volume_zscore_24,stoploss_hit,spearman,-0.013424278531672773,213
A_portfolio,2022,volume_trend_24_168,stoploss_hit,pearson,0.16640516459648594,213
A_portfolio,2022,volume_trend_24_168,stoploss_hit,spearman,0.19356943560186224,213
A_portfolio,2022,regime_duration,stoploss_hit,pearson,0.18009891215778304,213
A_portfolio,2022,regime_duration,stoploss_hit,spearman,0.1451136736700803,213
A_portfolio,2022,regime_transition,stoploss_hit,pearson,-0.07242034856760893,213
A_portfolio,2022,regime_transition,stoploss_hit,spearman,-0.07242034856760901,213
A_portfolio,2022,hour_of_day,stoploss_hit,pearson,-0.052850588065396685,213
A_portfolio,2022,hour_of_day,stoploss_hit,spearman,-0.05723156225234378,213
A_portfolio,2022,day_of_week,stoploss_hit,pearson,-0.04766516086888437,213
A_portfolio,2022,day_of_week,stoploss_hit,spearman,-0.04313936760073533,213
A_portfolio,2022,distance_high_24,stoploss_hit,pearson,-0.14907951911876824,213
A_portfolio,2022,distance_high_24,stoploss_hit,spearman,-0.1346758265596849,213
A_portfolio,2022,distance_low_24,stoploss_hit,pearson,0.3248262821124542,213
A_portfolio,2022,distance_low_24,stoploss_hit,spearman,0.24380221978489586,213
A_portfolio,2022,distance_high_168,stoploss_hit,pearson,-0.4022906929806475,213
A_portfolio,2022,distance_high_168,stoploss_hit,spearman,-0.308108844364038,213
A_portfolio,2022,distance_low_168,stoploss_hit,pearson,0.11119485962954477,213
A_portfolio,2022,distance_low_168,stoploss_hit,spearman,0.09461951158614519,213
A_portfolio,2022,candles_since_prior_signal,stoploss_hit,pearson,0.125933635336993,213
A_portfolio,2022,candles_since_prior_signal,stoploss_hit,spearman,0.09581807972152213,213
A_portfolio,2022,return_1h,stoploss_hit,pearson,0.1404466273545245,213
A_portfolio,2022,return_1h,stoploss_hit,spearman,0.0472014954823333,213
A_portfolio,2022,return_3h,stoploss_hit,pearson,0.23588436923536443,213
A_portfolio,2022,return_3h,stoploss_hit,spearman,0.1537296412498011,213
A_portfolio,2022,return_6h,stoploss_hit,pearson,0.07499044344722347,213
A_portfolio,2022,return_6h,stoploss_hit,spearman,0.0158060053679373,213
A_portfolio,2022,return_12h,stoploss_hit,pearson,0.187191795658378,213
A_portfolio,2022,return_12h,stoploss_hit,spearman,0.15091487317057942,213
A_portfolio,2022,return_24h,stoploss_hit,pearson,0.3036588295923387,213
A_portfolio,2022,return_24h,stoploss_hit,spearman,0.2141388946423286,213
A_portfolio,2022,return_72h,stoploss_hit,pearson,-0.27625093989694716,213
A_portfolio,2022,return_72h,stoploss_hit,spearman,-0.19291987373742647,213
A_portfolio,2022,return_168h,stoploss_hit,pearson,-0.3665078722880335,213
A_portfolio,2022,return_168h,stoploss_hit,spearman,-0.33452436018442644,213
A_portfolio,2022,volatility_ratio_24_168,stoploss_hit,pearson,0.20315800770783515,213
A_portfolio,2022,volatility_ratio_24_168,stoploss_hit,spearman,0.2451013435137674,213
A_portfolio,2022,natr_ratio_168,stoploss_hit,pearson,0.3156370141673734,213
A_portfolio,2022,natr_ratio_168,stoploss_hit,spearman,0.29858193701897995,213
A_portfolio,2022,up_fraction_24,stoploss_hit,pearson,-0.006298465111055405,213
A_portfolio,2022,up_fraction_24,stoploss_hit,spearman,-0.031208108352861762,213
A_portfolio,2022,volume_price_interaction,stoploss_hit,pearson,0.18035692659141167,213
A_portfolio,2022,volume_price_interaction,stoploss_hit,spearman,0.049366701697119236,213
A_portfolio,2022,range_expansion_24,stoploss_hit,pearson,0.008223266551679312,213
A_portfolio,2022,range_expansion_24,stoploss_hit,spearman,-0.01515644350350152,213
A_portfolio,2022,signal_density_168,stoploss_hit,pearson,-0.16366378747392252,213
A_portfolio,2022,signal_density_168,stoploss_hit,spearman,-0.1569588190995337,213
A_portfolio,2022,ema20_distance,forward_6h_return,pearson,-0.11449886813943977,213
A_portfolio,2022,ema20_distance,forward_6h_return,spearman,0.028006338152349115,213
A_portfolio,2022,ema50_distance,forward_6h_return,pearson,0.004881875340317891,213
A_portfolio,2022,ema50_distance,forward_6h_return,spearman,0.060327934810414235,213
A_portfolio,2022,ema_gap,forward_6h_return,pearson,0.2776901266425026,213
A_portfolio,2022,ema_gap,forward_6h_return,spearman,0.13977091254988935,213
A_portfolio,2022,ema20_slope_6,forward_6h_return,pearson,0.02994853924318567,213
A_portfolio,2022,ema20_slope_6,forward_6h_return,spearman,0.12085952498627808,213
A_portfolio,2022,ema50_slope_6,forward_6h_return,pearson,0.16172916806803012,213
A_portfolio,2022,ema50_slope_6,forward_6h_return,spearman,0.13506200312437133,213
A_portfolio,2022,trend_efficiency_20,forward_6h_return,pearson,0.1370437391326471,213
A_portfolio,2022,trend_efficiency_20,forward_6h_return,spearman,0.1147908434560812,213
A_portfolio,2022,range_ratio,forward_6h_return,pearson,-0.2140588207717632,213
A_portfolio,2022,range_ratio,forward_6h_return,spearman,-0.06777749906244024,213
A_portfolio,2022,body_to_range,forward_6h_return,pearson,0.03215842257797847,213
A_portfolio,2022,body_to_range,forward_6h_return,spearman,0.04574049835958086,213
A_portfolio,2022,close_location,forward_6h_return,pearson,-0.04546522624371877,213
A_portfolio,2022,close_location,forward_6h_return,spearman,-0.015240623781482759,213
A_portfolio,2022,natr14,forward_6h_return,pearson,-0.27288503315420803,213
A_portfolio,2022,natr14,forward_6h_return,spearman,-0.0030386870686293743,213
A_portfolio,2022,return_std_24,forward_6h_return,pearson,-0.22879293320958521,213
A_portfolio,2022,return_std_24,forward_6h_return,spearman,0.02119878502189295,213
A_portfolio,2022,return_std_168,forward_6h_return,pearson,-0.168861889131701,213
A_portfolio,2022,return_std_168,forward_6h_return,spearman,-0.05365325438790386,213
A_portfolio,2022,volatility_percentile_720,forward_6h_return,pearson,-0.13454214188016334,213
A_portfolio,2022,volatility_percentile_720,forward_6h_return,spearman,0.02714412915446119,213
A_portfolio,2022,rsi14,forward_6h_return,pearson,0.07906424800753639,213
A_portfolio,2022,rsi14,forward_6h_return,spearman,0.04806514984812773,213
A_portfolio,2022,macd_ratio,forward_6h_return,pearson,0.029307149716411036,213
A_portfolio,2022,macd_ratio,forward_6h_return,spearman,0.11385949269945185,213
A_portfolio,2022,macd_signal_ratio,forward_6h_return,pearson,0.08623530439399886,213
A_portfolio,2022,macd_signal_ratio,forward_6h_return,spearman,0.13284787192561115,213
A_portfolio,2022,relative_volume_24,forward_6h_return,pearson,-0.08760982020165291,213
A_portfolio,2022,relative_volume_24,forward_6h_return,spearman,-0.07118251742867715,213
A_portfolio,2022,volume_zscore_24,forward_6h_return,pearson,-0.06682334860320079,213
A_portfolio,2022,volume_zscore_24,forward_6h_return,spearman,-0.05832987698719206,213
A_portfolio,2022,volume_trend_24_168,forward_6h_return,pearson,-0.024084827641129403,213
A_portfolio,2022,volume_trend_24_168,forward_6h_return,spearman,0.10581386396318308,213
A_portfolio,2022,regime_duration,forward_6h_return,pearson,-0.13720578246457282,213
A_portfolio,2022,regime_duration,forward_6h_return,spearman,-0.04550289679048822,213
A_portfolio,2022,regime_transition,forward_6h_return,pearson,-0.10014765559457693,213
A_portfolio,2022,regime_transition,forward_6h_return,spearman,-0.15270828368063585,213
A_portfolio,2022,hour_of_day,forward_6h_return,pearson,0.016213676774535935,213
A_portfolio,2022,hour_of_day,forward_6h_return,spearman,0.043392017646671256,213
A_portfolio,2022,day_of_week,forward_6h_return,pearson,-0.1416775997942537,213
A_portfolio,2022,day_of_week,forward_6h_return,spearman,-0.14037802948510608,213
A_portfolio,2022,distance_high_24,forward_6h_return,pearson,0.10836278115127551,213
A_portfolio,2022,distance_high_24,forward_6h_return,spearman,2.483602017678279e-06,213
A_portfolio,2022,distance_low_24,forward_6h_return,pearson,-0.1745759567866935,213
A_portfolio,2022,distance_low_24,forward_6h_return,spearman,0.031560372639646735,213
A_portfolio,2022,distance_high_168,forward_6h_return,pearson,0.2784435671241381,213
A_portfolio,2022,distance_high_168,forward_6h_return,spearman,0.12523066453739187,213
A_portfolio,2022,distance_low_168,forward_6h_return,pearson,-0.038519517143764906,213
A_portfolio,2022,distance_low_168,forward_6h_return,spearman,0.0021520411483182287,213
A_portfolio,2022,candles_since_prior_signal,forward_6h_return,pearson,-0.10727862112171999,213
A_portfolio,2022,candles_since_prior_signal,forward_6h_return,spearman,-0.06802263634700861,213
A_portfolio,2022,return_1h,forward_6h_return,pearson,-0.09687103015150585,213
A_portfolio,2022,return_1h,forward_6h_return,spearman,0.014426002319684283,213
A_portfolio,2022,return_3h,forward_6h_return,pearson,-0.28557570147490563,213
A_portfolio,2022,return_3h,forward_6h_return,spearman,-0.11190613971254788,213
A_portfolio,2022,return_6h,forward_6h_return,pearson,-0.05707371487848185,213
A_portfolio,2022,return_6h,forward_6h_return,spearman,-0.06391922332797702,213
A_portfolio,2022,return_12h,forward_6h_return,pearson,-0.08982995472710925,213
A_portfolio,2022,return_12h,forward_6h_return,spearman,-0.008194644857329481,213
A_portfolio,2022,return_24h,forward_6h_return,pearson,-0.12174288100001092,213
A_portfolio,2022,return_24h,forward_6h_return,spearman,0.051029328856226755,213
A_portfolio,2022,return_72h,forward_6h_return,pearson,0.17372399074676875,213
A_portfolio,2022,return_72h,forward_6h_return,spearman,0.07445590488797713,213
A_portfolio,2022,return_168h,forward_6h_return,pearson,0.2365058089610703,213
A_portfolio,2022,return_168h,forward_6h_return,spearman,0.06972961024833538,213
A_portfolio,2022,volatility_ratio_24_168,forward_6h_return,pearson,-0.06680108167716597,213
A_portfolio,2022,volatility_ratio_24_168,forward_6h_return,spearman,0.05388919657958329,213
A_portfolio,2022,natr_ratio_168,forward_6h_return,pearson,-0.17361784177755846,213
A_portfolio,2022,natr_ratio_168,forward_6h_return,spearman,-0.0061965870341073055,213
A_portfolio,2022,up_fraction_24,forward_6h_return,pearson,-0.048394843982504154,213
A_portfolio,2022,up_fraction_24,forward_6h_return,spearman,-0.00551367167861765,213
A_portfolio,2022,volume_price_interaction,forward_6h_return,pearson,-0.1045543466532968,213
A_portfolio,2022,volume_price_interaction,forward_6h_return,spearman,0.011126537039198688,213
A_portfolio,2022,range_expansion_24,forward_6h_return,pearson,-0.05618911450738667,213
A_portfolio,2022,range_expansion_24,forward_6h_return,spearman,-0.015369771086402029,213
A_portfolio,2022,signal_density_168,forward_6h_return,pearson,0.11304396736367667,213
A_portfolio,2022,signal_density_168,forward_6h_return,spearman,0.060319953493424755,213
A_portfolio,2022,ema20_distance,forward_12h_return,pearson,-0.011113157168200865,213
A_portfolio,2022,ema20_distance,forward_12h_return,spearman,0.0663804729274962,213
A_portfolio,2022,ema50_distance,forward_12h_return,pearson,0.1488921966830836,213
A_portfolio,2022,ema50_distance,forward_12h_return,spearman,0.16707935853527087,213
A_portfolio,2022,ema_gap,forward_12h_return,pearson,0.4333581566501546,213
A_portfolio,2022,ema_gap,forward_12h_return,spearman,0.32908595994943385,213
A_portfolio,2022,ema20_slope_6,forward_12h_return,pearson,0.18739675794360736,213
A_portfolio,2022,ema20_slope_6,forward_12h_return,spearman,0.20064896520721928,213
A_portfolio,2022,ema50_slope_6,forward_12h_return,pearson,0.3408042441756299,213
A_portfolio,2022,ema50_slope_6,forward_12h_return,spearman,0.29414788856574464,213
A_portfolio,2022,trend_efficiency_20,forward_12h_return,pearson,0.2433999904938828,213
A_portfolio,2022,trend_efficiency_20,forward_12h_return,spearman,0.2583206876597266,213
A_portfolio,2022,range_ratio,forward_12h_return,pearson,-0.19247817317960614,213
A_portfolio,2022,range_ratio,forward_12h_return,spearman,-0.06110157683892102,213
A_portfolio,2022,body_to_range,forward_12h_return,pearson,0.00509432219019145,213
A_portfolio,2022,body_to_range,forward_12h_return,spearman,0.03834184794891727,213
A_portfolio,2022,close_location,forward_12h_return,pearson,-0.06444990590891829,213
A_portfolio,2022,close_location,forward_12h_return,spearman,0.003356588126892194,213
A_portfolio,2022,natr14,forward_12h_return,pearson,-0.22591492470172703,213
A_portfolio,2022,natr14,forward_12h_return,spearman,-0.04368159228692557,213
A_portfolio,2022,return_std_24,forward_12h_return,pearson,-0.1757173662597221,213
A_portfolio,2022,return_std_24,forward_12h_return,spearman,-0.0067417376769876875,213
A_portfolio,2022,return_std_168,forward_12h_return,pearson,-0.11056095335916893,213
A_portfolio,2022,return_std_168,forward_12h_return,spearman,-0.06456123444954687,213
A_portfolio,2022,volatility_percentile_720,forward_12h_return,pearson,-0.16422842017780445,213
A_portfolio,2022,volatility_percentile_720,forward_12h_return,spearman,-0.047643795730418194,213
A_portfolio,2022,rsi14,forward_12h_return,pearson,0.1391448052558147,213
A_portfolio,2022,rsi14,forward_12h_return,spearman,0.13736181859274144,213
A_portfolio,2022,macd_ratio,forward_12h_return,pearson,0.2039544796812666,213
A_portfolio,2022,macd_ratio,forward_12h_return,spearman,0.22020733109643575,213
A_portfolio,2022,macd_signal_ratio,forward_12h_return,pearson,0.2746282840122343,213
A_portfolio,2022,macd_signal_ratio,forward_12h_return,spearman,0.26107996950136725,213
A_portfolio,2022,relative_volume_24,forward_12h_return,pearson,-0.08390624595110459,213
A_portfolio,2022,relative_volume_24,forward_12h_return,spearman,-0.056698150461577425,213
A_portfolio,2022,volume_zscore_24,forward_12h_return,pearson,-0.07391912660855177,213
A_portfolio,2022,volume_zscore_24,forward_12h_return,spearman,-0.05473734666862043,213
A_portfolio,2022,volume_trend_24_168,forward_12h_return,pearson,-0.03966260232949998,213
A_portfolio,2022,volume_trend_24_168,forward_12h_return,spearman,0.049301983652931515,213
A_portfolio,2022,regime_duration,forward_12h_return,pearson,-0.11216127055047813,213
A_portfolio,2022,regime_duration,forward_12h_return,spearman,-0.07610149402165073,213
A_portfolio,2022,regime_transition,forward_12h_return,pearson,-0.05557245405872585,213
A_portfolio,2022,regime_transition,forward_12h_return,spearman,-0.05663166977824318,213
A_portfolio,2022,hour_of_day,forward_12h_return,pearson,0.1459964373240717,213
A_portfolio,2022,hour_of_day,forward_12h_return,spearman,0.13953082488194946,213
A_portfolio,2022,day_of_week,forward_12h_return,pearson,-0.0936056729014318,213
A_portfolio,2022,day_of_week,forward_12h_return,spearman,-0.14259471968485118,213
A_portfolio,2022,distance_high_24,forward_12h_return,pearson,0.11270363520832284,213
A_portfolio,2022,distance_high_24,forward_12h_return,spearman,0.0903124619698441,213
A_portfolio,2022,distance_low_24,forward_12h_return,pearson,-0.040913264736807925,213
A_portfolio,2022,distance_low_24,forward_12h_return,spearman,0.05693285085224803,213
A_portfolio,2022,distance_high_168,forward_12h_return,pearson,0.3047954649696404,213
A_portfolio,2022,distance_high_168,forward_12h_return,spearman,0.2201961548873562,213
A_portfolio,2022,distance_low_168,forward_12h_return,pearson,0.02022625692614175,213
A_portfolio,2022,distance_low_168,forward_12h_return,spearman,0.019603070725534653,213
A_portfolio,2022,candles_since_prior_signal,forward_12h_return,pearson,-0.11999389690810049,213
A_portfolio,2022,candles_since_prior_signal,forward_12h_return,spearman,-0.049883432241255646,213
A_portfolio,2022,return_1h,forward_12h_return,pearson,-0.1362324303262974,213
A_portfolio,2022,return_1h,forward_12h_return,spearman,0.0023234096875380302,213
A_portfolio,2022,return_3h,forward_12h_return,pearson,-0.22430446426940606,213
A_portfolio,2022,return_3h,forward_12h_return,spearman,-0.08159377708678449,213
A_portfolio,2022,return_6h,forward_12h_return,pearson,-0.02097688045261703,213
A_portfolio,2022,return_6h,forward_12h_return,spearman,-0.053238492850951585,213
A_portfolio,2022,return_12h,forward_12h_return,pearson,0.05926323122784931,213
A_portfolio,2022,return_12h,forward_12h_return,spearman,0.09651277440697792,213
A_portfolio,2022,return_24h,forward_12h_return,pearson,-0.0046647618863592455,213
A_portfolio,2022,return_24h,forward_12h_return,spearman,0.06268984032922627,213
A_portfolio,2022,return_72h,forward_12h_return,pearson,0.29991912841443114,213
A_portfolio,2022,return_72h,forward_12h_return,spearman,0.2508798160147625,213
A_portfolio,2022,return_168h,forward_12h_return,pearson,0.24833544168405894,213
A_portfolio,2022,return_168h,forward_12h_return,spearman,0.18227279387841774,213
A_portfolio,2022,volatility_ratio_24_168,forward_12h_return,pearson,-0.0879843728523879,213
A_portfolio,2022,volatility_ratio_24_168,forward_12h_return,spearman,0.028948865118058022,213
A_portfolio,2022,natr_ratio_168,forward_12h_return,pearson,-0.220992857246739,213
A_portfolio,2022,natr_ratio_168,forward_12h_return,spearman,-0.08942209064650644,213
A_portfolio,2022,up_fraction_24,forward_12h_return,pearson,0.027881044182861414,213
A_portfolio,2022,up_fraction_24,forward_12h_return,spearman,0.05076487719571738,213
A_portfolio,2022,volume_price_interaction,forward_12h_return,pearson,-0.17427970951815813,213
A_portfolio,2022,volume_price_interaction,forward_12h_return,spearman,-0.005768165686057803,213
A_portfolio,2022,range_expansion_24,forward_12h_return,pearson,-0.05745333079963743,213
A_portfolio,2022,range_expansion_24,forward_12h_return,spearman,-0.013616348061921163,213
A_portfolio,2022,signal_density_168,forward_12h_return,pearson,0.12171124034965353,213
A_portfolio,2022,signal_density_168,forward_12h_return,spearman,0.13045989677817652,213
A_portfolio,2022,ema20_distance,forward_24h_return,pearson,0.07077130877205431,213
A_portfolio,2022,ema20_distance,forward_24h_return,spearman,0.1156216083309946,213
A_portfolio,2022,ema50_distance,forward_24h_return,pearson,0.14820352444112647,213
A_portfolio,2022,ema50_distance,forward_24h_return,spearman,0.1583296286269903,213
A_portfolio,2022,ema_gap,forward_24h_return,pearson,0.24217329382131664,213
A_portfolio,2022,ema_gap,forward_24h_return,spearman,0.15332144515834203,213
A_portfolio,2022,ema20_slope_6,forward_24h_return,pearson,0.1252007020257212,213
A_portfolio,2022,ema20_slope_6,forward_24h_return,spearman,0.11569859999354262,213
A_portfolio,2022,ema50_slope_6,forward_24h_return,pearson,0.20150413813959372,213
A_portfolio,2022,ema50_slope_6,forward_24h_return,spearman,0.14381794203769607,213
A_portfolio,2022,trend_efficiency_20,forward_24h_return,pearson,0.20255686121685185,213
A_portfolio,2022,trend_efficiency_20,forward_24h_return,spearman,0.20048877287707906,213
A_portfolio,2022,range_ratio,forward_24h_return,pearson,-0.09267568388793464,213
A_portfolio,2022,range_ratio,forward_24h_return,spearman,-0.011248233538064926,213
A_portfolio,2022,body_to_range,forward_24h_return,pearson,0.05460050072624463,213
A_portfolio,2022,body_to_range,forward_24h_return,spearman,0.10469872665724553,213
A_portfolio,2022,close_location,forward_24h_return,pearson,-0.005469322709916151,213
A_portfolio,2022,close_location,forward_24h_return,spearman,0.021458321432740332,213
A_portfolio,2022,natr14,forward_24h_return,pearson,-0.1545299223386297,213
A_portfolio,2022,natr14,forward_24h_return,spearman,-0.020857289744462184,213
A_portfolio,2022,return_std_24,forward_24h_return,pearson,-0.10838683134661986,213
A_portfolio,2022,return_std_24,forward_24h_return,spearman,-0.01090922186265184,213
A_portfolio,2022,return_std_168,forward_24h_return,pearson,-0.07614504418901547,213
A_portfolio,2022,return_std_168,forward_24h_return,spearman,-0.004793351894119079,213
A_portfolio,2022,volatility_percentile_720,forward_24h_return,pearson,-0.1692623351823533,213
A_portfolio,2022,volatility_percentile_720,forward_24h_return,spearman,-0.1145652879074133,213
A_portfolio,2022,rsi14,forward_24h_return,pearson,0.13965930442624924,213
A_portfolio,2022,rsi14,forward_24h_return,spearman,0.1359312638305587,213
A_portfolio,2022,macd_ratio,forward_24h_return,pearson,0.141292168437827,213
A_portfolio,2022,macd_ratio,forward_24h_return,spearman,0.11106171502653728,213
A_portfolio,2022,macd_signal_ratio,forward_24h_return,pearson,0.1638646685558061,213
A_portfolio,2022,macd_signal_ratio,forward_24h_return,spearman,0.09651774161101327,213
A_portfolio,2022,relative_volume_24,forward_24h_return,pearson,-0.011441369824220001,213
A_portfolio,2022,relative_volume_24,forward_24h_return,spearman,-0.0010207604292657728,213
A_portfolio,2022,volume_zscore_24,forward_24h_return,pearson,0.00266514723381827,213
A_portfolio,2022,volume_zscore_24,forward_24h_return,spearman,0.011440712694434993,213
A_portfolio,2022,volume_trend_24_168,forward_24h_return,pearson,-0.05201191065299397,213
A_portfolio,2022,volume_trend_24_168,forward_24h_return,spearman,0.0131034842452706,213
A_portfolio,2022,regime_duration,forward_24h_return,pearson,0.010924926209807465,213
A_portfolio,2022,regime_duration,forward_24h_return,spearman,0.013557386963093226,213
A_portfolio,2022,regime_transition,forward_24h_return,pearson,-0.027118061044066236,213
A_portfolio,2022,regime_transition,forward_24h_return,spearman,-0.056068170576469616,213
A_portfolio,2022,hour_of_day,forward_24h_return,pearson,0.050664692720984034,213
A_portfolio,2022,hour_of_day,forward_24h_return,spearman,0.011150132213620283,213
A_portfolio,2022,day_of_week,forward_24h_return,pearson,-0.08253003649532162,213
A_portfolio,2022,day_of_week,forward_24h_return,spearman,-0.14556558691856059,213
A_portfolio,2022,distance_high_24,forward_24h_return,pearson,0.11920006494108162,213
A_portfolio,2022,distance_high_24,forward_24h_return,spearman,0.10262367717147532,213
A_portfolio,2022,distance_low_24,forward_24h_return,pearson,0.017656248947233836,213
A_portfolio,2022,distance_low_24,forward_24h_return,spearman,0.05524275967921796,213
A_portfolio,2022,distance_high_168,forward_24h_return,pearson,0.19917108337760417,213
A_portfolio,2022,distance_high_168,forward_24h_return,spearman,0.1307591626287437,213
A_portfolio,2022,distance_low_168,forward_24h_return,pearson,0.05503122818802725,213
A_portfolio,2022,distance_low_168,forward_24h_return,spearman,0.01708594008061772,213
A_portfolio,2022,candles_since_prior_signal,forward_24h_return,pearson,-0.044967232521850586,213
A_portfolio,2022,candles_since_prior_signal,forward_24h_return,spearman,-0.048694312158326813,213
A_portfolio,2022,return_1h,forward_24h_return,pearson,0.027979183016490265,213
A_portfolio,2022,return_1h,forward_24h_return,spearman,0.085411073387956,213
A_portfolio,2022,return_3h,forward_24h_return,pearson,-0.056702506928380435,213
A_portfolio,2022,return_3h,forward_24h_return,spearman,-0.006119595371559279,213
A_portfolio,2022,return_6h,forward_24h_return,pearson,0.07922239106474158,213
A_portfolio,2022,return_6h,forward_24h_return,spearman,0.11646354941498752,213
A_portfolio,2022,return_12h,forward_24h_return,pearson,0.07215075416646055,213
A_portfolio,2022,return_12h,forward_24h_return,spearman,0.08688757478746574,213
A_portfolio,2022,return_24h,forward_24h_return,pearson,0.08061806111349148,213
A_portfolio,2022,return_24h,forward_24h_return,spearman,0.08780154032997135,213
A_portfolio,2022,return_72h,forward_24h_return,pearson,0.15987479220565531,213
A_portfolio,2022,return_72h,forward_24h_return,spearman,0.1398839164416937,213
A_portfolio,2022,return_168h,forward_24h_return,pearson,0.20486276002232473,213
A_portfolio,2022,return_168h,forward_24h_return,spearman,0.17112017901803342,213
A_portfolio,2022,volatility_ratio_24_168,forward_24h_return,pearson,-0.06516107060262033,213
A_portfolio,2022,volatility_ratio_24_168,forward_24h_return,spearman,0.008664045638670676,213
A_portfolio,2022,natr_ratio_168,forward_24h_return,pearson,-0.1741856437772138,213
A_portfolio,2022,natr_ratio_168,forward_24h_return,spearman,-0.040257946905556063,213
A_portfolio,2022,up_fraction_24,forward_24h_return,pearson,0.08246465109403187,213
A_portfolio,2022,up_fraction_24,forward_24h_return,spearman,0.07278528990643002,213
A_portfolio,2022,volume_price_interaction,forward_24h_return,pearson,-0.0122054014706974,213
A_portfolio,2022,volume_price_interaction,forward_24h_return,spearman,0.0763496514264568,213
A_portfolio,2022,range_expansion_24,forward_24h_return,pearson,-0.0063435695531809605,213
A_portfolio,2022,range_expansion_24,forward_24h_return,spearman,0.026545980165954285,213
A_portfolio,2022,signal_density_168,forward_24h_return,pearson,0.0736358819645762,213
A_portfolio,2022,signal_density_168,forward_24h_return,spearman,0.10744317708501756,213
A_portfolio,2022,ema20_distance,forward_48h_return,pearson,0.15625529151257428,213
A_portfolio,2022,ema20_distance,forward_48h_return,spearman,0.15767644129634087,213
A_portfolio,2022,ema50_distance,forward_48h_return,pearson,0.18020921716325553,213
A_portfolio,2022,ema50_distance,forward_48h_return,spearman,0.14148832334511388,213
A_portfolio,2022,ema_gap,forward_48h_return,pearson,0.1341696373405008,213
A_portfolio,2022,ema_gap,forward_48h_return,spearman,0.04791861732908472,213
A_portfolio,2022,ema20_slope_6,forward_48h_return,pearson,0.12887609211216094,213
A_portfolio,2022,ema20_slope_6,forward_48h_return,spearman,0.06040492647296226,213
A_portfolio,2022,ema50_slope_6,forward_48h_return,pearson,0.14613364070838664,213
A_portfolio,2022,ema50_slope_6,forward_48h_return,spearman,0.06068681530196875,213
A_portfolio,2022,trend_efficiency_20,forward_48h_return,pearson,0.18084187480671263,213
A_portfolio,2022,trend_efficiency_20,forward_48h_return,spearman,0.15207219334344987,213
A_portfolio,2022,range_ratio,forward_48h_return,pearson,-0.07699906939170917,213
A_portfolio,2022,range_ratio,forward_48h_return,spearman,-0.02550038371651173,213
A_portfolio,2022,body_to_range,forward_48h_return,pearson,0.0977383557089464,213
A_portfolio,2022,body_to_range,forward_48h_return,spearman,0.1433448158533284,213
A_portfolio,2022,close_location,forward_48h_return,pearson,0.04775656136507472,213
A_portfolio,2022,close_location,forward_48h_return,spearman,0.055076358344033516,213
A_portfolio,2022,natr14,forward_48h_return,pearson,-0.13526563400755906,213
A_portfolio,2022,natr14,forward_48h_return,spearman,0.0010294530363276467,213
A_portfolio,2022,return_std_24,forward_48h_return,pearson,-0.09527352536699707,213
A_portfolio,2022,return_std_24,forward_48h_return,spearman,0.002975355217178578,213
A_portfolio,2022,return_std_168,forward_48h_return,pearson,-0.0718968453062488,213
A_portfolio,2022,return_std_168,forward_48h_return,spearman,-0.0064052096035922814,213
A_portfolio,2022,volatility_percentile_720,forward_48h_return,pearson,-0.13528558201547186,213
A_portfolio,2022,volatility_percentile_720,forward_48h_return,spearman,-0.07765284875528573,213
A_portfolio,2022,rsi14,forward_48h_return,pearson,0.1797730177477094,213
A_portfolio,2022,rsi14,forward_48h_return,spearman,0.14465864132068018,213
A_portfolio,2022,macd_ratio,forward_48h_return,pearson,0.11966810937826579,213
A_portfolio,2022,macd_ratio,forward_48h_return,spearman,0.06571859298978494,213
A_portfolio,2022,macd_signal_ratio,forward_48h_return,pearson,0.08064213791907626,213
A_portfolio,2022,macd_signal_ratio,forward_48h_return,spearman,0.029587150836601336,213
A_portfolio,2022,relative_volume_24,forward_48h_return,pearson,-0.05722747635572161,213
A_portfolio,2022,relative_volume_24,forward_48h_return,spearman,-0.013764122381973023,213
A_portfolio,2022,volume_zscore_24,forward_48h_return,pearson,-0.03217645443873924,213
A_portfolio,2022,volume_zscore_24,forward_48h_return,spearman,-0.01958320190939323,213
A_portfolio,2022,volume_trend_24_168,forward_48h_return,pearson,0.007934672052310025,213
A_portfolio,2022,volume_trend_24_168,forward_48h_return,spearman,0.07319547686400539,213
A_portfolio,2022,regime_duration,forward_48h_return,pearson,-0.07287292721963613,213
A_portfolio,2022,regime_duration,forward_48h_return,spearman,-0.04218875836727104,213
A_portfolio,2022,regime_transition,forward_48h_return,pearson,0.023157636376303567,213
A_portfolio,2022,regime_transition,forward_48h_return,spearman,-0.036909197716168435,213
A_portfolio,2022,hour_of_day,forward_48h_return,pearson,0.041549286193646305,213
A_portfolio,2022,hour_of_day,forward_48h_return,spearman,0.07592235431450814,213
A_portfolio,2022,day_of_week,forward_48h_return,pearson,-0.06698748935726949,213
A_portfolio,2022,day_of_week,forward_48h_return,spearman,-0.11296956570372485,213
A_portfolio,2022,distance_high_24,forward_48h_return,pearson,0.24622416941143493,213
A_portfolio,2022,distance_high_24,forward_48h_return,spearman,0.15022563524330607,213
A_portfolio,2022,distance_low_24,forward_48h_return,pearson,0.031749203535111854,213
A_portfolio,2022,distance_low_24,forward_48h_return,spearman,0.06744593819308017,213
A_portfolio,2022,distance_high_168,forward_48h_return,pearson,0.1336416617135343,213
A_portfolio,2022,distance_high_168,forward_48h_return,spearman,0.04202502974113415,213
A_portfolio,2022,distance_low_168,forward_48h_return,pearson,0.004478440537692398,213
A_portfolio,2022,distance_low_168,forward_48h_return,spearman,-0.009055212956455005,213
A_portfolio,2022,candles_since_prior_signal,forward_48h_return,pearson,-0.0505292660016409,213
A_portfolio,2022,candles_since_prior_signal,forward_48h_return,spearman,-0.011083965263853577,213
A_portfolio,2022,return_1h,forward_48h_return,pearson,0.10927788238777054,213
A_portfolio,2022,return_1h,forward_48h_return,spearman,0.1221509980354708,213
A_portfolio,2022,return_3h,forward_48h_return,pearson,0.07661682048807572,213
A_portfolio,2022,return_3h,forward_48h_return,spearman,0.13957222438847508,213
A_portfolio,2022,return_6h,forward_48h_return,pearson,0.18949418479245292,213
A_portfolio,2022,return_6h,forward_48h_return,spearman,0.11311813749717489,213
A_portfolio,2022,return_12h,forward_48h_return,pearson,0.10383345580243122,213
A_portfolio,2022,return_12h,forward_48h_return,spearman,0.07600815614902606,213
A_portfolio,2022,return_24h,forward_48h_return,pearson,0.0613004716765145,213
A_portfolio,2022,return_24h,forward_48h_return,spearman,0.09641715572929731,213
A_portfolio,2022,return_72h,forward_48h_return,pearson,0.04614977349752839,213
A_portfolio,2022,return_72h,forward_48h_return,spearman,-0.002817646489056008,213
A_portfolio,2022,return_168h,forward_48h_return,pearson,0.13009606174065275,213
A_portfolio,2022,return_168h,forward_48h_return,spearman,0.08546943803537145,213
A_portfolio,2022,volatility_ratio_24_168,forward_48h_return,pearson,-0.040073244708474405,213
A_portfolio,2022,volatility_ratio_24_168,forward_48h_return,spearman,0.043764792954517795,213
A_portfolio,2022,natr_ratio_168,forward_48h_return,pearson,-0.10289319366550642,213
A_portfolio,2022,natr_ratio_168,forward_48h_return,spearman,0.012184551498729636,213
A_portfolio,2022,up_fraction_24,forward_48h_return,pearson,0.07386041210832457,213
A_portfolio,2022,up_fraction_24,forward_48h_return,spearman,0.05219676890827193,213
A_portfolio,2022,volume_price_interaction,forward_48h_return,pearson,0.008499265783655646,213
A_portfolio,2022,volume_price_interaction,forward_48h_return,spearman,0.10907110800936813,213
A_portfolio,2022,range_expansion_24,forward_48h_return,pearson,-0.03370609472619,213
A_portfolio,2022,range_expansion_24,forward_48h_return,spearman,0.036281700075253144,213
A_portfolio,2022,signal_density_168,forward_48h_return,pearson,0.08368046587530668,213
A_portfolio,2022,signal_density_168,forward_48h_return,spearman,0.01017529656384973,213
A_portfolio,2023,ema20_distance,net_profit_ratio,pearson,-0.18963413148076524,217
A_portfolio,2023,ema20_distance,net_profit_ratio,spearman,-0.2950107338979787,217
A_portfolio,2023,ema50_distance,net_profit_ratio,pearson,-0.20901594922639796,217
A_portfolio,2023,ema50_distance,net_profit_ratio,spearman,-0.3175390013951718,217
A_portfolio,2023,ema_gap,net_profit_ratio,pearson,-0.17983891229123952,217
A_portfolio,2023,ema_gap,net_profit_ratio,spearman,-0.2518578803722337,217
A_portfolio,2023,ema20_slope_6,net_profit_ratio,pearson,-0.15120960884989354,217
A_portfolio,2023,ema20_slope_6,net_profit_ratio,spearman,-0.20860990149241115,217
A_portfolio,2023,ema50_slope_6,net_profit_ratio,pearson,-0.18133246175406056,217
A_portfolio,2023,ema50_slope_6,net_profit_ratio,spearman,-0.23366897316290627,217
A_portfolio,2023,trend_efficiency_20,net_profit_ratio,pearson,-0.10034805654925867,217
A_portfolio,2023,trend_efficiency_20,net_profit_ratio,spearman,-0.14384480239762867,217
A_portfolio,2023,range_ratio,net_profit_ratio,pearson,-0.14012420805403103,217
A_portfolio,2023,range_ratio,net_profit_ratio,spearman,-0.24512394481320202,217
A_portfolio,2023,body_to_range,net_profit_ratio,pearson,-0.14900978971780401,217
A_portfolio,2023,body_to_range,net_profit_ratio,spearman,-0.1323087980383038,217
A_portfolio,2023,close_location,net_profit_ratio,pearson,-0.06314703689873352,217
A_portfolio,2023,close_location,net_profit_ratio,spearman,-0.08573148210674902,217
A_portfolio,2023,natr14,net_profit_ratio,pearson,-0.042857609502803526,217
A_portfolio,2023,natr14,net_profit_ratio,spearman,-0.15982233872142132,217
A_portfolio,2023,return_std_24,net_profit_ratio,pearson,-0.0946686890539039,217
A_portfolio,2023,return_std_24,net_profit_ratio,spearman,-0.20883420942610054,217
A_portfolio,2023,return_std_168,net_profit_ratio,pearson,-0.10570679284742956,217
A_portfolio,2023,return_std_168,net_profit_ratio,spearman,-0.1731833406145333,217
A_portfolio,2023,volatility_percentile_720,net_profit_ratio,pearson,-0.00638648498588896,217
A_portfolio,2023,volatility_percentile_720,net_profit_ratio,spearman,-0.07269386575744435,217
A_portfolio,2023,rsi14,net_profit_ratio,pearson,-0.15640718682916058,217
A_portfolio,2023,rsi14,net_profit_ratio,spearman,-0.26784950934107493,217
A_portfolio,2023,macd_ratio,net_profit_ratio,pearson,-0.16832114026690537,217
A_portfolio,2023,macd_ratio,net_profit_ratio,spearman,-0.2179040009019293,217
A_portfolio,2023,macd_signal_ratio,net_profit_ratio,pearson,-0.15593611585072095,217
A_portfolio,2023,macd_signal_ratio,net_profit_ratio,spearman,-0.16352870436918973,217
A_portfolio,2023,relative_volume_24,net_profit_ratio,pearson,-0.14784237963932637,217
A_portfolio,2023,relative_volume_24,net_profit_ratio,spearman,-0.21857222715464802,217
A_portfolio,2023,volume_zscore_24,net_profit_ratio,pearson,-0.1421505094716371,217
A_portfolio,2023,volume_zscore_24,net_profit_ratio,spearman,-0.18813211384978182,217
A_portfolio,2023,volume_trend_24_168,net_profit_ratio,pearson,0.04187685860991101,217
A_portfolio,2023,volume_trend_24_168,net_profit_ratio,spearman,-0.03905071942952973,217
A_portfolio,2023,regime_duration,net_profit_ratio,pearson,-0.08303653613162941,217
A_portfolio,2023,regime_duration,net_profit_ratio,spearman,-0.007044052341176647,217
A_portfolio,2023,regime_transition,net_profit_ratio,pearson,-0.09648174322173514,217
A_portfolio,2023,regime_transition,net_profit_ratio,spearman,-0.1492225631961687,217
A_portfolio,2023,hour_of_day,net_profit_ratio,pearson,-0.12251910818258754,217
A_portfolio,2023,hour_of_day,net_profit_ratio,spearman,-0.14384244893332757,217
A_portfolio,2023,day_of_week,net_profit_ratio,pearson,0.02940420722758729,217
A_portfolio,2023,day_of_week,net_profit_ratio,spearman,0.034380871168193876,217
A_portfolio,2023,distance_high_24,net_profit_ratio,pearson,-0.12897892459216276,217
A_portfolio,2023,distance_high_24,net_profit_ratio,spearman,-0.10001785068372818,217
A_portfolio,2023,distance_low_24,net_profit_ratio,pearson,-0.1900947050698252,217
A_portfolio,2023,distance_low_24,net_profit_ratio,spearman,-0.2506306458659226,217
A_portfolio,2023,distance_high_168,net_profit_ratio,pearson,-0.1955060042006955,217
A_portfolio,2023,distance_high_168,net_profit_ratio,spearman,-0.22654514109086468,217
A_portfolio,2023,distance_low_168,net_profit_ratio,pearson,-0.13511519070031466,217
A_portfolio,2023,distance_low_168,net_profit_ratio,spearman,-0.2526271039144671,217
A_portfolio,2023,candles_since_prior_signal,net_profit_ratio,pearson,0.08366993004606942,217
A_portfolio,2023,candles_since_prior_signal,net_profit_ratio,spearman,0.0567784628632571,217
A_portfolio,2023,return_1h,net_profit_ratio,pearson,-0.1839499914743086,217
A_portfolio,2023,return_1h,net_profit_ratio,spearman,-0.20676846253940068,217
A_portfolio,2023,return_3h,net_profit_ratio,pearson,-0.15098316299309397,217
A_portfolio,2023,return_3h,net_profit_ratio,spearman,-0.23286451800805158,217
A_portfolio,2023,return_6h,net_profit_ratio,pearson,-0.138051349620366,217
A_portfolio,2023,return_6h,net_profit_ratio,spearman,-0.21302324816678178,217
A_portfolio,2023,return_12h,net_profit_ratio,pearson,-0.22441335772661758,217
A_portfolio,2023,return_12h,net_profit_ratio,spearman,-0.30218154145351545,217
A_portfolio,2023,return_24h,net_profit_ratio,pearson,-0.13165894404375522,217
A_portfolio,2023,return_24h,net_profit_ratio,spearman,-0.19964110730609694,217
A_portfolio,2023,return_72h,net_profit_ratio,pearson,-0.18161476067506938,217
A_portfolio,2023,return_72h,net_profit_ratio,spearman,-0.24209167735358916,217
A_portfolio,2023,return_168h,net_profit_ratio,pearson,-0.17197139742233655,217
A_portfolio,2023,return_168h,net_profit_ratio,spearman,-0.24534003203727975,217
A_portfolio,2023,volatility_ratio_24_168,net_profit_ratio,pearson,-0.026084741027136586,217
A_portfolio,2023,volatility_ratio_24_168,net_profit_ratio,spearman,-0.11359963734926744,217
A_portfolio,2023,natr_ratio_168,net_profit_ratio,pearson,0.03445137261284677,217
A_portfolio,2023,natr_ratio_168,net_profit_ratio,spearman,-0.07119017084983346,217
A_portfolio,2023,up_fraction_24,net_profit_ratio,pearson,-0.003078653528917003,217
A_portfolio,2023,up_fraction_24,net_profit_ratio,spearman,-0.02864512838612974,217
A_portfolio,2023,volume_price_interaction,net_profit_ratio,pearson,-0.09950599671645344,217
A_portfolio,2023,volume_price_interaction,net_profit_ratio,spearman,-0.23237949614096406,217
A_portfolio,2023,range_expansion_24,net_profit_ratio,pearson,-0.13405494243423585,217
A_portfolio,2023,range_expansion_24,net_profit_ratio,spearman,-0.17921969024366183,217
A_portfolio,2023,signal_density_168,net_profit_ratio,pearson,0.0089960564051315,217
A_portfolio,2023,signal_density_168,net_profit_ratio,spearman,0.04735697906070373,217
A_portfolio,2023,ema20_distance,profitable_after_fees,pearson,-0.11553978405752939,217
A_portfolio,2023,ema20_distance,profitable_after_fees,spearman,-0.07738365049546554,217
A_portfolio,2023,ema50_distance,profitable_after_fees,pearson,-0.1379040113434033,217
A_portfolio,2023,ema50_distance,profitable_after_fees,spearman,-0.1022958921036637,217
A_portfolio,2023,ema_gap,profitable_after_fees,pearson,-0.14351628788099613,217
A_portfolio,2023,ema_gap,profitable_after_fees,spearman,-0.12160287935001725,217
A_portfolio,2023,ema20_slope_6,profitable_after_fees,pearson,-0.0441590808482818,217
A_portfolio,2023,ema20_slope_6,profitable_after_fees,spearman,-0.01868418120614862,217
A_portfolio,2023,ema50_slope_6,profitable_after_fees,pearson,-0.09552229813250059,217
A_portfolio,2023,ema50_slope_6,profitable_after_fees,spearman,-0.06368191761095654,217
A_portfolio,2023,trend_efficiency_20,profitable_after_fees,pearson,0.025376297793658197,217
A_portfolio,2023,trend_efficiency_20,profitable_after_fees,spearman,0.05262711039731861,217
A_portfolio,2023,range_ratio,profitable_after_fees,pearson,-0.10776957548588834,217
A_portfolio,2023,range_ratio,profitable_after_fees,spearman,-0.04904597566614013,217
A_portfolio,2023,body_to_range,profitable_after_fees,pearson,-0.1513759279865359,217
A_portfolio,2023,body_to_range,profitable_after_fees,spearman,-0.1516532707899063,217
A_portfolio,2023,close_location,profitable_after_fees,pearson,-0.09632274766320571,217
A_portfolio,2023,close_location,profitable_after_fees,spearman,-0.09630144051429174,217
A_portfolio,2023,natr14,profitable_after_fees,pearson,0.0753476894952103,217
A_portfolio,2023,natr14,profitable_after_fees,spearman,0.06850866442254494,217
A_portfolio,2023,return_std_24,profitable_after_fees,pearson,0.020714886339982606,217
A_portfolio,2023,return_std_24,profitable_after_fees,spearman,0.031607406540401416,217
A_portfolio,2023,return_std_168,profitable_after_fees,pearson,0.02184486500985595,217
A_portfolio,2023,return_std_168,profitable_after_fees,spearman,0.0029583286909735315,217
A_portfolio,2023,volatility_percentile_720,profitable_after_fees,pearson,0.0696665847242997,217
A_portfolio,2023,volatility_percentile_720,profitable_after_fees,spearman,0.07785315509329045,217
A_portfolio,2023,rsi14,profitable_after_fees,pearson,-0.0944944196917699,217
A_portfolio,2023,rsi14,profitable_after_fees,spearman,-0.08096478522664402,217
A_portfolio,2023,macd_ratio,profitable_after_fees,pearson,-0.04491791983815292,217
A_portfolio,2023,macd_ratio,profitable_after_fees,spearman,0.002179821140717339,217
A_portfolio,2023,macd_signal_ratio,profitable_after_fees,pearson,-0.027315603129785065,217
A_portfolio,2023,macd_signal_ratio,profitable_after_fees,spearman,0.0331644216409138,217
A_portfolio,2023,relative_volume_24,profitable_after_fees,pearson,-0.1422296979432754,217
A_portfolio,2023,relative_volume_24,profitable_after_fees,spearman,-0.11880025216909497,217
A_portfolio,2023,volume_zscore_24,profitable_after_fees,pearson,-0.12747223225365487,217
A_portfolio,2023,volume_zscore_24,profitable_after_fees,spearman,-0.08454591995782251,217
A_portfolio,2023,volume_trend_24_168,profitable_after_fees,pearson,0.09794455825500407,217
A_portfolio,2023,volume_trend_24_168,profitable_after_fees,spearman,0.09373230905084556,217
A_portfolio,2023,regime_duration,profitable_after_fees,pearson,-0.13241500992710195,217
A_portfolio,2023,regime_duration,profitable_after_fees,spearman,-0.09742346848280527,217
A_portfolio,2023,regime_transition,profitable_after_fees,pearson,-0.04129506201330188,217
A_portfolio,2023,regime_transition,profitable_after_fees,spearman,-0.04129506201330192,217
A_portfolio,2023,hour_of_day,profitable_after_fees,pearson,-0.09428148943674616,217
A_portfolio,2023,hour_of_day,profitable_after_fees,spearman,-0.08971792127182172,217
A_portfolio,2023,day_of_week,profitable_after_fees,pearson,-0.019950829397842106,217
A_portfolio,2023,day_of_week,profitable_after_fees,spearman,-0.030916778393092464,217
A_portfolio,2023,distance_high_24,profitable_after_fees,pearson,-0.15260344237802623,217
A_portfolio,2023,distance_high_24,profitable_after_fees,spearman,-0.16115106290303183,217
A_portfolio,2023,distance_low_24,profitable_after_fees,pearson,-0.04800603497972336,217
A_portfolio,2023,distance_low_24,profitable_after_fees,spearman,0.0012456120804099078,217
A_portfolio,2023,distance_high_168,profitable_after_fees,pearson,-0.17305389592978818,217
A_portfolio,2023,distance_high_168,profitable_after_fees,spearman,-0.17158306407646481,217
A_portfolio,2023,distance_low_168,profitable_after_fees,pearson,-0.08690833105758063,217
A_portfolio,2023,distance_low_168,profitable_after_fees,spearman,-0.0663288432818276,217
A_portfolio,2023,candles_since_prior_signal,profitable_after_fees,pearson,0.10576713659625399,217
A_portfolio,2023,candles_since_prior_signal,profitable_after_fees,spearman,0.06493332547130662,217
A_portfolio,2023,return_1h,profitable_after_fees,pearson,-0.16098746321453228,217
A_portfolio,2023,return_1h,profitable_after_fees,spearman,-0.14417959830744684,217
A_portfolio,2023,return_3h,profitable_after_fees,pearson,-0.13739169998630338,217
A_portfolio,2023,return_3h,profitable_after_fees,spearman,-0.1192673566992487,217
A_portfolio,2023,return_6h,profitable_after_fees,pearson,-0.1019168580401068,217
A_portfolio,2023,return_6h,profitable_after_fees,spearman,-0.1091467585459182,217
A_portfolio,2023,return_12h,profitable_after_fees,pearson,-0.15047695780874457,217
A_portfolio,2023,return_12h,profitable_after_fees,spearman,-0.13359189562396262,217
A_portfolio,2023,return_24h,profitable_after_fees,pearson,0.008155910801940407,217
A_portfolio,2023,return_24h,profitable_after_fees,spearman,0.05869946928931691,217
A_portfolio,2023,return_72h,profitable_after_fees,pearson,-0.18040249030829264,217
A_portfolio,2023,return_72h,profitable_after_fees,spearman,-0.15601291307134096,217
A_portfolio,2023,return_168h,profitable_after_fees,pearson,-0.14461526686972254,217
A_portfolio,2023,return_168h,profitable_after_fees,spearman,-0.15367739042057238,217
A_portfolio,2023,volatility_ratio_24_168,profitable_after_fees,pearson,0.04200087996472741,217
A_portfolio,2023,volatility_ratio_24_168,profitable_after_fees,spearman,0.05402842398777976,217
A_portfolio,2023,natr_ratio_168,profitable_after_fees,pearson,0.08647222284698196,217
A_portfolio,2023,natr_ratio_168,profitable_after_fees,spearman,0.07006567952305733,217
A_portfolio,2023,up_fraction_24,profitable_after_fees,pearson,0.022545206188407815,217
A_portfolio,2023,up_fraction_24,profitable_after_fees,spearman,0.03782418676995263,217
A_portfolio,2023,volume_price_interaction,profitable_after_fees,pearson,-0.10480909648251986,217
A_portfolio,2023,volume_price_interaction,profitable_after_fees,spearman,-0.17127166105636238,217
A_portfolio,2023,range_expansion_24,profitable_after_fees,pearson,-0.1359697160924992,217
A_portfolio,2023,range_expansion_24,profitable_after_fees,spearman,-0.09840335435238273,217
A_portfolio,2023,signal_density_168,profitable_after_fees,pearson,0.0012976448356478156,217
A_portfolio,2023,signal_density_168,profitable_after_fees,spearman,0.019029439617296567,217
A_portfolio,2023,ema20_distance,return_above_0_5_percent,pearson,-0.07152283952690919,217
A_portfolio,2023,ema20_distance,return_above_0_5_percent,spearman,0.01280010896922284,217
A_portfolio,2023,ema50_distance,return_above_0_5_percent,pearson,-0.08882979606534083,217
A_portfolio,2023,ema50_distance,return_above_0_5_percent,spearman,-0.02343916058000546,217
A_portfolio,2023,ema_gap,return_above_0_5_percent,pearson,-0.09884344674173723,217
A_portfolio,2023,ema_gap,return_above_0_5_percent,spearman,-0.060177135673489195,217
A_portfolio,2023,ema20_slope_6,return_above_0_5_percent,pearson,-0.009478620177868977,217
A_portfolio,2023,ema20_slope_6,return_above_0_5_percent,spearman,0.042389971261712,217
A_portfolio,2023,ema50_slope_6,return_above_0_5_percent,pearson,-0.052752214557547444,217
A_portfolio,2023,ema50_slope_6,return_above_0_5_percent,spearman,-0.002493527721277176,217
A_portfolio,2023,trend_efficiency_20,return_above_0_5_percent,pearson,0.030185852637128488,217
A_portfolio,2023,trend_efficiency_20,return_above_0_5_percent,spearman,0.05419266914242397,217
A_portfolio,2023,range_ratio,return_above_0_5_percent,pearson,-0.05177233433208806,217
A_portfolio,2023,range_ratio,return_above_0_5_percent,spearman,0.015293636690500016,217
A_portfolio,2023,body_to_range,return_above_0_5_percent,pearson,-0.1302924010100643,217
A_portfolio,2023,body_to_range,return_above_0_5_percent,spearman,-0.13248943959052734,217
A_portfolio,2023,close_location,return_above_0_5_percent,pearson,-0.06779743067268615,217
A_portfolio,2023,close_location,return_above_0_5_percent,spearman,-0.06657722925183127,217
A_portfolio,2023,natr14,return_above_0_5_percent,pearson,0.11920001636611512,217
A_portfolio,2023,natr14,return_above_0_5_percent,spearman,0.11021392528045122,217
A_portfolio,2023,return_std_24,return_above_0_5_percent,pearson,0.056888306081030744,217
A_portfolio,2023,return_std_24,return_above_0_5_percent,spearman,0.07064995210285334,217
A_portfolio,2023,return_std_168,return_above_0_5_percent,pearson,0.012840720558203714,217
A_portfolio,2023,return_std_168,return_above_0_5_percent,spearman,-0.002493527721277176,217
A_portfolio,2023,volatility_percentile_720,return_above_0_5_percent,pearson,0.1045871392079062,217
A_portfolio,2023,volatility_percentile_720,return_above_0_5_percent,spearman,0.11054980368769653,217
A_portfolio,2023,rsi14,return_above_0_5_percent,pearson,-0.0246564215076857,217
A_portfolio,2023,rsi14,return_above_0_5_percent,spearman,-0.0019948221770217413,217
A_portfolio,2023,macd_ratio,return_above_0_5_percent,pearson,-0.004126166027397229,217
A_portfolio,2023,macd_ratio,return_above_0_5_percent,spearman,0.06499795593462507,217
A_portfolio,2023,macd_signal_ratio,return_above_0_5_percent,pearson,0.008222143622608882,217
A_portfolio,2023,macd_signal_ratio,return_above_0_5_percent,spearman,0.077133124178174,217
A_portfolio,2023,relative_volume_24,return_above_0_5_percent,pearson,-0.09335662671714362,217
A_portfolio,2023,relative_volume_24,return_above_0_5_percent,spearman,-0.0671590132930653,217
A_portfolio,2023,volume_zscore_24,return_above_0_5_percent,pearson,-0.06650635669352382,217
A_portfolio,2023,volume_zscore_24,return_above_0_5_percent,spearman,-0.04521596934582613,217
A_portfolio,2023,volume_trend_24_168,return_above_0_5_percent,pearson,0.13807637406847578,217
A_portfolio,2023,volume_trend_24_168,return_above_0_5_percent,spearman,0.13381932104187516,217
A_portfolio,2023,regime_duration,return_above_0_5_percent,pearson,-0.1363303074462459,217
A_portfolio,2023,regime_duration,return_above_0_5_percent,spearman,-0.1040144565863684,217
A_portfolio,2023,regime_transition,return_above_0_5_percent,pearson,-0.04609283226190551,217
A_portfolio,2023,regime_transition,return_above_0_5_percent,spearman,-0.04609283226190552,217
A_portfolio,2023,hour_of_day,return_above_0_5_percent,pearson,-0.06996323939607549,217
A_portfolio,2023,hour_of_day,return_above_0_5_percent,spearman,-0.0619165759886998,217
A_portfolio,2023,day_of_week,return_above_0_5_percent,pearson,-0.011324644030455197,217
A_portfolio,2023,day_of_week,return_above_0_5_percent,spearman,-0.01978819336082645,217
A_portfolio,2023,distance_high_24,return_above_0_5_percent,pearson,-0.15220156764238807,217
A_portfolio,2023,distance_high_24,return_above_0_5_percent,spearman,-0.13232320440910883,217
A_portfolio,2023,distance_low_24,return_above_0_5_percent,pearson,-0.017722475958742972,217
A_portfolio,2023,distance_low_24,return_above_0_5_percent,spearman,0.04770949706710331,217
A_portfolio,2023,distance_high_168,return_above_0_5_percent,pearson,-0.11095402092738113,217
A_portfolio,2023,distance_high_168,return_above_0_5_percent,spearman,-0.11220874745747296,217
A_portfolio,2023,distance_low_168,return_above_0_5_percent,pearson,-0.07374686050345082,217
A_portfolio,2023,distance_low_168,return_above_0_5_percent,spearman,-0.03191715483234786,217
A_portfolio,2023,candles_since_prior_signal,return_above_0_5_percent,pearson,0.04903463422840121,217
A_portfolio,2023,candles_since_prior_signal,return_above_0_5_percent,spearman,0.01970062742491304,217
A_portfolio,2023,return_1h,return_above_0_5_percent,pearson,-0.1347925323467874,217
A_portfolio,2023,return_1h,return_above_0_5_percent,spearman,-0.1025671069352012,217
A_portfolio,2023,return_3h,return_above_0_5_percent,pearson,-0.08836104128764473,217
A_portfolio,2023,return_3h,return_above_0_5_percent,spearman,-0.04106008981036418,217
A_portfolio,2023,return_6h,return_above_0_5_percent,pearson,-0.0829123088765939,217
A_portfolio,2023,return_6h,return_above_0_5_percent,spearman,-0.053527728416750055,217
A_portfolio,2023,return_12h,return_above_0_5_percent,pearson,-0.08469869203051741,217
A_portfolio,2023,return_12h,return_above_0_5_percent,spearman,-0.04222373608029353,217
A_portfolio,2023,return_24h,return_above_0_5_percent,pearson,0.05084725396794548,217
A_portfolio,2023,return_24h,return_above_0_5_percent,spearman,0.11702956771860883,217
A_portfolio,2023,return_72h,return_above_0_5_percent,pearson,-0.13732808163142998,217
A_portfolio,2023,return_72h,return_above_0_5_percent,spearman,-0.10805286792201099,217
A_portfolio,2023,return_168h,return_above_0_5_percent,pearson,-0.10581559721794544,217
A_portfolio,2023,return_168h,return_above_0_5_percent,spearman,-0.09758005149264685,217
A_portfolio,2023,volatility_ratio_24_168,return_above_0_5_percent,pearson,0.08852293670207896,217
A_portfolio,2023,volatility_ratio_24_168,return_above_0_5_percent,spearman,0.09807875703690228,217
A_portfolio,2023,natr_ratio_168,return_above_0_5_percent,pearson,0.14025223636068576,217
A_portfolio,2023,natr_ratio_168,return_above_0_5_percent,spearman,0.12434391570102188,217
A_portfolio,2023,up_fraction_24,return_above_0_5_percent,pearson,0.08098705711513927,217
A_portfolio,2023,up_fraction_24,return_above_0_5_percent,spearman,0.10472516109756964,217
A_portfolio,2023,volume_price_interaction,return_above_0_5_percent,pearson,-0.08681782908065826,217
A_portfolio,2023,volume_price_interaction,return_above_0_5_percent,spearman,-0.13082708777634253,217
A_portfolio,2023,range_expansion_24,return_above_0_5_percent,pearson,-0.08822617727472348,217
A_portfolio,2023,range_expansion_24,return_above_0_5_percent,spearman,-0.04022891390327178,217
A_portfolio,2023,signal_density_168,return_above_0_5_percent,pearson,0.06271754855562196,217
A_portfolio,2023,signal_density_168,return_above_0_5_percent,spearman,0.07738065233653663,217
A_portfolio,2023,ema20_distance,return_above_1_percent,pearson,-0.039437109969452905,217
A_portfolio,2023,ema20_distance,return_above_1_percent,spearman,0.026610214749293308,217
A_portfolio,2023,ema50_distance,return_above_1_percent,pearson,-0.05008954997494332,217
A_portfolio,2023,ema50_distance,return_above_1_percent,spearman,0.0017859204529727052,217
A_portfolio,2023,ema_gap,return_above_1_percent,pearson,-0.05729486314709791,217
A_portfolio,2023,ema_gap,return_above_1_percent,spearman,-0.011072706808430772,217
A_portfolio,2023,ema20_slope_6,return_above_1_percent,pearson,0.009899704673660501,217
A_portfolio,2023,ema20_slope_6,return_above_1_percent,spearman,0.03857588178421044,217
A_portfolio,2023,ema50_slope_6,return_above_1_percent,pearson,-0.021407808123017225,217
A_portfolio,2023,ema50_slope_6,return_above_1_percent,spearman,0.020895269299780653,217
A_portfolio,2023,trend_efficiency_20,return_above_1_percent,pearson,-0.007909189956663556,217
A_portfolio,2023,trend_efficiency_20,return_above_1_percent,spearman,0.007500865902485363,217
A_portfolio,2023,range_ratio,return_above_1_percent,pearson,-0.04076865026498305,217
A_portfolio,2023,range_ratio,return_above_1_percent,spearman,0.009108194310160796,217
A_portfolio,2023,body_to_range,return_above_1_percent,pearson,-0.1316387755210363,217
A_portfolio,2023,body_to_range,return_above_1_percent,spearman,-0.13322966579176382,217
A_portfolio,2023,close_location,return_above_1_percent,pearson,-0.05123561435454496,217
A_portfolio,2023,close_location,return_above_1_percent,spearman,-0.05054157849682485,217
A_portfolio,2023,natr14,return_above_1_percent,pearson,0.11939444137106286,217
A_portfolio,2023,natr14,return_above_1_percent,spearman,0.11287017262787497,217
A_portfolio,2023,return_std_24,return_above_1_percent,pearson,0.06042745839837841,217
A_portfolio,2023,return_std_24,return_above_1_percent,spearman,0.07072244993771913,217
A_portfolio,2023,return_std_168,return_above_1_percent,pearson,0.010906185128643702,217
A_portfolio,2023,return_std_168,return_above_1_percent,spearman,0.00035718409059454107,217
A_portfolio,2023,volatility_percentile_720,return_above_1_percent,pearson,0.11633427892685304,217
A_portfolio,2023,volatility_percentile_720,return_above_1_percent,spearman,0.1200175543572816,217
A_portfolio,2023,rsi14,return_above_1_percent,pearson,-0.005615137358504324,217
A_portfolio,2023,rsi14,return_above_1_percent,spearman,0.007143681811890821,217
A_portfolio,2023,macd_ratio,return_above_1_percent,pearson,0.014079967356335312,217
A_portfolio,2023,macd_ratio,return_above_1_percent,spearman,0.06893652948474642,217
A_portfolio,2023,macd_signal_ratio,return_above_1_percent,pearson,0.018488899573610287,217
A_portfolio,2023,macd_signal_ratio,return_above_1_percent,spearman,0.09233208741868885,217
A_portfolio,2023,relative_volume_24,return_above_1_percent,pearson,-0.09106206936065876,217
A_portfolio,2023,relative_volume_24,return_above_1_percent,spearman,-0.060364111310477434,217
A_portfolio,2023,volume_zscore_24,return_above_1_percent,pearson,-0.0671461760936851,217
A_portfolio,2023,volume_zscore_24,return_above_1_percent,spearman,-0.04339786700723674,217
A_portfolio,2023,volume_trend_24_168,return_above_1_percent,pearson,0.14548263948822338,217
A_portfolio,2023,volume_trend_24_168,return_above_1_percent,spearman,0.13251529761057473,217
A_portfolio,2023,regime_duration,return_above_1_percent,pearson,-0.10683251054527078,217
A_portfolio,2023,regime_duration,return_above_1_percent,spearman,-0.07390102851510365,217
A_portfolio,2023,regime_transition,return_above_1_percent,pearson,-0.06889611079984796,217
A_portfolio,2023,regime_transition,return_above_1_percent,spearman,-0.06889611079984792,217
A_portfolio,2023,hour_of_day,return_above_1_percent,pearson,-0.06054722065974347,217
A_portfolio,2023,hour_of_day,return_above_1_percent,spearman,-0.04908462867080344,217
A_portfolio,2023,day_of_week,return_above_1_percent,pearson,-0.024907487786143344,217
A_portfolio,2023,day_of_week,return_above_1_percent,spearman,-0.035462024006111585,217
A_portfolio,2023,distance_high_24,return_above_1_percent,pearson,-0.13256328282482488,217
A_portfolio,2023,distance_high_24,return_above_1_percent,spearman,-0.13840883510538465,217
A_portfolio,2023,distance_low_24,return_above_1_percent,pearson,-0.00530430157994726,217
A_portfolio,2023,distance_low_24,return_above_1_percent,spearman,0.04625533973199307,217
A_portfolio,2023,distance_high_168,return_above_1_percent,pearson,-0.09535576715854846,217
A_portfolio,2023,distance_high_168,return_above_1_percent,spearman,-0.08911743060333799,217
A_portfolio,2023,distance_low_168,return_above_1_percent,pearson,-0.022120297011846257,217
A_portfolio,2023,distance_low_168,return_above_1_percent,spearman,0.016787652257943427,217
A_portfolio,2023,candles_since_prior_signal,return_above_1_percent,pearson,0.07561419218884452,217
A_portfolio,2023,candles_since_prior_signal,return_above_1_percent,spearman,0.03956166920516073,217
A_portfolio,2023,return_1h,return_above_1_percent,pearson,-0.130686434798561,217
A_portfolio,2023,return_1h,return_above_1_percent,spearman,-0.10465493854420052,217
A_portfolio,2023,return_3h,return_above_1_percent,pearson,-0.042191965883646654,217
A_portfolio,2023,return_3h,return_above_1_percent,spearman,0.025717254522806956,217
A_portfolio,2023,return_6h,return_above_1_percent,pearson,-0.04361269259441169,217
A_portfolio,2023,return_6h,return_above_1_percent,spearman,-0.022324005662158815,217
A_portfolio,2023,return_12h,return_above_1_percent,pearson,-0.0710018925813435,217
A_portfolio,2023,return_12h,return_above_1_percent,spearman,-0.045540971550803985,217
A_portfolio,2023,return_24h,return_above_1_percent,pearson,0.059049507450431374,217
A_portfolio,2023,return_24h,return_above_1_percent,spearman,0.11358454080906406,217
A_portfolio,2023,return_72h,return_above_1_percent,pearson,-0.1017951350376473,217
A_portfolio,2023,return_72h,return_above_1_percent,spearman,-0.06661483289588191,217
A_portfolio,2023,return_168h,return_above_1_percent,pearson,-0.06303875604730153,217
A_portfolio,2023,return_168h,return_above_1_percent,spearman,-0.052148877226802996,217
A_portfolio,2023,volatility_ratio_24_168,return_above_1_percent,pearson,0.08611139833769368,217
A_portfolio,2023,volatility_ratio_24_168,return_above_1_percent,spearman,0.08768869424095983,217
A_portfolio,2023,natr_ratio_168,return_above_1_percent,pearson,0.1506723936657886,217
A_portfolio,2023,natr_ratio_168,return_above_1_percent,spearman,0.11947807830387398,217
A_portfolio,2023,up_fraction_24,return_above_1_percent,pearson,0.056508235373443294,217
A_portfolio,2023,up_fraction_24,return_above_1_percent,spearman,0.07776543783173356,217
A_portfolio,2023,volume_price_interaction,return_above_1_percent,pearson,-0.08382728828540104,217
A_portfolio,2023,volume_price_interaction,return_above_1_percent,spearman,-0.12912204874992658,217
A_portfolio,2023,range_expansion_24,return_above_1_percent,pearson,-0.08829694605220562,217
A_portfolio,2023,range_expansion_24,return_above_1_percent,spearman,-0.041790538599561305,217
A_portfolio,2023,signal_density_168,return_above_1_percent,pearson,0.01797551861846679,217
A_portfolio,2023,signal_density_168,return_above_1_percent,spearman,0.034353897873045866,217
A_portfolio,2023,ema20_distance,stoploss_hit,pearson,0.1791619092664126,217
A_portfolio,2023,ema20_distance,stoploss_hit,spearman,0.16631329320418872,217
A_portfolio,2023,ema50_distance,stoploss_hit,pearson,0.1768333647797328,217
A_portfolio,2023,ema50_distance,stoploss_hit,spearman,0.17451183582693044,217
A_portfolio,2023,ema_gap,stoploss_hit,pearson,0.10388447481201421,217
A_portfolio,2023,ema_gap,stoploss_hit,spearman,0.12883424121451242,217
A_portfolio,2023,ema20_slope_6,stoploss_hit,pearson,0.19709354663941694,217
A_portfolio,2023,ema20_slope_6,stoploss_hit,spearman,0.14679295362623232,217
A_portfolio,2023,ema50_slope_6,stoploss_hit,pearson,0.1730512800507912,217
A_portfolio,2023,ema50_slope_6,stoploss_hit,spearman,0.15108742833338273,217
A_portfolio,2023,trend_efficiency_20,stoploss_hit,pearson,0.16737856087506894,217
A_portfolio,2023,trend_efficiency_20,stoploss_hit,spearman,0.1300054615891898,217
A_portfolio,2023,range_ratio,stoploss_hit,pearson,0.1174459762878063,217
A_portfolio,2023,range_ratio,stoploss_hit,spearman,0.20457315877698334,217
A_portfolio,2023,body_to_range,stoploss_hit,pearson,0.07074904741088284,217
A_portfolio,2023,body_to_range,stoploss_hit,spearman,0.07651973114558919,217
A_portfolio,2023,close_location,stoploss_hit,pearson,0.05913625515621447,217
A_portfolio,2023,close_location,stoploss_hit,spearman,0.058170646099748,217
A_portfolio,2023,natr14,stoploss_hit,pearson,0.21938121631136212,217
A_portfolio,2023,natr14,stoploss_hit,spearman,0.22214146439714413,217
A_portfolio,2023,return_std_24,stoploss_hit,pearson,0.17598876930654378,217
A_portfolio,2023,return_std_24,stoploss_hit,spearman,0.20886763348413379,217
A_portfolio,2023,return_std_168,stoploss_hit,pearson,0.15438096947995558,217
A_portfolio,2023,return_std_168,stoploss_hit,spearman,0.16397085245483398,217
A_portfolio,2023,volatility_percentile_720,stoploss_hit,pearson,0.14407731375074198,217
A_portfolio,2023,volatility_percentile_720,stoploss_hit,spearman,0.1425028720170337,217
A_portfolio,2023,rsi14,stoploss_hit,pearson,0.14085602300101802,217
A_portfolio,2023,rsi14,stoploss_hit,spearman,0.109313901636556,217
A_portfolio,2023,macd_ratio,stoploss_hit,pearson,0.22374523959694248,217
A_portfolio,2023,macd_ratio,stoploss_hit,spearman,0.1713885814944574,217
A_portfolio,2023,macd_signal_ratio,stoploss_hit,pearson,0.21343032559790348,217
A_portfolio,2023,macd_signal_ratio,stoploss_hit,spearman,0.2123812946081659,217
A_portfolio,2023,relative_volume_24,stoploss_hit,pearson,0.02050178791944316,217
A_portfolio,2023,relative_volume_24,stoploss_hit,spearman,0.10892349484499685,217
A_portfolio,2023,volume_zscore_24,stoploss_hit,pearson,0.028735645608523624,217
A_portfolio,2023,volume_zscore_24,stoploss_hit,spearman,0.09096478243327695,217
A_portfolio,2023,volume_trend_24_168,stoploss_hit,pearson,0.12322846279382622,217
A_portfolio,2023,volume_trend_24_168,stoploss_hit,spearman,0.10462902013784643,217
A_portfolio,2023,regime_duration,stoploss_hit,pearson,-0.06900478461387272,217
A_portfolio,2023,regime_duration,stoploss_hit,spearman,-0.0731471299796956,217
A_portfolio,2023,regime_transition,stoploss_hit,pearson,-0.0023532603946871647,217
A_portfolio,2023,regime_transition,stoploss_hit,spearman,-0.0023532603946871044,217
A_portfolio,2023,hour_of_day,stoploss_hit,pearson,0.08539578242091161,217
A_portfolio,2023,hour_of_day,stoploss_hit,spearman,0.08404209580314012,217
A_portfolio,2023,day_of_week,stoploss_hit,pearson,-0.07886008013500286,217
A_portfolio,2023,day_of_week,stoploss_hit,spearman,-0.07554332018266857,217
A_portfolio,2023,distance_high_24,stoploss_hit,pearson,0.009694707781405697,217
A_portfolio,2023,distance_high_24,stoploss_hit,spearman,-0.015616271662365141,217
A_portfolio,2023,distance_low_24,stoploss_hit,pearson,0.2595576118914867,217
A_portfolio,2023,distance_low_24,stoploss_hit,spearman,0.23112082060300412,217
A_portfolio,2023,distance_high_168,stoploss_hit,pearson,0.07986692041901983,217
A_portfolio,2023,distance_high_168,stoploss_hit,spearman,0.06832118852284749,217
A_portfolio,2023,distance_low_168,stoploss_hit,pearson,0.11748684725441674,217
A_portfolio,2023,distance_low_168,stoploss_hit,spearman,0.1698269543282209,217
A_portfolio,2023,candles_since_prior_signal,stoploss_hit,pearson,-0.04407855026188485,217
A_portfolio,2023,candles_since_prior_signal,stoploss_hit,spearman,-0.027916577357647673,217
A_portfolio,2023,return_1h,stoploss_hit,pearson,0.07907443187376335,217
A_portfolio,2023,return_1h,stoploss_hit,spearman,0.16475166603795224,217
A_portfolio,2023,return_3h,stoploss_hit,pearson,0.1326876340961938,217
A_portfolio,2023,return_3h,stoploss_hit,spearman,0.2108196674419294,217
A_portfolio,2023,return_6h,stoploss_hit,pearson,0.08307988678030928,217
A_portfolio,2023,return_6h,stoploss_hit,spearman,0.01834911920327904,217
A_portfolio,2023,return_12h,stoploss_hit,pearson,0.180510238284106,217
A_portfolio,2023,return_12h,stoploss_hit,spearman,0.12805342763139416,217
A_portfolio,2023,return_24h,stoploss_hit,pearson,0.221762190907987,217
A_portfolio,2023,return_24h,stoploss_hit,spearman,0.18036793770031737,217
A_portfolio,2023,return_72h,stoploss_hit,pearson,0.03215510407498455,217
A_portfolio,2023,return_72h,stoploss_hit,spearman,0.07183484964687965,217
A_portfolio,2023,return_168h,stoploss_hit,pearson,0.10943742440851494,217
A_portfolio,2023,return_168h,stoploss_hit,spearman,0.14132725854440453,217
A_portfolio,2023,volatility_ratio_24_168,stoploss_hit,pearson,0.09714436972553384,217
A_portfolio,2023,volatility_ratio_24_168,stoploss_hit,spearman,0.11868366463397508,217
A_portfolio,2023,natr_ratio_168,stoploss_hit,pearson,0.1091106305382468,217
A_portfolio,2023,natr_ratio_168,stoploss_hit,spearman,0.10853308805343773,217
A_portfolio,2023,up_fraction_24,stoploss_hit,pearson,0.15303657250207758,217
A_portfolio,2023,up_fraction_24,stoploss_hit,spearman,0.1501145233130848,217
A_portfolio,2023,volume_price_interaction,stoploss_hit,pearson,-0.0009652631552762178,217
A_portfolio,2023,volume_price_interaction,stoploss_hit,spearman,0.16358044566327487,217
A_portfolio,2023,range_expansion_24,stoploss_hit,pearson,0.04037758614330283,217
A_portfolio,2023,range_expansion_24,stoploss_hit,spearman,0.11204674917746989,217
A_portfolio,2023,signal_density_168,stoploss_hit,pearson,0.011888597930023014,217
A_portfolio,2023,signal_density_168,stoploss_hit,spearman,-0.003111816375467156,217
A_portfolio,2023,ema20_distance,forward_6h_return,pearson,-0.18009465552335302,217
A_portfolio,2023,ema20_distance,forward_6h_return,spearman,-0.23145290472902194,217
A_portfolio,2023,ema50_distance,forward_6h_return,pearson,-0.19966802802933598,217
A_portfolio,2023,ema50_distance,forward_6h_return,spearman,-0.2539071858397102,217
A_portfolio,2023,ema_gap,forward_6h_return,pearson,-0.17384855236080676,217
A_portfolio,2023,ema_gap,forward_6h_return,spearman,-0.2043691897198852,217
A_portfolio,2023,ema20_slope_6,forward_6h_return,pearson,-0.09613722169979023,217
A_portfolio,2023,ema20_slope_6,forward_6h_return,spearman,-0.1672773479521038,217
A_portfolio,2023,ema50_slope_6,forward_6h_return,pearson,-0.14039295384344838,217
A_portfolio,2023,ema50_slope_6,forward_6h_return,spearman,-0.19181851491706478,217
A_portfolio,2023,trend_efficiency_20,forward_6h_return,pearson,-0.1253615812287638,217
A_portfolio,2023,trend_efficiency_20,forward_6h_return,spearman,-0.1772784283882242,217
A_portfolio,2023,range_ratio,forward_6h_return,pearson,-0.1151520440250862,217
A_portfolio,2023,range_ratio,forward_6h_return,spearman,-0.1342359672486929,217
A_portfolio,2023,body_to_range,forward_6h_return,pearson,-0.10481499997759011,217
A_portfolio,2023,body_to_range,forward_6h_return,spearman,-0.0583905259844887,217
A_portfolio,2023,close_location,forward_6h_return,pearson,-0.12383039053491664,217
A_portfolio,2023,close_location,forward_6h_return,spearman,-0.12732888436099352,217
A_portfolio,2023,natr14,forward_6h_return,pearson,0.05394174770814243,217
A_portfolio,2023,natr14,forward_6h_return,spearman,-0.020396754933600155,217
A_portfolio,2023,return_std_24,forward_6h_return,pearson,0.02914203165688296,217
A_portfolio,2023,return_std_24,forward_6h_return,spearman,-0.021702673374765714,217
A_portfolio,2023,return_std_168,forward_6h_return,pearson,0.019440498018740364,217
A_portfolio,2023,return_std_168,forward_6h_return,spearman,-0.017326907087191198,217
A_portfolio,2023,volatility_percentile_720,forward_6h_return,pearson,0.03305215968411741,217
A_portfolio,2023,volatility_percentile_720,forward_6h_return,spearman,0.01077298486357344,217
A_portfolio,2023,rsi14,forward_6h_return,pearson,-0.2052887619680537,217
A_portfolio,2023,rsi14,forward_6h_return,spearman,-0.2522630439173795,217
A_portfolio,2023,macd_ratio,forward_6h_return,pearson,-0.09390625551130638,217
A_portfolio,2023,macd_ratio,forward_6h_return,spearman,-0.16835308652414305,217
A_portfolio,2023,macd_signal_ratio,forward_6h_return,pearson,-0.04637617172255346,217
A_portfolio,2023,macd_signal_ratio,forward_6h_return,spearman,-0.12776157123597195,217
A_portfolio,2023,relative_volume_24,forward_6h_return,pearson,-0.19837458267605515,217
A_portfolio,2023,relative_volume_24,forward_6h_return,spearman,-0.20336743753435083,217
A_portfolio,2023,volume_zscore_24,forward_6h_return,pearson,-0.26980377957322615,217
A_portfolio,2023,volume_zscore_24,forward_6h_return,spearman,-0.19412383676958997,217
A_portfolio,2023,volume_trend_24_168,forward_6h_return,pearson,0.09734479013922825,217
A_portfolio,2023,volume_trend_24_168,forward_6h_return,spearman,0.015848353744180914,217
A_portfolio,2023,regime_duration,forward_6h_return,pearson,-0.10408243861222706,217
A_portfolio,2023,regime_duration,forward_6h_return,spearman,-0.017215656861898528,217
A_portfolio,2023,regime_transition,forward_6h_return,pearson,-0.11170041520576755,217
A_portfolio,2023,regime_transition,forward_6h_return,spearman,-0.10401690434556464,217
A_portfolio,2023,hour_of_day,forward_6h_return,pearson,-0.042146274910764135,217
A_portfolio,2023,hour_of_day,forward_6h_return,spearman,-0.09667259546109536,217
A_portfolio,2023,day_of_week,forward_6h_return,pearson,-0.00822239291520859,217
A_portfolio,2023,day_of_week,forward_6h_return,spearman,-0.04761329781868794,217
A_portfolio,2023,distance_high_24,forward_6h_return,pearson,-0.21026173533831946,217
A_portfolio,2023,distance_high_24,forward_6h_return,spearman,-0.2226050724127078,217
A_portfolio,2023,distance_low_24,forward_6h_return,pearson,-0.07018739014367766,217
A_portfolio,2023,distance_low_24,forward_6h_return,spearman,-0.11488441682286016,217
A_portfolio,2023,distance_high_168,forward_6h_return,pearson,-0.19950842277999292,217
A_portfolio,2023,distance_high_168,forward_6h_return,spearman,-0.21568910685513232,217
A_portfolio,2023,distance_low_168,forward_6h_return,pearson,-0.1235274424485935,217
A_portfolio,2023,distance_low_168,forward_6h_return,spearman,-0.18211807757531345,217
A_portfolio,2023,candles_since_prior_signal,forward_6h_return,pearson,0.010968176956426282,217
A_portfolio,2023,candles_since_prior_signal,forward_6h_return,spearman,0.05761528835588418,217
A_portfolio,2023,return_1h,forward_6h_return,pearson,-0.16401142716791042,217
A_portfolio,2023,return_1h,forward_6h_return,spearman,-0.15617351804093443,217
A_portfolio,2023,return_3h,forward_6h_return,pearson,-0.16449867048676275,217
A_portfolio,2023,return_3h,forward_6h_return,spearman,-0.21890692747455104,217
A_portfolio,2023,return_6h,forward_6h_return,pearson,-0.15886367667525322,217
A_portfolio,2023,return_6h,forward_6h_return,spearman,-0.1838279851745374,217
A_portfolio,2023,return_12h,forward_6h_return,pearson,-0.19148131964310383,217
A_portfolio,2023,return_12h,forward_6h_return,spearman,-0.21579597608008383,217
A_portfolio,2023,return_24h,forward_6h_return,pearson,-0.06654305464384412,217
A_portfolio,2023,return_24h,forward_6h_return,spearman,-0.11092203479004308,217
A_portfolio,2023,return_72h,forward_6h_return,pearson,-0.22177708455085166,217
A_portfolio,2023,return_72h,forward_6h_return,spearman,-0.23786623261319917,217
A_portfolio,2023,return_168h,forward_6h_return,pearson,-0.20793463840918086,217
A_portfolio,2023,return_168h,forward_6h_return,spearman,-0.23297021284591574,217
A_portfolio,2023,volatility_ratio_24_168,forward_6h_return,pearson,0.019650124180233913,217
A_portfolio,2023,volatility_ratio_24_168,forward_6h_return,spearman,-0.02047074132010504,217
A_portfolio,2023,natr_ratio_168,forward_6h_return,pearson,0.061637497477394776,217
A_portfolio,2023,natr_ratio_168,forward_6h_return,spearman,0.014396811304180348,217
A_portfolio,2023,up_fraction_24,forward_6h_return,pearson,-0.06878073961257711,217
A_portfolio,2023,up_fraction_24,forward_6h_return,spearman,-0.12044123958652185,217
A_portfolio,2023,volume_price_interaction,forward_6h_return,pearson,-0.05459048039488707,217
A_portfolio,2023,volume_price_interaction,forward_6h_return,spearman,-0.157761289383071,217
A_portfolio,2023,range_expansion_24,forward_6h_return,pearson,-0.14903679276170612,217
A_portfolio,2023,range_expansion_24,forward_6h_return,spearman,-0.14305443988782257,217
A_portfolio,2023,signal_density_168,forward_6h_return,pearson,0.0802377567065436,217
A_portfolio,2023,signal_density_168,forward_6h_return,spearman,0.03661652329603031,217
A_portfolio,2023,ema20_distance,forward_12h_return,pearson,-0.14702804626140073,217
A_portfolio,2023,ema20_distance,forward_12h_return,spearman,-0.234910300314266,217
A_portfolio,2023,ema50_distance,forward_12h_return,pearson,-0.152930167996484,217
A_portfolio,2023,ema50_distance,forward_12h_return,spearman,-0.2585307478027218,217
A_portfolio,2023,ema_gap,forward_12h_return,pearson,-0.11053189669415948,217
A_portfolio,2023,ema_gap,forward_12h_return,spearman,-0.19991239072328154,217
A_portfolio,2023,ema20_slope_6,forward_12h_return,pearson,-0.10622756618130504,217
A_portfolio,2023,ema20_slope_6,forward_12h_return,spearman,-0.20006506104464084,217
A_portfolio,2023,ema50_slope_6,forward_12h_return,pearson,-0.1186311615380804,217
A_portfolio,2023,ema50_slope_6,forward_12h_return,spearman,-0.21459105492843286,217
A_portfolio,2023,trend_efficiency_20,forward_12h_return,pearson,-0.07825519471914456,217
A_portfolio,2023,trend_efficiency_20,forward_12h_return,spearman,-0.16384109133443256,217
A_portfolio,2023,range_ratio,forward_12h_return,pearson,-0.12863032355646128,217
A_portfolio,2023,range_ratio,forward_12h_return,spearman,-0.1253482057714079,217
A_portfolio,2023,body_to_range,forward_12h_return,pearson,-0.10283711369379805,217
A_portfolio,2023,body_to_range,forward_12h_return,spearman,-0.1146800734696562,217
A_portfolio,2023,close_location,forward_12h_return,pearson,-0.048755881926922866,217
A_portfolio,2023,close_location,forward_12h_return,spearman,-0.02347248849834376,217
A_portfolio,2023,natr14,forward_12h_return,pearson,0.02910957465194308,217
A_portfolio,2023,natr14,forward_12h_return,spearman,-0.05655613335400255,217
A_portfolio,2023,return_std_24,forward_12h_return,pearson,-0.02255513384035193,217
A_portfolio,2023,return_std_24,forward_12h_return,spearman,-0.11547513352781184,217
A_portfolio,2023,return_std_168,forward_12h_return,pearson,0.013121003535797836,217
A_portfolio,2023,return_std_168,forward_12h_return,spearman,-0.043729477585648054,217
A_portfolio,2023,volatility_percentile_720,forward_12h_return,pearson,0.028419317979321047,217
A_portfolio,2023,volatility_percentile_720,forward_12h_return,spearman,-0.03648111073990863,217
A_portfolio,2023,rsi14,forward_12h_return,pearson,-0.16503407678423204,217
A_portfolio,2023,rsi14,forward_12h_return,spearman,-0.23441823212465412,217
A_portfolio,2023,macd_ratio,forward_12h_return,pearson,-0.09819594282656628,217
A_portfolio,2023,macd_ratio,forward_12h_return,spearman,-0.2013463173569714,217
A_portfolio,2023,macd_signal_ratio,forward_12h_return,pearson,-0.06004796590043064,217
A_portfolio,2023,macd_signal_ratio,forward_12h_return,spearman,-0.15849175815142078,217
A_portfolio,2023,relative_volume_24,forward_12h_return,pearson,-0.15630733719136344,217
A_portfolio,2023,relative_volume_24,forward_12h_return,spearman,-0.1729848691967662,217
A_portfolio,2023,volume_zscore_24,forward_12h_return,pearson,-0.19345291405223924,217
A_portfolio,2023,volume_zscore_24,forward_12h_return,spearman,-0.1668768819553075,217
A_portfolio,2023,volume_trend_24_168,forward_12h_return,pearson,0.049820487595756933,217
A_portfolio,2023,volume_trend_24_168,forward_12h_return,spearman,-0.009048652508255942,217
A_portfolio,2023,regime_duration,forward_12h_return,pearson,-0.09399727383781105,217
A_portfolio,2023,regime_duration,forward_12h_return,spearman,0.011359438954601076,217
A_portfolio,2023,regime_transition,forward_12h_return,pearson,-0.06252997086999942,217
A_portfolio,2023,regime_transition,forward_12h_return,spearman,-0.13451975182242856,217
A_portfolio,2023,hour_of_day,forward_12h_return,pearson,-0.09761817057071749,217
A_portfolio,2023,hour_of_day,forward_12h_return,spearman,-0.08095558217604115,217
A_portfolio,2023,day_of_week,forward_12h_return,pearson,-0.010325551049828111,217
A_portfolio,2023,day_of_week,forward_12h_return,spearman,0.0049933909955155184,217
A_portfolio,2023,distance_high_24,forward_12h_return,pearson,-0.1510299468806895,217
A_portfolio,2023,distance_high_24,forward_12h_return,spearman,-0.16858326639326934,217
A_portfolio,2023,distance_low_24,forward_12h_return,pearson,-0.08619776142637041,217
A_portfolio,2023,distance_low_24,forward_12h_return,spearman,-0.16671364215016185,217
A_portfolio,2023,distance_high_168,forward_12h_return,pearson,-0.1733100316290542,217
A_portfolio,2023,distance_high_168,forward_12h_return,spearman,-0.21850646147775477,217
A_portfolio,2023,distance_low_168,forward_12h_return,pearson,-0.053150628397970336,217
A_portfolio,2023,distance_low_168,forward_12h_return,spearman,-0.15632618836229373,217
A_portfolio,2023,candles_since_prior_signal,forward_12h_return,pearson,0.07170603340328041,217
A_portfolio,2023,candles_since_prior_signal,forward_12h_return,spearman,0.04605358990055656,217
A_portfolio,2023,return_1h,forward_12h_return,pearson,-0.12998845944180823,217
A_portfolio,2023,return_1h,forward_12h_return,spearman,-0.07153426626643555,217
A_portfolio,2023,return_3h,forward_12h_return,pearson,-0.11563854859133793,217
A_portfolio,2023,return_3h,forward_12h_return,spearman,-0.17929367663016674,217
A_portfolio,2023,return_6h,forward_12h_return,pearson,-0.13748309287014215,217
A_portfolio,2023,return_6h,forward_12h_return,spearman,-0.19276976845784186,217
A_portfolio,2023,return_12h,forward_12h_return,pearson,-0.16743464717285358,217
A_portfolio,2023,return_12h,forward_12h_return,spearman,-0.25419491067611816,217
A_portfolio,2023,return_24h,forward_12h_return,pearson,-0.09964318006334535,217
A_portfolio,2023,return_24h,forward_12h_return,spearman,-0.16187046980181044,217
A_portfolio,2023,return_72h,forward_12h_return,pearson,-0.1447946027027607,217
A_portfolio,2023,return_72h,forward_12h_return,spearman,-0.2123937766879466,217
A_portfolio,2023,return_168h,forward_12h_return,pearson,-0.11152888398748317,217
A_portfolio,2023,return_168h,forward_12h_return,spearman,-0.19596410133551304,217
A_portfolio,2023,volatility_ratio_24_168,forward_12h_return,pearson,-0.0394345226543276,217
A_portfolio,2023,volatility_ratio_24_168,forward_12h_return,spearman,-0.10651456005110935,217
A_portfolio,2023,natr_ratio_168,forward_12h_return,pearson,1.6868938796332544e-05,217
A_portfolio,2023,natr_ratio_168,forward_12h_return,spearman,-0.035673182166227446,217
A_portfolio,2023,up_fraction_24,forward_12h_return,pearson,-0.008471255596484905,217
A_portfolio,2023,up_fraction_24,forward_12h_return,spearman,-0.045942015531218315,217
A_portfolio,2023,volume_price_interaction,forward_12h_return,pearson,-0.06548819742118298,217
A_portfolio,2023,volume_price_interaction,forward_12h_return,spearman,-0.07979138187779798,217
A_portfolio,2023,range_expansion_24,forward_12h_return,pearson,-0.15558403938928256,217
A_portfolio,2023,range_expansion_24,forward_12h_return,spearman,-0.11764892402655054,217
A_portfolio,2023,signal_density_168,forward_12h_return,pearson,0.04602586777426579,217
A_portfolio,2023,signal_density_168,forward_12h_return,spearman,0.11234450580972036,217
A_portfolio,2023,ema20_distance,forward_24h_return,pearson,-0.17302822406788818,217
A_portfolio,2023,ema20_distance,forward_24h_return,spearman,-0.21937315914824057,217
A_portfolio,2023,ema50_distance,forward_24h_return,pearson,-0.17234728499152058,217
A_portfolio,2023,ema50_distance,forward_24h_return,spearman,-0.23676700629941236,217
A_portfolio,2023,ema_gap,forward_24h_return,pearson,-0.1033582101644491,217
A_portfolio,2023,ema_gap,forward_24h_return,spearman,-0.18731004288861647,217
A_portfolio,2023,ema20_slope_6,forward_24h_return,pearson,-0.13799326325941158,217
A_portfolio,2023,ema20_slope_6,forward_24h_return,spearman,-0.1708016836013285,217
A_portfolio,2023,ema50_slope_6,forward_24h_return,pearson,-0.1348582908798938,217
A_portfolio,2023,ema50_slope_6,forward_24h_return,spearman,-0.17489912014919415,217
A_portfolio,2023,trend_efficiency_20,forward_24h_return,pearson,-0.12702637477620365,217
A_portfolio,2023,trend_efficiency_20,forward_24h_return,spearman,-0.13433461576403277,217
A_portfolio,2023,range_ratio,forward_24h_return,pearson,-0.14223486217350062,217
A_portfolio,2023,range_ratio,forward_24h_return,spearman,-0.22735664256824364,217
A_portfolio,2023,body_to_range,forward_24h_return,pearson,-0.1761436453869448,217
A_portfolio,2023,body_to_range,forward_24h_return,spearman,-0.16222513470219893,217
A_portfolio,2023,close_location,forward_24h_return,pearson,-0.05722931551609552,217
A_portfolio,2023,close_location,forward_24h_return,spearman,-0.07582845717743077,217
A_portfolio,2023,natr14,forward_24h_return,pearson,0.020120874865378866,217
A_portfolio,2023,natr14,forward_24h_return,spearman,-0.0784361391789625,217
A_portfolio,2023,return_std_24,forward_24h_return,pearson,-0.05509151831200332,217
A_portfolio,2023,return_std_24,forward_24h_return,spearman,-0.12858011903587518,217
A_portfolio,2023,return_std_168,forward_24h_return,pearson,0.036983936617875524,217
A_portfolio,2023,return_std_168,forward_24h_return,spearman,-0.04504831428477478,217
A_portfolio,2023,volatility_percentile_720,forward_24h_return,pearson,0.006581522983769958,217
A_portfolio,2023,volatility_percentile_720,forward_24h_return,spearman,-0.04748369535719716,217
A_portfolio,2023,rsi14,forward_24h_return,pearson,-0.176677329023474,217
A_portfolio,2023,rsi14,forward_24h_return,spearman,-0.21885055689435684,217
A_portfolio,2023,macd_ratio,forward_24h_return,pearson,-0.13400864332241738,217
A_portfolio,2023,macd_ratio,forward_24h_return,spearman,-0.151389065046952,217
A_portfolio,2023,macd_signal_ratio,forward_24h_return,pearson,-0.09181206878781566,217
A_portfolio,2023,macd_signal_ratio,forward_24h_return,spearman,-0.09778886399188265,217
A_portfolio,2023,relative_volume_24,forward_24h_return,pearson,-0.15836879235992476,217
A_portfolio,2023,relative_volume_24,forward_24h_return,spearman,-0.2513763816664083,217
A_portfolio,2023,volume_zscore_24,forward_24h_return,pearson,-0.16361160818318066,217
A_portfolio,2023,volume_zscore_24,forward_24h_return,spearman,-0.2294388308741668,217
A_portfolio,2023,volume_trend_24_168,forward_24h_return,pearson,0.04076849024493191,217
A_portfolio,2023,volume_trend_24_168,forward_24h_return,spearman,0.005967060790973191,217
A_portfolio,2023,regime_duration,forward_24h_return,pearson,-0.041109262049382006,217
A_portfolio,2023,regime_duration,forward_24h_return,spearman,-0.006132732114292606,217
A_portfolio,2023,regime_transition,forward_24h_return,pearson,-0.10688605098859008,217
A_portfolio,2023,regime_transition,forward_24h_return,spearman,-0.13583642149768888,217
A_portfolio,2023,hour_of_day,forward_24h_return,pearson,-0.18964238917925264,217
A_portfolio,2023,hour_of_day,forward_24h_return,spearman,-0.20313062350051866,217
A_portfolio,2023,day_of_week,forward_24h_return,pearson,-0.0202171639158482,217
A_portfolio,2023,day_of_week,forward_24h_return,spearman,0.0002010681625547111,217
A_portfolio,2023,distance_high_24,forward_24h_return,pearson,-0.09437439705123156,217
A_portfolio,2023,distance_high_24,forward_24h_return,spearman,-0.13059889043907985,217
A_portfolio,2023,distance_low_24,forward_24h_return,pearson,-0.13266696031408082,217
A_portfolio,2023,distance_low_24,forward_24h_return,spearman,-0.15458104915044837,217
A_portfolio,2023,distance_high_168,forward_24h_return,pearson,-0.114653156025406,217
A_portfolio,2023,distance_high_168,forward_24h_return,spearman,-0.20382662288551606,217
A_portfolio,2023,distance_low_168,forward_24h_return,pearson,-0.012122439687469762,217
A_portfolio,2023,distance_low_168,forward_24h_return,spearman,-0.1275736693019913,217
A_portfolio,2023,candles_since_prior_signal,forward_24h_return,pearson,0.15230247943513467,217
A_portfolio,2023,candles_since_prior_signal,forward_24h_return,spearman,0.08786550223392339,217
A_portfolio,2023,return_1h,forward_24h_return,pearson,-0.14550080969548562,217
A_portfolio,2023,return_1h,forward_24h_return,spearman,-0.11223617394082029,217
A_portfolio,2023,return_3h,forward_24h_return,pearson,-0.12652045122085562,217
A_portfolio,2023,return_3h,forward_24h_return,spearman,-0.14505089793636702,217
A_portfolio,2023,return_6h,forward_24h_return,pearson,-0.14988572021772895,217
A_portfolio,2023,return_6h,forward_24h_return,spearman,-0.1631658187591896,217
A_portfolio,2023,return_12h,forward_24h_return,pearson,-0.2125927972512095,217
A_portfolio,2023,return_12h,forward_24h_return,spearman,-0.2636287621490344,217
A_portfolio,2023,return_24h,forward_24h_return,pearson,-0.12096917759398118,217
A_portfolio,2023,return_24h,forward_24h_return,spearman,-0.134546005439761,217
A_portfolio,2023,return_72h,forward_24h_return,pearson,-0.14073958426094002,217
A_portfolio,2023,return_72h,forward_24h_return,spearman,-0.204919977263866,217
A_portfolio,2023,return_168h,forward_24h_return,pearson,-0.034493838486775966,217
A_portfolio,2023,return_168h,forward_24h_return,spearman,-0.14661048398840648,217
A_portfolio,2023,volatility_ratio_24_168,forward_24h_return,pearson,-0.07076573706513989,217
A_portfolio,2023,volatility_ratio_24_168,forward_24h_return,spearman,-0.1171345424822785,217
A_portfolio,2023,natr_ratio_168,forward_24h_return,pearson,-0.023446932749578406,217
A_portfolio,2023,natr_ratio_168,forward_24h_return,spearman,-0.08086594606274985,217
A_portfolio,2023,up_fraction_24,forward_24h_return,pearson,0.02915216410176458,217
A_portfolio,2023,up_fraction_24,forward_24h_return,spearman,-0.017966752760666,217
A_portfolio,2023,volume_price_interaction,forward_24h_return,pearson,-0.0944321652357811,217
A_portfolio,2023,volume_price_interaction,forward_24h_return,spearman,-0.11731187493247275,217
A_portfolio,2023,range_expansion_24,forward_24h_return,pearson,-0.1618904547645729,217
A_portfolio,2023,range_expansion_24,forward_24h_return,spearman,-0.23715925158659698,217
A_portfolio,2023,signal_density_168,forward_24h_return,pearson,-0.0038326198104234746,217
A_portfolio,2023,signal_density_168,forward_24h_return,spearman,0.055258025509865895,217
A_portfolio,2023,ema20_distance,forward_48h_return,pearson,-0.1681674679528154,217
A_portfolio,2023,ema20_distance,forward_48h_return,spearman,-0.231899171822226,217
A_portfolio,2023,ema50_distance,forward_48h_return,pearson,-0.18960744738009572,217
A_portfolio,2023,ema50_distance,forward_48h_return,spearman,-0.24512629358737678,217
A_portfolio,2023,ema_gap,forward_48h_return,pearson,-0.1748815916239605,217
A_portfolio,2023,ema_gap,forward_48h_return,spearman,-0.15606430004180818,217
A_portfolio,2023,ema20_slope_6,forward_48h_return,pearson,-0.1395685241720209,217
A_portfolio,2023,ema20_slope_6,forward_48h_return,spearman,-0.16278414295579138,217
A_portfolio,2023,ema50_slope_6,forward_48h_return,pearson,-0.1711537960033411,217
A_portfolio,2023,ema50_slope_6,forward_48h_return,spearman,-0.15667380694015795,217
A_portfolio,2023,trend_efficiency_20,forward_48h_return,pearson,-0.11935885676736782,217
A_portfolio,2023,trend_efficiency_20,forward_48h_return,spearman,-0.11679514461402594,217
A_portfolio,2023,range_ratio,forward_48h_return,pearson,-0.08871959056345703,217
A_portfolio,2023,range_ratio,forward_48h_return,spearman,-0.2116621335325094,217
A_portfolio,2023,body_to_range,forward_48h_return,pearson,-0.1388303261096778,217
A_portfolio,2023,body_to_range,forward_48h_return,spearman,-0.1599186384625864,217
A_portfolio,2023,close_location,forward_48h_return,pearson,-0.07687981419833338,217
A_portfolio,2023,close_location,forward_48h_return,spearman,-0.06033123607250536,217
A_portfolio,2023,natr14,forward_48h_return,pearson,0.09902514463692026,217
A_portfolio,2023,natr14,forward_48h_return,spearman,-0.10404247523217634,217
A_portfolio,2023,return_std_24,forward_48h_return,pearson,0.04395962842905128,217
A_portfolio,2023,return_std_24,forward_48h_return,spearman,-0.13761937644743208,217
A_portfolio,2023,return_std_168,forward_48h_return,pearson,-0.014396806716045096,217
A_portfolio,2023,return_std_168,forward_48h_return,spearman,-0.1484577948768538,217
A_portfolio,2023,volatility_percentile_720,forward_48h_return,pearson,0.12224605117504125,217
A_portfolio,2023,volatility_percentile_720,forward_48h_return,spearman,0.0011720744460750347,217
A_portfolio,2023,rsi14,forward_48h_return,pearson,-0.168396397133894,217
A_portfolio,2023,rsi14,forward_48h_return,spearman,-0.22560915458222355,217
A_portfolio,2023,macd_ratio,forward_48h_return,pearson,-0.13965738253767004,217
A_portfolio,2023,macd_ratio,forward_48h_return,spearman,-0.13781784786519916,217
A_portfolio,2023,macd_signal_ratio,forward_48h_return,pearson,-0.11869697268222237,217
A_portfolio,2023,macd_signal_ratio,forward_48h_return,spearman,-0.06834228216293917,217
A_portfolio,2023,relative_volume_24,forward_48h_return,pearson,-0.1496880803730298,217
A_portfolio,2023,relative_volume_24,forward_48h_return,spearman,-0.24600590951582368,217
A_portfolio,2023,volume_zscore_24,forward_48h_return,pearson,-0.16348468631317356,217
A_portfolio,2023,volume_zscore_24,forward_48h_return,spearman,-0.22534374310047586,217
A_portfolio,2023,volume_trend_24_168,forward_48h_return,pearson,0.1295288714983147,217
A_portfolio,2023,volume_trend_24_168,forward_48h_return,spearman,-0.015407958586413752,217
A_portfolio,2023,regime_duration,forward_48h_return,pearson,-0.06678269372312877,217
A_portfolio,2023,regime_duration,forward_48h_return,spearman,-0.0005183170560909234,217
A_portfolio,2023,regime_transition,forward_48h_return,pearson,-0.1264880901635763,217
A_portfolio,2023,regime_transition,forward_48h_return,spearman,-0.17796985110601884,217
A_portfolio,2023,hour_of_day,forward_48h_return,pearson,-0.01530001779931087,217
A_portfolio,2023,hour_of_day,forward_48h_return,spearman,-0.11165940523363553,217
A_portfolio,2023,day_of_week,forward_48h_return,pearson,0.022322567941264304,217
A_portfolio,2023,day_of_week,forward_48h_return,spearman,0.012811254286326209,217
A_portfolio,2023,distance_high_24,forward_48h_return,pearson,-0.24669619693861486,217
A_portfolio,2023,distance_high_24,forward_48h_return,spearman,-0.15740427570850773,217
A_portfolio,2023,distance_low_24,forward_48h_return,pearson,-0.11813392768594319,217
A_portfolio,2023,distance_low_24,forward_48h_return,spearman,-0.17066310592501774,217
A_portfolio,2023,distance_high_168,forward_48h_return,pearson,-0.19907105336798653,217
A_portfolio,2023,distance_high_168,forward_48h_return,spearman,-0.16560619512676336,217
A_portfolio,2023,distance_low_168,forward_48h_return,pearson,-0.041090432657431314,217
A_portfolio,2023,distance_low_168,forward_48h_return,spearman,-0.14105093551675382,217
A_portfolio,2023,candles_since_prior_signal,forward_48h_return,pearson,0.09450315890844492,217
A_portfolio,2023,candles_since_prior_signal,forward_48h_return,spearman,0.0068320194955953616,217
A_portfolio,2023,return_1h,forward_48h_return,pearson,-0.17452251280227415,217
A_portfolio,2023,return_1h,forward_48h_return,spearman,-0.16279706121375256,217
A_portfolio,2023,return_3h,forward_48h_return,pearson,-0.11555184198286474,217
A_portfolio,2023,return_3h,forward_48h_return,spearman,-0.1693395716775415,217
A_portfolio,2023,return_6h,forward_48h_return,pearson,-0.1422395948945552,217
A_portfolio,2023,return_6h,forward_48h_return,spearman,-0.22369138046853349,217
A_portfolio,2023,return_12h,forward_48h_return,pearson,-0.20956349510735303,217
A_portfolio,2023,return_12h,forward_48h_return,spearman,-0.26195760932369394,217
A_portfolio,2023,return_24h,forward_48h_return,pearson,-0.0928112228586573,217
A_portfolio,2023,return_24h,forward_48h_return,spearman,-0.1429405243403468,217
A_portfolio,2023,return_72h,forward_48h_return,pearson,-0.19188047837554,217
A_portfolio,2023,return_72h,forward_48h_return,spearman,-0.17989848598016694,217
A_portfolio,2023,return_168h,forward_48h_return,pearson,-0.13063909367202153,217
A_portfolio,2023,return_168h,forward_48h_return,spearman,-0.1692374000009395,217
A_portfolio,2023,volatility_ratio_24_168,forward_48h_return,pearson,0.04296980657813318,217
A_portfolio,2023,volatility_ratio_24_168,forward_48h_return,spearman,-0.04596081305166833,217
A_portfolio,2023,natr_ratio_168,forward_48h_return,pearson,0.12613396914993827,217
A_portfolio,2023,natr_ratio_168,forward_48h_return,spearman,-0.04242473353156988,217
A_portfolio,2023,up_fraction_24,forward_48h_return,pearson,0.024324162992041213,217
A_portfolio,2023,up_fraction_24,forward_48h_return,spearman,-0.006008455334009676,217
A_portfolio,2023,volume_price_interaction,forward_48h_return,pearson,-0.09897007923850423,217
A_portfolio,2023,volume_price_interaction,forward_48h_return,spearman,-0.18813916017230609,217
A_portfolio,2023,range_expansion_24,forward_48h_return,pearson,-0.12931444444699533,217
A_portfolio,2023,range_expansion_24,forward_48h_return,spearman,-0.1877339966271603,217
A_portfolio,2023,signal_density_168,forward_48h_return,pearson,-0.0435782727138253,217
A_portfolio,2023,signal_density_168,forward_48h_return,spearman,-0.02138231226080821,217
A_portfolio,2024,ema20_distance,net_profit_ratio,pearson,0.04621808531355421,205
A_portfolio,2024,ema20_distance,net_profit_ratio,spearman,-0.012931983117660986,205
A_portfolio,2024,ema50_distance,net_profit_ratio,pearson,0.065641875698878,205
A_portfolio,2024,ema50_distance,net_profit_ratio,spearman,0.007755846833168502,205
A_portfolio,2024,ema_gap,net_profit_ratio,pearson,0.08102913192679226,205
A_portfolio,2024,ema_gap,net_profit_ratio,spearman,0.0591634048836205,205
A_portfolio,2024,ema20_slope_6,net_profit_ratio,pearson,-0.07804443954431273,205
A_portfolio,2024,ema20_slope_6,net_profit_ratio,spearman,-0.0767004220584753,205
A_portfolio,2024,ema50_slope_6,net_profit_ratio,pearson,-0.01999499131282654,205
A_portfolio,2024,ema50_slope_6,net_profit_ratio,spearman,-0.030673761334986276,205
A_portfolio,2024,trend_efficiency_20,net_profit_ratio,pearson,-0.01703178517319903,205
A_portfolio,2024,trend_efficiency_20,net_profit_ratio,spearman,-0.045068323327436585,205
A_portfolio,2024,range_ratio,net_profit_ratio,pearson,-0.0177030894773527,205
A_portfolio,2024,range_ratio,net_profit_ratio,spearman,-0.05233664386900865,205
A_portfolio,2024,body_to_range,net_profit_ratio,pearson,0.0974154497256932,205
A_portfolio,2024,body_to_range,net_profit_ratio,spearman,0.0740998175258737,205
A_portfolio,2024,close_location,net_profit_ratio,pearson,-0.09420437804908854,205
A_portfolio,2024,close_location,net_profit_ratio,spearman,-0.10799000987600825,205
A_portfolio,2024,natr14,net_profit_ratio,pearson,-0.06194424338693792,205
A_portfolio,2024,natr14,net_profit_ratio,spearman,-0.023221573734869272,205
A_portfolio,2024,return_std_24,net_profit_ratio,pearson,-0.017579352702530446,205
A_portfolio,2024,return_std_24,net_profit_ratio,spearman,0.013937680210611357,205
A_portfolio,2024,return_std_168,net_profit_ratio,pearson,-0.12213462947852921,205
A_portfolio,2024,return_std_168,net_profit_ratio,spearman,-0.09577941524703654,205
A_portfolio,2024,volatility_percentile_720,net_profit_ratio,pearson,0.055417054289489634,205
A_portfolio,2024,volatility_percentile_720,net_profit_ratio,spearman,0.05787718197943331,205
A_portfolio,2024,rsi14,net_profit_ratio,pearson,0.052077640168122705,205
A_portfolio,2024,rsi14,net_profit_ratio,spearman,-0.0237397445362232,205
A_portfolio,2024,macd_ratio,net_profit_ratio,pearson,-0.06820599927547705,205
A_portfolio,2024,macd_ratio,net_profit_ratio,spearman,-0.06403309607053809,205
A_portfolio,2024,macd_signal_ratio,net_profit_ratio,pearson,-0.1076312536432399,205
A_portfolio,2024,macd_signal_ratio,net_profit_ratio,spearman,-0.07048794417127495,205
A_portfolio,2024,relative_volume_24,net_profit_ratio,pearson,0.08334894950317753,205
A_portfolio,2024,relative_volume_24,net_profit_ratio,spearman,-0.019013525372261142,205
A_portfolio,2024,volume_zscore_24,net_profit_ratio,pearson,0.011594236759558701,205
A_portfolio,2024,volume_zscore_24,net_profit_ratio,spearman,-0.026052012090652034,205
A_portfolio,2024,volume_trend_24_168,net_profit_ratio,pearson,0.055559714809171906,205
A_portfolio,2024,volume_trend_24_168,net_profit_ratio,spearman,0.0865289520970595,205
A_portfolio,2024,regime_duration,net_profit_ratio,pearson,-0.056149594055630685,205
A_portfolio,2024,regime_duration,net_profit_ratio,spearman,-0.06717045582307204,205
A_portfolio,2024,regime_transition,net_profit_ratio,pearson,0.1604262915018852,205
A_portfolio,2024,regime_transition,net_profit_ratio,spearman,0.12117595203680331,205
A_portfolio,2024,hour_of_day,net_profit_ratio,pearson,0.07693903486868828,205
A_portfolio,2024,hour_of_day,net_profit_ratio,spearman,0.050916220895980725,205
A_portfolio,2024,day_of_week,net_profit_ratio,pearson,0.054480961082337076,205
A_portfolio,2024,day_of_week,net_profit_ratio,spearman,0.07940333694478932,205
A_portfolio,2024,distance_high_24,net_profit_ratio,pearson,0.021555043519800216,205
A_portfolio,2024,distance_high_24,net_profit_ratio,spearman,-0.014645289799557046,205
A_portfolio,2024,distance_low_24,net_profit_ratio,pearson,-0.05864544374742983,205
A_portfolio,2024,distance_low_24,net_profit_ratio,spearman,-0.03468958504547923,205
A_portfolio,2024,distance_high_168,net_profit_ratio,pearson,0.15871040574239906,205
A_portfolio,2024,distance_high_168,net_profit_ratio,spearman,0.15743616887910739,205
A_portfolio,2024,distance_low_168,net_profit_ratio,pearson,-0.002998192434663831,205
A_portfolio,2024,distance_low_168,net_profit_ratio,spearman,0.0011881712192336085,205
A_portfolio,2024,candles_since_prior_signal,net_profit_ratio,pearson,-0.13657450736901083,205
A_portfolio,2024,candles_since_prior_signal,net_profit_ratio,spearman,-0.10050436113914203,205
A_portfolio,2024,return_1h,net_profit_ratio,pearson,0.053763643759168714,205
A_portfolio,2024,return_1h,net_profit_ratio,spearman,-0.014884874148570154,205
A_portfolio,2024,return_3h,net_profit_ratio,pearson,0.13591383905157722,205
A_portfolio,2024,return_3h,net_profit_ratio,spearman,0.08578930506609463,205
A_portfolio,2024,return_6h,net_profit_ratio,pearson,0.04051468036871317,205
A_portfolio,2024,return_6h,net_profit_ratio,spearman,-0.015712275912022396,205
A_portfolio,2024,return_12h,net_profit_ratio,pearson,0.012909901827976787,205
A_portfolio,2024,return_12h,net_profit_ratio,spearman,-0.05141730857628393,205
A_portfolio,2024,return_24h,net_profit_ratio,pearson,-0.014755389125537895,205
A_portfolio,2024,return_24h,net_profit_ratio,spearman,-0.03119889679764873,205
A_portfolio,2024,return_72h,net_profit_ratio,pearson,0.11326741359378889,205
A_portfolio,2024,return_72h,net_profit_ratio,spearman,0.0837486593026981,205
A_portfolio,2024,return_168h,net_profit_ratio,pearson,0.1522018286359737,205
A_portfolio,2024,return_168h,net_profit_ratio,spearman,0.1430388210221337,205
A_portfolio,2024,volatility_ratio_24_168,net_profit_ratio,pearson,0.0838009384052713,205
A_portfolio,2024,volatility_ratio_24_168,net_profit_ratio,spearman,0.07748603585407642,205
A_portfolio,2024,natr_ratio_168,net_profit_ratio,pearson,0.0636902967973445,205
A_portfolio,2024,natr_ratio_168,net_profit_ratio,spearman,0.09288211614269198,205
A_portfolio,2024,up_fraction_24,net_profit_ratio,pearson,0.07107350606801693,205
A_portfolio,2024,up_fraction_24,net_profit_ratio,spearman,0.09395822792021971,205
A_portfolio,2024,volume_price_interaction,net_profit_ratio,pearson,0.0985599460521218,205
A_portfolio,2024,volume_price_interaction,net_profit_ratio,spearman,-0.005839172041063642,205
A_portfolio,2024,range_expansion_24,net_profit_ratio,pearson,0.033231573631048755,205
A_portfolio,2024,range_expansion_24,net_profit_ratio,spearman,-0.03747405663662576,205
A_portfolio,2024,signal_density_168,net_profit_ratio,pearson,0.14330851485331841,205
A_portfolio,2024,signal_density_168,net_profit_ratio,spearman,0.1395675257142671,205
A_portfolio,2024,ema20_distance,profitable_after_fees,pearson,0.17077786223535585,205
A_portfolio,2024,ema20_distance,profitable_after_fees,spearman,0.16095524902493105,205
A_portfolio,2024,ema50_distance,profitable_after_fees,pearson,0.16979914949221017,205
A_portfolio,2024,ema50_distance,profitable_after_fees,spearman,0.15269230575948003,205
A_portfolio,2024,ema_gap,profitable_after_fees,pearson,0.08108659496976478,205
A_portfolio,2024,ema_gap,profitable_after_fees,spearman,0.09450741359859587,205
A_portfolio,2024,ema20_slope_6,profitable_after_fees,pearson,0.07341015774944996,205
A_portfolio,2024,ema20_slope_6,profitable_after_fees,spearman,0.10139319965313838,205
A_portfolio,2024,ema50_slope_6,profitable_after_fees,pearson,0.08201387015488343,205
A_portfolio,2024,ema50_slope_6,profitable_after_fees,spearman,0.09640100476359506,205
A_portfolio,2024,trend_efficiency_20,profitable_after_fees,pearson,0.12161298288939128,205
A_portfolio,2024,trend_efficiency_20,profitable_after_fees,spearman,0.10690182849677238,205
A_portfolio,2024,range_ratio,profitable_after_fees,pearson,0.04756767627818239,205
A_portfolio,2024,range_ratio,profitable_after_fees,spearman,0.0451018986572534,205
A_portfolio,2024,body_to_range,profitable_after_fees,pearson,0.06259735877830404,205
A_portfolio,2024,body_to_range,profitable_after_fees,spearman,0.05508628843634004,205
A_portfolio,2024,close_location,profitable_after_fees,pearson,-0.048727974623187335,205
A_portfolio,2024,close_location,profitable_after_fees,spearman,-0.05095488778037105,205
A_portfolio,2024,natr14,profitable_after_fees,pearson,0.04942396917176564,205
A_portfolio,2024,natr14,profitable_after_fees,spearman,0.05353698657406797,205
A_portfolio,2024,return_std_24,profitable_after_fees,pearson,0.09386870172814978,205
A_portfolio,2024,return_std_24,profitable_after_fees,spearman,0.10345893546950112,205
A_portfolio,2024,return_std_168,profitable_after_fees,pearson,-0.00966893759487587,205
A_portfolio,2024,return_std_168,profitable_after_fees,spearman,0.007746509311360317,205
A_portfolio,2024,volatility_percentile_720,profitable_after_fees,pearson,0.130763829609092,205
A_portfolio,2024,volatility_percentile_720,profitable_after_fees,spearman,0.12773319952421794,205
A_portfolio,2024,rsi14,profitable_after_fees,pearson,0.16208467735582066,205
A_portfolio,2024,rsi14,profitable_after_fees,spearman,0.1433964945858477,205
A_portfolio,2024,macd_ratio,profitable_after_fees,pearson,0.0935293605367333,205
A_portfolio,2024,macd_ratio,profitable_after_fees,spearman,0.12411629363312865,205
A_portfolio,2024,macd_signal_ratio,profitable_after_fees,pearson,0.04658492182893921,205
A_portfolio,2024,macd_signal_ratio,profitable_after_fees,spearman,0.08572803637905418,205
A_portfolio,2024,relative_volume_24,profitable_after_fees,pearson,0.09177891782029002,205
A_portfolio,2024,relative_volume_24,profitable_after_fees,spearman,0.0464790558681619,205
A_portfolio,2024,volume_zscore_24,profitable_after_fees,pearson,0.04314139833510386,205
A_portfolio,2024,volume_zscore_24,profitable_after_fees,spearman,0.04131471632725503,205
A_portfolio,2024,volume_trend_24_168,profitable_after_fees,pearson,0.1392122992341437,205
A_portfolio,2024,volume_trend_24_168,profitable_after_fees,spearman,0.1418471927235756,205
A_portfolio,2024,regime_duration,profitable_after_fees,pearson,-0.05547542122971313,205
A_portfolio,2024,regime_duration,profitable_after_fees,spearman,-0.11964663833984938,205
A_portfolio,2024,regime_transition,profitable_after_fees,pearson,0.17002417615514098,205
A_portfolio,2024,regime_transition,profitable_after_fees,spearman,0.17002417615514043,205
A_portfolio,2024,hour_of_day,profitable_after_fees,pearson,0.09931234772367872,205
A_portfolio,2024,hour_of_day,profitable_after_fees,spearman,0.08936889025435768,205
A_portfolio,2024,day_of_week,profitable_after_fees,pearson,0.04801314179339363,205
A_portfolio,2024,day_of_week,profitable_after_fees,spearman,0.043986566860385545,205
A_portfolio,2024,distance_high_24,profitable_after_fees,pearson,0.059084746749344316,205
A_portfolio,2024,distance_high_24,profitable_after_fees,spearman,0.08899878475496187,205
A_portfolio,2024,distance_low_24,profitable_after_fees,pearson,0.11035980816810737,205
A_portfolio,2024,distance_low_24,profitable_after_fees,spearman,0.14494579644811972,205
A_portfolio,2024,distance_high_168,profitable_after_fees,pearson,0.08628660512694157,205
A_portfolio,2024,distance_high_168,profitable_after_fees,spearman,0.12428843828449221,205
A_portfolio,2024,distance_low_168,profitable_after_fees,pearson,0.046260465924673984,205
A_portfolio,2024,distance_low_168,profitable_after_fees,spearman,0.07178431961860562,205
A_portfolio,2024,candles_since_prior_signal,profitable_after_fees,pearson,-0.0931607302471159,205
A_portfolio,2024,candles_since_prior_signal,profitable_after_fees,spearman,-0.1011449157689883,205
A_portfolio,2024,return_1h,profitable_after_fees,pearson,0.07826625571608464,205
A_portfolio,2024,return_1h,profitable_after_fees,spearman,0.05870132611497486,205
A_portfolio,2024,return_3h,profitable_after_fees,pearson,0.18887185408825397,205
A_portfolio,2024,return_3h,profitable_after_fees,spearman,0.1707674941526541,205
A_portfolio,2024,return_6h,profitable_after_fees,pearson,0.15145975771687048,205
A_portfolio,2024,return_6h,profitable_after_fees,spearman,0.14374078388857478,205
A_portfolio,2024,return_12h,profitable_after_fees,pearson,0.13696284914267712,205
A_portfolio,2024,return_12h,profitable_after_fees,spearman,0.1261820294494914,205
A_portfolio,2024,return_24h,profitable_after_fees,pearson,0.12822149374163952,205
A_portfolio,2024,return_24h,profitable_after_fees,spearman,0.14115861411812133,205
A_portfolio,2024,return_72h,profitable_after_fees,pearson,0.08674086729938106,205
A_portfolio,2024,return_72h,profitable_after_fees,spearman,0.09554028150677726,205
A_portfolio,2024,return_168h,profitable_after_fees,pearson,0.0758492770757742,205
A_portfolio,2024,return_168h,profitable_after_fees,spearman,0.07987511823269305,205
A_portfolio,2024,volatility_ratio_24_168,profitable_after_fees,pearson,0.13462649232122434,205
A_portfolio,2024,volatility_ratio_24_168,profitable_after_fees,spearman,0.13823215504494077,205
A_portfolio,2024,natr_ratio_168,profitable_after_fees,pearson,0.1392609730398489,205
A_portfolio,2024,natr_ratio_168,profitable_after_fees,spearman,0.14115861411812133,205
A_portfolio,2024,up_fraction_24,profitable_after_fees,pearson,0.17008026063152146,205
A_portfolio,2024,up_fraction_24,profitable_after_fees,spearman,0.18480082015777116,205
A_portfolio,2024,volume_price_interaction,profitable_after_fees,pearson,0.08742070458057304,205
A_portfolio,2024,volume_price_interaction,profitable_after_fees,spearman,0.07109574101315136,205
A_portfolio,2024,range_expansion_24,profitable_after_fees,pearson,0.022926703099034256,205
A_portfolio,2024,range_expansion_24,profitable_after_fees,spearman,-0.0025821697704534394,205
A_portfolio,2024,signal_density_168,profitable_after_fees,pearson,0.101968774484818,205
A_portfolio,2024,signal_density_168,profitable_after_fees,spearman,0.11187839013974499,205
A_portfolio,2024,ema20_distance,return_above_0_5_percent,pearson,0.20644804792649288,205
A_portfolio,2024,ema20_distance,return_above_0_5_percent,spearman,0.20610376354792279,205
A_portfolio,2024,ema50_distance,return_above_0_5_percent,pearson,0.2084156630955713,205
A_portfolio,2024,ema50_distance,return_above_0_5_percent,spearman,0.20282649522295584,205
A_portfolio,2024,ema_gap,return_above_0_5_percent,pearson,0.10716576315938763,205
A_portfolio,2024,ema_gap,return_above_0_5_percent,spearman,0.12398998496125037,205
A_portfolio,2024,ema20_slope_6,return_above_0_5_percent,pearson,0.09798699364076137,205
A_portfolio,2024,ema20_slope_6,return_above_0_5_percent,spearman,0.13764526964861273,205
A_portfolio,2024,ema50_slope_6,return_above_0_5_percent,pearson,0.11032032798184538,205
A_portfolio,2024,ema50_slope_6,return_above_0_5_percent,spearman,0.13345764901115495,205
A_portfolio,2024,trend_efficiency_20,return_above_0_5_percent,pearson,0.11944797402616988,205
A_portfolio,2024,trend_efficiency_20,return_above_0_5_percent,spearman,0.13036245114868614,205
A_portfolio,2024,range_ratio,return_above_0_5_percent,pearson,0.07018835249894813,205
A_portfolio,2024,range_ratio,return_above_0_5_percent,spearman,0.06408880279935408,205
A_portfolio,2024,body_to_range,return_above_0_5_percent,pearson,0.15729846023872143,205
A_portfolio,2024,body_to_range,return_above_0_5_percent,spearman,0.1549419635859384,205
A_portfolio,2024,close_location,return_above_0_5_percent,pearson,-0.05558014956401845,205
A_portfolio,2024,close_location,return_above_0_5_percent,spearman,-0.05607778056203894,205
A_portfolio,2024,natr14,return_above_0_5_percent,pearson,0.049946992031007977,205
A_portfolio,2024,natr14,return_above_0_5_percent,spearman,0.07428474869925132,205
A_portfolio,2024,return_std_24,return_above_0_5_percent,pearson,0.11576840348865165,205
A_portfolio,2024,return_std_24,return_above_0_5_percent,spearman,0.13728112872361642,205
A_portfolio,2024,return_std_168,return_above_0_5_percent,pearson,0.00894473592746653,205
A_portfolio,2024,return_std_168,return_above_0_5_percent,spearman,0.022030525962277964,205
A_portfolio,2024,volatility_percentile_720,return_above_0_5_percent,pearson,0.12139169043553698,205
A_portfolio,2024,volatility_percentile_720,return_above_0_5_percent,spearman,0.11880271437616276,205
A_portfolio,2024,rsi14,return_above_0_5_percent,pearson,0.20047613193219005,205
A_portfolio,2024,rsi14,return_above_0_5_percent,spearman,0.18680429452311728,205
A_portfolio,2024,macd_ratio,return_above_0_5_percent,pearson,0.11345514334660012,205
A_portfolio,2024,macd_ratio,return_above_0_5_percent,spearman,0.15275711803596043,205
A_portfolio,2024,macd_signal_ratio,return_above_0_5_percent,pearson,0.04311278997718337,205
A_portfolio,2024,macd_signal_ratio,return_above_0_5_percent,spearman,0.08448069459914856,205
A_portfolio,2024,relative_volume_24,return_above_0_5_percent,pearson,0.11841412994237731,205
A_portfolio,2024,relative_volume_24,return_above_0_5_percent,spearman,0.054074927361954996,205
A_portfolio,2024,volume_zscore_24,return_above_0_5_percent,pearson,0.0596343848865951,205
A_portfolio,2024,volume_zscore_24,return_above_0_5_percent,spearman,0.05589563198693665,205
A_portfolio,2024,volume_trend_24_168,return_above_0_5_percent,pearson,0.11684592794530844,205
A_portfolio,2024,volume_trend_24_168,return_above_0_5_percent,spearman,0.11962029386129441,205
A_portfolio,2024,regime_duration,return_above_0_5_percent,pearson,-0.12184714626453311,205
A_portfolio,2024,regime_duration,return_above_0_5_percent,spearman,-0.19948227588760908,205
A_portfolio,2024,regime_transition,return_above_0_5_percent,pearson,0.23212889047692511,205
A_portfolio,2024,regime_transition,return_above_0_5_percent,spearman,0.2321288904769245,205
A_portfolio,2024,hour_of_day,return_above_0_5_percent,pearson,0.046906005896198304,205
A_portfolio,2024,hour_of_day,return_above_0_5_percent,spearman,0.039194220018042715,205
A_portfolio,2024,day_of_week,return_above_0_5_percent,pearson,0.006554890534933128,205
A_portfolio,2024,day_of_week,return_above_0_5_percent,spearman,0.002855856256768753,205
A_portfolio,2024,distance_high_24,return_above_0_5_percent,pearson,0.09172902800673538,205
A_portfolio,2024,distance_high_24,return_above_0_5_percent,spearman,0.10869606611140449,205
A_portfolio,2024,distance_low_24,return_above_0_5_percent,pearson,0.12900510617129848,205
A_portfolio,2024,distance_low_24,return_above_0_5_percent,spearman,0.18279874434815765,205
A_portfolio,2024,distance_high_168,return_above_0_5_percent,pearson,0.07206477977918543,205
A_portfolio,2024,distance_high_168,return_above_0_5_percent,spearman,0.11707130738632009,205
A_portfolio,2024,distance_low_168,return_above_0_5_percent,pearson,0.056920867930024086,205
A_portfolio,2024,distance_low_168,return_above_0_5_percent,spearman,0.07355646684925866,205
A_portfolio,2024,candles_since_prior_signal,return_above_0_5_percent,pearson,-0.0867869856547478,205
A_portfolio,2024,candles_since_prior_signal,return_above_0_5_percent,spearman,-0.09732622027726727,205
A_portfolio,2024,return_1h,return_above_0_5_percent,pearson,0.08062745245672683,205
A_portfolio,2024,return_1h,return_above_0_5_percent,spearman,0.050979729499486204,205
A_portfolio,2024,return_3h,return_above_0_5_percent,pearson,0.22313320097924252,205
A_portfolio,2024,return_3h,return_above_0_5_percent,spearman,0.20828860909790076,205
A_portfolio,2024,return_6h,return_above_0_5_percent,pearson,0.1736868292100386,205
A_portfolio,2024,return_6h,return_above_0_5_percent,spearman,0.17005381197328612,205
A_portfolio,2024,return_12h,return_above_0_5_percent,pearson,0.1889927423058889,205
A_portfolio,2024,return_12h,return_above_0_5_percent,spearman,0.1818883920356668,205
A_portfolio,2024,return_24h,return_above_0_5_percent,pearson,0.13124100187706592,205
A_portfolio,2024,return_24h,return_above_0_5_percent,spearman,0.15658059774842192,205
A_portfolio,2024,return_72h,return_above_0_5_percent,pearson,0.11338347182223621,205
A_portfolio,2024,return_72h,return_above_0_5_percent,spearman,0.12617483051122833,205
A_portfolio,2024,return_168h,return_above_0_5_percent,pearson,0.0630954409947736,205
A_portfolio,2024,return_168h,return_above_0_5_percent,spearman,0.056441843374431144,205
A_portfolio,2024,volatility_ratio_24_168,return_above_0_5_percent,pearson,0.15974008795693448,205
A_portfolio,2024,volatility_ratio_24_168,return_above_0_5_percent,spearman,0.16167857069837052,205
A_portfolio,2024,natr_ratio_168,return_above_0_5_percent,pearson,0.10466947867065558,205
A_portfolio,2024,natr_ratio_168,return_above_0_5_percent,spearman,0.1165250959988256,205
A_portfolio,2024,up_fraction_24,return_above_0_5_percent,pearson,0.13974292882449546,205
A_portfolio,2024,up_fraction_24,return_above_0_5_percent,spearman,0.15597678194035872,205
A_portfolio,2024,volume_price_interaction,return_above_0_5_percent,pearson,0.10301928025173426,205
A_portfolio,2024,volume_price_interaction,return_above_0_5_percent,spearman,0.06864056436180821,205
A_portfolio,2024,range_expansion_24,return_above_0_5_percent,pearson,0.061179901439225075,205
A_portfolio,2024,range_expansion_24,return_above_0_5_percent,spearman,0.0145656369998532,205
A_portfolio,2024,signal_density_168,return_above_0_5_percent,pearson,0.10250862697574317,205
A_portfolio,2024,signal_density_168,return_above_0_5_percent,spearman,0.11481743284847208,205
A_portfolio,2024,ema20_distance,return_above_1_percent,pearson,0.20188964598138603,205
A_portfolio,2024,ema20_distance,return_above_1_percent,spearman,0.17525154502234389,205
A_portfolio,2024,ema50_distance,return_above_1_percent,pearson,0.2051423567015174,205
A_portfolio,2024,ema50_distance,return_above_1_percent,spearman,0.17966642512695935,205
A_portfolio,2024,ema_gap,return_above_1_percent,pearson,0.10927244778960403,205
A_portfolio,2024,ema_gap,return_above_1_percent,spearman,0.13743713716976802,205
A_portfolio,2024,ema20_slope_6,return_above_1_percent,pearson,0.07724517049425848,205
A_portfolio,2024,ema20_slope_6,return_above_1_percent,spearman,0.09136882303465026,205
A_portfolio,2024,ema50_slope_6,return_above_1_percent,pearson,0.0975182914725224,205
A_portfolio,2024,ema50_slope_6,return_above_1_percent,spearman,0.11440298010220915,205
A_portfolio,2024,trend_efficiency_20,return_above_1_percent,pearson,0.07756841371832708,205
A_portfolio,2024,trend_efficiency_20,return_above_1_percent,spearman,0.09060101779906496,205
A_portfolio,2024,range_ratio,return_above_1_percent,pearson,0.04857882861066819,205
A_portfolio,2024,range_ratio,return_above_1_percent,spearman,0.040501726177124386,205
A_portfolio,2024,body_to_range,return_above_1_percent,pearson,0.1323944591104145,205
A_portfolio,2024,body_to_range,return_above_1_percent,spearman,0.12899127957832976,205
A_portfolio,2024,close_location,return_above_1_percent,pearson,-0.026696804238267816,205
A_portfolio,2024,close_location,return_above_1_percent,spearman,-0.025145656491639017,205
A_portfolio,2024,natr14,return_above_1_percent,pearson,0.04768494330988941,205
A_portfolio,2024,natr14,return_above_1_percent,spearman,0.05374636649097074,205
A_portfolio,2024,return_std_24,return_above_1_percent,pearson,0.09478346126903506,205
A_portfolio,2024,return_std_24,return_above_1_percent,spearman,0.1059571225107709,205
A_portfolio,2024,return_std_168,return_above_1_percent,pearson,0.040668393971365194,205
A_portfolio,2024,return_std_168,return_above_1_percent,spearman,0.041461482721606005,205
A_portfolio,2024,volatility_percentile_720,return_above_1_percent,pearson,0.08913937282061143,205
A_portfolio,2024,volatility_percentile_720,return_above_1_percent,spearman,0.08426785709837559,205
A_portfolio,2024,rsi14,return_above_1_percent,pearson,0.17824686687829158,205
A_portfolio,2024,rsi14,return_above_1_percent,spearman,0.15490470627933353,205
A_portfolio,2024,macd_ratio,return_above_1_percent,pearson,0.09486390039107757,205
A_portfolio,2024,macd_ratio,return_above_1_percent,spearman,0.11517078533779443,205
A_portfolio,2024,macd_signal_ratio,return_above_1_percent,pearson,0.033550204704578396,205
A_portfolio,2024,macd_signal_ratio,return_above_1_percent,spearman,0.058929051831171496,205
A_portfolio,2024,relative_volume_24,return_above_1_percent,pearson,0.10821891927744623,205
A_portfolio,2024,relative_volume_24,return_above_1_percent,spearman,0.016315861256187548,205
A_portfolio,2024,volume_zscore_24,return_above_1_percent,pearson,0.04010811763894539,205
A_portfolio,2024,volume_zscore_24,return_above_1_percent,spearman,0.015164153402809603,205
A_portfolio,2024,volume_trend_24_168,return_above_1_percent,pearson,0.049002737899550154,205
A_portfolio,2024,volume_trend_24_168,return_above_1_percent,spearman,0.047795875915184693,205
A_portfolio,2024,regime_duration,return_above_1_percent,pearson,-0.11904276201606469,205
A_portfolio,2024,regime_duration,return_above_1_percent,spearman,-0.19694752959837683,205
A_portfolio,2024,regime_transition,return_above_1_percent,pearson,0.24347320452248752,205
A_portfolio,2024,regime_transition,return_above_1_percent,spearman,0.24347320452248816,205
A_portfolio,2024,hour_of_day,return_above_1_percent,pearson,0.019238599194808057,205
A_portfolio,2024,hour_of_day,return_above_1_percent,spearman,0.017393369695466537,205
A_portfolio,2024,day_of_week,return_above_1_percent,pearson,0.013768285476613514,205
A_portfolio,2024,day_of_week,return_above_1_percent,spearman,0.013500225826948209,205
A_portfolio,2024,distance_high_24,return_above_1_percent,pearson,0.08745037929939581,205
A_portfolio,2024,distance_high_24,return_above_1_percent,spearman,0.09213662827023557,205
A_portfolio,2024,distance_low_24,return_above_1_percent,pearson,0.11222870915571542,205
A_portfolio,2024,distance_low_24,return_above_1_percent,spearman,0.1474186052323769,205
A_portfolio,2024,distance_high_168,return_above_1_percent,pearson,0.0849000451215202,205
A_portfolio,2024,distance_high_168,return_above_1_percent,spearman,0.1355176240808048,205
A_portfolio,2024,distance_low_168,return_above_1_percent,pearson,0.0787998634195193,205
A_portfolio,2024,distance_low_168,return_above_1_percent,spearman,0.10634102512856354,205
A_portfolio,2024,candles_since_prior_signal,return_above_1_percent,pearson,-0.11858362372524175,205
A_portfolio,2024,candles_since_prior_signal,return_above_1_percent,spearman,-0.11047882801401868,205
A_portfolio,2024,return_1h,return_above_1_percent,pearson,0.14344549523275382,205
A_portfolio,2024,return_1h,return_above_1_percent,spearman,0.0869539429300348,205
A_portfolio,2024,return_3h,return_above_1_percent,pearson,0.22651583289828872,205
A_portfolio,2024,return_3h,return_above_1_percent,spearman,0.18926399057177556,205
A_portfolio,2024,return_6h,return_above_1_percent,pearson,0.16294516638880224,205
A_portfolio,2024,return_6h,return_above_1_percent,spearman,0.13590152669859745,205
A_portfolio,2024,return_12h,return_above_1_percent,pearson,0.17928342740985723,205
A_portfolio,2024,return_12h,return_above_1_percent,spearman,0.15509665758822988,205
A_portfolio,2024,return_24h,return_above_1_percent,pearson,0.13326159372510993,205
A_portfolio,2024,return_24h,return_above_1_percent,spearman,0.13762908847866437,205
A_portfolio,2024,return_72h,return_above_1_percent,pearson,0.13021967929026632,205
A_portfolio,2024,return_72h,return_above_1_percent,spearman,0.14146811465659087,205
A_portfolio,2024,return_168h,return_above_1_percent,pearson,0.06170639417822207,205
A_portfolio,2024,return_168h,return_above_1_percent,spearman,0.062192224082409,205
A_portfolio,2024,volatility_ratio_24_168,return_above_1_percent,pearson,0.09770528466471577,205
A_portfolio,2024,volatility_ratio_24_168,return_above_1_percent,spearman,0.09424809266809511,205
A_portfolio,2024,natr_ratio_168,return_above_1_percent,pearson,0.045414215521422024,205
A_portfolio,2024,natr_ratio_168,return_above_1_percent,spearman,0.05163490209311118,205
A_portfolio,2024,up_fraction_24,return_above_1_percent,pearson,0.11447681784228744,205
A_portfolio,2024,up_fraction_24,return_above_1_percent,spearman,0.1291553301851047,205
A_portfolio,2024,volume_price_interaction,return_above_1_percent,pearson,0.17412440038878577,205
A_portfolio,2024,volume_price_interaction,return_above_1_percent,spearman,0.10403760942180765,205
A_portfolio,2024,range_expansion_24,return_above_1_percent,pearson,0.05379421659274768,205
A_portfolio,2024,range_expansion_24,return_above_1_percent,spearman,0.014588299476120632,205
A_portfolio,2024,signal_density_168,return_above_1_percent,pearson,0.11978874514153708,205
A_portfolio,2024,signal_density_168,return_above_1_percent,spearman,0.12608790309302959,205
A_portfolio,2024,ema20_distance,stoploss_hit,pearson,0.1793048188089111,205
A_portfolio,2024,ema20_distance,stoploss_hit,spearman,0.16206508453963733,205
A_portfolio,2024,ema50_distance,stoploss_hit,pearson,0.1322085024227836,205
A_portfolio,2024,ema50_distance,stoploss_hit,spearman,0.12059921330000357,205
A_portfolio,2024,ema_gap,stoploss_hit,pearson,-0.05115564258661408,205
A_portfolio,2024,ema_gap,stoploss_hit,spearman,0.009179467679002896,205
A_portfolio,2024,ema20_slope_6,stoploss_hit,pearson,0.23944152861582021,205
A_portfolio,2024,ema20_slope_6,stoploss_hit,spearman,0.23075282544803832,205
A_portfolio,2024,ema50_slope_6,stoploss_hit,pearson,0.13485663490768596,205
A_portfolio,2024,ema50_slope_6,stoploss_hit,spearman,0.14972028317821964,205
A_portfolio,2024,trend_efficiency_20,stoploss_hit,pearson,0.11260531451632673,205
A_portfolio,2024,trend_efficiency_20,stoploss_hit,spearman,0.13104481445197236,205
A_portfolio,2024,range_ratio,stoploss_hit,pearson,0.10955026831362286,205
A_portfolio,2024,range_ratio,stoploss_hit,spearman,0.15383521696535887,205
A_portfolio,2024,body_to_range,stoploss_hit,pearson,-0.0928384911876172,205
A_portfolio,2024,body_to_range,stoploss_hit,spearman,-0.08767974300288973,205
A_portfolio,2024,close_location,stoploss_hit,pearson,0.05422399895016873,205
A_portfolio,2024,close_location,stoploss_hit,spearman,0.04906274041855085,205
A_portfolio,2024,natr14,stoploss_hit,pearson,0.28132050430275635,205
A_portfolio,2024,natr14,stoploss_hit,spearman,0.2009986888333393,205
A_portfolio,2024,return_std_24,stoploss_hit,pearson,0.26424025520747196,205
A_portfolio,2024,return_std_24,stoploss_hit,spearman,0.15415175033360035,205
A_portfolio,2024,return_std_168,stoploss_hit,pearson,0.38663562176843935,205
A_portfolio,2024,return_std_168,stoploss_hit,spearman,0.2709525632147062,205
A_portfolio,2024,volatility_percentile_720,stoploss_hit,pearson,0.1218870734813937,205
A_portfolio,2024,volatility_percentile_720,stoploss_hit,spearman,0.11791040421522574,205
A_portfolio,2024,rsi14,stoploss_hit,pearson,0.09845931230062054,205
A_portfolio,2024,rsi14,stoploss_hit,spearman,0.11015361214803476,205
A_portfolio,2024,macd_ratio,stoploss_hit,pearson,0.25406989746283704,205
A_portfolio,2024,macd_ratio,stoploss_hit,spearman,0.23613389270814347,205
A_portfolio,2024,macd_signal_ratio,stoploss_hit,pearson,0.23757551552171471,205
A_portfolio,2024,macd_signal_ratio,stoploss_hit,spearman,0.2187245574548621,205
A_portfolio,2024,relative_volume_24,stoploss_hit,pearson,-0.040900010462509115,205
A_portfolio,2024,relative_volume_24,stoploss_hit,spearman,0.010445601151968815,205
A_portfolio,2024,volume_zscore_24,stoploss_hit,pearson,0.0043064893033535915,205
A_portfolio,2024,volume_zscore_24,stoploss_hit,spearman,0.03608480397952863,205
A_portfolio,2024,volume_trend_24_168,stoploss_hit,pearson,0.012326409372617496,205
A_portfolio,2024,volume_trend_24_168,stoploss_hit,spearman,0.00822986757427846,205
A_portfolio,2024,regime_duration,stoploss_hit,pearson,0.015127092602372438,205
A_portfolio,2024,regime_duration,stoploss_hit,spearman,0.01806932177585484,205
A_portfolio,2024,regime_transition,stoploss_hit,pearson,-0.03690206739911159,205
A_portfolio,2024,regime_transition,stoploss_hit,spearman,-0.03690206739911172,205
A_portfolio,2024,hour_of_day,stoploss_hit,pearson,-0.06682943870329137,205
A_portfolio,2024,hour_of_day,stoploss_hit,spearman,-0.06940770506004487,205
A_portfolio,2024,day_of_week,stoploss_hit,pearson,-0.05763401444879645,205
A_portfolio,2024,day_of_week,stoploss_hit,spearman,-0.05557559603033367,205
A_portfolio,2024,distance_high_24,stoploss_hit,pearson,0.05392468801373674,205
A_portfolio,2024,distance_high_24,stoploss_hit,spearman,0.03418560377007975,205
A_portfolio,2024,distance_low_24,stoploss_hit,pearson,0.3137673349753803,205
A_portfolio,2024,distance_low_24,stoploss_hit,spearman,0.22727095839738207,205
A_portfolio,2024,distance_high_168,stoploss_hit,pearson,-0.27817402668347907,205
A_portfolio,2024,distance_high_168,stoploss_hit,spearman,-0.18833735410368013,205
A_portfolio,2024,distance_low_168,stoploss_hit,pearson,0.22854924904123278,205
A_portfolio,2024,distance_low_168,stoploss_hit,spearman,0.21049468988058365,205
A_portfolio,2024,candles_since_prior_signal,stoploss_hit,pearson,0.1360187460857844,205
A_portfolio,2024,candles_since_prior_signal,stoploss_hit,spearman,0.0937030792553079,205
A_portfolio,2024,return_1h,stoploss_hit,pearson,0.04421221658567512,205
A_portfolio,2024,return_1h,stoploss_hit,spearman,0.030070669982940525,205
A_portfolio,2024,return_3h,stoploss_hit,pearson,0.06530320955654861,205
A_portfolio,2024,return_3h,stoploss_hit,spearman,0.026588802932284248,205
A_portfolio,2024,return_6h,stoploss_hit,pearson,0.1325747581988155,205
A_portfolio,2024,return_6h,stoploss_hit,spearman,0.12439761371890133,205
A_portfolio,2024,return_12h,stoploss_hit,pearson,0.19776885395760277,205
A_portfolio,2024,return_12h,stoploss_hit,spearman,0.20891202303937628,205
A_portfolio,2024,return_24h,stoploss_hit,pearson,0.19518915679959173,205
A_portfolio,2024,return_24h,stoploss_hit,spearman,0.1655469515902936,205
A_portfolio,2024,return_72h,stoploss_hit,pearson,-0.10433550078956506,205
A_portfolio,2024,return_72h,stoploss_hit,spearman,-0.05412720596929294,205
A_portfolio,2024,return_168h,stoploss_hit,pearson,-0.18060333371342502,205
A_portfolio,2024,return_168h,stoploss_hit,spearman,-0.1471880162322878,205
A_portfolio,2024,volatility_ratio_24_168,stoploss_hit,pearson,0.004886055089747779,205
A_portfolio,2024,volatility_ratio_24_168,stoploss_hit,spearman,0.014877068307349521,205
A_portfolio,2024,natr_ratio_168,stoploss_hit,pearson,0.004781505659002104,205
A_portfolio,2024,natr_ratio_168,stoploss_hit,spearman,0.00791333420603698,205
A_portfolio,2024,up_fraction_24,stoploss_hit,pearson,0.07942874393372566,205
A_portfolio,2024,up_fraction_24,stoploss_hit,spearman,0.07040426800963365,205
A_portfolio,2024,volume_price_interaction,stoploss_hit,pearson,0.014530268674048994,205
A_portfolio,2024,volume_price_interaction,stoploss_hit,spearman,0.029121069878216086,205
A_portfolio,2024,range_expansion_24,stoploss_hit,pearson,-0.032727836601809814,205
A_portfolio,2024,range_expansion_24,stoploss_hit,spearman,-0.00411493378713923,205
A_portfolio,2024,signal_density_168,stoploss_hit,pearson,-0.13546811032623662,205
A_portfolio,2024,signal_density_168,stoploss_hit,spearman,-0.13245318539121145,205
A_portfolio,2024,ema20_distance,forward_6h_return,pearson,0.08280818039372688,205
A_portfolio,2024,ema20_distance,forward_6h_return,spearman,0.03948823668704991,205
A_portfolio,2024,ema50_distance,forward_6h_return,pearson,0.10861480110661582,205
A_portfolio,2024,ema50_distance,forward_6h_return,spearman,0.05645833043139112,205
A_portfolio,2024,ema_gap,forward_6h_return,pearson,0.11879215510143933,205
A_portfolio,2024,ema_gap,forward_6h_return,spearman,0.07655973590004317,205
A_portfolio,2024,ema20_slope_6,forward_6h_return,pearson,0.017157731324421128,205
A_portfolio,2024,ema20_slope_6,forward_6h_return,spearman,0.013023916646933458,205
A_portfolio,2024,ema50_slope_6,forward_6h_return,pearson,0.06304384704322334,205
A_portfolio,2024,ema50_slope_6,forward_6h_return,spearman,0.028525859787438535,205
A_portfolio,2024,trend_efficiency_20,forward_6h_return,pearson,0.0429161335524571,205
A_portfolio,2024,trend_efficiency_20,forward_6h_return,spearman,0.040544079341421624,205
A_portfolio,2024,range_ratio,forward_6h_return,pearson,0.03557094721129856,205
A_portfolio,2024,range_ratio,forward_6h_return,spearman,-0.06822582217826746,205
A_portfolio,2024,body_to_range,forward_6h_return,pearson,-0.044426061076109566,205
A_portfolio,2024,body_to_range,forward_6h_return,spearman,-0.0025198144614227407,205
A_portfolio,2024,close_location,forward_6h_return,pearson,0.00727119244191567,205
A_portfolio,2024,close_location,forward_6h_return,spearman,-0.03494871912738849,205
A_portfolio,2024,natr14,forward_6h_return,pearson,-0.0466155757232645,205
A_portfolio,2024,natr14,forward_6h_return,spearman,-0.06784555167082225,205
A_portfolio,2024,return_std_24,forward_6h_return,pearson,-0.04509660585218423,205
A_portfolio,2024,return_std_24,forward_6h_return,spearman,-0.05510718613753813,205
A_portfolio,2024,return_std_168,forward_6h_return,pearson,-0.03787921061780142,205
A_portfolio,2024,return_std_168,forward_6h_return,spearman,0.02166566839854578,205
A_portfolio,2024,volatility_percentile_720,forward_6h_return,pearson,-0.008762813068700767,205
A_portfolio,2024,volatility_percentile_720,forward_6h_return,spearman,-0.0321319349051884,205
A_portfolio,2024,rsi14,forward_6h_return,pearson,0.12944376574163155,205
A_portfolio,2024,rsi14,forward_6h_return,spearman,0.07660291680015599,205
A_portfolio,2024,macd_ratio,forward_6h_return,pearson,0.015375173641452775,205
A_portfolio,2024,macd_ratio,forward_6h_return,spearman,0.019661238873953556,205
A_portfolio,2024,macd_signal_ratio,forward_6h_return,pearson,-0.038042857189012215,205
A_portfolio,2024,macd_signal_ratio,forward_6h_return,spearman,-0.02490841470379295,205
A_portfolio,2024,relative_volume_24,forward_6h_return,pearson,0.10102396908696025,205
A_portfolio,2024,relative_volume_24,forward_6h_return,spearman,0.0036439107966179606,205
A_portfolio,2024,volume_zscore_24,forward_6h_return,pearson,0.0699121854551936,205
A_portfolio,2024,volume_zscore_24,forward_6h_return,spearman,-0.005919962112242481,205
A_portfolio,2024,volume_trend_24_168,forward_6h_return,pearson,-0.02148290341730298,205
A_portfolio,2024,volume_trend_24_168,forward_6h_return,spearman,-0.06186430053906478,205
A_portfolio,2024,regime_duration,forward_6h_return,pearson,0.0126839527225011,205
A_portfolio,2024,regime_duration,forward_6h_return,spearman,-0.12430311318351309,205
A_portfolio,2024,regime_transition,forward_6h_return,pearson,0.10823368691993629,205
A_portfolio,2024,regime_transition,forward_6h_return,spearman,0.16112406809289231,205
A_portfolio,2024,hour_of_day,forward_6h_return,pearson,0.025408421098648624,205
A_portfolio,2024,hour_of_day,forward_6h_return,spearman,-0.026187178570249457,205
A_portfolio,2024,day_of_week,forward_6h_return,pearson,0.019933937319885117,205
A_portfolio,2024,day_of_week,forward_6h_return,spearman,0.17060007211165337,205
A_portfolio,2024,distance_high_24,forward_6h_return,pearson,0.0812782130286375,205
A_portfolio,2024,distance_high_24,forward_6h_return,spearman,0.0718948057555961,205
A_portfolio,2024,distance_low_24,forward_6h_return,pearson,-0.018250235266410814,205
A_portfolio,2024,distance_low_24,forward_6h_return,spearman,-0.002076862002200833,205
A_portfolio,2024,distance_high_168,forward_6h_return,pearson,0.11518547185063886,205
A_portfolio,2024,distance_high_168,forward_6h_return,spearman,0.07521973506428381,205
A_portfolio,2024,distance_low_168,forward_6h_return,pearson,0.0728340281948216,205
A_portfolio,2024,distance_low_168,forward_6h_return,spearman,0.0695560724881949,205
A_portfolio,2024,candles_since_prior_signal,forward_6h_return,pearson,-0.08205020188562624,205
A_portfolio,2024,candles_since_prior_signal,forward_6h_return,spearman,-0.08631177345187484,205
A_portfolio,2024,return_1h,forward_6h_return,pearson,-0.0209967520431035,205
A_portfolio,2024,return_1h,forward_6h_return,spearman,-0.03404883620509535,205
A_portfolio,2024,return_3h,forward_6h_return,pearson,0.10543198390530491,205
A_portfolio,2024,return_3h,forward_6h_return,spearman,0.1035282974188965,205
A_portfolio,2024,return_6h,forward_6h_return,pearson,0.133220586286892,205
A_portfolio,2024,return_6h,forward_6h_return,spearman,0.10117563482887826,205
A_portfolio,2024,return_12h,forward_6h_return,pearson,0.06430561647117053,205
A_portfolio,2024,return_12h,forward_6h_return,spearman,0.002185510718613754,205
A_portfolio,2024,return_24h,forward_6h_return,pearson,0.016420146349786547,205
A_portfolio,2024,return_24h,forward_6h_return,spearman,-0.016954771489462468,205
A_portfolio,2024,return_72h,forward_6h_return,pearson,0.16042106196121264,205
A_portfolio,2024,return_72h,forward_6h_return,spearman,0.13578860859996378,205
A_portfolio,2024,return_168h,forward_6h_return,pearson,0.13255271157057316,205
A_portfolio,2024,return_168h,forward_6h_return,spearman,0.10197657087935813,205
A_portfolio,2024,volatility_ratio_24_168,forward_6h_return,pearson,-0.0018577884724509277,205
A_portfolio,2024,volatility_ratio_24_168,forward_6h_return,spearman,-0.08285021799389894,205
A_portfolio,2024,natr_ratio_168,forward_6h_return,pearson,-0.012086206106240472,205
A_portfolio,2024,natr_ratio_168,forward_6h_return,spearman,-0.077384351798972,205
A_portfolio,2024,up_fraction_24,forward_6h_return,pearson,0.16882183180028387,205
A_portfolio,2024,up_fraction_24,forward_6h_return,spearman,0.18172500678874454,205
A_portfolio,2024,volume_price_interaction,forward_6h_return,pearson,-0.010558928830345626,205
A_portfolio,2024,volume_price_interaction,forward_6h_return,spearman,-0.01402961373988383,205
A_portfolio,2024,range_expansion_24,forward_6h_return,pearson,0.050983479840192365,205
A_portfolio,2024,range_expansion_24,forward_6h_return,spearman,-0.001810811940215347,205
A_portfolio,2024,signal_density_168,forward_6h_return,pearson,0.11545008215381258,205
A_portfolio,2024,signal_density_168,forward_6h_return,spearman,0.11275841674781145,205
A_portfolio,2024,ema20_distance,forward_12h_return,pearson,0.13497661160183488,204
A_portfolio,2024,ema20_distance,forward_12h_return,spearman,0.1203426366341322,204
A_portfolio,2024,ema50_distance,forward_12h_return,pearson,0.14127728814006216,204
A_portfolio,2024,ema50_distance,forward_12h_return,spearman,0.11263613940109266,204
A_portfolio,2024,ema_gap,forward_12h_return,pearson,0.08509284881881542,204
A_portfolio,2024,ema_gap,forward_12h_return,spearman,0.07788481246157,204
A_portfolio,2024,ema20_slope_6,forward_12h_return,pearson,0.03797831557599232,204
A_portfolio,2024,ema20_slope_6,forward_12h_return,spearman,0.0668975411863652,204
A_portfolio,2024,ema50_slope_6,forward_12h_return,pearson,0.05839905986768631,204
A_portfolio,2024,ema50_slope_6,forward_12h_return,spearman,0.06646359132382977,204
A_portfolio,2024,trend_efficiency_20,forward_12h_return,pearson,0.05038872244518697,204
A_portfolio,2024,trend_efficiency_20,forward_12h_return,spearman,0.07130488865016149,204
A_portfolio,2024,range_ratio,forward_12h_return,pearson,0.09650895885245492,204
A_portfolio,2024,range_ratio,forward_12h_return,spearman,0.05851962315624316,204
A_portfolio,2024,body_to_range,forward_12h_return,pearson,0.004101512534272914,204
A_portfolio,2024,body_to_range,forward_12h_return,spearman,0.02714094889427596,204
A_portfolio,2024,close_location,forward_12h_return,pearson,0.026617179681776466,204
A_portfolio,2024,close_location,forward_12h_return,spearman,-0.02019071204631576,204
A_portfolio,2024,natr14,forward_12h_return,pearson,0.026562972601486125,204
A_portfolio,2024,natr14,forward_12h_return,spearman,0.02910715169162703,204
A_portfolio,2024,return_std_24,forward_12h_return,pearson,0.02654631749717435,204
A_portfolio,2024,return_std_24,forward_12h_return,spearman,0.04844831120000565,204
A_portfolio,2024,return_std_168,forward_12h_return,pearson,-0.0047897861407723615,204
A_portfolio,2024,return_std_168,forward_12h_return,spearman,0.030919281085016008,204
A_portfolio,2024,volatility_percentile_720,forward_12h_return,pearson,0.07231495285286829,204
A_portfolio,2024,volatility_percentile_720,forward_12h_return,spearman,0.08089324290837796,204
A_portfolio,2024,rsi14,forward_12h_return,pearson,0.14978030362250383,204
A_portfolio,2024,rsi14,forward_12h_return,spearman,0.12167558360602442,204
A_portfolio,2024,macd_ratio,forward_12h_return,pearson,0.03990379289827452,204
A_portfolio,2024,macd_ratio,forward_12h_return,spearman,0.07797386406202515,204
A_portfolio,2024,macd_signal_ratio,forward_12h_return,pearson,-0.03525135030650914,204
A_portfolio,2024,macd_signal_ratio,forward_12h_return,spearman,-0.008602667307461252,204
A_portfolio,2024,relative_volume_24,forward_12h_return,pearson,0.12425615010240917,204
A_portfolio,2024,relative_volume_24,forward_12h_return,spearman,0.022302478602879334,204
A_portfolio,2024,volume_zscore_24,forward_12h_return,pearson,0.06776943804769626,204
A_portfolio,2024,volume_zscore_24,forward_12h_return,spearman,-0.003778332190740047,204
A_portfolio,2024,volume_trend_24_168,forward_12h_return,pearson,0.03081343980819308,204
A_portfolio,2024,volume_trend_24_168,forward_12h_return,spearman,0.028322649497141163,204
A_portfolio,2024,regime_duration,forward_12h_return,pearson,0.011353334272609114,204
A_portfolio,2024,regime_duration,forward_12h_return,spearman,-0.10387384801767716,204
A_portfolio,2024,regime_transition,forward_12h_return,pearson,0.17329028305060357,204
A_portfolio,2024,regime_transition,forward_12h_return,spearman,0.18838909128739253,204
A_portfolio,2024,hour_of_day,forward_12h_return,pearson,0.08404481110877818,204
A_portfolio,2024,hour_of_day,forward_12h_return,spearman,0.06048254898878691,204
A_portfolio,2024,day_of_week,forward_12h_return,pearson,0.013242851987545117,204
A_portfolio,2024,day_of_week,forward_12h_return,spearman,0.10752350686131126,204
A_portfolio,2024,distance_high_24,forward_12h_return,pearson,0.10234563134368255,204
A_portfolio,2024,distance_high_24,forward_12h_return,spearman,0.07221519389925861,204
A_portfolio,2024,distance_low_24,forward_12h_return,pearson,0.023716226671082724,204
A_portfolio,2024,distance_low_24,forward_12h_return,spearman,0.07096140390554877,204
A_portfolio,2024,distance_high_168,forward_12h_return,pearson,0.05166794939590655,204
A_portfolio,2024,distance_high_168,forward_12h_return,spearman,0.03154970987553979,204
A_portfolio,2024,distance_low_168,forward_12h_return,pearson,0.06820229630511115,204
A_portfolio,2024,distance_low_168,forward_12h_return,spearman,0.08117689464347556,204
A_portfolio,2024,candles_since_prior_signal,forward_12h_return,pearson,-0.0940846442939773,204
A_portfolio,2024,candles_since_prior_signal,forward_12h_return,spearman,-0.09684316670940231,204
A_portfolio,2024,return_1h,forward_12h_return,pearson,0.04056690941214441,204
A_portfolio,2024,return_1h,forward_12h_return,spearman,0.010628237838449088,204
A_portfolio,2024,return_3h,forward_12h_return,pearson,0.1586513394724747,204
A_portfolio,2024,return_3h,forward_12h_return,spearman,0.12811839622308133,204
A_portfolio,2024,return_6h,forward_12h_return,pearson,0.14473319397140408,204
A_portfolio,2024,return_6h,forward_12h_return,spearman,0.1285367973934738,204
A_portfolio,2024,return_12h,forward_12h_return,pearson,0.10637278478947644,204
A_portfolio,2024,return_12h,forward_12h_return,spearman,0.09202140065445859,204
A_portfolio,2024,return_24h,forward_12h_return,pearson,0.045962826998064775,204
A_portfolio,2024,return_24h,forward_12h_return,spearman,0.07631439455513071,204
A_portfolio,2024,return_72h,forward_12h_return,pearson,0.11867685857954827,204
A_portfolio,2024,return_72h,forward_12h_return,spearman,0.07910326451859129,204
A_portfolio,2024,return_168h,forward_12h_return,pearson,0.07658465865654647,204
A_portfolio,2024,return_168h,forward_12h_return,spearman,0.07665505226480837,204
A_portfolio,2024,volatility_ratio_24_168,forward_12h_return,pearson,0.05883625148098482,204
A_portfolio,2024,volatility_ratio_24_168,forward_12h_return,spearman,0.03420429567958386,204
A_portfolio,2024,natr_ratio_168,forward_12h_return,pearson,0.06082456076443321,204
A_portfolio,2024,natr_ratio_168,forward_12h_return,spearman,0.04688354736343655,204
A_portfolio,2024,up_fraction_24,forward_12h_return,pearson,0.1433692341192412,204
A_portfolio,2024,up_fraction_24,forward_12h_return,spearman,0.17706418502835583,204
A_portfolio,2024,volume_price_interaction,forward_12h_return,pearson,0.045578891039537835,204
A_portfolio,2024,volume_price_interaction,forward_12h_return,spearman,0.029309284689485546,204
A_portfolio,2024,range_expansion_24,forward_12h_return,pearson,0.08789485200927344,204
A_portfolio,2024,range_expansion_24,forward_12h_return,spearman,0.041314288541320646,204
A_portfolio,2024,signal_density_168,forward_12h_return,pearson,0.06702850408831933,204
A_portfolio,2024,signal_density_168,forward_12h_return,spearman,0.08670225262294999,204
A_portfolio,2024,ema20_distance,forward_24h_return,pearson,0.03402950320221812,204
A_portfolio,2024,ema20_distance,forward_24h_return,spearman,0.048608038673837915,204
A_portfolio,2024,ema50_distance,forward_24h_return,pearson,0.044206568153385084,204
A_portfolio,2024,ema50_distance,forward_24h_return,spearman,0.03707232262122679,204
A_portfolio,2024,ema_gap,forward_24h_return,pearson,0.04826937380859561,204
A_portfolio,2024,ema_gap,forward_24h_return,spearman,-0.005114106197567337,204
A_portfolio,2024,ema20_slope_6,forward_24h_return,pearson,-0.05890845764467407,204
A_portfolio,2024,ema20_slope_6,forward_24h_return,spearman,-0.041023103943006976,204
A_portfolio,2024,ema50_slope_6,forward_24h_return,pearson,-0.023212169935735934,204
A_portfolio,2024,ema50_slope_6,forward_24h_return,spearman,-0.033052278943537045,204
A_portfolio,2024,trend_efficiency_20,forward_24h_return,pearson,-0.004702413943312357,204
A_portfolio,2024,trend_efficiency_20,forward_24h_return,spearman,-0.004831402704058916,204
A_portfolio,2024,range_ratio,forward_24h_return,pearson,0.011727604451371058,204
A_portfolio,2024,range_ratio,forward_24h_return,spearman,-0.016420832420436637,204
A_portfolio,2024,body_to_range,forward_24h_return,pearson,-0.045099492116647516,204
A_portfolio,2024,body_to_range,forward_24h_return,spearman,-0.0010573110657214947,204
A_portfolio,2024,close_location,forward_24h_return,pearson,-0.004278608661086646,204
A_portfolio,2024,close_location,forward_24h_return,spearman,-0.0387912146938563,204
A_portfolio,2024,natr14,forward_24h_return,pearson,-0.07974763400507058,204
A_portfolio,2024,natr14,forward_24h_return,spearman,-0.07952590624138639,204
A_portfolio,2024,return_std_24,forward_24h_return,pearson,-0.05171510943665152,204
A_portfolio,2024,return_std_24,forward_24h_return,spearman,-0.03280491338671718,204
A_portfolio,2024,return_std_168,forward_24h_return,pearson,-0.09695248901607047,204
A_portfolio,2024,return_std_168,forward_24h_return,spearman,-0.03045140680325957,204
A_portfolio,2024,volatility_percentile_720,forward_24h_return,pearson,0.003054355419740722,204
A_portfolio,2024,volatility_percentile_720,forward_24h_return,spearman,-0.03416874604347152,204
A_portfolio,2024,rsi14,forward_24h_return,pearson,0.06880171968929691,204
A_portfolio,2024,rsi14,forward_24h_return,spearman,0.04525517524082804,204
A_portfolio,2024,macd_ratio,forward_24h_return,pearson,-0.06608993286980507,204
A_portfolio,2024,macd_ratio,forward_24h_return,spearman,-0.04292569845431865,204
A_portfolio,2024,macd_signal_ratio,forward_24h_return,pearson,-0.12550546176270785,204
A_portfolio,2024,macd_signal_ratio,forward_24h_return,spearman,-0.12879123053763136,204
A_portfolio,2024,relative_volume_24,forward_24h_return,pearson,0.0916996694029911,204
A_portfolio,2024,relative_volume_24,forward_24h_return,spearman,-0.0011887681902029105,204
A_portfolio,2024,volume_zscore_24,forward_24h_return,pearson,0.04835864357417037,204
A_portfolio,2024,volume_zscore_24,forward_24h_return,spearman,0.01113286357436162,204
A_portfolio,2024,volume_trend_24_168,forward_24h_return,pearson,0.007529262244122896,204
A_portfolio,2024,volume_trend_24_168,forward_24h_return,spearman,-0.039695811040984935,204
A_portfolio,2024,regime_duration,forward_24h_return,pearson,0.07279604958319863,204
A_portfolio,2024,regime_duration,forward_24h_return,spearman,-0.005231561231336641,204
A_portfolio,2024,regime_transition,forward_24h_return,pearson,0.15679046235130129,204
A_portfolio,2024,regime_transition,forward_24h_return,spearman,0.156722548877261,204
A_portfolio,2024,hour_of_day,forward_24h_return,pearson,0.07893682597322683,204
A_portfolio,2024,hour_of_day,forward_24h_return,spearman,0.07370704735666395,204
A_portfolio,2024,day_of_week,forward_24h_return,pearson,0.06864378058293115,204
A_portfolio,2024,day_of_week,forward_24h_return,spearman,0.13089457465500082,204
A_portfolio,2024,distance_high_24,forward_24h_return,pearson,0.09937236680085748,204
A_portfolio,2024,distance_high_24,forward_24h_return,spearman,0.05420556784530464,204
A_portfolio,2024,distance_low_24,forward_24h_return,pearson,-0.0677038650007045,204
A_portfolio,2024,distance_low_24,forward_24h_return,spearman,-0.015893590405043432,204
A_portfolio,2024,distance_high_168,forward_24h_return,pearson,0.11973573357782458,204
A_portfolio,2024,distance_high_168,forward_24h_return,spearman,0.07320606964400563,204
A_portfolio,2024,distance_low_168,forward_24h_return,pearson,0.005555652558758691,204
A_portfolio,2024,distance_low_168,forward_24h_return,spearman,-0.019827409517213106,204
A_portfolio,2024,candles_since_prior_signal,forward_24h_return,pearson,-0.06973610105260261,204
A_portfolio,2024,candles_since_prior_signal,forward_24h_return,spearman,-0.04001068742475004,204
A_portfolio,2024,return_1h,forward_24h_return,pearson,0.01169877231235357,204
A_portfolio,2024,return_1h,forward_24h_return,spearman,0.012102536557095506,204
A_portfolio,2024,return_3h,forward_24h_return,pearson,0.08196234792080875,204
A_portfolio,2024,return_3h,forward_24h_return,spearman,0.09685987094585521,204
A_portfolio,2024,return_6h,forward_24h_return,pearson,0.059952883395020376,204
A_portfolio,2024,return_6h,forward_24h_return,spearman,0.03620583641362348,204
A_portfolio,2024,return_12h,forward_24h_return,pearson,0.017754525668212076,204
A_portfolio,2024,return_12h,forward_24h_return,spearman,-0.003320352531256405,204
A_portfolio,2024,return_24h,forward_24h_return,pearson,-0.0505887989141756,204
A_portfolio,2024,return_24h,forward_24h_return,spearman,-0.022825480065869916,204
A_portfolio,2024,return_72h,forward_24h_return,pearson,0.03610865075448935,204
A_portfolio,2024,return_72h,forward_24h_return,spearman,0.00852775088168152,204
A_portfolio,2024,return_168h,forward_24h_return,pearson,0.15579275754432034,204
A_portfolio,2024,return_168h,forward_24h_return,spearman,0.10712483479514598,204
A_portfolio,2024,volatility_ratio_24_168,forward_24h_return,pearson,0.034919912355641465,204
A_portfolio,2024,volatility_ratio_24_168,forward_24h_return,spearman,-0.0071877363224516055,204
A_portfolio,2024,natr_ratio_168,forward_24h_return,pearson,-0.0009602680516557873,204
A_portfolio,2024,natr_ratio_168,forward_24h_return,spearman,-0.05128948130976528,204
A_portfolio,2024,up_fraction_24,forward_24h_return,pearson,0.06537933010484429,204
A_portfolio,2024,up_fraction_24,forward_24h_return,spearman,0.06439865846308307,204
A_portfolio,2024,volume_price_interaction,forward_24h_return,pearson,0.042452474222457896,204
A_portfolio,2024,volume_price_interaction,forward_24h_return,spearman,0.027662536839798996,204
A_portfolio,2024,range_expansion_24,forward_24h_return,pearson,0.046996028975087076,204
A_portfolio,2024,range_expansion_24,forward_24h_return,spearman,0.01873476051480306,204
A_portfolio,2024,signal_density_168,forward_24h_return,pearson,0.0643748471304218,204
A_portfolio,2024,signal_density_168,forward_24h_return,spearman,0.060416450593562064,204
A_portfolio,2024,ema20_distance,forward_48h_return,pearson,0.10949562977866756,203
A_portfolio,2024,ema20_distance,forward_48h_return,spearman,0.07797280742273012,203
A_portfolio,2024,ema50_distance,forward_48h_return,pearson,0.09565789872782127,203
A_portfolio,2024,ema50_distance,forward_48h_return,spearman,0.050260937423791646,203
A_portfolio,2024,ema_gap,forward_48h_return,pearson,0.011411152174267672,203
A_portfolio,2024,ema_gap,forward_48h_return,spearman,0.03099833309902999,203
A_portfolio,2024,ema20_slope_6,forward_48h_return,pearson,-0.024246016908633667,203
A_portfolio,2024,ema20_slope_6,forward_48h_return,spearman,0.01897139873361431,203
A_portfolio,2024,ema50_slope_6,forward_48h_return,pearson,-0.019619390441892,203
A_portfolio,2024,ema50_slope_6,forward_48h_return,spearman,0.007003279290548586,203
A_portfolio,2024,trend_efficiency_20,forward_48h_return,pearson,0.039600775735258116,203
A_portfolio,2024,trend_efficiency_20,forward_48h_return,spearman,0.01934006788102746,203
A_portfolio,2024,range_ratio,forward_48h_return,pearson,0.145119885805497,203
A_portfolio,2024,range_ratio,forward_48h_return,spearman,0.1702993249194523,203
A_portfolio,2024,body_to_range,forward_48h_return,pearson,-0.009930235882131145,203
A_portfolio,2024,body_to_range,forward_48h_return,spearman,0.0384850423610892,203
A_portfolio,2024,close_location,forward_48h_return,pearson,-0.008096505284681504,203
A_portfolio,2024,close_location,forward_48h_return,spearman,-0.04993680973063561,203
A_portfolio,2024,natr14,forward_48h_return,pearson,0.044480820105389694,203
A_portfolio,2024,natr14,forward_48h_return,spearman,0.12147863583808395,203
A_portfolio,2024,return_std_24,forward_48h_return,pearson,0.020809485830511492,203
A_portfolio,2024,return_std_24,forward_48h_return,spearman,0.08431621197471821,203
A_portfolio,2024,return_std_168,forward_48h_return,pearson,0.00894812547922119,203
A_portfolio,2024,return_std_168,forward_48h_return,spearman,0.08786662497023391,203
A_portfolio,2024,volatility_percentile_720,forward_48h_return,pearson,0.1441232270383292,203
A_portfolio,2024,volatility_percentile_720,forward_48h_return,spearman,0.1634375962881734,203
A_portfolio,2024,rsi14,forward_48h_return,pearson,0.1051722328784104,203
A_portfolio,2024,rsi14,forward_48h_return,spearman,0.04153337675117845,203
A_portfolio,2024,macd_ratio,forward_48h_return,pearson,-0.02361458919380972,203
A_portfolio,2024,macd_ratio,forward_48h_return,spearman,0.030936649156077595,203
A_portfolio,2024,macd_signal_ratio,forward_48h_return,pearson,-0.09620643244419927,203
A_portfolio,2024,macd_signal_ratio,forward_48h_return,spearman,-0.023534576001790274,203
A_portfolio,2024,relative_volume_24,forward_48h_return,pearson,0.18002107169409626,203
A_portfolio,2024,relative_volume_24,forward_48h_return,spearman,0.10049031562095648,203
A_portfolio,2024,volume_zscore_24,forward_48h_return,pearson,0.130509992155188,203
A_portfolio,2024,volume_zscore_24,forward_48h_return,spearman,0.09597591170302196,203
A_portfolio,2024,volume_trend_24_168,forward_48h_return,pearson,0.05218756124414321,203
A_portfolio,2024,volume_trend_24_168,forward_48h_return,spearman,0.056186899478125156,203
A_portfolio,2024,regime_duration,forward_48h_return,pearson,0.04599655340161806,203
A_portfolio,2024,regime_duration,forward_48h_return,spearman,-0.02819835819025366,203
A_portfolio,2024,regime_transition,forward_48h_return,pearson,0.11031608591906718,203
A_portfolio,2024,regime_transition,forward_48h_return,spearman,0.08734775535954861,203
A_portfolio,2024,hour_of_day,forward_48h_return,pearson,0.10543189363231138,203
A_portfolio,2024,hour_of_day,forward_48h_return,spearman,0.10033991294466159,203
A_portfolio,2024,day_of_week,forward_48h_return,pearson,-0.0003078641495590347,203
A_portfolio,2024,day_of_week,forward_48h_return,spearman,0.005966475419245175,203
A_portfolio,2024,distance_high_24,forward_48h_return,pearson,0.05955280279084987,203
A_portfolio,2024,distance_high_24,forward_48h_return,spearman,-0.00020513497307424164,203
A_portfolio,2024,distance_low_24,forward_48h_return,pearson,-0.027815967509373308,203
A_portfolio,2024,distance_low_24,forward_48h_return,spearman,0.04853952506232947,203
A_portfolio,2024,distance_high_168,forward_48h_return,pearson,0.027863399003114235,203
A_portfolio,2024,distance_high_168,forward_48h_return,spearman,0.04332077658649667,203
A_portfolio,2024,distance_low_168,forward_48h_return,pearson,0.011130238212841564,203
A_portfolio,2024,distance_low_168,forward_48h_return,spearman,0.047251334811835285,203
A_portfolio,2024,candles_since_prior_signal,forward_48h_return,pearson,-0.04079345433165784,203
A_portfolio,2024,candles_since_prior_signal,forward_48h_return,spearman,-0.056758309933731786,203
A_portfolio,2024,return_1h,forward_48h_return,pearson,0.06891446052859873,203
A_portfolio,2024,return_1h,forward_48h_return,spearman,0.05690989266993927,203
A_portfolio,2024,return_3h,forward_48h_return,pearson,0.18470984356253403,203
A_portfolio,2024,return_3h,forward_48h_return,spearman,0.1227625225576745,203
A_portfolio,2024,return_6h,forward_48h_return,pearson,0.15293332434578427,203
A_portfolio,2024,return_6h,forward_48h_return,spearman,0.0962671172941693,203
A_portfolio,2024,return_12h,forward_48h_return,pearson,0.0539133032645065,203
A_portfolio,2024,return_12h,forward_48h_return,spearman,0.01933863337072624,203
A_portfolio,2024,return_24h,forward_48h_return,pearson,0.03345173490680928,203
A_portfolio,2024,return_24h,forward_48h_return,spearman,0.08308970566717641,203
A_portfolio,2024,return_72h,forward_48h_return,pearson,0.02666068163442293,203
A_portfolio,2024,return_72h,forward_48h_return,spearman,0.03491884975226008,203
A_portfolio,2024,return_168h,forward_48h_return,pearson,0.010707255073043893,203
A_portfolio,2024,return_168h,forward_48h_return,spearman,0.021434452920806427,203
A_portfolio,2024,volatility_ratio_24_168,forward_48h_return,pearson,0.06642272669538893,203
A_portfolio,2024,volatility_ratio_24_168,forward_48h_return,spearman,0.04665314401622719,203
A_portfolio,2024,natr_ratio_168,forward_48h_return,pearson,0.1307985384321808,203
A_portfolio,2024,natr_ratio_168,forward_48h_return,spearman,0.14951040163419416,203
A_portfolio,2024,up_fraction_24,forward_48h_return,pearson,0.09606544246741339,203
A_portfolio,2024,up_fraction_24,forward_48h_return,spearman,0.0929416433540912,203
A_portfolio,2024,volume_price_interaction,forward_48h_return,pearson,0.082030409616514,203
A_portfolio,2024,volume_price_interaction,forward_48h_return,spearman,0.05717384256536347,203
A_portfolio,2024,range_expansion_24,forward_48h_return,pearson,0.1280638777087737,203
A_portfolio,2024,range_expansion_24,forward_48h_return,spearman,0.10897400954236254,203
A_portfolio,2024,signal_density_168,forward_48h_return,pearson,0.042267035789302174,203
A_portfolio,2024,signal_density_168,forward_48h_return,spearman,0.08143449053630956,203
B_opportunities,ALL,ema20_distance,net_profit_ratio,pearson,0.055151315553723546,1271
B_opportunities,ALL,ema20_distance,net_profit_ratio,spearman,-0.044646328808077944,1271
B_opportunities,ALL,ema50_distance,net_profit_ratio,pearson,0.09726045999069124,1271
B_opportunities,ALL,ema50_distance,net_profit_ratio,spearman,0.0008869328420958025,1271
B_opportunities,ALL,ema_gap,net_profit_ratio,pearson,0.1468695241386318,1271
B_opportunities,ALL,ema_gap,net_profit_ratio,spearman,0.08161740043523391,1271
B_opportunities,ALL,ema20_slope_6,net_profit_ratio,pearson,0.043580402622902824,1271
B_opportunities,ALL,ema20_slope_6,net_profit_ratio,spearman,-0.028028114618565664,1271
B_opportunities,ALL,ema50_slope_6,net_profit_ratio,pearson,0.09938077188203218,1271
B_opportunities,ALL,ema50_slope_6,net_profit_ratio,spearman,0.03403955157302966,1271
B_opportunities,ALL,trend_efficiency_20,net_profit_ratio,pearson,0.033691565288410184,1271
B_opportunities,ALL,trend_efficiency_20,net_profit_ratio,spearman,-0.004604334914364744,1271
B_opportunities,ALL,range_ratio,net_profit_ratio,pearson,-0.034917148640991685,1271
B_opportunities,ALL,range_ratio,net_profit_ratio,spearman,-0.10591032242582714,1271
B_opportunities,ALL,body_to_range,net_profit_ratio,pearson,-0.015211708276623138,1271
B_opportunities,ALL,body_to_range,net_profit_ratio,spearman,-0.01443039663956274,1271
B_opportunities,ALL,close_location,net_profit_ratio,pearson,-0.011554443601853122,1271
B_opportunities,ALL,close_location,net_profit_ratio,spearman,-0.02351103964860641,1271
B_opportunities,ALL,natr14,net_profit_ratio,pearson,-0.07501362653880465,1271
B_opportunities,ALL,natr14,net_profit_ratio,spearman,-0.08794418141845539,1271
B_opportunities,ALL,return_std_24,net_profit_ratio,pearson,-0.05536613233739264,1271
B_opportunities,ALL,return_std_24,net_profit_ratio,spearman,-0.06594227856539786,1271
B_opportunities,ALL,return_std_168,net_profit_ratio,pearson,-0.0671682877417935,1271
B_opportunities,ALL,return_std_168,net_profit_ratio,spearman,-0.11212555007898534,1271
B_opportunities,ALL,volatility_percentile_720,net_profit_ratio,pearson,-0.03522383131177135,1271
B_opportunities,ALL,volatility_percentile_720,net_profit_ratio,spearman,-0.04290735272288879,1271
B_opportunities,ALL,rsi14,net_profit_ratio,pearson,0.03985079294843423,1271
B_opportunities,ALL,rsi14,net_profit_ratio,spearman,-0.025110603750385905,1271
B_opportunities,ALL,macd_ratio,net_profit_ratio,pearson,0.049251605559841045,1271
B_opportunities,ALL,macd_ratio,net_profit_ratio,spearman,-0.021036297648831366,1271
B_opportunities,ALL,macd_signal_ratio,net_profit_ratio,pearson,0.043527036265480795,1271
B_opportunities,ALL,macd_signal_ratio,net_profit_ratio,spearman,-0.005336517975278831,1271
B_opportunities,ALL,relative_volume_24,net_profit_ratio,pearson,-0.017347824014556774,1271
B_opportunities,ALL,relative_volume_24,net_profit_ratio,spearman,-0.028784552215015066,1271
B_opportunities,ALL,volume_zscore_24,net_profit_ratio,pearson,-0.015855668817582682,1271
B_opportunities,ALL,volume_zscore_24,net_profit_ratio,spearman,-0.01478915920916164,1271
B_opportunities,ALL,volume_trend_24_168,net_profit_ratio,pearson,0.031072559455857168,1271
B_opportunities,ALL,volume_trend_24_168,net_profit_ratio,spearman,0.034898249797975796,1271
B_opportunities,ALL,regime_duration,net_profit_ratio,pearson,0.0037980366466070065,1271
B_opportunities,ALL,regime_duration,net_profit_ratio,spearman,-0.042617642879749444,1271
B_opportunities,ALL,regime_transition,net_profit_ratio,pearson,0.013712095372097817,1271
B_opportunities,ALL,regime_transition,net_profit_ratio,spearman,-0.01667345580483271,1271
B_opportunities,ALL,hour_of_day,net_profit_ratio,pearson,0.038739885833984404,1271
B_opportunities,ALL,hour_of_day,net_profit_ratio,spearman,0.03613554766176389,1271
B_opportunities,ALL,day_of_week,net_profit_ratio,pearson,-0.02477046061830647,1271
B_opportunities,ALL,day_of_week,net_profit_ratio,spearman,-0.010550472886045173,1271
B_opportunities,ALL,distance_high_24,net_profit_ratio,pearson,0.06721190846596219,1271
B_opportunities,ALL,distance_high_24,net_profit_ratio,spearman,0.03792973360530597,1271
B_opportunities,ALL,distance_low_24,net_profit_ratio,pearson,-0.008690573611070583,1271
B_opportunities,ALL,distance_low_24,net_profit_ratio,spearman,-0.07992179800052505,1271
B_opportunities,ALL,distance_high_168,net_profit_ratio,pearson,0.147313328074679,1271
B_opportunities,ALL,distance_high_168,net_profit_ratio,spearman,0.11517885712383089,1271
B_opportunities,ALL,distance_low_168,net_profit_ratio,pearson,0.003530191828079191,1271
B_opportunities,ALL,distance_low_168,net_profit_ratio,spearman,-0.0686001139472235,1271
B_opportunities,ALL,candles_since_prior_signal,net_profit_ratio,pearson,-0.03475872847838951,1271
B_opportunities,ALL,candles_since_prior_signal,net_profit_ratio,spearman,-0.031630662611423506,1271
B_opportunities,ALL,return_1h,net_profit_ratio,pearson,-0.0224335426979623,1271
B_opportunities,ALL,return_1h,net_profit_ratio,spearman,-0.042642670394204996,1271
B_opportunities,ALL,return_3h,net_profit_ratio,pearson,0.028129843793739832,1271
B_opportunities,ALL,return_3h,net_profit_ratio,spearman,-0.019750243303309944,1271
B_opportunities,ALL,return_6h,net_profit_ratio,pearson,0.0723667985831577,1271
B_opportunities,ALL,return_6h,net_profit_ratio,spearman,-0.011245068943341926,1271
B_opportunities,ALL,return_12h,net_profit_ratio,pearson,0.0516820060126254,1271
B_opportunities,ALL,return_12h,net_profit_ratio,spearman,-0.03020337825470078,1271
B_opportunities,ALL,return_24h,net_profit_ratio,pearson,0.010807980394857655,1271
B_opportunities,ALL,return_24h,net_profit_ratio,spearman,-0.05035604518494899,1271
B_opportunities,ALL,return_72h,net_profit_ratio,pearson,0.09546583652600567,1271
B_opportunities,ALL,return_72h,net_profit_ratio,spearman,0.04985845316062577,1271
B_opportunities,ALL,return_168h,net_profit_ratio,pearson,0.11976789278995006,1271
B_opportunities,ALL,return_168h,net_profit_ratio,spearman,0.08283306113412958,1271
B_opportunities,ALL,volatility_ratio_24_168,net_profit_ratio,pearson,0.031117096826622104,1271
B_opportunities,ALL,volatility_ratio_24_168,net_profit_ratio,spearman,0.01953639717132736,1271
B_opportunities,ALL,natr_ratio_168,net_profit_ratio,pearson,-0.010680150006872554,1271
B_opportunities,ALL,natr_ratio_168,net_profit_ratio,spearman,-0.004815068839135089,1271
B_opportunities,ALL,up_fraction_24,net_profit_ratio,pearson,0.028111669940569285,1271
B_opportunities,ALL,up_fraction_24,net_profit_ratio,spearman,0.007889966173161761,1271
B_opportunities,ALL,volume_price_interaction,net_profit_ratio,pearson,-0.026283238635126605,1271
B_opportunities,ALL,volume_price_interaction,net_profit_ratio,spearman,-0.04168243041012859,1271
B_opportunities,ALL,range_expansion_24,net_profit_ratio,pearson,-0.02159215753934728,1271
B_opportunities,ALL,range_expansion_24,net_profit_ratio,spearman,-0.02171403366081846,1271
B_opportunities,ALL,signal_density_168,net_profit_ratio,pearson,0.05889474674762289,1271
B_opportunities,ALL,signal_density_168,net_profit_ratio,spearman,0.06739019417100556,1271
B_opportunities,ALL,ema20_distance,profitable_after_fees,pearson,0.12506249834094044,1271
B_opportunities,ALL,ema20_distance,profitable_after_fees,spearman,0.10769906861276393,1271
B_opportunities,ALL,ema50_distance,profitable_after_fees,pearson,0.14214256050159485,1271
B_opportunities,ALL,ema50_distance,profitable_after_fees,spearman,0.12790362471466907,1271
B_opportunities,ALL,ema_gap,profitable_after_fees,pearson,0.11526098366805373,1271
B_opportunities,ALL,ema_gap,profitable_after_fees,spearman,0.11283016992827562,1271
B_opportunities,ALL,ema20_slope_6,profitable_after_fees,pearson,0.132975227949529,1271
B_opportunities,ALL,ema20_slope_6,profitable_after_fees,spearman,0.13803518473098672,1271
B_opportunities,ALL,ema50_slope_6,profitable_after_fees,pearson,0.14281469103502187,1271
B_opportunities,ALL,ema50_slope_6,profitable_after_fees,spearman,0.14797303328411998,1271
B_opportunities,ALL,trend_efficiency_20,profitable_after_fees,pearson,0.11100064251796589,1271
B_opportunities,ALL,trend_efficiency_20,profitable_after_fees,spearman,0.11681702213567496,1271
B_opportunities,ALL,range_ratio,profitable_after_fees,pearson,0.03522828585807073,1271
B_opportunities,ALL,range_ratio,profitable_after_fees,spearman,0.03108393246446945,1271
B_opportunities,ALL,body_to_range,profitable_after_fees,pearson,-0.024585199681392816,1271
B_opportunities,ALL,body_to_range,profitable_after_fees,spearman,-0.025515854127355787,1271
B_opportunities,ALL,close_location,profitable_after_fees,pearson,-0.007886005174966007,1271
B_opportunities,ALL,close_location,profitable_after_fees,spearman,-0.007523213299488835,1271
B_opportunities,ALL,natr14,profitable_after_fees,pearson,0.05617798745555204,1271
B_opportunities,ALL,natr14,profitable_after_fees,spearman,0.09593222345375027,1271
B_opportunities,ALL,return_std_24,profitable_after_fees,pearson,0.07136215387925615,1271
B_opportunities,ALL,return_std_24,profitable_after_fees,spearman,0.11201477981580187,1271
B_opportunities,ALL,return_std_168,profitable_after_fees,pearson,0.038049973474518994,1271
B_opportunities,ALL,return_std_168,profitable_after_fees,spearman,0.049576619821954535,1271
B_opportunities,ALL,volatility_percentile_720,profitable_after_fees,pearson,0.06696633508786981,1271
B_opportunities,ALL,volatility_percentile_720,profitable_after_fees,spearman,0.07276849820537219,1271
B_opportunities,ALL,rsi14,profitable_after_fees,pearson,0.10001005589398775,1271
B_opportunities,ALL,rsi14,profitable_after_fees,spearman,0.10105431493376503,1271
B_opportunities,ALL,macd_ratio,profitable_after_fees,pearson,0.14266432018409556,1271
B_opportunities,ALL,macd_ratio,profitable_after_fees,spearman,0.15283834445247174,1271
B_opportunities,ALL,macd_signal_ratio,profitable_after_fees,pearson,0.12554259156371642,1271
B_opportunities,ALL,macd_signal_ratio,profitable_after_fees,spearman,0.14442315809832262,1271
B_opportunities,ALL,relative_volume_24,profitable_after_fees,pearson,-0.027342925666982845,1271
B_opportunities,ALL,relative_volume_24,profitable_after_fees,spearman,-0.00766286509015399,1271
B_opportunities,ALL,volume_zscore_24,profitable_after_fees,pearson,-0.02426880359524447,1271
B_opportunities,ALL,volume_zscore_24,profitable_after_fees,spearman,0.0036444784585153303,1271
B_opportunities,ALL,volume_trend_24_168,profitable_after_fees,pearson,0.10361725714328383,1271
B_opportunities,ALL,volume_trend_24_168,profitable_after_fees,spearman,0.11458258293243194,1271
B_opportunities,ALL,regime_duration,profitable_after_fees,pearson,0.029611154890949423,1271
B_opportunities,ALL,regime_duration,profitable_after_fees,spearman,-0.048374079141808086,1271
B_opportunities,ALL,regime_transition,profitable_after_fees,pearson,0.016608276579315115,1271
B_opportunities,ALL,regime_transition,profitable_after_fees,spearman,0.01660827657931508,1271
B_opportunities,ALL,hour_of_day,profitable_after_fees,pearson,0.059731440270205445,1271
B_opportunities,ALL,hour_of_day,profitable_after_fees,spearman,0.05912920671034324,1271
B_opportunities,ALL,day_of_week,profitable_after_fees,pearson,-0.07393287700731002,1271
B_opportunities,ALL,day_of_week,profitable_after_fees,spearman,-0.07362150320104008,1271
B_opportunities,ALL,distance_high_24,profitable_after_fees,pearson,0.004765587823861575,1271
B_opportunities,ALL,distance_high_24,profitable_after_fees,spearman,0.02281290347827149,1271
B_opportunities,ALL,distance_low_24,profitable_after_fees,pearson,0.10513947677710318,1271
B_opportunities,ALL,distance_low_24,profitable_after_fees,spearman,0.12187153984946263,1271
B_opportunities,ALL,distance_high_168,profitable_after_fees,pearson,0.059341832719597205,1271
B_opportunities,ALL,distance_high_168,profitable_after_fees,spearman,0.05655924233208898,1271
B_opportunities,ALL,distance_low_168,profitable_after_fees,pearson,0.06599258749927892,1271
B_opportunities,ALL,distance_low_168,profitable_after_fees,spearman,0.07380406747324682,1271
B_opportunities,ALL,candles_since_prior_signal,profitable_after_fees,pearson,0.002765841759992563,1271
B_opportunities,ALL,candles_since_prior_signal,profitable_after_fees,spearman,-0.00575751385577893,1271
B_opportunities,ALL,return_1h,profitable_after_fees,pearson,-0.007907533234613014,1271
B_opportunities,ALL,return_1h,profitable_after_fees,spearman,-0.006788911046950065,1271
B_opportunities,ALL,return_3h,profitable_after_fees,pearson,0.04747072907209481,1271
B_opportunities,ALL,return_3h,profitable_after_fees,spearman,0.040789777813154945,1271
B_opportunities,ALL,return_6h,profitable_after_fees,pearson,0.10756783450421063,1271
B_opportunities,ALL,return_6h,profitable_after_fees,spearman,0.07431762809657282,1271
B_opportunities,ALL,return_12h,profitable_after_fees,pearson,0.12161605524215817,1271
B_opportunities,ALL,return_12h,profitable_after_fees,spearman,0.11355095676803144,1271
B_opportunities,ALL,return_24h,profitable_after_fees,pearson,0.10634425881003777,1271
B_opportunities,ALL,return_24h,profitable_after_fees,spearman,0.13158864743292067,1271
B_opportunities,ALL,return_72h,profitable_after_fees,pearson,0.06348432398603046,1271
B_opportunities,ALL,return_72h,profitable_after_fees,spearman,0.05421668510288258,1271
B_opportunities,ALL,return_168h,profitable_after_fees,pearson,0.07208407188408708,1271
B_opportunities,ALL,return_168h,profitable_after_fees,spearman,0.06596551059090233,1271
B_opportunities,ALL,volatility_ratio_24_168,profitable_after_fees,pearson,0.10327787342645721,1271
B_opportunities,ALL,volatility_ratio_24_168,profitable_after_fees,spearman,0.11359600594551618,1271
B_opportunities,ALL,natr_ratio_168,profitable_after_fees,pearson,0.06277668474011373,1271
B_opportunities,ALL,natr_ratio_168,profitable_after_fees,spearman,0.07245709706645313,1271
B_opportunities,ALL,up_fraction_24,profitable_after_fees,pearson,0.061602492397190116,1271
B_opportunities,ALL,up_fraction_24,profitable_after_fees,spearman,0.06764964491615716,1271
B_opportunities,ALL,volume_price_interaction,profitable_after_fees,pearson,-0.03297585679204084,1271
B_opportunities,ALL,volume_price_interaction,profitable_after_fees,spearman,-0.00591045208599767,1271
B_opportunities,ALL,range_expansion_24,profitable_after_fees,pearson,-0.04855761761407194,1271
B_opportunities,ALL,range_expansion_24,profitable_after_fees,spearman,-0.02154251667320187,1271
B_opportunities,ALL,signal_density_168,profitable_after_fees,pearson,0.018769351710321604,1271
B_opportunities,ALL,signal_density_168,profitable_after_fees,spearman,0.019243900168411515,1271
B_opportunities,ALL,ema20_distance,return_above_0_5_percent,pearson,0.17224753244198382,1271
B_opportunities,ALL,ema20_distance,return_above_0_5_percent,spearman,0.1657066920836655,1271
B_opportunities,ALL,ema50_distance,return_above_0_5_percent,pearson,0.18664618455113202,1271
B_opportunities,ALL,ema50_distance,return_above_0_5_percent,spearman,0.18102580865777687,1271
B_opportunities,ALL,ema_gap,return_above_0_5_percent,pearson,0.1333822511830478,1271
B_opportunities,ALL,ema_gap,return_above_0_5_percent,spearman,0.14142451158061342,1271
B_opportunities,ALL,ema20_slope_6,return_above_0_5_percent,pearson,0.16737733259518625,1271
B_opportunities,ALL,ema20_slope_6,return_above_0_5_percent,spearman,0.1794812597822936,1271
B_opportunities,ALL,ema50_slope_6,return_above_0_5_percent,pearson,0.17350046506241484,1271
B_opportunities,ALL,ema50_slope_6,return_above_0_5_percent,spearman,0.18594028235249632,1271
B_opportunities,ALL,trend_efficiency_20,return_above_0_5_percent,pearson,0.1374120435197113,1271
B_opportunities,ALL,trend_efficiency_20,return_above_0_5_percent,spearman,0.148922594303414,1271
B_opportunities,ALL,range_ratio,return_above_0_5_percent,pearson,0.06286083358114884,1271
B_opportunities,ALL,range_ratio,return_above_0_5_percent,spearman,0.06495062043964032,1271
B_opportunities,ALL,body_to_range,return_above_0_5_percent,pearson,-0.01064873414257813,1271
B_opportunities,ALL,body_to_range,return_above_0_5_percent,spearman,-0.012089605289009943,1271
B_opportunities,ALL,close_location,return_above_0_5_percent,pearson,-0.0013631341605860156,1271
B_opportunities,ALL,close_location,return_above_0_5_percent,spearman,-0.0005522932826816087,1271
B_opportunities,ALL,natr14,return_above_0_5_percent,pearson,0.08256117964452636,1271
B_opportunities,ALL,natr14,return_above_0_5_percent,spearman,0.12160280101191145,1271
B_opportunities,ALL,return_std_24,return_above_0_5_percent,pearson,0.09484384039121475,1271
B_opportunities,ALL,return_std_24,return_above_0_5_percent,spearman,0.13397791382032892,1271
B_opportunities,ALL,return_std_168,return_above_0_5_percent,pearson,0.06311806207661316,1271
B_opportunities,ALL,return_std_168,return_above_0_5_percent,spearman,0.07224276331237649,1271
B_opportunities,ALL,volatility_percentile_720,return_above_0_5_percent,pearson,0.0575755144756639,1271
B_opportunities,ALL,volatility_percentile_720,return_above_0_5_percent,spearman,0.06310935015705199,1271
B_opportunities,ALL,rsi14,return_above_0_5_percent,pearson,0.1483893706856034,1271
B_opportunities,ALL,rsi14,return_above_0_5_percent,spearman,0.15115048904502018,1271
B_opportunities,ALL,macd_ratio,return_above_0_5_percent,pearson,0.18196002864504315,1271
B_opportunities,ALL,macd_ratio,return_above_0_5_percent,spearman,0.1985213350109782,1271
B_opportunities,ALL,macd_signal_ratio,return_above_0_5_percent,pearson,0.15540473808424615,1271
B_opportunities,ALL,macd_signal_ratio,return_above_0_5_percent,spearman,0.17724868458954957,1271
B_opportunities,ALL,relative_volume_24,return_above_0_5_percent,pearson,-0.0006118593594254599,1271
B_opportunities,ALL,relative_volume_24,return_above_0_5_percent,spearman,0.023055902304941145,1271
B_opportunities,ALL,volume_zscore_24,return_above_0_5_percent,pearson,0.004998261942052136,1271
B_opportunities,ALL,volume_zscore_24,return_above_0_5_percent,spearman,0.028915827129501907,1271
B_opportunities,ALL,volume_trend_24_168,return_above_0_5_percent,pearson,0.09850318331235593,1271
B_opportunities,ALL,volume_trend_24_168,return_above_0_5_percent,spearman,0.10761761301208114,1271
B_opportunities,ALL,regime_duration,return_above_0_5_percent,pearson,0.03194237038647159,1271
B_opportunities,ALL,regime_duration,return_above_0_5_percent,spearman,-0.07028990193214646,1271
B_opportunities,ALL,regime_transition,return_above_0_5_percent,pearson,0.03935350646190446,1271
B_opportunities,ALL,regime_transition,return_above_0_5_percent,spearman,0.03935350646190451,1271
B_opportunities,ALL,hour_of_day,return_above_0_5_percent,pearson,0.03639609865732746,1271
B_opportunities,ALL,hour_of_day,return_above_0_5_percent,spearman,0.03603726194555398,1271
B_opportunities,ALL,day_of_week,return_above_0_5_percent,pearson,-0.06547190004524385,1271
B_opportunities,ALL,day_of_week,return_above_0_5_percent,spearman,-0.06481322406507734,1271
B_opportunities,ALL,distance_high_24,return_above_0_5_percent,pearson,0.03638584718875854,1271
B_opportunities,ALL,distance_high_24,return_above_0_5_percent,spearman,0.05032421063392757,1271
B_opportunities,ALL,distance_low_24,return_above_0_5_percent,pearson,0.1440073152476641,1271
B_opportunities,ALL,distance_low_24,return_above_0_5_percent,spearman,0.1670874251693248,1271
B_opportunities,ALL,distance_high_168,return_above_0_5_percent,pearson,0.05673369526427017,1271
B_opportunities,ALL,distance_high_168,return_above_0_5_percent,spearman,0.06805843999515818,1271
B_opportunities,ALL,distance_low_168,return_above_0_5_percent,pearson,0.09693189540357502,1271
B_opportunities,ALL,distance_low_168,return_above_0_5_percent,spearman,0.10765505662118378,1271
B_opportunities,ALL,candles_since_prior_signal,return_above_0_5_percent,pearson,-0.00857612705571772,1271
B_opportunities,ALL,candles_since_prior_signal,return_above_0_5_percent,spearman,-0.017910458568203298,1271
B_opportunities,ALL,return_1h,return_above_0_5_percent,pearson,0.011126382740054539,1271
B_opportunities,ALL,return_1h,return_above_0_5_percent,spearman,0.007118966180636517,1271
B_opportunities,ALL,return_3h,return_above_0_5_percent,pearson,0.09326505576662823,1271
B_opportunities,ALL,return_3h,return_above_0_5_percent,spearman,0.09004251912109933,1271
B_opportunities,ALL,return_6h,return_above_0_5_percent,pearson,0.14415402493339027,1271
B_opportunities,ALL,return_6h,return_above_0_5_percent,spearman,0.11582712430783161,1271
B_opportunities,ALL,return_12h,return_above_0_5_percent,pearson,0.16870133399849088,1271
B_opportunities,ALL,return_12h,return_above_0_5_percent,spearman,0.16895960562445603,1271
B_opportunities,ALL,return_24h,return_above_0_5_percent,pearson,0.14868003269698288,1271
B_opportunities,ALL,return_24h,return_above_0_5_percent,spearman,0.17760907932716233,1271
B_opportunities,ALL,return_72h,return_above_0_5_percent,pearson,0.07752403365907767,1271
B_opportunities,ALL,return_72h,return_above_0_5_percent,spearman,0.07798099640735372,1271
B_opportunities,ALL,return_168h,return_above_0_5_percent,pearson,0.07982717342953223,1271
B_opportunities,ALL,return_168h,return_above_0_5_percent,spearman,0.07495274452117895,1271
B_opportunities,ALL,volatility_ratio_24_168,return_above_0_5_percent,pearson,0.10977631031000352,1271
B_opportunities,ALL,volatility_ratio_24_168,return_above_0_5_percent,spearman,0.11871964311100937,1271
B_opportunities,ALL,natr_ratio_168,return_above_0_5_percent,pearson,0.06023152049770382,1271
B_opportunities,ALL,natr_ratio_168,return_above_0_5_percent,spearman,0.06942513172740399,1271
B_opportunities,ALL,up_fraction_24,return_above_0_5_percent,pearson,0.09093622549197582,1271
B_opportunities,ALL,up_fraction_24,return_above_0_5_percent,spearman,0.09324264970776125,1271
B_opportunities,ALL,volume_price_interaction,return_above_0_5_percent,pearson,-0.020457721708212598,1271
B_opportunities,ALL,volume_price_interaction,return_above_0_5_percent,spearman,0.009716616562131103,1271
B_opportunities,ALL,range_expansion_24,return_above_0_5_percent,pearson,-0.026699428189356684,1271
B_opportunities,ALL,range_expansion_24,return_above_0_5_percent,spearman,-0.0026210526371837277,1271
B_opportunities,ALL,signal_density_168,return_above_0_5_percent,pearson,0.02794469031085771,1271
B_opportunities,ALL,signal_density_168,return_above_0_5_percent,spearman,0.02876920989250535,1271
B_opportunities,ALL,ema20_distance,return_above_1_percent,pearson,0.19146531994342675,1271
B_opportunities,ALL,ema20_distance,return_above_1_percent,spearman,0.17814544128574344,1271
B_opportunities,ALL,ema50_distance,return_above_1_percent,pearson,0.20394623509827114,1271
B_opportunities,ALL,ema50_distance,return_above_1_percent,spearman,0.19291775260039468,1271
B_opportunities,ALL,ema_gap,return_above_1_percent,pearson,0.138514811008326,1271
B_opportunities,ALL,ema_gap,return_above_1_percent,spearman,0.15160803917406648,1271
B_opportunities,ALL,ema20_slope_6,return_above_1_percent,pearson,0.1782556204752311,1271
B_opportunities,ALL,ema20_slope_6,return_above_1_percent,spearman,0.18215506864257736,1271
B_opportunities,ALL,ema50_slope_6,return_above_1_percent,pearson,0.1827174598440401,1271
B_opportunities,ALL,ema50_slope_6,return_above_1_percent,spearman,0.19224148769930188,1271
B_opportunities,ALL,trend_efficiency_20,return_above_1_percent,pearson,0.1263583726220818,1271
B_opportunities,ALL,trend_efficiency_20,return_above_1_percent,spearman,0.13762710167984302,1271
B_opportunities,ALL,range_ratio,return_above_1_percent,pearson,0.08276086598175951,1271
B_opportunities,ALL,range_ratio,return_above_1_percent,spearman,0.08750196351444696,1271
B_opportunities,ALL,body_to_range,return_above_1_percent,pearson,-0.016072885466723693,1271
B_opportunities,ALL,body_to_range,return_above_1_percent,spearman,-0.01750135194388385,1271
B_opportunities,ALL,close_location,return_above_1_percent,pearson,0.01264755418513465,1271
B_opportunities,ALL,close_location,return_above_1_percent,spearman,0.014096047649316608,1271
B_opportunities,ALL,natr14,return_above_1_percent,pearson,0.1050274943723338,1271
B_opportunities,ALL,natr14,return_above_1_percent,spearman,0.1449796839023626,1271
B_opportunities,ALL,return_std_24,return_above_1_percent,pearson,0.11211638737715293,1271
B_opportunities,ALL,return_std_24,return_above_1_percent,spearman,0.14824110328351936,1271
B_opportunities,ALL,return_std_168,return_above_1_percent,pearson,0.09031053355266788,1271
B_opportunities,ALL,return_std_168,return_above_1_percent,spearman,0.10421673784287536,1271
B_opportunities,ALL,volatility_percentile_720,return_above_1_percent,pearson,0.05847185770656623,1271
B_opportunities,ALL,volatility_percentile_720,return_above_1_percent,spearman,0.06283796458934475,1271
B_opportunities,ALL,rsi14,return_above_1_percent,pearson,0.15296563042881897,1271
B_opportunities,ALL,rsi14,return_above_1_percent,spearman,0.15399175304529428,1271
B_opportunities,ALL,macd_ratio,return_above_1_percent,pearson,0.19400344901072913,1271
B_opportunities,ALL,macd_ratio,return_above_1_percent,spearman,0.2035077731792096,1271
B_opportunities,ALL,macd_signal_ratio,return_above_1_percent,pearson,0.1633859196372985,1271
B_opportunities,ALL,macd_signal_ratio,return_above_1_percent,spearman,0.180159847374105,1271
B_opportunities,ALL,relative_volume_24,return_above_1_percent,pearson,0.0016581302247591406,1271
B_opportunities,ALL,relative_volume_24,return_above_1_percent,spearman,0.026479847652009524,1271
B_opportunities,ALL,volume_zscore_24,return_above_1_percent,pearson,0.006414769966471173,1271
B_opportunities,ALL,volume_zscore_24,return_above_1_percent,spearman,0.027794007814416804,1271
B_opportunities,ALL,volume_trend_24_168,return_above_1_percent,pearson,0.08222759520893745,1271
B_opportunities,ALL,volume_trend_24_168,return_above_1_percent,spearman,0.08530530163713845,1271
B_opportunities,ALL,regime_duration,return_above_1_percent,pearson,0.0470818424473119,1271
B_opportunities,ALL,regime_duration,return_above_1_percent,spearman,-0.055908843041774695,1271
B_opportunities,ALL,regime_transition,return_above_1_percent,pearson,0.0435141694380869,1271
B_opportunities,ALL,regime_transition,return_above_1_percent,spearman,0.04351416943808684,1271
B_opportunities,ALL,hour_of_day,return_above_1_percent,pearson,0.03669030024313621,1271
B_opportunities,ALL,hour_of_day,return_above_1_percent,spearman,0.036563667194565656,1271
B_opportunities,ALL,day_of_week,return_above_1_percent,pearson,-0.07452945968386623,1271
B_opportunities,ALL,day_of_week,return_above_1_percent,spearman,-0.0737647441032259,1271
B_opportunities,ALL,distance_high_24,return_above_1_percent,pearson,0.03360607424126379,1271
B_opportunities,ALL,distance_high_24,return_above_1_percent,spearman,0.042691020458347544,1271
B_opportunities,ALL,distance_low_24,return_above_1_percent,pearson,0.16193582237790935,1271
B_opportunities,ALL,distance_low_24,return_above_1_percent,spearman,0.1794068431934556,1271
B_opportunities,ALL,distance_high_168,return_above_1_percent,pearson,0.04507355899613905,1271
B_opportunities,ALL,distance_high_168,return_above_1_percent,spearman,0.059698363290085585,1271
B_opportunities,ALL,distance_low_168,return_above_1_percent,pearson,0.12420359101112528,1271
B_opportunities,ALL,distance_low_168,return_above_1_percent,spearman,0.14063911840244073,1271
B_opportunities,ALL,candles_since_prior_signal,return_above_1_percent,pearson,-0.005555970302241898,1271
B_opportunities,ALL,candles_since_prior_signal,return_above_1_percent,spearman,-0.012319542412900914,1271
B_opportunities,ALL,return_1h,return_above_1_percent,pearson,0.0253858332715528,1271
B_opportunities,ALL,return_1h,return_above_1_percent,spearman,0.01660925781903803,1271
B_opportunities,ALL,return_3h,return_above_1_percent,pearson,0.11396051621160008,1271
B_opportunities,ALL,return_3h,return_above_1_percent,spearman,0.10852852627153635,1271
B_opportunities,ALL,return_6h,return_above_1_percent,pearson,0.16165893129199715,1271
B_opportunities,ALL,return_6h,return_above_1_percent,spearman,0.12882606555569204,1271
B_opportunities,ALL,return_12h,return_above_1_percent,pearson,0.18403242723331958,1271
B_opportunities,ALL,return_12h,return_above_1_percent,spearman,0.1780495171862977,1271
B_opportunities,ALL,return_24h,return_above_1_percent,pearson,0.16262780797679244,1271
B_opportunities,ALL,return_24h,return_above_1_percent,spearman,0.18501360680606183,1271
B_opportunities,ALL,return_72h,return_above_1_percent,pearson,0.08242029512079607,1271
B_opportunities,ALL,return_72h,return_above_1_percent,spearman,0.084336468232736,1271
B_opportunities,ALL,return_168h,return_above_1_percent,pearson,0.08857109347899862,1271
B_opportunities,ALL,return_168h,return_above_1_percent,spearman,0.08511824964321917,1271
B_opportunities,ALL,volatility_ratio_24_168,return_above_1_percent,pearson,0.09228746361216168,1271
B_opportunities,ALL,volatility_ratio_24_168,return_above_1_percent,spearman,0.09557397648280995,1271
B_opportunities,ALL,natr_ratio_168,return_above_1_percent,pearson,0.04904586270219234,1271
B_opportunities,ALL,natr_ratio_168,return_above_1_percent,spearman,0.052029231539394906,1271
B_opportunities,ALL,up_fraction_24,return_above_1_percent,pearson,0.08692951326839286,1271
B_opportunities,ALL,up_fraction_24,return_above_1_percent,spearman,0.08721254808577421,1271
B_opportunities,ALL,volume_price_interaction,return_above_1_percent,pearson,-0.012638713914432652,1271
B_opportunities,ALL,volume_price_interaction,return_above_1_percent,spearman,0.019774753100749002,1271
B_opportunities,ALL,range_expansion_24,return_above_1_percent,pearson,-0.0225950524450969,1271
B_opportunities,ALL,range_expansion_24,return_above_1_percent,spearman,0.00757320765124489,1271
B_opportunities,ALL,signal_density_168,return_above_1_percent,pearson,0.020042401430601434,1271
B_opportunities,ALL,signal_density_168,return_above_1_percent,spearman,0.018218878961625145,1271
B_opportunities,ALL,ema20_distance,stoploss_hit,pearson,0.12763683997133188,1271
B_opportunities,ALL,ema20_distance,stoploss_hit,spearman,0.1360623153769035,1271
B_opportunities,ALL,ema50_distance,stoploss_hit,pearson,0.04545535194329843,1271
B_opportunities,ALL,ema50_distance,stoploss_hit,spearman,0.07887340804751301,1271
B_opportunities,ALL,ema_gap,stoploss_hit,pearson,-0.15959249597878136,1271
B_opportunities,ALL,ema_gap,stoploss_hit,spearman,-0.07100881322253597,1271
B_opportunities,ALL,ema20_slope_6,stoploss_hit,pearson,0.1568585468867086,1271
B_opportunities,ALL,ema20_slope_6,stoploss_hit,spearman,0.1632265294042782,1271
B_opportunities,ALL,ema50_slope_6,stoploss_hit,pearson,0.02379076734692419,1271
B_opportunities,ALL,ema50_slope_6,stoploss_hit,spearman,0.05893276577875,1271
B_opportunities,ALL,trend_efficiency_20,stoploss_hit,pearson,0.05189542388273106,1271
B_opportunities,ALL,trend_efficiency_20,stoploss_hit,spearman,0.05763693420373186,1271
B_opportunities,ALL,range_ratio,stoploss_hit,pearson,0.19197498161627072,1271
B_opportunities,ALL,range_ratio,stoploss_hit,spearman,0.21352960831109893,1271
B_opportunities,ALL,body_to_range,stoploss_hit,pearson,-0.002734370253249415,1271
B_opportunities,ALL,body_to_range,stoploss_hit,spearman,-0.0008133410949581871,1271
B_opportunities,ALL,close_location,stoploss_hit,pearson,0.004060437031738762,1271
B_opportunities,ALL,close_location,stoploss_hit,spearman,0.002991441238622314,1271
B_opportunities,ALL,natr14,stoploss_hit,pearson,0.3475722635778098,1271
B_opportunities,ALL,natr14,stoploss_hit,spearman,0.2687265192299563,1271
B_opportunities,ALL,return_std_24,stoploss_hit,pearson,0.31365926410456335,1271
B_opportunities,ALL,return_std_24,stoploss_hit,spearman,0.2412728109145456,1271
B_opportunities,ALL,return_std_168,stoploss_hit,pearson,0.30634498042805314,1271
B_opportunities,ALL,return_std_168,stoploss_hit,spearman,0.26743068765493816,1271
B_opportunities,ALL,volatility_percentile_720,stoploss_hit,pearson,0.14191513878378573,1271
B_opportunities,ALL,volatility_percentile_720,stoploss_hit,spearman,0.13658032394061517,1271
B_opportunities,ALL,rsi14,stoploss_hit,pearson,0.05577423969618334,1271
B_opportunities,ALL,rsi14,stoploss_hit,spearman,0.06331653642615175,1271
B_opportunities,ALL,macd_ratio,stoploss_hit,pearson,0.1605274021704137,1271
B_opportunities,ALL,macd_ratio,stoploss_hit,spearman,0.17133236946928523,1271
B_opportunities,ALL,macd_signal_ratio,stoploss_hit,pearson,0.12807469550375225,1271
B_opportunities,ALL,macd_signal_ratio,stoploss_hit,spearman,0.14706309832227016,1271
B_opportunities,ALL,relative_volume_24,stoploss_hit,pearson,-0.013343200902189434,1271
B_opportunities,ALL,relative_volume_24,stoploss_hit,spearman,0.003129295399245906,1271
B_opportunities,ALL,volume_zscore_24,stoploss_hit,pearson,-0.012305218503578963,1271
B_opportunities,ALL,volume_zscore_24,stoploss_hit,spearman,-0.00951195517832456,1271
B_opportunities,ALL,volume_trend_24_168,stoploss_hit,pearson,0.05793293521933713,1271
B_opportunities,ALL,volume_trend_24_168,stoploss_hit,spearman,0.056065393782965205,1271
B_opportunities,ALL,regime_duration,stoploss_hit,pearson,0.13460975783695897,1271
B_opportunities,ALL,regime_duration,stoploss_hit,spearman,0.10376864746920834,1271
B_opportunities,ALL,regime_transition,stoploss_hit,pearson,-0.019512316863687925,1271
B_opportunities,ALL,regime_transition,stoploss_hit,spearman,-0.019512316863687956,1271
B_opportunities,ALL,hour_of_day,stoploss_hit,pearson,0.0004005037206195315,1271
B_opportunities,ALL,hour_of_day,stoploss_hit,spearman,0.0011279894341854565,1271
B_opportunities,ALL,day_of_week,stoploss_hit,pearson,-0.0515604166596974,1271
B_opportunities,ALL,day_of_week,stoploss_hit,spearman,-0.05089535774358832,1271
B_opportunities,ALL,distance_high_24,stoploss_hit,pearson,-0.14834377705548593,1271
B_opportunities,ALL,distance_high_24,stoploss_hit,spearman,-0.08628997599814868,1271
B_opportunities,ALL,distance_low_24,stoploss_hit,pearson,0.26294750751981216,1271
B_opportunities,ALL,distance_low_24,stoploss_hit,spearman,0.24631828279174384,1271
B_opportunities,ALL,distance_high_168,stoploss_hit,pearson,-0.2992199392030958,1271
B_opportunities,ALL,distance_high_168,stoploss_hit,spearman,-0.19969591697566605,1271
B_opportunities,ALL,distance_low_168,stoploss_hit,pearson,0.17919139127412964,1271
B_opportunities,ALL,distance_low_168,stoploss_hit,spearman,0.1783009105455795,1271
B_opportunities,ALL,candles_since_prior_signal,stoploss_hit,pearson,0.06816782637404735,1271
B_opportunities,ALL,candles_since_prior_signal,stoploss_hit,spearman,0.051735376032220275,1271
B_opportunities,ALL,return_1h,stoploss_hit,pearson,0.04151444581907215,1271
B_opportunities,ALL,return_1h,stoploss_hit,spearman,0.011304062675690056,1271
B_opportunities,ALL,return_3h,stoploss_hit,pearson,0.06448980519174732,1271
B_opportunities,ALL,return_3h,stoploss_hit,spearman,0.048304189845721913,1271
B_opportunities,ALL,return_6h,stoploss_hit,pearson,0.052258085248250576,1271
B_opportunities,ALL,return_6h,stoploss_hit,spearman,0.0535564432866535,1271
B_opportunities,ALL,return_12h,stoploss_hit,pearson,0.12705989955566188,1271
B_opportunities,ALL,return_12h,stoploss_hit,spearman,0.1409630401100838,1271
B_opportunities,ALL,return_24h,stoploss_hit,pearson,0.2206905948655096,1271
B_opportunities,ALL,return_24h,stoploss_hit,spearman,0.19440919985843785,1271
B_opportunities,ALL,return_72h,stoploss_hit,pearson,-0.14440586156223115,1271
B_opportunities,ALL,return_72h,stoploss_hit,spearman,-0.08775123288061593,1271
B_opportunities,ALL,return_168h,stoploss_hit,pearson,-0.14370026544594877,1271
B_opportunities,ALL,return_168h,stoploss_hit,spearman,-0.10429376362552821,1271
B_opportunities,ALL,volatility_ratio_24_168,stoploss_hit,pearson,0.05628752960543656,1271
B_opportunities,ALL,volatility_ratio_24_168,stoploss_hit,spearman,0.07270442262388947,1271
B_opportunities,ALL,natr_ratio_168,stoploss_hit,pearson,0.08602347973908155,1271
B_opportunities,ALL,natr_ratio_168,stoploss_hit,spearman,0.07967985642132748,1271
B_opportunities,ALL,up_fraction_24,stoploss_hit,pearson,0.04942496864446432,1271
B_opportunities,ALL,up_fraction_24,stoploss_hit,spearman,0.03586647983568737,1271
B_opportunities,ALL,volume_price_interaction,stoploss_hit,pearson,0.01084271239849736,1271
B_opportunities,ALL,volume_price_interaction,stoploss_hit,spearman,0.012689499625576462,1271
B_opportunities,ALL,range_expansion_24,stoploss_hit,pearson,-0.02654259393599788,1271
B_opportunities,ALL,range_expansion_24,stoploss_hit,spearman,-0.014819350458983915,1271
B_opportunities,ALL,signal_density_168,stoploss_hit,pearson,-0.08316018182847434,1271
B_opportunities,ALL,signal_density_168,stoploss_hit,spearman,-0.08211968018317832,1271
B_opportunities,ALL,ema20_distance,forward_6h_return,pearson,0.027406061558825624,1271
B_opportunities,ALL,ema20_distance,forward_6h_return,spearman,-0.005023476636921061,1271
B_opportunities,ALL,ema50_distance,forward_6h_return,pearson,0.06643578328899405,1271
B_opportunities,ALL,ema50_distance,forward_6h_return,spearman,0.020185834159059023,1271
B_opportunities,ALL,ema_gap,forward_6h_return,pearson,0.12303385350093282,1271
B_opportunities,ALL,ema_gap,forward_6h_return,spearman,0.058767710632522056,1271
B_opportunities,ALL,ema20_slope_6,forward_6h_return,pearson,0.045926213761543246,1271
B_opportunities,ALL,ema20_slope_6,forward_6h_return,spearman,0.021288889517493713,1271
B_opportunities,ALL,ema50_slope_6,forward_6h_return,pearson,0.09237036494228697,1271
B_opportunities,ALL,ema50_slope_6,forward_6h_return,spearman,0.050263661410893924,1271
B_opportunities,ALL,trend_efficiency_20,forward_6h_return,pearson,0.05167129513047174,1271
B_opportunities,ALL,trend_efficiency_20,forward_6h_return,spearman,0.00940478668808235,1271
B_opportunities,ALL,range_ratio,forward_6h_return,pearson,-0.02588198438583966,1271
B_opportunities,ALL,range_ratio,forward_6h_return,spearman,-0.04075261647992233,1271
B_opportunities,ALL,body_to_range,forward_6h_return,pearson,0.01226045312387959,1271
B_opportunities,ALL,body_to_range,forward_6h_return,spearman,0.004405026895649741,1271
B_opportunities,ALL,close_location,forward_6h_return,pearson,0.020008460804913343,1271
B_opportunities,ALL,close_location,forward_6h_return,spearman,-0.018884127044566264,1271
B_opportunities,ALL,natr14,forward_6h_return,pearson,-0.06749279775599562,1271
B_opportunities,ALL,natr14,forward_6h_return,spearman,-0.01950015552124984,1271
B_opportunities,ALL,return_std_24,forward_6h_return,pearson,-0.08683404238944048,1271
B_opportunities,ALL,return_std_24,forward_6h_return,spearman,-0.013234086891551602,1271
B_opportunities,ALL,return_std_168,forward_6h_return,pearson,-0.011949812884116775,1271
B_opportunities,ALL,return_std_168,forward_6h_return,spearman,-0.018527577874299792,1271
B_opportunities,ALL,volatility_percentile_720,forward_6h_return,pearson,-0.041978467683210494,1271
B_opportunities,ALL,volatility_percentile_720,forward_6h_return,spearman,-0.036201883080469524,1271
B_opportunities,ALL,rsi14,forward_6h_return,pearson,0.04750261539373194,1271
B_opportunities,ALL,rsi14,forward_6h_return,spearman,0.004082821465228756,1271
B_opportunities,ALL,macd_ratio,forward_6h_return,pearson,0.049472994643821745,1271
B_opportunities,ALL,macd_ratio,forward_6h_return,spearman,0.02436677252553769,1271
B_opportunities,ALL,macd_signal_ratio,forward_6h_return,pearson,0.05526597994830942,1271
B_opportunities,ALL,macd_signal_ratio,forward_6h_return,spearman,0.026609078022573906,1271
B_opportunities,ALL,relative_volume_24,forward_6h_return,pearson,-0.0156097795699036,1271
B_opportunities,ALL,relative_volume_24,forward_6h_return,spearman,-0.02720264787055115,1271
B_opportunities,ALL,volume_zscore_24,forward_6h_return,pearson,-0.012861858110244071,1271
B_opportunities,ALL,volume_zscore_24,forward_6h_return,spearman,-0.021519360203929798,1271
B_opportunities,ALL,volume_trend_24_168,forward_6h_return,pearson,-0.006049559717918952,1271
B_opportunities,ALL,volume_trend_24_168,forward_6h_return,spearman,0.021482353042938943,1271
B_opportunities,ALL,regime_duration,forward_6h_return,pearson,0.008107376942078085,1271
B_opportunities,ALL,regime_duration,forward_6h_return,spearman,-0.025439638747170076,1271
B_opportunities,ALL,regime_transition,forward_6h_return,pearson,0.0058535748590865504,1271
B_opportunities,ALL,regime_transition,forward_6h_return,spearman,-0.012457179551494736,1271
B_opportunities,ALL,hour_of_day,forward_6h_return,pearson,0.04570836688145193,1271
B_opportunities,ALL,hour_of_day,forward_6h_return,spearman,0.05453950072528216,1271
B_opportunities,ALL,day_of_week,forward_6h_return,pearson,-0.02200303689119162,1271
B_opportunities,ALL,day_of_week,forward_6h_return,spearman,-0.010120802944602455,1271
B_opportunities,ALL,distance_high_24,forward_6h_return,pearson,0.1135888618346443,1271
B_opportunities,ALL,distance_high_24,forward_6h_return,spearman,0.012957579343598633,1271
B_opportunities,ALL,distance_low_24,forward_6h_return,pearson,-0.0038228376783911167,1271
B_opportunities,ALL,distance_low_24,forward_6h_return,spearman,-0.0108814495585733,1271
B_opportunities,ALL,distance_high_168,forward_6h_return,pearson,0.08875944214292059,1271
B_opportunities,ALL,distance_high_168,forward_6h_return,spearman,0.02947830189263692,1271
B_opportunities,ALL,distance_low_168,forward_6h_return,pearson,0.03299826124120339,1271
B_opportunities,ALL,distance_low_168,forward_6h_return,spearman,-0.002668852185380395,1271
B_opportunities,ALL,candles_since_prior_signal,forward_6h_return,pearson,-0.04022806858546802,1271
B_opportunities,ALL,candles_since_prior_signal,forward_6h_return,spearman,-0.05482518011976966,1271
B_opportunities,ALL,return_1h,forward_6h_return,pearson,-0.01428725677301178,1271
B_opportunities,ALL,return_1h,forward_6h_return,spearman,-0.031425876795610014,1271
B_opportunities,ALL,return_3h,forward_6h_return,pearson,-0.025208194949198525,1271
B_opportunities,ALL,return_3h,forward_6h_return,spearman,-0.04192806730441884,1271
B_opportunities,ALL,return_6h,forward_6h_return,pearson,0.02362746484577084,1271
B_opportunities,ALL,return_6h,forward_6h_return,spearman,-0.008042990959428767,1271
B_opportunities,ALL,return_12h,forward_6h_return,pearson,0.04102878950338508,1271
B_opportunities,ALL,return_12h,forward_6h_return,spearman,0.01707748979234728,1271
B_opportunities,ALL,return_24h,forward_6h_return,pearson,-0.013138431468246767,1271
B_opportunities,ALL,return_24h,forward_6h_return,spearman,-0.018941085558195046,1271
B_opportunities,ALL,return_72h,forward_6h_return,pearson,0.0683156637934129,1271
B_opportunities,ALL,return_72h,forward_6h_return,spearman,0.04722568441915531,1271
B_opportunities,ALL,return_168h,forward_6h_return,pearson,0.0796136626270901,1271
B_opportunities,ALL,return_168h,forward_6h_return,spearman,0.007931390874286582,1271
B_opportunities,ALL,volatility_ratio_24_168,forward_6h_return,pearson,-0.03278474534608873,1271
B_opportunities,ALL,volatility_ratio_24_168,forward_6h_return,spearman,-0.01718202391766035,1271
B_opportunities,ALL,natr_ratio_168,forward_6h_return,pearson,-0.0580360733221801,1271
B_opportunities,ALL,natr_ratio_168,forward_6h_return,spearman,-0.033793253872747966,1271
B_opportunities,ALL,up_fraction_24,forward_6h_return,pearson,0.01601243241107658,1271
B_opportunities,ALL,up_fraction_24,forward_6h_return,spearman,-0.011340730575479246,1271
B_opportunities,ALL,volume_price_interaction,forward_6h_return,pearson,-0.019517439824076468,1271
B_opportunities,ALL,volume_price_interaction,forward_6h_return,spearman,-0.025803482623992402,1271
B_opportunities,ALL,range_expansion_24,forward_6h_return,pearson,-0.009650115436186804,1271
B_opportunities,ALL,range_expansion_24,forward_6h_return,spearman,-0.0052229190514524616,1271
B_opportunities,ALL,signal_density_168,forward_6h_return,pearson,0.07778840858432207,1271
B_opportunities,ALL,signal_density_168,forward_6h_return,spearman,0.06249282834110188,1271
B_opportunities,ALL,ema20_distance,forward_12h_return,pearson,0.058790372000304424,1270
B_opportunities,ALL,ema20_distance,forward_12h_return,spearman,0.03176638467674675,1270
B_opportunities,ALL,ema50_distance,forward_12h_return,pearson,0.10264357624932398,1270
B_opportunities,ALL,ema50_distance,forward_12h_return,spearman,0.0634420626276529,1270
B_opportunities,ALL,ema_gap,forward_12h_return,pearson,0.15204718856605307,1270
B_opportunities,ALL,ema_gap,forward_12h_return,spearman,0.10851906104434939,1270
B_opportunities,ALL,ema20_slope_6,forward_12h_return,pearson,0.07567804152980433,1270
B_opportunities,ALL,ema20_slope_6,forward_12h_return,spearman,0.041451462272122486,1270
B_opportunities,ALL,ema50_slope_6,forward_12h_return,pearson,0.12472713656186685,1270
B_opportunities,ALL,ema50_slope_6,forward_12h_return,spearman,0.08482263996760019,1270
B_opportunities,ALL,trend_efficiency_20,forward_12h_return,pearson,0.06752739109483195,1270
B_opportunities,ALL,trend_efficiency_20,forward_12h_return,spearman,0.04299345024913886,1270
B_opportunities,ALL,range_ratio,forward_12h_return,pearson,-0.013937699176431135,1270
B_opportunities,ALL,range_ratio,forward_12h_return,spearman,-0.005515049189586356,1270
B_opportunities,ALL,body_to_range,forward_12h_return,pearson,-0.006093537187075593,1270
B_opportunities,ALL,body_to_range,forward_12h_return,spearman,-0.007413654289915971,1270
B_opportunities,ALL,close_location,forward_12h_return,pearson,0.010966167283477901,1270
B_opportunities,ALL,close_location,forward_12h_return,spearman,0.011536990264338246,1270
B_opportunities,ALL,natr14,forward_12h_return,pearson,-0.033606860600003556,1270
B_opportunities,ALL,natr14,forward_12h_return,spearman,0.011341357745853356,1270
B_opportunities,ALL,return_std_24,forward_12h_return,pearson,-0.031613362901295315,1270
B_opportunities,ALL,return_std_24,forward_12h_return,spearman,0.0128109373441834,1270
B_opportunities,ALL,return_std_168,forward_12h_return,pearson,0.048715435849055876,1270
B_opportunities,ALL,return_std_168,forward_12h_return,spearman,0.009534130144775308,1270
B_opportunities,ALL,volatility_percentile_720,forward_12h_return,pearson,-0.012078957499730597,1270
B_opportunities,ALL,volatility_percentile_720,forward_12h_return,spearman,-0.012563395973473552,1270
B_opportunities,ALL,rsi14,forward_12h_return,pearson,0.06747396537318198,1270
B_opportunities,ALL,rsi14,forward_12h_return,spearman,0.03986682599439119,1270
B_opportunities,ALL,macd_ratio,forward_12h_return,pearson,0.08079504739141576,1270
B_opportunities,ALL,macd_ratio,forward_12h_return,spearman,0.04547287482397141,1270
B_opportunities,ALL,macd_signal_ratio,forward_12h_return,pearson,0.07910683667275897,1270
B_opportunities,ALL,macd_signal_ratio,forward_12h_return,spearman,0.04639556026502931,1270
B_opportunities,ALL,relative_volume_24,forward_12h_return,pearson,-0.014359730725025508,1270
B_opportunities,ALL,relative_volume_24,forward_12h_return,spearman,-0.012401701122378199,1270
B_opportunities,ALL,volume_zscore_24,forward_12h_return,pearson,-0.01328318262289503,1270
B_opportunities,ALL,volume_zscore_24,forward_12h_return,spearman,-0.014383335668591419,1270
B_opportunities,ALL,volume_trend_24_168,forward_12h_return,pearson,-0.011686818584446357,1270
B_opportunities,ALL,volume_trend_24_168,forward_12h_return,spearman,0.01751491603081228,1270
B_opportunities,ALL,regime_duration,forward_12h_return,pearson,0.037177928037926924,1270
B_opportunities,ALL,regime_duration,forward_12h_return,spearman,-0.01547948887369055,1270
B_opportunities,ALL,regime_transition,forward_12h_return,pearson,0.04726090714403569,1270
B_opportunities,ALL,regime_transition,forward_12h_return,spearman,0.031422917886704226,1270
B_opportunities,ALL,hour_of_day,forward_12h_return,pearson,0.049580318676033595,1270
B_opportunities,ALL,hour_of_day,forward_12h_return,spearman,0.06009727571457318,1270
B_opportunities,ALL,day_of_week,forward_12h_return,pearson,-0.02976621636102322,1270
B_opportunities,ALL,day_of_week,forward_12h_return,spearman,-0.027525138870253787,1270
B_opportunities,ALL,distance_high_24,forward_12h_return,pearson,0.05439380852593182,1270
B_opportunities,ALL,distance_high_24,forward_12h_return,spearman,0.03291853906546999,1270
B_opportunities,ALL,distance_low_24,forward_12h_return,pearson,0.01663869070838153,1270
B_opportunities,ALL,distance_low_24,forward_12h_return,spearman,0.019564418786336274,1270
B_opportunities,ALL,distance_high_168,forward_12h_return,pearson,0.07116484664674856,1270
B_opportunities,ALL,distance_high_168,forward_12h_return,spearman,0.035419053459337387,1270
B_opportunities,ALL,distance_low_168,forward_12h_return,pearson,0.0767710416438349,1270
B_opportunities,ALL,distance_low_168,forward_12h_return,spearman,0.026148742304980425,1270
B_opportunities,ALL,candles_since_prior_signal,forward_12h_return,pearson,-0.044109863539609544,1270
B_opportunities,ALL,candles_since_prior_signal,forward_12h_return,spearman,-0.05918653531716615,1270
B_opportunities,ALL,return_1h,forward_12h_return,pearson,-0.03550025849121519,1270
B_opportunities,ALL,return_1h,forward_12h_return,spearman,-0.024221179711459345,1270
B_opportunities,ALL,return_3h,forward_12h_return,pearson,0.008464866139765468,1270
B_opportunities,ALL,return_3h,forward_12h_return,spearman,0.009053185622369106,1270
B_opportunities,ALL,return_6h,forward_12h_return,pearson,0.06257757749331817,1270
B_opportunities,ALL,return_6h,forward_12h_return,spearman,0.04384078645341169,1270
B_opportunities,ALL,return_12h,forward_12h_return,pearson,0.08190755892930143,1270
B_opportunities,ALL,return_12h,forward_12h_return,spearman,0.05064593209391688,1270
B_opportunities,ALL,return_24h,forward_12h_return,pearson,0.00815919539072195,1270
B_opportunities,ALL,return_24h,forward_12h_return,spearman,0.0003864445715398955,1270
B_opportunities,ALL,return_72h,forward_12h_return,pearson,0.11867422956071039,1270
B_opportunities,ALL,return_72h,forward_12h_return,spearman,0.08696752142970929,1270
B_opportunities,ALL,return_168h,forward_12h_return,pearson,0.09713102683018117,1270
B_opportunities,ALL,return_168h,forward_12h_return,spearman,0.04896573550282544,1270
B_opportunities,ALL,volatility_ratio_24_168,forward_12h_return,pearson,-0.04131917111961331,1270
B_opportunities,ALL,volatility_ratio_24_168,forward_12h_return,spearman,-0.01280942590715257,1270
B_opportunities,ALL,natr_ratio_168,forward_12h_return,pearson,-0.07573216924875303,1270
B_opportunities,ALL,natr_ratio_168,forward_12h_return,spearman,-0.05283193870314396,1270
B_opportunities,ALL,up_fraction_24,forward_12h_return,pearson,0.032345284784395016,1270
B_opportunities,ALL,up_fraction_24,forward_12h_return,spearman,0.03426423415145752,1270
B_opportunities,ALL,volume_price_interaction,forward_12h_return,pearson,-0.034200595225161105,1270
B_opportunities,ALL,volume_price_interaction,forward_12h_return,spearman,-0.02148785714857943,1270
B_opportunities,ALL,range_expansion_24,forward_12h_return,pearson,-0.0145115982972747,1270
B_opportunities,ALL,range_expansion_24,forward_12h_return,spearman,-0.0027987390807278877,1270
B_opportunities,ALL,signal_density_168,forward_12h_return,pearson,0.08368187956228854,1270
B_opportunities,ALL,signal_density_168,forward_12h_return,spearman,0.08302771260880015,1270
B_opportunities,ALL,ema20_distance,forward_24h_return,pearson,0.06868153611848211,1270
B_opportunities,ALL,ema20_distance,forward_24h_return,spearman,0.03687921293849852,1270
B_opportunities,ALL,ema50_distance,forward_24h_return,pearson,0.09482878278268903,1270
B_opportunities,ALL,ema50_distance,forward_24h_return,spearman,0.04465373453609157,1270
B_opportunities,ALL,ema_gap,forward_24h_return,pearson,0.10822117452779786,1270
B_opportunities,ALL,ema_gap,forward_24h_return,spearman,0.050233233626820126,1270
B_opportunities,ALL,ema20_slope_6,forward_24h_return,pearson,0.05958890208886898,1270
B_opportunities,ALL,ema20_slope_6,forward_24h_return,spearman,0.028888057891436083,1270
B_opportunities,ALL,ema50_slope_6,forward_24h_return,pearson,0.09084420819016595,1270
B_opportunities,ALL,ema50_slope_6,forward_24h_return,spearman,0.047144682353713434,1270
B_opportunities,ALL,trend_efficiency_20,forward_24h_return,pearson,0.04837931186357136,1270
B_opportunities,ALL,trend_efficiency_20,forward_24h_return,spearman,0.024523484692474774,1270
B_opportunities,ALL,range_ratio,forward_24h_return,pearson,0.018045720186794765,1270
B_opportunities,ALL,range_ratio,forward_24h_return,spearman,0.008278916840368421,1270
B_opportunities,ALL,body_to_range,forward_24h_return,pearson,-0.017921238833417147,1270
B_opportunities,ALL,body_to_range,forward_24h_return,spearman,-0.0164264528955743,1270
B_opportunities,ALL,close_location,forward_24h_return,pearson,0.02634940338416107,1270
B_opportunities,ALL,close_location,forward_24h_return,spearman,0.01616051169763764,1270
B_opportunities,ALL,natr14,forward_24h_return,pearson,-0.0021289978457497767,1270
B_opportunities,ALL,natr14,forward_24h_return,spearman,0.04314482242526152,1270
B_opportunities,ALL,return_std_24,forward_24h_return,pearson,-0.0015506775548323564,1270
B_opportunities,ALL,return_std_24,forward_24h_return,spearman,0.04011575615839924,1270
B_opportunities,ALL,return_std_168,forward_24h_return,pearson,0.06942491451073,1270
B_opportunities,ALL,return_std_168,forward_24h_return,spearman,0.0519481581199223,1270
B_opportunities,ALL,volatility_percentile_720,forward_24h_return,pearson,-0.025289539607783594,1270
B_opportunities,ALL,volatility_percentile_720,forward_24h_return,spearman,-0.012031298658352394,1270
B_opportunities,ALL,rsi14,forward_24h_return,pearson,0.058888130604794274,1270
B_opportunities,ALL,rsi14,forward_24h_return,spearman,0.02683918197220007,1270
B_opportunities,ALL,macd_ratio,forward_24h_return,pearson,0.06027279347317003,1270
B_opportunities,ALL,macd_ratio,forward_24h_return,spearman,0.026369230504706756,1270
B_opportunities,ALL,macd_signal_ratio,forward_24h_return,pearson,0.0446784169683248,1270
B_opportunities,ALL,macd_signal_ratio,forward_24h_return,spearman,0.024389330010280843,1270
B_opportunities,ALL,relative_volume_24,forward_24h_return,pearson,-0.0035628576749103724,1270
B_opportunities,ALL,relative_volume_24,forward_24h_return,spearman,-0.02996466972003309,1270
B_opportunities,ALL,volume_zscore_24,forward_24h_return,pearson,0.0014409004524149535,1270
B_opportunities,ALL,volume_zscore_24,forward_24h_return,spearman,-0.027798346941905205,1270
B_opportunities,ALL,volume_trend_24_168,forward_24h_return,pearson,-0.026280705128854685,1270
B_opportunities,ALL,volume_trend_24_168,forward_24h_return,spearman,0.006044936751120114,1270
B_opportunities,ALL,regime_duration,forward_24h_return,pearson,0.09664322214930585,1270
B_opportunities,ALL,regime_duration,forward_24h_return,spearman,0.020661598664035653,1270
B_opportunities,ALL,regime_transition,forward_24h_return,pearson,-0.010663615257579005,1270
B_opportunities,ALL,regime_transition,forward_24h_return,spearman,-0.022801300281655668,1270
B_opportunities,ALL,hour_of_day,forward_24h_return,pearson,0.021462922337922078,1270
B_opportunities,ALL,hour_of_day,forward_24h_return,spearman,0.02274414834402913,1270
B_opportunities,ALL,day_of_week,forward_24h_return,pearson,-0.005664901031321533,1270
B_opportunities,ALL,day_of_week,forward_24h_return,spearman,-0.004837048700869448,1270
B_opportunities,ALL,distance_high_24,forward_24h_return,pearson,0.03940728670893035,1270
B_opportunities,ALL,distance_high_24,forward_24h_return,spearman,0.025819061567201148,1270
B_opportunities,ALL,distance_low_24,forward_24h_return,pearson,0.02125934042560413,1270
B_opportunities,ALL,distance_low_24,forward_24h_return,spearman,0.03630213104859122,1270
B_opportunities,ALL,distance_high_168,forward_24h_return,pearson,0.07173705012593017,1270
B_opportunities,ALL,distance_high_168,forward_24h_return,spearman,0.0011655434946688378,1270
B_opportunities,ALL,distance_low_168,forward_24h_return,pearson,0.09889679091386548,1270
B_opportunities,ALL,distance_low_168,forward_24h_return,spearman,0.030495670355349246,1270
B_opportunities,ALL,candles_since_prior_signal,forward_24h_return,pearson,0.015338305624818409,1270
B_opportunities,ALL,candles_since_prior_signal,forward_24h_return,spearman,0.0017967540006414162,1270
B_opportunities,ALL,return_1h,forward_24h_return,pearson,-0.006749381031358221,1270
B_opportunities,ALL,return_1h,forward_24h_return,spearman,0.0039582749061133245,1270
B_opportunities,ALL,return_3h,forward_24h_return,pearson,0.023811737565366344,1270
B_opportunities,ALL,return_3h,forward_24h_return,spearman,0.023140862552715007,1270
B_opportunities,ALL,return_6h,forward_24h_return,pearson,0.09140301109291664,1270
B_opportunities,ALL,return_6h,forward_24h_return,spearman,0.05822131307527333,1270
B_opportunities,ALL,return_12h,forward_24h_return,pearson,0.059977453760327024,1270
B_opportunities,ALL,return_12h,forward_24h_return,spearman,0.02496388112190397,1270
B_opportunities,ALL,return_24h,forward_24h_return,pearson,0.03459596050611186,1270
B_opportunities,ALL,return_24h,forward_24h_return,spearman,0.030583784790933467,1270
B_opportunities,ALL,return_72h,forward_24h_return,pearson,0.06742488597800593,1270
B_opportunities,ALL,return_72h,forward_24h_return,spearman,0.02212474625029974,1270
B_opportunities,ALL,return_168h,forward_24h_return,pearson,0.12676929004836632,1270
B_opportunities,ALL,return_168h,forward_24h_return,spearman,0.05694038190821005,1270
B_opportunities,ALL,volatility_ratio_24_168,forward_24h_return,pearson,-0.044367638592718646,1270
B_opportunities,ALL,volatility_ratio_24_168,forward_24h_return,spearman,-0.010281705646730211,1270
B_opportunities,ALL,natr_ratio_168,forward_24h_return,pearson,-0.07861636673610757,1270
B_opportunities,ALL,natr_ratio_168,forward_24h_return,spearman,-0.03982502714472073,1270
B_opportunities,ALL,up_fraction_24,forward_24h_return,pearson,0.03851796599124024,1270
B_opportunities,ALL,up_fraction_24,forward_24h_return,spearman,0.039048384973846,1270
B_opportunities,ALL,volume_price_interaction,forward_24h_return,pearson,-0.01990343036899666,1270
B_opportunities,ALL,volume_price_interaction,forward_24h_return,spearman,0.0048538950794098324,1270
B_opportunities,ALL,range_expansion_24,forward_24h_return,pearson,-0.012846318013186546,1270
B_opportunities,ALL,range_expansion_24,forward_24h_return,spearman,-0.017906190756739465,1270
B_opportunities,ALL,signal_density_168,forward_24h_return,pearson,0.04983682535874088,1270
B_opportunities,ALL,signal_density_168,forward_24h_return,spearman,0.0460983371424055,1270
B_opportunities,ALL,ema20_distance,forward_48h_return,pearson,0.06971716064733842,1269
B_opportunities,ALL,ema20_distance,forward_48h_return,spearman,0.03515766734272653,1269
B_opportunities,ALL,ema50_distance,forward_48h_return,pearson,0.08805604126078001,1269
B_opportunities,ALL,ema50_distance,forward_48h_return,spearman,0.029694278013221363,1269
B_opportunities,ALL,ema_gap,forward_48h_return,pearson,0.09021051033080271,1269
B_opportunities,ALL,ema_gap,forward_48h_return,spearman,0.022552442203869424,1269
B_opportunities,ALL,ema20_slope_6,forward_48h_return,pearson,0.06904977567572837,1269
B_opportunities,ALL,ema20_slope_6,forward_48h_return,spearman,0.03282558084159206,1269
B_opportunities,ALL,ema50_slope_6,forward_48h_return,pearson,0.08653527716955638,1269
B_opportunities,ALL,ema50_slope_6,forward_48h_return,spearman,0.02891799240579188,1269
B_opportunities,ALL,trend_efficiency_20,forward_48h_return,pearson,0.057067505282586854,1269
B_opportunities,ALL,trend_efficiency_20,forward_48h_return,spearman,0.02855405457699222,1269
B_opportunities,ALL,range_ratio,forward_48h_return,pearson,0.04294743793739405,1269
B_opportunities,ALL,range_ratio,forward_48h_return,spearman,0.02854846429651693,1269
B_opportunities,ALL,body_to_range,forward_48h_return,pearson,-0.013311885910848469,1269
B_opportunities,ALL,body_to_range,forward_48h_return,spearman,-0.015614686864725842,1269
B_opportunities,ALL,close_location,forward_48h_return,pearson,0.0011176923076869007,1269
B_opportunities,ALL,close_location,forward_48h_return,spearman,-0.012142219449004456,1269
B_opportunities,ALL,natr14,forward_48h_return,pearson,0.008903043056996907,1269
B_opportunities,ALL,natr14,forward_48h_return,spearman,0.06859863119163934,1269
B_opportunities,ALL,return_std_24,forward_48h_return,pearson,-0.003057505093695787,1269
B_opportunities,ALL,return_std_24,forward_48h_return,spearman,0.059429578819930544,1269
B_opportunities,ALL,return_std_168,forward_48h_return,pearson,0.050631348855231954,1269
B_opportunities,ALL,return_std_168,forward_48h_return,spearman,0.037545098794995076,1269
B_opportunities,ALL,volatility_percentile_720,forward_48h_return,pearson,0.042444692211674975,1269
B_opportunities,ALL,volatility_percentile_720,forward_48h_return,spearman,0.07096129137607561,1269
B_opportunities,ALL,rsi14,forward_48h_return,pearson,0.06187825890151799,1269
B_opportunities,ALL,rsi14,forward_48h_return,spearman,0.019372159827762987,1269
B_opportunities,ALL,macd_ratio,forward_48h_return,pearson,0.06697967902274939,1269
B_opportunities,ALL,macd_ratio,forward_48h_return,spearman,0.03473106200002736,1269
B_opportunities,ALL,macd_signal_ratio,forward_48h_return,pearson,0.049546471003001955,1269
B_opportunities,ALL,macd_signal_ratio,forward_48h_return,spearman,0.02912867316513283,1269
B_opportunities,ALL,relative_volume_24,forward_48h_return,pearson,0.008766870098006935,1269
B_opportunities,ALL,relative_volume_24,forward_48h_return,spearman,-0.010829935270776567,1269
B_opportunities,ALL,volume_zscore_24,forward_48h_return,pearson,0.013615520236437091,1269
B_opportunities,ALL,volume_zscore_24,forward_48h_return,spearman,-0.0077584695832075955,1269
B_opportunities,ALL,volume_trend_24_168,forward_48h_return,pearson,0.015787978321629904,1269
B_opportunities,ALL,volume_trend_24_168,forward_48h_return,spearman,0.04728018468125741,1269
B_opportunities,ALL,regime_duration,forward_48h_return,pearson,0.06479227227477538,1269
B_opportunities,ALL,regime_duration,forward_48h_return,spearman,-0.005777841740845355,1269
B_opportunities,ALL,regime_transition,forward_48h_return,pearson,-0.007710748993738946,1269
B_opportunities,ALL,regime_transition,forward_48h_return,spearman,-0.028659411639352816,1269
B_opportunities,ALL,hour_of_day,forward_48h_return,pearson,0.0200046684267096,1269
B_opportunities,ALL,hour_of_day,forward_48h_return,spearman,0.03596756686365632,1269
B_opportunities,ALL,day_of_week,forward_48h_return,pearson,-0.015183590039943818,1269
B_opportunities,ALL,day_of_week,forward_48h_return,spearman,-0.023314225221143296,1269
B_opportunities,ALL,distance_high_24,forward_48h_return,pearson,0.009432970876469169,1269
B_opportunities,ALL,distance_high_24,forward_48h_return,spearman,0.0008835814108376394,1269
B_opportunities,ALL,distance_low_24,forward_48h_return,pearson,0.02648758594422804,1269
B_opportunities,ALL,distance_low_24,forward_48h_return,spearman,0.04060919494265176,1269
B_opportunities,ALL,distance_high_168,forward_48h_return,pearson,0.041895644297542486,1269
B_opportunities,ALL,distance_high_168,forward_48h_return,spearman,-0.002497023263729056,1269
B_opportunities,ALL,distance_low_168,forward_48h_return,pearson,0.03067573104920451,1269
B_opportunities,ALL,distance_low_168,forward_48h_return,spearman,0.0229777263143134,1269
B_opportunities,ALL,candles_since_prior_signal,forward_48h_return,pearson,0.005214428835080199,1269
B_opportunities,ALL,candles_since_prior_signal,forward_48h_return,spearman,-0.0022726478739823835,1269
B_opportunities,ALL,return_1h,forward_48h_return,pearson,-0.02516006424680029,1269
B_opportunities,ALL,return_1h,forward_48h_return,spearman,-0.031722087662057204,1269
B_opportunities,ALL,return_3h,forward_48h_return,pearson,0.030326269649976242,1269
B_opportunities,ALL,return_3h,forward_48h_return,spearman,0.0369683927141622,1269
B_opportunities,ALL,return_6h,forward_48h_return,pearson,0.09707438245189763,1269
B_opportunities,ALL,return_6h,forward_48h_return,spearman,0.04279033799880995,1269
B_opportunities,ALL,return_12h,forward_48h_return,pearson,0.0635723682518135,1269
B_opportunities,ALL,return_12h,forward_48h_return,spearman,0.02320174858336009,1269
B_opportunities,ALL,return_24h,forward_48h_return,pearson,0.03975461225362318,1269
B_opportunities,ALL,return_24h,forward_48h_return,spearman,0.04342479372775228,1269
B_opportunities,ALL,return_72h,forward_48h_return,pearson,0.0417964198611314,1269
B_opportunities,ALL,return_72h,forward_48h_return,spearman,-0.01245195045296833,1269
B_opportunities,ALL,return_168h,forward_48h_return,pearson,0.03668843633151465,1269
B_opportunities,ALL,return_168h,forward_48h_return,spearman,0.011771780087996416,1269
B_opportunities,ALL,volatility_ratio_24_168,forward_48h_return,pearson,-0.01554942288971959,1269
B_opportunities,ALL,volatility_ratio_24_168,forward_48h_return,spearman,0.029304279612206,1269
B_opportunities,ALL,natr_ratio_168,forward_48h_return,pearson,-0.007767003197949265,1269
B_opportunities,ALL,natr_ratio_168,forward_48h_return,spearman,0.04038536645433583,1269
B_opportunities,ALL,up_fraction_24,forward_48h_return,pearson,0.05325937479845942,1269
B_opportunities,ALL,up_fraction_24,forward_48h_return,spearman,0.03343828486731594,1269
B_opportunities,ALL,volume_price_interaction,forward_48h_return,pearson,-0.018608792990412373,1269
B_opportunities,ALL,volume_price_interaction,forward_48h_return,spearman,-0.03409687051753607,1269
B_opportunities,ALL,range_expansion_24,forward_48h_return,pearson,0.0030201345487713663,1269
B_opportunities,ALL,range_expansion_24,forward_48h_return,spearman,0.006487802354459366,1269
B_opportunities,ALL,signal_density_168,forward_48h_return,pearson,0.0322967976313585,1269
B_opportunities,ALL,signal_density_168,forward_48h_return,spearman,0.01725184840184304,1269
B_opportunities,2019,ema20_distance,net_profit_ratio,pearson,-0.056459021173359894,223
B_opportunities,2019,ema20_distance,net_profit_ratio,spearman,-0.14454540634196347,223
B_opportunities,2019,ema50_distance,net_profit_ratio,pearson,-0.016696210540899065,223
B_opportunities,2019,ema50_distance,net_profit_ratio,spearman,-0.08403644150978126,223
B_opportunities,2019,ema_gap,net_profit_ratio,pearson,0.0801606057558586,223
B_opportunities,2019,ema_gap,net_profit_ratio,spearman,0.07487953287001292,223
B_opportunities,2019,ema20_slope_6,net_profit_ratio,pearson,-0.07716024700594222,223
B_opportunities,2019,ema20_slope_6,net_profit_ratio,spearman,-0.11582699480913296,223
B_opportunities,2019,ema50_slope_6,net_profit_ratio,pearson,-0.013978520993281408,223
B_opportunities,2019,ema50_slope_6,net_profit_ratio,spearman,-0.04177636669190455,223
B_opportunities,2019,trend_efficiency_20,net_profit_ratio,pearson,-0.05641106019953374,223
B_opportunities,2019,trend_efficiency_20,net_profit_ratio,spearman,-0.11066852358651708,223
B_opportunities,2019,range_ratio,net_profit_ratio,pearson,-0.07040043671885425,223
B_opportunities,2019,range_ratio,net_profit_ratio,spearman,-0.10800434146986504,223
B_opportunities,2019,body_to_range,net_profit_ratio,pearson,0.05667311921407362,223
B_opportunities,2019,body_to_range,net_profit_ratio,spearman,0.06419142289187633,223
B_opportunities,2019,close_location,net_profit_ratio,pearson,0.0030642170286569854,223
B_opportunities,2019,close_location,net_profit_ratio,spearman,-0.01917518566493676,223
B_opportunities,2019,natr14,net_profit_ratio,pearson,-0.12970366392300425,223
B_opportunities,2019,natr14,net_profit_ratio,spearman,-0.15678419583803768,223
B_opportunities,2019,return_std_24,net_profit_ratio,pearson,-0.12638583527755307,223
B_opportunities,2019,return_std_24,net_profit_ratio,spearman,-0.1534231277412378,223
B_opportunities,2019,return_std_168,net_profit_ratio,pearson,-0.19136446032686455,223
B_opportunities,2019,return_std_168,net_profit_ratio,spearman,-0.21181329948470975,223
B_opportunities,2019,volatility_percentile_720,net_profit_ratio,pearson,-0.0637139195684262,223
B_opportunities,2019,volatility_percentile_720,net_profit_ratio,spearman,-0.07974043886129716,223
B_opportunities,2019,rsi14,net_profit_ratio,pearson,-0.002894839680938032,223
B_opportunities,2019,rsi14,net_profit_ratio,spearman,-0.07393700540307388,223
B_opportunities,2019,macd_ratio,net_profit_ratio,pearson,-0.08061531685762978,223
B_opportunities,2019,macd_ratio,net_profit_ratio,spearman,-0.12605844968847707,223
B_opportunities,2019,macd_signal_ratio,net_profit_ratio,pearson,-0.08825351029717465,223
B_opportunities,2019,macd_signal_ratio,net_profit_ratio,spearman,-0.0882675349606787,223
B_opportunities,2019,relative_volume_24,net_profit_ratio,pearson,-0.0015043489437035153,223
B_opportunities,2019,relative_volume_24,net_profit_ratio,spearman,0.02792305253374877,223
B_opportunities,2019,volume_zscore_24,net_profit_ratio,pearson,0.011492744696858525,223
B_opportunities,2019,volume_zscore_24,net_profit_ratio,spearman,0.02561488825478093,223
B_opportunities,2019,volume_trend_24_168,net_profit_ratio,pearson,0.0027224232645022255,223
B_opportunities,2019,volume_trend_24_168,net_profit_ratio,spearman,0.06716942012381233,223
B_opportunities,2019,regime_duration,net_profit_ratio,pearson,0.06650533927821196,223
B_opportunities,2019,regime_duration,net_profit_ratio,spearman,0.024388471063210796,223
B_opportunities,2019,regime_transition,net_profit_ratio,pearson,0.03804432615344496,223
B_opportunities,2019,regime_transition,net_profit_ratio,spearman,-0.00414210141889555,223
B_opportunities,2019,hour_of_day,net_profit_ratio,pearson,0.03279684714068401,223
B_opportunities,2019,hour_of_day,net_profit_ratio,spearman,0.03182546969563845,223
B_opportunities,2019,day_of_week,net_profit_ratio,pearson,-0.0019077868458143266,223
B_opportunities,2019,day_of_week,net_profit_ratio,spearman,-0.020660297798676536,223
B_opportunities,2019,distance_high_24,net_profit_ratio,pearson,0.016703463955590876,223
B_opportunities,2019,distance_high_24,net_profit_ratio,spearman,0.01691679895597948,223
B_opportunities,2019,distance_low_24,net_profit_ratio,pearson,-0.13547985661474052,223
B_opportunities,2019,distance_low_24,net_profit_ratio,spearman,-0.18086355427010162,223
B_opportunities,2019,distance_high_168,net_profit_ratio,pearson,0.22458338025547828,223
B_opportunities,2019,distance_high_168,net_profit_ratio,spearman,0.21008948059282237,223
B_opportunities,2019,distance_low_168,net_profit_ratio,pearson,-0.046058584579543024,223
B_opportunities,2019,distance_low_168,net_profit_ratio,spearman,-0.12230998224246457,223
B_opportunities,2019,candles_since_prior_signal,net_profit_ratio,pearson,-0.1059244600345733,223
B_opportunities,2019,candles_since_prior_signal,net_profit_ratio,spearman,-0.10505657218011513,223
B_opportunities,2019,return_1h,net_profit_ratio,pearson,-0.08960592980494038,223
B_opportunities,2019,return_1h,net_profit_ratio,spearman,-0.114117243491379,223
B_opportunities,2019,return_3h,net_profit_ratio,pearson,-0.009303746997124752,223
B_opportunities,2019,return_3h,net_profit_ratio,spearman,-0.056876299729244906,223
B_opportunities,2019,return_6h,net_profit_ratio,pearson,0.006035107839934627,223
B_opportunities,2019,return_6h,net_profit_ratio,spearman,-0.04346447558791478,223
B_opportunities,2019,return_12h,net_profit_ratio,pearson,-0.02943194721297591,223
B_opportunities,2019,return_12h,net_profit_ratio,spearman,-0.09286871382339379,223
B_opportunities,2019,return_24h,net_profit_ratio,pearson,-0.13472534655611046,223
B_opportunities,2019,return_24h,net_profit_ratio,spearman,-0.16916366107544606,223
B_opportunities,2019,return_72h,net_profit_ratio,pearson,0.01749160855576579,223
B_opportunities,2019,return_72h,net_profit_ratio,spearman,0.025980645182249816,223
B_opportunities,2019,return_168h,net_profit_ratio,pearson,0.11701825027498375,223
B_opportunities,2019,return_168h,net_profit_ratio,spearman,0.08962667904618439,223
B_opportunities,2019,volatility_ratio_24_168,net_profit_ratio,pearson,0.026928462006889343,223
B_opportunities,2019,volatility_ratio_24_168,net_profit_ratio,spearman,0.03761344686949983,223
B_opportunities,2019,natr_ratio_168,net_profit_ratio,pearson,0.01499122647165829,223
B_opportunities,2019,natr_ratio_168,net_profit_ratio,spearman,0.058141283893419146,223
B_opportunities,2019,up_fraction_24,net_profit_ratio,pearson,0.07876808720404121,223
B_opportunities,2019,up_fraction_24,net_profit_ratio,spearman,0.02685243936537501,223
B_opportunities,2019,volume_price_interaction,net_profit_ratio,pearson,-0.05763945898998196,223
B_opportunities,2019,volume_price_interaction,net_profit_ratio,spearman,-0.0838784518310521,223
B_opportunities,2019,range_expansion_24,net_profit_ratio,pearson,-0.012541483631194532,223
B_opportunities,2019,range_expansion_24,net_profit_ratio,spearman,0.05534183664086884,223
B_opportunities,2019,signal_density_168,net_profit_ratio,pearson,0.141908328352315,223
B_opportunities,2019,signal_density_168,net_profit_ratio,spearman,0.15168634087528002,223
B_opportunities,2019,ema20_distance,profitable_after_fees,pearson,0.05270625586338803,223
B_opportunities,2019,ema20_distance,profitable_after_fees,spearman,0.06316860139493934,223
B_opportunities,2019,ema50_distance,profitable_after_fees,pearson,0.09053983472030765,223
B_opportunities,2019,ema50_distance,profitable_after_fees,spearman,0.11352470345033909,223
B_opportunities,2019,ema_gap,profitable_after_fees,pearson,0.13705021702639883,223
B_opportunities,2019,ema_gap,profitable_after_fees,spearman,0.18160972901045055,223
B_opportunities,2019,ema20_slope_6,profitable_after_fees,pearson,0.060715973158906124,223
B_opportunities,2019,ema20_slope_6,profitable_after_fees,spearman,0.09639171014746639,223
B_opportunities,2019,ema50_slope_6,profitable_after_fees,pearson,0.10569221442712327,223
B_opportunities,2019,ema50_slope_6,profitable_after_fees,spearman,0.1391497021294182,223
B_opportunities,2019,trend_efficiency_20,profitable_after_fees,pearson,0.07419240471631301,223
B_opportunities,2019,trend_efficiency_20,profitable_after_fees,spearman,0.0835792108079268,223
B_opportunities,2019,range_ratio,profitable_after_fees,pearson,0.009104420245931655,223
B_opportunities,2019,range_ratio,profitable_after_fees,spearman,0.04469476513792878,223
B_opportunities,2019,body_to_range,profitable_after_fees,pearson,0.020831494627876857,223
B_opportunities,2019,body_to_range,profitable_after_fees,spearman,0.021751452367125338,223
B_opportunities,2019,close_location,profitable_after_fees,pearson,0.02534411389779487,223
B_opportunities,2019,close_location,profitable_after_fees,spearman,0.029051597339653703,223
B_opportunities,2019,natr14,profitable_after_fees,pearson,0.02028464112250187,223
B_opportunities,2019,natr14,profitable_after_fees,spearman,0.07195857187206534,223
B_opportunities,2019,return_std_24,profitable_after_fees,pearson,0.0466600449398977,223
B_opportunities,2019,return_std_24,profitable_after_fees,spearman,0.07478924033080082,223
B_opportunities,2019,return_std_168,profitable_after_fees,pearson,-0.03650798323562904,223
B_opportunities,2019,return_std_168,profitable_after_fees,spearman,-0.007002179871608841,223
B_opportunities,2019,volatility_percentile_720,profitable_after_fees,pearson,0.05036204865568199,223
B_opportunities,2019,volatility_percentile_720,profitable_after_fees,spearman,0.05631618107513005,223
B_opportunities,2019,rsi14,profitable_after_fees,pearson,0.09937741411337982,223
B_opportunities,2019,rsi14,profitable_after_fees,spearman,0.11203487794574146,223
B_opportunities,2019,macd_ratio,profitable_after_fees,pearson,0.07564562471523852,223
B_opportunities,2019,macd_ratio,profitable_after_fees,spearman,0.1095021745879255,223
B_opportunities,2019,macd_signal_ratio,profitable_after_fees,pearson,0.07756283510394404,223
B_opportunities,2019,macd_signal_ratio,profitable_after_fees,spearman,0.12633720278987867,223
B_opportunities,2019,relative_volume_24,profitable_after_fees,pearson,-0.0019727101642426155,223
B_opportunities,2019,relative_volume_24,profitable_after_fees,spearman,0.024582120825860823,223
B_opportunities,2019,volume_zscore_24,profitable_after_fees,pearson,-0.006764608763104066,223
B_opportunities,2019,volume_zscore_24,profitable_after_fees,spearman,0.0266678765322975,223
B_opportunities,2019,volume_trend_24_168,profitable_after_fees,pearson,0.04402461144557013,223
B_opportunities,2019,volume_trend_24_168,profitable_after_fees,spearman,0.08983647792723684,223
B_opportunities,2019,regime_duration,profitable_after_fees,pearson,0.05671930505175783,223
B_opportunities,2019,regime_duration,profitable_after_fees,spearman,-0.006640375832429325,223
B_opportunities,2019,regime_transition,profitable_after_fees,pearson,0.018156567920369845,223
B_opportunities,2019,regime_transition,profitable_after_fees,spearman,0.018156567920369886,223
B_opportunities,2019,hour_of_day,profitable_after_fees,pearson,0.0504516939371043,223
B_opportunities,2019,hour_of_day,profitable_after_fees,spearman,0.041537918613156304,223
B_opportunities,2019,day_of_week,profitable_after_fees,pearson,-0.022830910896367195,223
B_opportunities,2019,day_of_week,profitable_after_fees,spearman,-0.025461989693738415,223
B_opportunities,2019,distance_high_24,profitable_after_fees,pearson,-0.10069917104422667,223
B_opportunities,2019,distance_high_24,profitable_after_fees,spearman,-0.02845566713781465,223
B_opportunities,2019,distance_low_24,profitable_after_fees,pearson,0.009453045267242131,223
B_opportunities,2019,distance_low_24,profitable_after_fees,spearman,0.06391351414723814,223
B_opportunities,2019,distance_high_168,profitable_after_fees,pearson,0.16182133021429923,223
B_opportunities,2019,distance_high_168,profitable_after_fees,spearman,0.16373182295527908,223
B_opportunities,2019,distance_low_168,profitable_after_fees,pearson,0.06944090695378995,223
B_opportunities,2019,distance_low_168,profitable_after_fees,spearman,0.08566496651436346,223
B_opportunities,2019,candles_since_prior_signal,profitable_after_fees,pearson,-0.0232133409535601,223
B_opportunities,2019,candles_since_prior_signal,profitable_after_fees,spearman,-0.02272146176792288,223
B_opportunities,2019,return_1h,profitable_after_fees,pearson,-0.04248569732406259,223
B_opportunities,2019,return_1h,profitable_after_fees,spearman,-0.01504723759643602,223
B_opportunities,2019,return_3h,profitable_after_fees,pearson,0.018420360878829138,223
B_opportunities,2019,return_3h,profitable_after_fees,spearman,0.028679148722074846,223
B_opportunities,2019,return_6h,profitable_after_fees,pearson,0.035567321986110234,223
B_opportunities,2019,return_6h,profitable_after_fees,spearman,0.029200579890113466,223
B_opportunities,2019,return_12h,profitable_after_fees,pearson,0.08228718868602806,223
B_opportunities,2019,return_12h,profitable_after_fees,spearman,0.10086118666125926,223
B_opportunities,2019,return_24h,profitable_after_fees,pearson,0.030925746594006324,223
B_opportunities,2019,return_24h,profitable_after_fees,spearman,0.09058139067953565,223
B_opportunities,2019,return_72h,profitable_after_fees,pearson,0.06541883326957129,223
B_opportunities,2019,return_72h,profitable_after_fees,spearman,0.09505086719332852,223
B_opportunities,2019,return_168h,profitable_after_fees,pearson,0.15248195946753476,223
B_opportunities,2019,return_168h,profitable_after_fees,spearman,0.14317223099183182,223
B_opportunities,2019,volatility_ratio_24_168,profitable_after_fees,pearson,0.10837740353177762,223
B_opportunities,2019,volatility_ratio_24_168,profitable_after_fees,spearman,0.11397165110171838,223
B_opportunities,2019,natr_ratio_168,profitable_after_fees,pearson,0.030444310776949885,223
B_opportunities,2019,natr_ratio_168,profitable_after_fees,spearman,0.08819766987217945,223
B_opportunities,2019,up_fraction_24,profitable_after_fees,pearson,0.1290664215403695,223
B_opportunities,2019,up_fraction_24,profitable_after_fees,spearman,0.11731893296467495,223
B_opportunities,2019,volume_price_interaction,profitable_after_fees,pearson,-0.05827560724791479,223
B_opportunities,2019,volume_price_interaction,profitable_after_fees,spearman,0.011769621486321243,223
B_opportunities,2019,range_expansion_24,profitable_after_fees,pearson,-0.024503083130231924,223
B_opportunities,2019,range_expansion_24,profitable_after_fees,spearman,0.03799055036723946,223
B_opportunities,2019,signal_density_168,profitable_after_fees,pearson,0.062233148813866025,223
B_opportunities,2019,signal_density_168,profitable_after_fees,spearman,0.05138748571029272,223
B_opportunities,2019,ema20_distance,return_above_0_5_percent,pearson,0.08198644425905295,223
B_opportunities,2019,ema20_distance,return_above_0_5_percent,spearman,0.10896606993161251,223
B_opportunities,2019,ema50_distance,return_above_0_5_percent,pearson,0.11411504118678638,223
B_opportunities,2019,ema50_distance,return_above_0_5_percent,spearman,0.14718315532791715,223
B_opportunities,2019,ema_gap,return_above_0_5_percent,pearson,0.13727009563377604,223
B_opportunities,2019,ema_gap,return_above_0_5_percent,spearman,0.19029581777912036,223
B_opportunities,2019,ema20_slope_6,return_above_0_5_percent,pearson,0.07286287695013613,223
B_opportunities,2019,ema20_slope_6,return_above_0_5_percent,spearman,0.12002059876525434,223
B_opportunities,2019,ema50_slope_6,return_above_0_5_percent,pearson,0.11147627451884914,223
B_opportunities,2019,ema50_slope_6,return_above_0_5_percent,spearman,0.1595010588854038,223
B_opportunities,2019,trend_efficiency_20,return_above_0_5_percent,pearson,0.11143226991089994,223
B_opportunities,2019,trend_efficiency_20,return_above_0_5_percent,spearman,0.12412656661774989,223
B_opportunities,2019,range_ratio,return_above_0_5_percent,pearson,0.005208688750738747,223
B_opportunities,2019,range_ratio,return_above_0_5_percent,spearman,0.0434285061321644,223
B_opportunities,2019,body_to_range,return_above_0_5_percent,pearson,0.009151895388559688,223
B_opportunities,2019,body_to_range,return_above_0_5_percent,spearman,0.013581278281331413,223
B_opportunities,2019,close_location,return_above_0_5_percent,pearson,0.023205825163528537,223
B_opportunities,2019,close_location,return_above_0_5_percent,spearman,0.02732047840314342,223
B_opportunities,2019,natr14,return_above_0_5_percent,pearson,0.02342850394200594,223
B_opportunities,2019,natr14,return_above_0_5_percent,spearman,0.049113692389465925,223
B_opportunities,2019,return_std_24,return_above_0_5_percent,pearson,0.02616677035282599,223
B_opportunities,2019,return_std_24,return_above_0_5_percent,spearman,0.035532414108134514,223
B_opportunities,2019,return_std_168,return_above_0_5_percent,pearson,-0.04233726164654453,223
B_opportunities,2019,return_std_168,return_above_0_5_percent,spearman,-0.02684671288170163,223
B_opportunities,2019,volatility_percentile_720,return_above_0_5_percent,pearson,0.0276149912219796,223
B_opportunities,2019,volatility_percentile_720,return_above_0_5_percent,spearman,0.03450639823406971,223
B_opportunities,2019,rsi14,return_above_0_5_percent,pearson,0.1410007162410419,223
B_opportunities,2019,rsi14,return_above_0_5_percent,spearman,0.159816902566365,223
B_opportunities,2019,macd_ratio,return_above_0_5_percent,pearson,0.08598008293424236,223
B_opportunities,2019,macd_ratio,return_above_0_5_percent,spearman,0.13107512759889617,223
B_opportunities,2019,macd_signal_ratio,return_above_0_5_percent,pearson,0.06900844413047075,223
B_opportunities,2019,macd_signal_ratio,return_above_0_5_percent,spearman,0.1317068149608186,223
B_opportunities,2019,relative_volume_24,return_above_0_5_percent,pearson,0.026233998935758337,223
B_opportunities,2019,relative_volume_24,return_above_0_5_percent,spearman,0.07438118686636157,223
B_opportunities,2019,volume_zscore_24,return_above_0_5_percent,pearson,0.024620017774099924,223
B_opportunities,2019,volume_zscore_24,return_above_0_5_percent,spearman,0.06380042355416152,223
B_opportunities,2019,volume_trend_24_168,return_above_0_5_percent,pearson,-0.0006750391767869227,223
B_opportunities,2019,volume_trend_24_168,return_above_0_5_percent,spearman,0.03853292907726587,223
B_opportunities,2019,regime_duration,return_above_0_5_percent,pearson,0.07526845413405071,223
B_opportunities,2019,regime_duration,return_above_0_5_percent,spearman,-0.005694320954968904,223
B_opportunities,2019,regime_transition,return_above_0_5_percent,pearson,0.04011842892444481,223
B_opportunities,2019,regime_transition,return_above_0_5_percent,spearman,0.04011842892444482,223
B_opportunities,2019,hour_of_day,return_above_0_5_percent,pearson,0.006228668517477226,223
B_opportunities,2019,hour_of_day,return_above_0_5_percent,spearman,-0.004110547504015745,223
B_opportunities,2019,day_of_week,return_above_0_5_percent,pearson,0.03517400141433843,223
B_opportunities,2019,day_of_week,return_above_0_5_percent,spearman,0.029864416373922856,223
B_opportunities,2019,distance_high_24,return_above_0_5_percent,pearson,0.0023218206524314553,223
B_opportunities,2019,distance_high_24,return_above_0_5_percent,spearman,0.06364250171368092,223
B_opportunities,2019,distance_low_24,return_above_0_5_percent,pearson,0.025198404458865953,223
B_opportunities,2019,distance_low_24,return_above_0_5_percent,spearman,0.07690793631405114,223
B_opportunities,2019,distance_high_168,return_above_0_5_percent,pearson,0.16828669941806662,223
B_opportunities,2019,distance_high_168,return_above_0_5_percent,spearman,0.1746615555715412,223
B_opportunities,2019,distance_low_168,return_above_0_5_percent,pearson,0.07934465326166386,223
B_opportunities,2019,distance_low_168,return_above_0_5_percent,spearman,0.10264919631238859,223
B_opportunities,2019,candles_since_prior_signal,return_above_0_5_percent,pearson,-0.04701076354417986,223
B_opportunities,2019,candles_since_prior_signal,return_above_0_5_percent,spearman,-0.048327534858732514,223
B_opportunities,2019,return_1h,return_above_0_5_percent,pearson,-0.06389597383428054,223
B_opportunities,2019,return_1h,return_above_0_5_percent,spearman,-0.03569033594861511,223
B_opportunities,2019,return_3h,return_above_0_5_percent,pearson,0.07211683945591457,223
B_opportunities,2019,return_3h,return_above_0_5_percent,spearman,0.08969962965942176,223
B_opportunities,2019,return_6h,return_above_0_5_percent,pearson,0.06787918382607525,223
B_opportunities,2019,return_6h,return_above_0_5_percent,spearman,0.08385649729519744,223
B_opportunities,2019,return_12h,return_above_0_5_percent,pearson,0.12126880891180931,223
B_opportunities,2019,return_12h,return_above_0_5_percent,spearman,0.1512891231804127,223
B_opportunities,2019,return_24h,return_above_0_5_percent,pearson,0.043070942634167844,223
B_opportunities,2019,return_24h,return_above_0_5_percent,spearman,0.10201750895046618,223
B_opportunities,2019,return_72h,return_above_0_5_percent,pearson,0.06082322220031704,223
B_opportunities,2019,return_72h,return_above_0_5_percent,spearman,0.10880814809113189,223
B_opportunities,2019,return_168h,return_above_0_5_percent,pearson,0.1442996221150889,223
B_opportunities,2019,return_168h,return_above_0_5_percent,spearman,0.14134004723013505,223
B_opportunities,2019,volatility_ratio_24_168,return_above_0_5_percent,pearson,0.07431134107613604,223
B_opportunities,2019,volatility_ratio_24_168,return_above_0_5_percent,spearman,0.0799084512831825,223
B_opportunities,2019,natr_ratio_168,return_above_0_5_percent,pearson,0.016817609879885776,223
B_opportunities,2019,natr_ratio_168,return_above_0_5_percent,spearman,0.06759054772569587,223
B_opportunities,2019,up_fraction_24,return_above_0_5_percent,pearson,0.16622101073837764,223
B_opportunities,2019,up_fraction_24,return_above_0_5_percent,spearman,0.1612082216282499,223
B_opportunities,2019,volume_price_interaction,return_above_0_5_percent,pearson,-0.06519013957014594,223
B_opportunities,2019,volume_price_interaction,return_above_0_5_percent,spearman,-0.009317388588355272,223
B_opportunities,2019,range_expansion_24,return_above_0_5_percent,pearson,-0.015656929905990827,223
B_opportunities,2019,range_expansion_24,return_above_0_5_percent,spearman,0.058273159137340595,223
B_opportunities,2019,signal_density_168,return_above_0_5_percent,pearson,0.050707088400749285,223
B_opportunities,2019,signal_density_168,return_above_0_5_percent,spearman,0.05387038501457862,223
B_opportunities,2019,ema20_distance,return_above_1_percent,pearson,0.0848117265590343,223
B_opportunities,2019,ema20_distance,return_above_1_percent,spearman,0.11386445836761692,223
B_opportunities,2019,ema50_distance,return_above_1_percent,pearson,0.11106124574121624,223
B_opportunities,2019,ema50_distance,return_above_1_percent,spearman,0.1472412771598076,223
B_opportunities,2019,ema_gap,return_above_1_percent,pearson,0.12221904363052893,223
B_opportunities,2019,ema_gap,return_above_1_percent,spearman,0.1747092811418975,223
B_opportunities,2019,ema20_slope_6,return_above_1_percent,pearson,0.06506501067641415,223
B_opportunities,2019,ema20_slope_6,return_above_1_percent,spearman,0.11194808599677344,223
B_opportunities,2019,ema50_slope_6,return_above_1_percent,pearson,0.09812205432109845,223
B_opportunities,2019,ema50_slope_6,return_above_1_percent,spearman,0.14803976564765903,223
B_opportunities,2019,trend_efficiency_20,return_above_1_percent,pearson,0.10876086004921959,223
B_opportunities,2019,trend_efficiency_20,return_above_1_percent,spearman,0.12216873864127202,223
B_opportunities,2019,range_ratio,return_above_1_percent,pearson,0.014002954407035043,223
B_opportunities,2019,range_ratio,return_above_1_percent,spearman,0.04918689085164939,223
B_opportunities,2019,body_to_range,return_above_1_percent,pearson,0.006195798115012631,223
B_opportunities,2019,body_to_range,return_above_1_percent,spearman,0.013734001991044959,223
B_opportunities,2019,close_location,return_above_1_percent,pearson,0.043283503782175714,223
B_opportunities,2019,close_location,return_above_1_percent,spearman,0.04711082078323561,223
B_opportunities,2019,natr14,return_above_1_percent,pearson,0.024270807950934007,223
B_opportunities,2019,natr14,return_above_1_percent,spearman,0.043278076041548645,223
B_opportunities,2019,return_std_24,return_above_1_percent,pearson,0.029363728822439743,223
B_opportunities,2019,return_std_24,return_above_1_percent,spearman,0.030821655631066012,223
B_opportunities,2019,return_std_168,return_above_1_percent,pearson,-0.04074441945105842,223
B_opportunities,2019,return_std_168,return_above_1_percent,spearman,-0.029384376352933398,223
B_opportunities,2019,volatility_percentile_720,return_above_1_percent,pearson,0.04261046825893075,223
B_opportunities,2019,volatility_percentile_720,return_above_1_percent,spearman,0.04727117068701478,223
B_opportunities,2019,rsi14,return_above_1_percent,pearson,0.14014723404437002,223
B_opportunities,2019,rsi14,return_above_1_percent,spearman,0.16113497684842282,223
B_opportunities,2019,macd_ratio,return_above_1_percent,pearson,0.07828959800200117,223
B_opportunities,2019,macd_ratio,return_above_1_percent,spearman,0.11977327317771765,223
B_opportunities,2019,macd_signal_ratio,return_above_1_percent,pearson,0.056257374778571734,223
B_opportunities,2019,macd_signal_ratio,return_above_1_percent,spearman,0.11274657448462488,223
B_opportunities,2019,relative_volume_24,return_above_1_percent,pearson,0.03261835707785959,223
B_opportunities,2019,relative_volume_24,return_above_1_percent,spearman,0.08144582576084801,223
B_opportunities,2019,volume_zscore_24,return_above_1_percent,pearson,0.030744514425913548,223
B_opportunities,2019,volume_zscore_24,return_above_1_percent,spearman,0.06994759153578711,223
B_opportunities,2019,volume_trend_24_168,return_above_1_percent,pearson,-0.005523432933599127,223
B_opportunities,2019,volume_trend_24_168,return_above_1_percent,spearman,0.03321712109462036,223
B_opportunities,2019,regime_duration,return_above_1_percent,pearson,0.08412290769414678,223
B_opportunities,2019,regime_duration,return_above_1_percent,spearman,-0.001999428656728002,223
B_opportunities,2019,regime_transition,return_above_1_percent,pearson,0.04851900949466995,223
B_opportunities,2019,regime_transition,return_above_1_percent,spearman,0.04851900949467009,223
B_opportunities,2019,hour_of_day,return_above_1_percent,pearson,0.029461508163322592,223
B_opportunities,2019,hour_of_day,return_above_1_percent,spearman,0.019824601523964546,223
B_opportunities,2019,day_of_week,return_above_1_percent,pearson,0.016074919127011467,223
B_opportunities,2019,day_of_week,return_above_1_percent,spearman,0.010012916002150027,223
B_opportunities,2019,distance_high_24,return_above_1_percent,pearson,0.005172696943454319,223
B_opportunities,2019,distance_high_24,return_above_1_percent,spearman,0.06755212607223277,223
B_opportunities,2019,distance_low_24,return_above_1_percent,pearson,0.0276110213630344,223
B_opportunities,2019,distance_low_24,return_above_1_percent,spearman,0.07537731325317698,223
B_opportunities,2019,distance_high_168,return_above_1_percent,pearson,0.15560657386701426,223
B_opportunities,2019,distance_high_168,return_above_1_percent,spearman,0.1616140699411337,223
B_opportunities,2019,distance_low_168,return_above_1_percent,pearson,0.07105570520916477,223
B_opportunities,2019,distance_low_168,return_above_1_percent,spearman,0.09054859452235454,223
B_opportunities,2019,candles_since_prior_signal,return_above_1_percent,pearson,-0.044845373315862566,223
B_opportunities,2019,candles_since_prior_signal,return_above_1_percent,spearman,-0.04647534937697118,223
B_opportunities,2019,return_1h,return_above_1_percent,pearson,-0.05498623190084228,223
B_opportunities,2019,return_1h,return_above_1_percent,spearman,-0.021559189171989176,223
B_opportunities,2019,return_3h,return_above_1_percent,pearson,0.08478082842200627,223
B_opportunities,2019,return_3h,return_above_1_percent,spearman,0.09949169250177992,223
B_opportunities,2019,return_6h,return_above_1_percent,pearson,0.07041536498960801,223
B_opportunities,2019,return_6h,return_above_1_percent,spearman,0.0881531290588002,223
B_opportunities,2019,return_12h,return_above_1_percent,pearson,0.12222070349980252,223
B_opportunities,2019,return_12h,return_above_1_percent,spearman,0.15219190578448658,223
B_opportunities,2019,return_24h,return_above_1_percent,pearson,0.03796413266089892,223
B_opportunities,2019,return_24h,return_above_1_percent,spearman,0.0964574093324553,223
B_opportunities,2019,return_72h,return_above_1_percent,pearson,0.05026234444693421,223
B_opportunities,2019,return_72h,return_above_1_percent,spearman,0.10029015407414225,223
B_opportunities,2019,return_168h,return_above_1_percent,pearson,0.13873604067100873,223
B_opportunities,2019,return_168h,return_above_1_percent,spearman,0.1304730189149271,223
B_opportunities,2019,volatility_ratio_24_168,return_above_1_percent,pearson,0.07810615383512995,223
B_opportunities,2019,volatility_ratio_24_168,return_above_1_percent,spearman,0.07857126720458278,223
B_opportunities,2019,natr_ratio_168,return_above_1_percent,pearson,0.024268533962705466,223
B_opportunities,2019,natr_ratio_168,return_above_1_percent,spearman,0.07489822016046611,223
B_opportunities,2019,up_fraction_24,return_above_1_percent,pearson,0.1615070944594592,223
B_opportunities,2019,up_fraction_24,return_above_1_percent,spearman,0.15612024380697603,223
B_opportunities,2019,volume_price_interaction,return_above_1_percent,pearson,-0.06184836606995353,223
B_opportunities,2019,volume_price_interaction,return_above_1_percent,spearman,0.0033536516489760942,223
B_opportunities,2019,range_expansion_24,return_above_1_percent,pearson,-0.007005336326770234,223
B_opportunities,2019,range_expansion_24,return_above_1_percent,spearman,0.06962819614064654,223
B_opportunities,2019,signal_density_168,return_above_1_percent,pearson,0.056198460437624005,223
B_opportunities,2019,signal_density_168,return_above_1_percent,spearman,0.05942065916763,223
B_opportunities,2019,ema20_distance,stoploss_hit,pearson,0.14671187912320288,223
B_opportunities,2019,ema20_distance,stoploss_hit,spearman,0.18464177317763694,223
B_opportunities,2019,ema50_distance,stoploss_hit,pearson,0.12725911507044402,223
B_opportunities,2019,ema50_distance,stoploss_hit,spearman,0.1626843731240801,223
B_opportunities,2019,ema_gap,stoploss_hit,pearson,0.030380947193822557,223
B_opportunities,2019,ema_gap,stoploss_hit,spearman,0.07510428881955232,223
B_opportunities,2019,ema20_slope_6,stoploss_hit,pearson,0.1906623787368837,223
B_opportunities,2019,ema20_slope_6,stoploss_hit,spearman,0.19337483001711975,223
B_opportunities,2019,ema50_slope_6,stoploss_hit,pearson,0.1404778841374559,223
B_opportunities,2019,ema50_slope_6,stoploss_hit,spearman,0.14222406852872035,223
B_opportunities,2019,trend_efficiency_20,stoploss_hit,pearson,0.08457094573010898,223
B_opportunities,2019,trend_efficiency_20,stoploss_hit,spearman,0.08084315474264103,223
B_opportunities,2019,range_ratio,stoploss_hit,pearson,0.14125143652223338,223
B_opportunities,2019,range_ratio,stoploss_hit,spearman,0.11128409572598116,223
B_opportunities,2019,body_to_range,stoploss_hit,pearson,-0.010374743539300624,223
B_opportunities,2019,body_to_range,stoploss_hit,spearman,-0.013473859123773505,223
B_opportunities,2019,close_location,stoploss_hit,pearson,-0.006510895975954821,223
B_opportunities,2019,close_location,stoploss_hit,spearman,-0.011228215936477921,223
B_opportunities,2019,natr14,stoploss_hit,pearson,0.25172053809568024,223
B_opportunities,2019,natr14,stoploss_hit,spearman,0.1706688822344644,223
B_opportunities,2019,return_std_24,stoploss_hit,pearson,0.2521820003485215,223
B_opportunities,2019,return_std_24,stoploss_hit,spearman,0.18239612999034133,223
B_opportunities,2019,return_std_168,stoploss_hit,pearson,0.33816601093385573,223
B_opportunities,2019,return_std_168,stoploss_hit,spearman,0.2637383165523814,223
B_opportunities,2019,volatility_percentile_720,stoploss_hit,pearson,0.07131072688909645,223
B_opportunities,2019,volatility_percentile_720,stoploss_hit,spearman,0.056890412335567894,223
B_opportunities,2019,rsi14,stoploss_hit,pearson,0.10541276460204907,223
B_opportunities,2019,rsi14,stoploss_hit,spearman,0.12949875713404535,223
B_opportunities,2019,macd_ratio,stoploss_hit,pearson,0.20619888546727924,223
B_opportunities,2019,macd_ratio,stoploss_hit,spearman,0.20485256186329717,223
B_opportunities,2019,macd_signal_ratio,stoploss_hit,pearson,0.20597844855434105,223
B_opportunities,2019,macd_signal_ratio,stoploss_hit,spearman,0.16917178677626735,223
B_opportunities,2019,relative_volume_24,stoploss_hit,pearson,0.022221122219951824,223
B_opportunities,2019,relative_volume_24,stoploss_hit,spearman,-0.012974827304374487,223
B_opportunities,2019,volume_zscore_24,stoploss_hit,pearson,0.006435768969171528,223
B_opportunities,2019,volume_zscore_24,stoploss_hit,spearman,-0.020959336414758785,223
B_opportunities,2019,volume_trend_24_168,stoploss_hit,pearson,-0.08408583930976139,223
B_opportunities,2019,volume_trend_24_168,stoploss_hit,spearman,-0.08907717976272485,223
B_opportunities,2019,regime_duration,stoploss_hit,pearson,0.1532538152329982,223
B_opportunities,2019,regime_duration,stoploss_hit,spearman,0.11146290192926771,223
B_opportunities,2019,regime_transition,stoploss_hit,pearson,-0.022485241217827828,223
B_opportunities,2019,regime_transition,stoploss_hit,spearman,-0.02248524121782768,223
B_opportunities,2019,hour_of_day,stoploss_hit,pearson,0.010197338807912766,223
B_opportunities,2019,hour_of_day,stoploss_hit,spearman,0.017360697659795213,223
B_opportunities,2019,day_of_week,stoploss_hit,pearson,-0.01864608682065399,223
B_opportunities,2019,day_of_week,stoploss_hit,spearman,-0.02195268894068392,223
B_opportunities,2019,distance_high_24,stoploss_hit,pearson,-0.021766679237210734,223
B_opportunities,2019,distance_high_24,stoploss_hit,spearman,-0.040671093281020025,223
B_opportunities,2019,distance_low_24,stoploss_hit,pearson,0.20745636076960416,223
B_opportunities,2019,distance_low_24,stoploss_hit,spearman,0.18364370953883888,223
B_opportunities,2019,distance_high_168,stoploss_hit,pearson,-0.17245360765321388,223
B_opportunities,2019,distance_high_168,stoploss_hit,spearman,-0.1437211639869174,223
B_opportunities,2019,distance_low_168,stoploss_hit,pearson,0.19971015514968649,223
B_opportunities,2019,distance_low_168,stoploss_hit,spearman,0.18988160728132664,223
B_opportunities,2019,candles_since_prior_signal,stoploss_hit,pearson,0.07812421838347754,223
B_opportunities,2019,candles_since_prior_signal,stoploss_hit,spearman,0.0668750401796887,223
B_opportunities,2019,return_1h,stoploss_hit,pearson,0.07328308755539825,223
B_opportunities,2019,return_1h,stoploss_hit,spearman,0.04166915691981806,223
B_opportunities,2019,return_3h,stoploss_hit,pearson,0.027927904160393795,223
B_opportunities,2019,return_3h,stoploss_hit,spearman,-0.029442885309726326,223
B_opportunities,2019,return_6h,stoploss_hit,pearson,0.03224642575015743,223
B_opportunities,2019,return_6h,stoploss_hit,spearman,0.02470207506025143,223
B_opportunities,2019,return_12h,stoploss_hit,pearson,0.1486380577171299,223
B_opportunities,2019,return_12h,stoploss_hit,spearman,0.1741621049702575,223
B_opportunities,2019,return_24h,stoploss_hit,pearson,0.25809059560494557,223
B_opportunities,2019,return_24h,stoploss_hit,spearman,0.2572509029001941,223
B_opportunities,2019,return_72h,stoploss_hit,pearson,0.029605171432956715,223
B_opportunities,2019,return_72h,stoploss_hit,spearman,0.05389543649509402,223
B_opportunities,2019,return_168h,stoploss_hit,pearson,0.05313083109943196,223
B_opportunities,2019,return_168h,stoploss_hit,spearman,0.027446750066946028,223
B_opportunities,2019,volatility_ratio_24_168,stoploss_hit,pearson,-0.03337768289034863,223
B_opportunities,2019,volatility_ratio_24_168,stoploss_hit,spearman,-0.03817593418402493,223
B_opportunities,2019,natr_ratio_168,stoploss_hit,pearson,-0.07750949725960275,223
B_opportunities,2019,natr_ratio_168,stoploss_hit,spearman,-0.07310816154195623,223
B_opportunities,2019,up_fraction_24,stoploss_hit,pearson,0.020652525103954062,223
B_opportunities,2019,up_fraction_24,stoploss_hit,spearman,0.010781978214316314,223
B_opportunities,2019,volume_price_interaction,stoploss_hit,pearson,0.017002644580626378,223
B_opportunities,2019,volume_price_interaction,stoploss_hit,spearman,0.042168188739217086,223
B_opportunities,2019,range_expansion_24,stoploss_hit,pearson,0.013738521919051684,223
B_opportunities,2019,range_expansion_24,stoploss_hit,spearman,-0.03917399782282297,223
B_opportunities,2019,signal_density_168,stoploss_hit,pearson,-0.08362924606194017,223
B_opportunities,2019,signal_density_168,stoploss_hit,spearman,-0.08132006774934121,223
B_opportunities,2019,ema20_distance,forward_6h_return,pearson,-0.02487024764236364,223
B_opportunities,2019,ema20_distance,forward_6h_return,spearman,-0.13826354381287118,223
B_opportunities,2019,ema50_distance,forward_6h_return,pearson,-0.053327190930597845,223
B_opportunities,2019,ema50_distance,forward_6h_return,spearman,-0.06411019443530655,223
B_opportunities,2019,ema_gap,forward_6h_return,pearson,-0.09765240002910941,223
B_opportunities,2019,ema_gap,forward_6h_return,spearman,0.052068364007825885,223
B_opportunities,2019,ema20_slope_6,forward_6h_return,pearson,-0.11312120604983207,223
B_opportunities,2019,ema20_slope_6,forward_6h_return,spearman,-0.11857004345793583,223
B_opportunities,2019,ema50_slope_6,forward_6h_return,pearson,-0.12608563661641956,223
B_opportunities,2019,ema50_slope_6,forward_6h_return,spearman,-0.03784606194920096,223
B_opportunities,2019,trend_efficiency_20,forward_6h_return,pearson,-0.0463172706618482,223
B_opportunities,2019,trend_efficiency_20,forward_6h_return,spearman,-0.11374054227193241,223
B_opportunities,2019,range_ratio,forward_6h_return,pearson,0.043363836373678084,223
B_opportunities,2019,range_ratio,forward_6h_return,spearman,-0.010122149696140727,223
B_opportunities,2019,body_to_range,forward_6h_return,pearson,0.13153639121053795,223
B_opportunities,2019,body_to_range,forward_6h_return,spearman,0.0813050799037346,223
B_opportunities,2019,close_location,forward_6h_return,pearson,0.12376890239111583,223
B_opportunities,2019,close_location,forward_6h_return,spearman,-0.006261145835136866,223
B_opportunities,2019,natr14,forward_6h_return,pearson,0.025026217117160663,223
B_opportunities,2019,natr14,forward_6h_return,spearman,-0.03697279117682706,223
B_opportunities,2019,return_std_24,forward_6h_return,pearson,-0.007912575127121303,223
B_opportunities,2019,return_std_24,forward_6h_return,spearman,-0.05845178939349342,223
B_opportunities,2019,return_std_168,forward_6h_return,pearson,-0.019389018146386397,223
B_opportunities,2019,return_std_168,forward_6h_return,spearman,-0.06888450750558374,223
B_opportunities,2019,volatility_percentile_720,forward_6h_return,pearson,0.07890882339616136,223
B_opportunities,2019,volatility_percentile_720,forward_6h_return,spearman,-0.005535119740100269,223
B_opportunities,2019,rsi14,forward_6h_return,pearson,-0.008710810740232377,223
B_opportunities,2019,rsi14,forward_6h_return,spearman,-0.08241100645809166,223
B_opportunities,2019,macd_ratio,forward_6h_return,pearson,-0.13038277738821738,223
B_opportunities,2019,macd_ratio,forward_6h_return,spearman,-0.10760492234707479,223
B_opportunities,2019,macd_signal_ratio,forward_6h_return,pearson,-0.17630300345517494,223
B_opportunities,2019,macd_signal_ratio,forward_6h_return,spearman,-0.09745463753311287,223
B_opportunities,2019,relative_volume_24,forward_6h_return,pearson,0.02367898233857556,223
B_opportunities,2019,relative_volume_24,forward_6h_return,spearman,0.021253917274096645,223
B_opportunities,2019,volume_zscore_24,forward_6h_return,pearson,0.032679443631792544,223
B_opportunities,2019,volume_zscore_24,forward_6h_return,spearman,0.010184912651280364,223
B_opportunities,2019,volume_trend_24_168,forward_6h_return,pearson,0.027991946576908077,223
B_opportunities,2019,volume_trend_24_168,forward_6h_return,spearman,0.01719596758834427,223
B_opportunities,2019,regime_duration,forward_6h_return,pearson,0.06161319605333486,223
B_opportunities,2019,regime_duration,forward_6h_return,spearman,0.11582058989053354,223
B_opportunities,2019,regime_transition,forward_6h_return,pearson,0.046162835921203474,223
B_opportunities,2019,regime_transition,forward_6h_return,spearman,-0.018846541061724214,223
B_opportunities,2019,hour_of_day,forward_6h_return,pearson,0.08677545672835786,223
B_opportunities,2019,hour_of_day,forward_6h_return,spearman,0.1283428181530088,223
B_opportunities,2019,day_of_week,forward_6h_return,pearson,0.008464295130374097,223
B_opportunities,2019,day_of_week,forward_6h_return,spearman,0.008161462657619752,223
B_opportunities,2019,distance_high_24,forward_6h_return,pearson,-0.031074356026459887,223
B_opportunities,2019,distance_high_24,forward_6h_return,spearman,-0.03990533614973077,223
B_opportunities,2019,distance_low_24,forward_6h_return,pearson,-0.04627078568694526,223
B_opportunities,2019,distance_low_24,forward_6h_return,spearman,-0.12475544089893864,223
B_opportunities,2019,distance_high_168,forward_6h_return,pearson,-0.015384403926865242,223
B_opportunities,2019,distance_high_168,forward_6h_return,spearman,0.07044167806499646,223
B_opportunities,2019,distance_low_168,forward_6h_return,pearson,0.04841873377527615,223
B_opportunities,2019,distance_low_168,forward_6h_return,spearman,-0.018298647782952714,223
B_opportunities,2019,candles_since_prior_signal,forward_6h_return,pearson,-0.02458121006860599,223
B_opportunities,2019,candles_since_prior_signal,forward_6h_return,spearman,-0.11600721205809231,223
B_opportunities,2019,return_1h,forward_6h_return,pearson,0.061594763883974266,223
B_opportunities,2019,return_1h,forward_6h_return,spearman,-0.048288519140537084,223
B_opportunities,2019,return_3h,forward_6h_return,pearson,0.046674607082464924,223
B_opportunities,2019,return_3h,forward_6h_return,spearman,-0.0652339936160342,223
B_opportunities,2019,return_6h,forward_6h_return,pearson,0.025387398578529577,223
B_opportunities,2019,return_6h,forward_6h_return,spearman,-0.0613129144519279,223
B_opportunities,2019,return_12h,forward_6h_return,pearson,-0.024668415554333457,223
B_opportunities,2019,return_12h,forward_6h_return,spearman,-0.05986503800405145,223
B_opportunities,2019,return_24h,forward_6h_return,pearson,-0.12104235270715605,223
B_opportunities,2019,return_24h,forward_6h_return,spearman,-0.18047920598369027,223
B_opportunities,2019,return_72h,forward_6h_return,pearson,-0.07607519066130042,223
B_opportunities,2019,return_72h,forward_6h_return,spearman,0.018469622729712414,223
B_opportunities,2019,return_168h,forward_6h_return,pearson,0.05277623362902758,223
B_opportunities,2019,return_168h,forward_6h_return,spearman,0.05623452568519833,223
B_opportunities,2019,volatility_ratio_24_168,forward_6h_return,pearson,0.035608635913670666,223
B_opportunities,2019,volatility_ratio_24_168,forward_6h_return,spearman,-0.0111014682203023,223
B_opportunities,2019,natr_ratio_168,forward_6h_return,pearson,0.048997635892105665,223
B_opportunities,2019,natr_ratio_168,forward_6h_return,spearman,0.012420572398150873,223
B_opportunities,2019,up_fraction_24,forward_6h_return,pearson,0.011704604286272513,223
B_opportunities,2019,up_fraction_24,forward_6h_return,spearman,-0.027891035044772854,223
B_opportunities,2019,volume_price_interaction,forward_6h_return,pearson,0.011093479290104779,223
B_opportunities,2019,volume_price_interaction,forward_6h_return,spearman,-0.029928190522360922,223
B_opportunities,2019,range_expansion_24,forward_6h_return,pearson,0.02523708025746423,223
B_opportunities,2019,range_expansion_24,forward_6h_return,spearman,0.06018426337933064,223
B_opportunities,2019,signal_density_168,forward_6h_return,pearson,0.11467532719159654,223
B_opportunities,2019,signal_density_168,forward_6h_return,spearman,0.15090265007169093,223
B_opportunities,2019,ema20_distance,forward_12h_return,pearson,0.06271790655994547,223
B_opportunities,2019,ema20_distance,forward_12h_return,spearman,-0.06112678982634139,223
B_opportunities,2019,ema50_distance,forward_12h_return,pearson,0.02682347311101013,223
B_opportunities,2019,ema50_distance,forward_12h_return,spearman,-0.0394605848641723,223
B_opportunities,2019,ema_gap,forward_12h_return,pearson,-0.06934852968499707,223
B_opportunities,2019,ema_gap,forward_12h_return,spearman,0.026338798760323422,223
B_opportunities,2019,ema20_slope_6,forward_12h_return,pearson,-0.02783367500678052,223
B_opportunities,2019,ema20_slope_6,forward_12h_return,spearman,-0.07230076008102913,223
B_opportunities,2019,ema50_slope_6,forward_12h_return,pearson,-0.05872052200197363,223
B_opportunities,2019,ema50_slope_6,forward_12h_return,spearman,-0.05338097546617726,223
B_opportunities,2019,trend_efficiency_20,forward_12h_return,pearson,0.008443232035297602,223
B_opportunities,2019,trend_efficiency_20,forward_12h_return,spearman,-0.055158898488494895,223
B_opportunities,2019,range_ratio,forward_12h_return,pearson,0.03415188334107148,223
B_opportunities,2019,range_ratio,forward_12h_return,spearman,0.009773707083124123,223
B_opportunities,2019,body_to_range,forward_12h_return,pearson,0.10538766535808133,223
B_opportunities,2019,body_to_range,forward_12h_return,spearman,0.03806789653202209,223
B_opportunities,2019,close_location,forward_12h_return,pearson,0.13071906520362853,223
B_opportunities,2019,close_location,forward_12h_return,spearman,0.06890506778399154,223
B_opportunities,2019,natr14,forward_12h_return,pearson,0.03914083483792165,223
B_opportunities,2019,natr14,forward_12h_return,spearman,-0.03839361462679848,223
B_opportunities,2019,return_std_24,forward_12h_return,pearson,-0.00611543684336389,223
B_opportunities,2019,return_std_24,forward_12h_return,spearman,-0.06910742420832107,223
B_opportunities,2019,return_std_168,forward_12h_return,pearson,0.024062105289014726,223
B_opportunities,2019,return_std_168,forward_12h_return,spearman,-0.07832492165451806,223
B_opportunities,2019,volatility_percentile_720,forward_12h_return,pearson,0.06204103496528748,223
B_opportunities,2019,volatility_percentile_720,forward_12h_return,spearman,-0.011819617861436009,223
B_opportunities,2019,rsi14,forward_12h_return,pearson,0.07135681766474118,223
B_opportunities,2019,rsi14,forward_12h_return,spearman,-0.02048561213359419,223
B_opportunities,2019,macd_ratio,forward_12h_return,pearson,-0.05206619569360154,223
B_opportunities,2019,macd_ratio,forward_12h_return,spearman,-0.0824975760513877,223
B_opportunities,2019,macd_signal_ratio,forward_12h_return,pearson,-0.1288746000466856,223
B_opportunities,2019,macd_signal_ratio,forward_12h_return,spearman,-0.09407625915473448,223
B_opportunities,2019,relative_volume_24,forward_12h_return,pearson,0.02187937744685287,223
B_opportunities,2019,relative_volume_24,forward_12h_return,spearman,0.04501186003428156,223
B_opportunities,2019,volume_zscore_24,forward_12h_return,pearson,0.029861022696802457,223
B_opportunities,2019,volume_zscore_24,forward_12h_return,spearman,0.012119743061447096,223
B_opportunities,2019,volume_trend_24_168,forward_12h_return,pearson,0.024257589476762688,223
B_opportunities,2019,volume_trend_24_168,forward_12h_return,spearman,0.01799998268608134,223
B_opportunities,2019,regime_duration,forward_12h_return,pearson,0.06576131284610344,223
B_opportunities,2019,regime_duration,forward_12h_return,spearman,0.08505146953991041,223
B_opportunities,2019,regime_transition,forward_12h_return,pearson,0.14442830489694203,223
B_opportunities,2019,regime_transition,forward_12h_return,spearman,0.10976556882103113,223
B_opportunities,2019,hour_of_day,forward_12h_return,pearson,0.07743864727646531,223
B_opportunities,2019,hour_of_day,forward_12h_return,spearman,0.058947065224060465,223
B_opportunities,2019,day_of_week,forward_12h_return,pearson,0.03289839744491229,223
B_opportunities,2019,day_of_week,forward_12h_return,spearman,0.04255932478110616,223
B_opportunities,2019,distance_high_24,forward_12h_return,pearson,0.02012882709385794,223
B_opportunities,2019,distance_high_24,forward_12h_return,spearman,0.06262985438994408,223
B_opportunities,2019,distance_low_24,forward_12h_return,pearson,0.000995497525660354,223
B_opportunities,2019,distance_low_24,forward_12h_return,spearman,-0.09707156708277785,223
B_opportunities,2019,distance_high_168,forward_12h_return,pearson,-0.00672303781194653,223
B_opportunities,2019,distance_high_168,forward_12h_return,spearman,0.04223297608947832,223
B_opportunities,2019,distance_low_168,forward_12h_return,pearson,0.042963492153368706,223
B_opportunities,2019,distance_low_168,forward_12h_return,spearman,-0.06648977613103173,223
B_opportunities,2019,candles_since_prior_signal,forward_12h_return,pearson,0.013746798194975115,223
B_opportunities,2019,candles_since_prior_signal,forward_12h_return,spearman,-0.08747129494221291,223
B_opportunities,2019,return_1h,forward_12h_return,pearson,0.05524284944424829,223
B_opportunities,2019,return_1h,forward_12h_return,spearman,-0.06959437817061136,223
B_opportunities,2019,return_3h,forward_12h_return,pearson,0.09133101653267282,223
B_opportunities,2019,return_3h,forward_12h_return,spearman,0.03354626753745002,223
B_opportunities,2019,return_6h,forward_12h_return,pearson,0.12071929052466311,223
B_opportunities,2019,return_6h,forward_12h_return,spearman,0.043038073307131594,223
B_opportunities,2019,return_12h,forward_12h_return,pearson,0.05785678839070786,223
B_opportunities,2019,return_12h,forward_12h_return,spearman,-0.0065673857714216455,223
B_opportunities,2019,return_24h,forward_12h_return,pearson,-0.04512495203284323,223
B_opportunities,2019,return_24h,forward_12h_return,spearman,-0.12885667538133905,223
B_opportunities,2019,return_72h,forward_12h_return,pearson,-0.051351863003600194,223
B_opportunities,2019,return_72h,forward_12h_return,spearman,-0.030119725747528435,223
B_opportunities,2019,return_168h,forward_12h_return,pearson,0.03386541454666306,223
B_opportunities,2019,return_168h,forward_12h_return,spearman,0.022077410530325324,223
B_opportunities,2019,volatility_ratio_24_168,forward_12h_return,pearson,-0.010377200068078619,223
B_opportunities,2019,volatility_ratio_24_168,forward_12h_return,spearman,-0.02249078033831397,223
B_opportunities,2019,natr_ratio_168,forward_12h_return,pearson,0.02593759978443427,223
B_opportunities,2019,natr_ratio_168,forward_12h_return,spearman,-0.004262470349914296,223
B_opportunities,2019,up_fraction_24,forward_12h_return,pearson,0.08459449174533894,223
B_opportunities,2019,up_fraction_24,forward_12h_return,spearman,0.0656688093760281,223
B_opportunities,2019,volume_price_interaction,forward_12h_return,pearson,0.010062160185797676,223
B_opportunities,2019,volume_price_interaction,forward_12h_return,spearman,-0.06113220042592239,223
B_opportunities,2019,range_expansion_24,forward_12h_return,pearson,0.028981176831939476,223
B_opportunities,2019,range_expansion_24,forward_12h_return,spearman,0.052197136277853766,223
B_opportunities,2019,signal_density_168,forward_12h_return,pearson,0.05995476401589149,223
B_opportunities,2019,signal_density_168,forward_12h_return,spearman,0.08402309494795271,223
B_opportunities,2019,ema20_distance,forward_24h_return,pearson,0.06925910198907774,223
B_opportunities,2019,ema20_distance,forward_24h_return,spearman,0.017523849922953062,223
B_opportunities,2019,ema50_distance,forward_24h_return,pearson,0.05160496515779214,223
B_opportunities,2019,ema50_distance,forward_24h_return,spearman,-0.003898878058070883,223
B_opportunities,2019,ema_gap,forward_24h_return,pearson,-0.011308087179961271,223
B_opportunities,2019,ema_gap,forward_24h_return,spearman,-0.009282424641169035,223
B_opportunities,2019,ema20_slope_6,forward_24h_return,pearson,-0.013067223459466022,223
B_opportunities,2019,ema20_slope_6,forward_24h_return,spearman,0.0223749935072805,223
B_opportunities,2019,ema50_slope_6,forward_24h_return,pearson,-0.02177157436101462,223
B_opportunities,2019,ema50_slope_6,forward_24h_return,spearman,-0.014266668975189153,223
B_opportunities,2019,trend_efficiency_20,forward_24h_return,pearson,0.023655686314021908,223
B_opportunities,2019,trend_efficiency_20,forward_24h_return,spearman,-0.011633871219073012,223
B_opportunities,2019,range_ratio,forward_24h_return,pearson,0.06890045955255367,223
B_opportunities,2019,range_ratio,forward_24h_return,spearman,0.06173277697941375,223
B_opportunities,2019,body_to_range,forward_24h_return,pearson,0.11025788277983713,223
B_opportunities,2019,body_to_range,forward_24h_return,spearman,0.10440834011461814,223
B_opportunities,2019,close_location,forward_24h_return,pearson,0.07042949406620176,223
B_opportunities,2019,close_location,forward_24h_return,spearman,0.04278485724674065,223
B_opportunities,2019,natr14,forward_24h_return,pearson,0.03302902762937899,223
B_opportunities,2019,natr14,forward_24h_return,spearman,0.052664612081652434,223
B_opportunities,2019,return_std_24,forward_24h_return,pearson,-0.026982268044135366,223
B_opportunities,2019,return_std_24,forward_24h_return,spearman,0.005810983949997402,223
B_opportunities,2019,return_std_168,forward_24h_return,pearson,0.02114948251806115,223
B_opportunities,2019,return_std_168,forward_24h_return,spearman,0.008491394982426372,223
B_opportunities,2019,volatility_percentile_720,forward_24h_return,pearson,0.05748393921648808,223
B_opportunities,2019,volatility_percentile_720,forward_24h_return,spearman,0.06203608541556171,223
B_opportunities,2019,rsi14,forward_24h_return,pearson,0.09742389926570917,223
B_opportunities,2019,rsi14,forward_24h_return,spearman,0.04385507384386308,223
B_opportunities,2019,macd_ratio,forward_24h_return,pearson,-0.02467686437068506,223
B_opportunities,2019,macd_ratio,forward_24h_return,spearman,0.0036012950811157084,223
B_opportunities,2019,macd_signal_ratio,forward_24h_return,pearson,-0.0875076647403221,223
B_opportunities,2019,macd_signal_ratio,forward_24h_return,spearman,-0.018351671658846547,223
B_opportunities,2019,relative_volume_24,forward_24h_return,pearson,0.028543659515633917,223
B_opportunities,2019,relative_volume_24,forward_24h_return,spearman,-0.003891303218657479,223
B_opportunities,2019,volume_zscore_24,forward_24h_return,pearson,0.018160545327655056,223
B_opportunities,2019,volume_zscore_24,forward_24h_return,spearman,-0.04736547085201793,223
B_opportunities,2019,volume_trend_24_168,forward_24h_return,pearson,0.0408161141774487,223
B_opportunities,2019,volume_trend_24_168,forward_24h_return,spearman,0.09213818238481915,223
B_opportunities,2019,regime_duration,forward_24h_return,pearson,0.07345902000202664,223
B_opportunities,2019,regime_duration,forward_24h_return,spearman,0.08309293701886929,223
B_opportunities,2019,regime_transition,forward_24h_return,pearson,0.038881569260186356,223
B_opportunities,2019,regime_transition,forward_24h_return,spearman,0.003106572702482013,223
B_opportunities,2019,hour_of_day,forward_24h_return,pearson,0.044139079916251246,223
B_opportunities,2019,hour_of_day,forward_24h_return,spearman,0.05118665315833064,223
B_opportunities,2019,day_of_week,forward_24h_return,pearson,0.07270468284399562,223
B_opportunities,2019,day_of_week,forward_24h_return,spearman,0.10231922210880219,223
B_opportunities,2019,distance_high_24,forward_24h_return,pearson,0.0727113262690542,223
B_opportunities,2019,distance_high_24,forward_24h_return,spearman,0.05462108489014318,223
B_opportunities,2019,distance_low_24,forward_24h_return,pearson,0.017131651973281706,223
B_opportunities,2019,distance_low_24,forward_24h_return,spearman,0.013873859445608325,223
B_opportunities,2019,distance_high_168,forward_24h_return,pearson,0.029638348211806883,223
B_opportunities,2019,distance_high_168,forward_24h_return,spearman,-0.018719592430354762,223
B_opportunities,2019,distance_low_168,forward_24h_return,pearson,0.05708968886992279,223
B_opportunities,2019,distance_low_168,forward_24h_return,spearman,-0.0015279533216752946,223
B_opportunities,2019,candles_since_prior_signal,forward_24h_return,pearson,0.007908348794972452,223
B_opportunities,2019,candles_since_prior_signal,forward_24h_return,spearman,-0.0011747250707961044,223
B_opportunities,2019,return_1h,forward_24h_return,pearson,0.02508959395943364,223
B_opportunities,2019,return_1h,forward_24h_return,spearman,-0.019509539969181224,223
B_opportunities,2019,return_3h,forward_24h_return,pearson,0.0989005255221285,223
B_opportunities,2019,return_3h,forward_24h_return,spearman,0.06644326294953207,223
B_opportunities,2019,return_6h,forward_24h_return,pearson,0.13222815619518005,223
B_opportunities,2019,return_6h,forward_24h_return,spearman,0.05348702321796492,223
B_opportunities,2019,return_12h,forward_24h_return,pearson,0.06938243471272076,223
B_opportunities,2019,return_12h,forward_24h_return,spearman,0.07280502796197863,223
B_opportunities,2019,return_24h,forward_24h_return,pearson,-0.015170368524719752,223
B_opportunities,2019,return_24h,forward_24h_return,spearman,0.020138251640493793,223
B_opportunities,2019,return_72h,forward_24h_return,pearson,-0.006122894237039921,223
B_opportunities,2019,return_72h,forward_24h_return,spearman,-0.049720163789670514,223
B_opportunities,2019,return_168h,forward_24h_return,pearson,0.07505695957987187,223
B_opportunities,2019,return_168h,forward_24h_return,spearman,-0.007347594231002301,223
B_opportunities,2019,volatility_ratio_24_168,forward_24h_return,pearson,-0.03306819428811063,223
B_opportunities,2019,volatility_ratio_24_168,forward_24h_return,spearman,-0.016625690392506536,223
B_opportunities,2019,natr_ratio_168,forward_24h_return,pearson,0.024000820497366043,223
B_opportunities,2019,natr_ratio_168,forward_24h_return,spearman,0.08100425056703084,223
B_opportunities,2019,up_fraction_24,forward_24h_return,pearson,0.08866112280694927,223
B_opportunities,2019,up_fraction_24,forward_24h_return,spearman,0.11401547059643871,223
B_opportunities,2019,volume_price_interaction,forward_24h_return,pearson,0.0038360889668436226,223
B_opportunities,2019,volume_price_interaction,forward_24h_return,spearman,0.0001028013920390602,223
B_opportunities,2019,range_expansion_24,forward_24h_return,pearson,0.052816394671677605,223
B_opportunities,2019,range_expansion_24,forward_24h_return,spearman,0.062032524196201325,223
B_opportunities,2019,signal_density_168,forward_24h_return,pearson,0.06603639857037417,223
B_opportunities,2019,signal_density_168,forward_24h_return,spearman,0.03708026696395621,223
B_opportunities,2019,ema20_distance,forward_48h_return,pearson,0.07131499656332033,223
B_opportunities,2019,ema20_distance,forward_48h_return,spearman,0.04987923541735201,223
B_opportunities,2019,ema50_distance,forward_48h_return,pearson,0.07410884021211415,223
B_opportunities,2019,ema50_distance,forward_48h_return,spearman,0.039124045570233905,223
B_opportunities,2019,ema_gap,forward_48h_return,pearson,0.046640663752746,223
B_opportunities,2019,ema_gap,forward_48h_return,spearman,0.026447010751943483,223
B_opportunities,2019,ema20_slope_6,forward_48h_return,pearson,0.06937495129183027,223
B_opportunities,2019,ema20_slope_6,forward_48h_return,spearman,0.09509886247554407,223
B_opportunities,2019,ema50_slope_6,forward_48h_return,pearson,0.06704683496601922,223
B_opportunities,2019,ema50_slope_6,forward_48h_return,spearman,0.04710467995221358,223
B_opportunities,2019,trend_efficiency_20,forward_48h_return,pearson,0.007144918638272254,223
B_opportunities,2019,trend_efficiency_20,forward_48h_return,spearman,-0.003368639299132572,223
B_opportunities,2019,range_ratio,forward_48h_return,pearson,0.018872975715076755,223
B_opportunities,2019,range_ratio,forward_48h_return,spearman,0.05199261561369184,223
B_opportunities,2019,body_to_range,forward_48h_return,pearson,0.015317139876309662,223
B_opportunities,2019,body_to_range,forward_48h_return,spearman,0.031208338383226272,223
B_opportunities,2019,close_location,forward_48h_return,pearson,-0.003993653854442283,223
B_opportunities,2019,close_location,forward_48h_return,spearman,-0.019119976799348994,223
B_opportunities,2019,natr14,forward_48h_return,pearson,0.030594827116548765,223
B_opportunities,2019,natr14,forward_48h_return,spearman,0.08895133923160828,223
B_opportunities,2019,return_std_24,forward_48h_return,pearson,0.022567838305262253,223
B_opportunities,2019,return_std_24,forward_48h_return,spearman,0.07803599563689248,223
B_opportunities,2019,return_std_168,forward_48h_return,pearson,-0.027144665043846373,223
B_opportunities,2019,return_std_168,forward_48h_return,spearman,0.022608731409179836,223
B_opportunities,2019,volatility_percentile_720,forward_48h_return,pearson,0.07077595478585218,223
B_opportunities,2019,volatility_percentile_720,forward_48h_return,spearman,0.11407649125354646,223
B_opportunities,2019,rsi14,forward_48h_return,pearson,0.11161664713206605,223
B_opportunities,2019,rsi14,forward_48h_return,spearman,0.06530485482279204,223
B_opportunities,2019,macd_ratio,forward_48h_return,pearson,0.06288766224437858,223
B_opportunities,2019,macd_ratio,forward_48h_return,spearman,0.06920481500077913,223
B_opportunities,2019,macd_signal_ratio,forward_48h_return,pearson,0.03045039411203803,223
B_opportunities,2019,macd_signal_ratio,forward_48h_return,spearman,0.049884646016933,223
B_opportunities,2019,relative_volume_24,forward_48h_return,pearson,-0.002188643832792694,223
B_opportunities,2019,relative_volume_24,forward_48h_return,spearman,0.004992901293349724,223
B_opportunities,2019,volume_zscore_24,forward_48h_return,pearson,0.010357505044134914,223
B_opportunities,2019,volume_zscore_24,forward_48h_return,spearman,0.014469025399518672,223
B_opportunities,2019,volume_trend_24_168,forward_48h_return,pearson,0.11057581864474397,223
B_opportunities,2019,volume_trend_24_168,forward_48h_return,spearman,0.1715181709576328,223
B_opportunities,2019,regime_duration,forward_48h_return,pearson,0.10990352470753995,223
B_opportunities,2019,regime_duration,forward_48h_return,spearman,0.11702313102617003,223
B_opportunities,2019,regime_transition,forward_48h_return,pearson,-0.07001213866229199,223
B_opportunities,2019,regime_transition,forward_48h_return,spearman,-0.09526822954278172,223
B_opportunities,2019,hour_of_day,forward_48h_return,pearson,0.059485649183239876,223
B_opportunities,2019,hour_of_day,forward_48h_return,spearman,0.03873706071617706,223
B_opportunities,2019,day_of_week,forward_48h_return,pearson,0.048670755845932445,223
B_opportunities,2019,day_of_week,forward_48h_return,spearman,0.05798216923875753,223
B_opportunities,2019,distance_high_24,forward_48h_return,pearson,-0.00781097051445372,223
B_opportunities,2019,distance_high_24,forward_48h_return,spearman,-0.01726522326298111,223
B_opportunities,2019,distance_low_24,forward_48h_return,pearson,0.0461730404585795,223
B_opportunities,2019,distance_low_24,forward_48h_return,spearman,0.08346390913655488,223
B_opportunities,2019,distance_high_168,forward_48h_return,pearson,0.04916835086003867,223
B_opportunities,2019,distance_high_168,forward_48h_return,spearman,0.008795470678878752,223
B_opportunities,2019,distance_low_168,forward_48h_return,pearson,0.015358070537396736,223
B_opportunities,2019,distance_low_168,forward_48h_return,spearman,-0.008379936631057707,223
B_opportunities,2019,candles_since_prior_signal,forward_48h_return,pearson,-0.015288345166376643,223
B_opportunities,2019,candles_since_prior_signal,forward_48h_return,spearman,-0.030608865870471687,223
B_opportunities,2019,return_1h,forward_48h_return,pearson,-0.034589902639253704,223
B_opportunities,2019,return_1h,forward_48h_return,spearman,-0.09579899406132589,223
B_opportunities,2019,return_3h,forward_48h_return,pearson,0.05110852038673626,223
B_opportunities,2019,return_3h,forward_48h_return,spearman,0.06598823140167001,223
B_opportunities,2019,return_6h,forward_48h_return,pearson,0.08764024193704596,223
B_opportunities,2019,return_6h,forward_48h_return,spearman,0.06614025139809894,223
B_opportunities,2019,return_12h,forward_48h_return,pearson,0.11511728611155787,223
B_opportunities,2019,return_12h,forward_48h_return,spearman,0.1033359592776633,223
B_opportunities,2019,return_24h,forward_48h_return,pearson,0.059016568343653826,223
B_opportunities,2019,return_24h,forward_48h_return,spearman,0.05392311754419377,223
B_opportunities,2019,return_72h,forward_48h_return,pearson,0.03189735348701107,223
B_opportunities,2019,return_72h,forward_48h_return,spearman,0.006963441660751078,223
B_opportunities,2019,return_168h,forward_48h_return,pearson,-0.021423951785126523,223
B_opportunities,2019,return_168h,forward_48h_return,spearman,-0.05609817857575705,223
B_opportunities,2019,volatility_ratio_24_168,forward_48h_return,pearson,0.05743289118169544,223
B_opportunities,2019,volatility_ratio_24_168,forward_48h_return,spearman,0.09030723548660767,223
B_opportunities,2019,natr_ratio_168,forward_48h_return,pearson,0.09408227972393601,223
B_opportunities,2019,natr_ratio_168,forward_48h_return,spearman,0.16736715895908721,223
B_opportunities,2019,up_fraction_24,forward_48h_return,pearson,0.1811394861634366,223
B_opportunities,2019,up_fraction_24,forward_48h_return,spearman,0.15940029093556612,223
B_opportunities,2019,volume_price_interaction,forward_48h_return,pearson,-0.02801846338811171,223
B_opportunities,2019,volume_price_interaction,forward_48h_return,spearman,-0.08228115206814757,223
B_opportunities,2019,range_expansion_24,forward_48h_return,pearson,0.004108359069336435,223
B_opportunities,2019,range_expansion_24,forward_48h_return,spearman,0.012877227002787539,223
B_opportunities,2019,signal_density_168,forward_48h_return,pearson,0.010363107533805453,223
B_opportunities,2019,signal_density_168,forward_48h_return,spearman,0.050591840369264396,223
B_opportunities,2020,ema20_distance,net_profit_ratio,pearson,0.19023082794818696,210
B_opportunities,2020,ema20_distance,net_profit_ratio,spearman,0.09624384096821113,210
B_opportunities,2020,ema50_distance,net_profit_ratio,pearson,0.2531348501501411,210
B_opportunities,2020,ema50_distance,net_profit_ratio,spearman,0.13973300333988783,210
B_opportunities,2020,ema_gap,net_profit_ratio,pearson,0.2513070136224447,210
B_opportunities,2020,ema_gap,net_profit_ratio,spearman,0.22145691674252413,210
B_opportunities,2020,ema20_slope_6,net_profit_ratio,pearson,0.2547232206058661,210
B_opportunities,2020,ema20_slope_6,net_profit_ratio,spearman,0.1548509360432533,210
B_opportunities,2020,ema50_slope_6,net_profit_ratio,pearson,0.29908877940211487,210
B_opportunities,2020,ema50_slope_6,net_profit_ratio,spearman,0.22704823238622188,210
B_opportunities,2020,trend_efficiency_20,net_profit_ratio,pearson,0.12326504733614212,210
B_opportunities,2020,trend_efficiency_20,net_profit_ratio,spearman,0.08894597545133838,210
B_opportunities,2020,range_ratio,net_profit_ratio,pearson,-0.04033130728203196,210
B_opportunities,2020,range_ratio,net_profit_ratio,spearman,-0.08175825172582468,210
B_opportunities,2020,body_to_range,net_profit_ratio,pearson,-0.08355529670879927,210
B_opportunities,2020,body_to_range,net_profit_ratio,spearman,-0.09943795291762365,210
B_opportunities,2020,close_location,net_profit_ratio,pearson,-0.025796801612252975,210
B_opportunities,2020,close_location,net_profit_ratio,spearman,-0.030311668874901602,210
B_opportunities,2020,natr14,net_profit_ratio,pearson,-0.09186971519187673,210
B_opportunities,2020,natr14,net_profit_ratio,spearman,-0.018092408962950245,210
B_opportunities,2020,return_std_24,net_profit_ratio,pearson,-0.0341701698332042,210
B_opportunities,2020,return_std_24,net_profit_ratio,spearman,0.059238790643130874,210
B_opportunities,2020,return_std_168,net_profit_ratio,pearson,-0.07015670062480955,210
B_opportunities,2020,return_std_168,net_profit_ratio,spearman,-0.07322031921682708,210
B_opportunities,2020,volatility_percentile_720,net_profit_ratio,pearson,0.020327361366453172,210
B_opportunities,2020,volatility_percentile_720,net_profit_ratio,spearman,0.01923747874633067,210
B_opportunities,2020,rsi14,net_profit_ratio,pearson,0.11058321818923789,210
B_opportunities,2020,rsi14,net_profit_ratio,spearman,0.05982837317334698,210
B_opportunities,2020,macd_ratio,net_profit_ratio,pearson,0.25333531765847567,210
B_opportunities,2020,macd_ratio,net_profit_ratio,spearman,0.14990880907568363,210
B_opportunities,2020,macd_signal_ratio,net_profit_ratio,pearson,0.23790586100166838,210
B_opportunities,2020,macd_signal_ratio,net_profit_ratio,spearman,0.16279151130735067,210
B_opportunities,2020,relative_volume_24,net_profit_ratio,pearson,-0.046780907858754134,210
B_opportunities,2020,relative_volume_24,net_profit_ratio,spearman,-0.051554780963611095,210
B_opportunities,2020,volume_zscore_24,net_profit_ratio,pearson,-0.0647666449402708,210
B_opportunities,2020,volume_zscore_24,net_profit_ratio,spearman,-0.023599498530902867,210
B_opportunities,2020,volume_trend_24_168,net_profit_ratio,pearson,0.1479511421647413,210
B_opportunities,2020,volume_trend_24_168,net_profit_ratio,spearman,0.15004875393999864,210
B_opportunities,2020,regime_duration,net_profit_ratio,pearson,0.06816290850078177,210
B_opportunities,2020,regime_duration,net_profit_ratio,spearman,-0.027352692912391088,210
B_opportunities,2020,regime_transition,net_profit_ratio,pearson,-0.02314943872652286,210
B_opportunities,2020,regime_transition,net_profit_ratio,spearman,-0.06123071665550334,210
B_opportunities,2020,hour_of_day,net_profit_ratio,pearson,0.1409702097588863,210
B_opportunities,2020,hour_of_day,net_profit_ratio,spearman,0.15395396929727453,210
B_opportunities,2020,day_of_week,net_profit_ratio,pearson,-0.07428270990471175,210
B_opportunities,2020,day_of_week,net_profit_ratio,spearman,-0.05780424499252762,210
B_opportunities,2020,distance_high_24,net_profit_ratio,pearson,0.14002860852314533,210
B_opportunities,2020,distance_high_24,net_profit_ratio,spearman,0.00983047882524061,210
B_opportunities,2020,distance_low_24,net_profit_ratio,pearson,0.14231351614034538,210
B_opportunities,2020,distance_low_24,net_profit_ratio,spearman,0.07641702273780097,210
B_opportunities,2020,distance_high_168,net_profit_ratio,pearson,0.16141004187178457,210
B_opportunities,2020,distance_high_168,net_profit_ratio,spearman,0.14298412986365094,210
B_opportunities,2020,distance_low_168,net_profit_ratio,pearson,-0.01994893134527566,210
B_opportunities,2020,distance_low_168,net_profit_ratio,spearman,-0.0009102895109380517,210
B_opportunities,2020,candles_since_prior_signal,net_profit_ratio,pearson,0.07405645866768326,210
B_opportunities,2020,candles_since_prior_signal,net_profit_ratio,spearman,0.06524737338825257,210
B_opportunities,2020,return_1h,net_profit_ratio,pearson,-0.07650874213303088,210
B_opportunities,2020,return_1h,net_profit_ratio,spearman,-0.08224287560780452,210
B_opportunities,2020,return_3h,net_profit_ratio,pearson,0.09937086579562403,210
B_opportunities,2020,return_3h,net_profit_ratio,spearman,0.011476126766722924,210
B_opportunities,2020,return_6h,net_profit_ratio,pearson,0.13267801475307958,210
B_opportunities,2020,return_6h,net_profit_ratio,spearman,0.029678029628141877,210
B_opportunities,2020,return_12h,net_profit_ratio,pearson,0.22876084911396508,210
B_opportunities,2020,return_12h,net_profit_ratio,spearman,0.13039686678998227,210
B_opportunities,2020,return_24h,net_profit_ratio,pearson,0.17272321036254656,210
B_opportunities,2020,return_24h,net_profit_ratio,spearman,0.07353649094731658,210
B_opportunities,2020,return_72h,net_profit_ratio,pearson,0.18920886506474016,210
B_opportunities,2020,return_72h,net_profit_ratio,spearman,0.18731814456434062,210
B_opportunities,2020,return_168h,net_profit_ratio,pearson,0.11582423218964194,210
B_opportunities,2020,return_168h,net_profit_ratio,spearman,0.04822331572144493,210
B_opportunities,2020,volatility_ratio_24_168,net_profit_ratio,pearson,0.13646097575010058,210
B_opportunities,2020,volatility_ratio_24_168,net_profit_ratio,spearman,0.13567719384631333,210
B_opportunities,2020,natr_ratio_168,net_profit_ratio,pearson,0.026322419558181473,210
B_opportunities,2020,natr_ratio_168,net_profit_ratio,spearman,0.06108787695218226,210
B_opportunities,2020,up_fraction_24,net_profit_ratio,pearson,0.02650318143515784,210
B_opportunities,2020,up_fraction_24,net_profit_ratio,spearman,-0.010837703492585412,210
B_opportunities,2020,volume_price_interaction,net_profit_ratio,pearson,-0.04682351328442943,210
B_opportunities,2020,volume_price_interaction,net_profit_ratio,spearman,-0.0728924854143113,210
B_opportunities,2020,range_expansion_24,net_profit_ratio,pearson,-0.041884704598427615,210
B_opportunities,2020,range_expansion_24,net_profit_ratio,spearman,-0.08690511284674418,210
B_opportunities,2020,signal_density_168,net_profit_ratio,pearson,-0.029860931482525787,210
B_opportunities,2020,signal_density_168,net_profit_ratio,spearman,-0.038902314311535346,210
B_opportunities,2020,ema20_distance,profitable_after_fees,pearson,0.20312046534810696,210
B_opportunities,2020,ema20_distance,profitable_after_fees,spearman,0.15560897954801778,210
B_opportunities,2020,ema50_distance,profitable_after_fees,pearson,0.21718621454731302,210
B_opportunities,2020,ema50_distance,profitable_after_fees,spearman,0.17388737319555003,210
B_opportunities,2020,ema_gap,profitable_after_fees,pearson,0.15200230982368035,210
B_opportunities,2020,ema_gap,profitable_after_fees,spearman,0.1921657668430823,210
B_opportunities,2020,ema20_slope_6,profitable_after_fees,pearson,0.2705303124363132,210
B_opportunities,2020,ema20_slope_6,profitable_after_fees,spearman,0.22661973009020053,210
B_opportunities,2020,ema50_slope_6,profitable_after_fees,pearson,0.24692528941866254,210
B_opportunities,2020,ema50_slope_6,profitable_after_fees,spearman,0.2447363680417369,210
B_opportunities,2020,trend_efficiency_20,profitable_after_fees,pearson,0.1415178160756208,210
B_opportunities,2020,trend_efficiency_20,profitable_after_fees,spearman,0.14040394412440693,210
B_opportunities,2020,range_ratio,profitable_after_fees,pearson,-0.005189223978548756,210
B_opportunities,2020,range_ratio,profitable_after_fees,spearman,0.00954358606375577,210
B_opportunities,2020,body_to_range,profitable_after_fees,pearson,-0.11021428930362417,210
B_opportunities,2020,body_to_range,profitable_after_fees,spearman,-0.10756753783724722,210
B_opportunities,2020,close_location,profitable_after_fees,pearson,0.003408326707419128,210
B_opportunities,2020,close_location,profitable_after_fees,spearman,-0.005499693663859257,210
B_opportunities,2020,natr14,profitable_after_fees,pearson,0.040828797482822914,210
B_opportunities,2020,natr14,profitable_after_fees,spearman,0.10805280492523481,210
B_opportunities,2020,return_std_24,profitable_after_fees,pearson,0.07204702332204614,210
B_opportunities,2020,return_std_24,profitable_after_fees,spearman,0.14816821753220819,210
B_opportunities,2020,return_std_168,profitable_after_fees,pearson,0.01754900410587732,210
B_opportunities,2020,return_std_168,profitable_after_fees,spearman,0.0025880911359337675,210
B_opportunities,2020,volatility_percentile_720,profitable_after_fees,pearson,0.11543675715042676,210
B_opportunities,2020,volatility_percentile_720,profitable_after_fees,spearman,0.11484799514561758,210
B_opportunities,2020,rsi14,profitable_after_fees,pearson,0.1419578562795284,210
B_opportunities,2020,rsi14,profitable_after_fees,spearman,0.124066618828825,210
B_opportunities,2020,macd_ratio,profitable_after_fees,pearson,0.26524926762019885,210
B_opportunities,2020,macd_ratio,profitable_after_fees,spearman,0.222575837690304,210
B_opportunities,2020,macd_signal_ratio,profitable_after_fees,pearson,0.2294973674400196,210
B_opportunities,2020,macd_signal_ratio,profitable_after_fees,spearman,0.21319400732254415,210
B_opportunities,2020,relative_volume_24,profitable_after_fees,pearson,-0.04747944167804411,210
B_opportunities,2020,relative_volume_24,profitable_after_fees,spearman,-0.040438923998965114,210
B_opportunities,2020,volume_zscore_24,profitable_after_fees,pearson,-0.06586575640624444,210
B_opportunities,2020,volume_zscore_24,profitable_after_fees,spearman,-0.016822592383569493,210
B_opportunities,2020,volume_trend_24_168,profitable_after_fees,pearson,0.2148968868269049,210
B_opportunities,2020,volume_trend_24_168,profitable_after_fees,spearman,0.21060591618661034,210
B_opportunities,2020,regime_duration,profitable_after_fees,pearson,0.10608509633114498,210
B_opportunities,2020,regime_duration,profitable_after_fees,spearman,-0.0021900786564715744,210
B_opportunities,2020,regime_transition,profitable_after_fees,pearson,-0.008770580193070292,210
B_opportunities,2020,regime_transition,profitable_after_fees,spearman,-0.008770580193070292,210
B_opportunities,2020,hour_of_day,profitable_after_fees,pearson,0.1266225634086129,210
B_opportunities,2020,hour_of_day,profitable_after_fees,spearman,0.1318968651719535,210
B_opportunities,2020,day_of_week,profitable_after_fees,pearson,-0.10614789229931783,210
B_opportunities,2020,day_of_week,profitable_after_fees,spearman,-0.10244202963353403,210
B_opportunities,2020,distance_high_24,profitable_after_fees,pearson,0.028434930181954716,210
B_opportunities,2020,distance_high_24,profitable_after_fees,spearman,0.012293432895685396,210
B_opportunities,2020,distance_low_24,profitable_after_fees,pearson,0.2223783145332425,210
B_opportunities,2020,distance_low_24,profitable_after_fees,spearman,0.19782721620293736,210
B_opportunities,2020,distance_high_168,profitable_after_fees,pearson,0.05062659843676609,210
B_opportunities,2020,distance_high_168,profitable_after_fees,spearman,0.09430357076558667,210
B_opportunities,2020,distance_low_168,profitable_after_fees,pearson,0.04128516630999466,210
B_opportunities,2020,distance_low_168,profitable_after_fees,spearman,0.08168662647790954,210
B_opportunities,2020,candles_since_prior_signal,profitable_after_fees,pearson,0.039637994850782135,210
B_opportunities,2020,candles_since_prior_signal,profitable_after_fees,spearman,0.023618451068866734,210
B_opportunities,2020,return_1h,profitable_after_fees,pearson,-0.06998315711190789,210
B_opportunities,2020,return_1h,profitable_after_fees,spearman,-0.048364953102762294,210
B_opportunities,2020,return_3h,profitable_after_fees,pearson,0.06584008327482165,210
B_opportunities,2020,return_3h,profitable_after_fees,spearman,0.032836406287159677,210
B_opportunities,2020,return_6h,profitable_after_fees,pearson,0.15074725396343633,210
B_opportunities,2020,return_6h,profitable_after_fees,spearman,0.09883273025347077,210
B_opportunities,2020,return_12h,profitable_after_fees,pearson,0.2342806890443898,210
B_opportunities,2020,return_12h,profitable_after_fees,spearman,0.18860714153117333,210
B_opportunities,2020,return_24h,profitable_after_fees,pearson,0.20535541021979067,210
B_opportunities,2020,return_24h,profitable_after_fees,spearman,0.16143218460386877,210
B_opportunities,2020,return_72h,profitable_after_fees,pearson,0.10954375698749656,210
B_opportunities,2020,return_72h,profitable_after_fees,spearman,0.17049050357963697,210
B_opportunities,2020,return_168h,profitable_after_fees,pearson,0.025712348914152555,210
B_opportunities,2020,return_168h,profitable_after_fees,spearman,0.008896563279772328,210
B_opportunities,2020,volatility_ratio_24_168,profitable_after_fees,pearson,0.17896139965142846,210
B_opportunities,2020,volatility_ratio_24_168,profitable_after_fees,spearman,0.1818134022993472,210
B_opportunities,2020,natr_ratio_168,profitable_after_fees,pearson,0.10912317351774059,210
B_opportunities,2020,natr_ratio_168,profitable_after_fees,spearman,0.11112616314915616,210
B_opportunities,2020,up_fraction_24,profitable_after_fees,pearson,0.015275615287129058,210
B_opportunities,2020,up_fraction_24,profitable_after_fees,spearman,0.005750701421850294,210
B_opportunities,2020,volume_price_interaction,profitable_after_fees,pearson,-0.055738618622671265,210
B_opportunities,2020,volume_price_interaction,profitable_after_fees,spearman,-0.037042054383052046,210
B_opportunities,2020,range_expansion_24,profitable_after_fees,pearson,-0.09355427252070243,210
B_opportunities,2020,range_expansion_24,profitable_after_fees,spearman,-0.09559761633355354,210
B_opportunities,2020,signal_density_168,profitable_after_fees,pearson,-0.012725695259515528,210
B_opportunities,2020,signal_density_168,profitable_after_fees,spearman,-0.04703545040154226,210
B_opportunities,2020,ema20_distance,return_above_0_5_percent,pearson,0.2498635519833783,210
B_opportunities,2020,ema20_distance,return_above_0_5_percent,spearman,0.20422670670546544,210
B_opportunities,2020,ema50_distance,return_above_0_5_percent,pearson,0.2546208892011003,210
B_opportunities,2020,ema50_distance,return_above_0_5_percent,spearman,0.21129735758174165,210
B_opportunities,2020,ema_gap,return_above_0_5_percent,pearson,0.16042408031756955,210
B_opportunities,2020,ema_gap,return_above_0_5_percent,spearman,0.20225350180976048,210
B_opportunities,2020,ema20_slope_6,return_above_0_5_percent,pearson,0.32127748978963766,210
B_opportunities,2020,ema20_slope_6,return_above_0_5_percent,spearman,0.2828260350510472,210
B_opportunities,2020,ema50_slope_6,return_above_0_5_percent,pearson,0.28074787307023674,210
B_opportunities,2020,ema50_slope_6,return_above_0_5_percent,spearman,0.2833193362749734,210
B_opportunities,2020,trend_efficiency_20,return_above_0_5_percent,pearson,0.20272347807668376,210
B_opportunities,2020,trend_efficiency_20,return_above_0_5_percent,spearman,0.20274680303368672,210
B_opportunities,2020,range_ratio,return_above_0_5_percent,pearson,0.036674513383517626,210
B_opportunities,2020,range_ratio,return_above_0_5_percent,spearman,0.06264925543863312,210
B_opportunities,2020,body_to_range,return_above_0_5_percent,pearson,-0.09009754693846149,210
B_opportunities,2020,body_to_range,return_above_0_5_percent,spearman,-0.08698544915232788,210
B_opportunities,2020,close_location,return_above_0_5_percent,pearson,0.007054433836964712,210
B_opportunities,2020,close_location,return_above_0_5_percent,spearman,0.0011510361891612386,210
B_opportunities,2020,natr14,return_above_0_5_percent,pearson,0.07079045877575946,210
B_opportunities,2020,natr14,return_above_0_5_percent,spearman,0.14782593343656475,210
B_opportunities,2020,return_std_24,return_above_0_5_percent,pearson,0.09942154202191429,210
B_opportunities,2020,return_std_24,return_above_0_5_percent,spearman,0.1881122000572081,210
B_opportunities,2020,return_std_168,return_above_0_5_percent,pearson,0.04924154216618866,210
B_opportunities,2020,return_std_168,return_above_0_5_percent,spearman,0.05574303830366569,210
B_opportunities,2020,volatility_percentile_720,return_above_0_5_percent,pearson,0.1029750204899996,210
B_opportunities,2020,volatility_percentile_720,return_above_0_5_percent,spearman,0.10129246437428954,210
B_opportunities,2020,rsi14,return_above_0_5_percent,pearson,0.18867624092355112,210
B_opportunities,2020,rsi14,return_above_0_5_percent,spearman,0.16246053641304337,210
B_opportunities,2020,macd_ratio,return_above_0_5_percent,pearson,0.3201756641940262,210
B_opportunities,2020,macd_ratio,return_above_0_5_percent,spearman,0.2815105651205772,210
B_opportunities,2020,macd_signal_ratio,return_above_0_5_percent,pearson,0.27725851258229345,210
B_opportunities,2020,macd_signal_ratio,return_above_0_5_percent,spearman,0.26802699833325977,210
B_opportunities,2020,relative_volume_24,return_above_0_5_percent,pearson,-0.026251996859995578,210
B_opportunities,2020,relative_volume_24,return_above_0_5_percent,spearman,-0.018581012767888563,210
B_opportunities,2020,volume_zscore_24,return_above_0_5_percent,pearson,-0.05031998101211866,210
B_opportunities,2020,volume_zscore_24,return_above_0_5_percent,spearman,-0.003288674826174967,210
B_opportunities,2020,volume_trend_24_168,return_above_0_5_percent,pearson,0.21924284839839472,210
B_opportunities,2020,volume_trend_24_168,return_above_0_5_percent,spearman,0.20833755023818415,210
B_opportunities,2020,regime_duration,return_above_0_5_percent,pearson,0.10043877698673337,210
B_opportunities,2020,regime_duration,return_above_0_5_percent,spearman,-0.03430209416674014,210
B_opportunities,2020,regime_transition,return_above_0_5_percent,pearson,0.01783157379053732,210
B_opportunities,2020,regime_transition,return_above_0_5_percent,spearman,0.017831573790537302,210
B_opportunities,2020,hour_of_day,return_above_0_5_percent,pearson,0.1174745274589808,210
B_opportunities,2020,hour_of_day,return_above_0_5_percent,spearman,0.12107581962521208,210
B_opportunities,2020,day_of_week,return_above_0_5_percent,pearson,-0.10946025566408751,210
B_opportunities,2020,day_of_week,return_above_0_5_percent,spearman,-0.10463673722599526,210
B_opportunities,2020,distance_high_24,return_above_0_5_percent,pearson,0.04119253153765062,210
B_opportunities,2020,distance_high_24,return_above_0_5_percent,spearman,0.013319133046008617,210
B_opportunities,2020,distance_low_24,return_above_0_5_percent,pearson,0.274654894772642,210
B_opportunities,2020,distance_low_24,return_above_0_5_percent,spearman,0.2604630462330574,210
B_opportunities,2020,distance_high_168,return_above_0_5_percent,pearson,0.04736186120883872,210
B_opportunities,2020,distance_high_168,return_above_0_5_percent,spearman,0.08698544915232788,210
B_opportunities,2020,distance_low_168,return_above_0_5_percent,pearson,0.06873227085797048,210
B_opportunities,2020,distance_low_168,return_above_0_5_percent,spearman,0.10934843797031765,210
B_opportunities,2020,candles_since_prior_signal,return_above_0_5_percent,pearson,0.05093121887464767,210
B_opportunities,2020,candles_since_prior_signal,return_above_0_5_percent,spearman,0.042756609598346325,210
B_opportunities,2020,return_1h,return_above_0_5_percent,pearson,-0.04994277676180547,210
B_opportunities,2020,return_1h,return_above_0_5_percent,spearman,-0.01989648269835855,210
B_opportunities,2020,return_3h,return_above_0_5_percent,pearson,0.09527027560488485,210
B_opportunities,2020,return_3h,return_above_0_5_percent,spearman,0.05936058061245815,210
B_opportunities,2020,return_6h,return_above_0_5_percent,pearson,0.1768668013651271,210
B_opportunities,2020,return_6h,return_above_0_5_percent,spearman,0.12496964339464875,210
B_opportunities,2020,return_12h,return_above_0_5_percent,pearson,0.27737884305457516,210
B_opportunities,2020,return_12h,return_above_0_5_percent,spearman,0.2387577923803026,210
B_opportunities,2020,return_24h,return_above_0_5_percent,pearson,0.26872681528597947,210
B_opportunities,2020,return_24h,return_above_0_5_percent,spearman,0.224123189403824,210
B_opportunities,2020,return_72h,return_above_0_5_percent,pearson,0.10946624395669713,210
B_opportunities,2020,return_72h,return_above_0_5_percent,spearman,0.1601584640347209,210
B_opportunities,2020,return_168h,return_above_0_5_percent,pearson,0.03345389310447519,210
B_opportunities,2020,return_168h,return_above_0_5_percent,spearman,0.017101109096109828,210
B_opportunities,2020,volatility_ratio_24_168,return_above_0_5_percent,pearson,0.177115285524589,210
B_opportunities,2020,volatility_ratio_24_168,return_above_0_5_percent,spearman,0.18548126019626815,210
B_opportunities,2020,natr_ratio_168,return_above_0_5_percent,pearson,0.10466109749892813,210
B_opportunities,2020,natr_ratio_168,return_above_0_5_percent,spearman,0.10326438954189397,210
B_opportunities,2020,up_fraction_24,return_above_0_5_percent,pearson,0.04854705749644193,210
B_opportunities,2020,up_fraction_24,return_above_0_5_percent,spearman,0.032236021721465384,210
B_opportunities,2020,volume_price_interaction,return_above_0_5_percent,pearson,-0.04225996692000851,210
B_opportunities,2020,volume_price_interaction,return_above_0_5_percent,spearman,-0.011181494408994888,210
B_opportunities,2020,range_expansion_24,return_above_0_5_percent,pearson,-0.06659345855839015,210
B_opportunities,2020,range_expansion_24,return_above_0_5_percent,spearman,-0.06363585788648561,210
B_opportunities,2020,signal_density_168,return_above_0_5_percent,pearson,-0.021021622841568336,210
B_opportunities,2020,signal_density_168,return_above_0_5_percent,spearman,-0.06049417664737231,210
B_opportunities,2020,ema20_distance,return_above_1_percent,pearson,0.24877493486687222,210
B_opportunities,2020,ema20_distance,return_above_1_percent,spearman,0.19809093929597016,210
B_opportunities,2020,ema50_distance,return_above_1_percent,pearson,0.2523353082893402,210
B_opportunities,2020,ema50_distance,return_above_1_percent,spearman,0.20404856153043543,210
B_opportunities,2020,ema_gap,return_above_1_percent,pearson,0.15697576219902587,210
B_opportunities,2020,ema_gap,return_above_1_percent,spearman,0.19775996028294432,210
B_opportunities,2020,ema20_slope_6,return_above_1_percent,pearson,0.309075368755725,210
B_opportunities,2020,ema20_slope_6,return_above_1_percent,spearman,0.2646177209141657,210
B_opportunities,2020,ema50_slope_6,return_above_1_percent,pearson,0.2712517533334176,210
B_opportunities,2020,ema50_slope_6,return_above_1_percent,spearman,0.2666035949923207,210
B_opportunities,2020,trend_efficiency_20,return_above_1_percent,pearson,0.17865542157161973,210
B_opportunities,2020,trend_efficiency_20,return_above_1_percent,spearman,0.1770737719688288,210
B_opportunities,2020,range_ratio,return_above_1_percent,pearson,0.05230030743207415,210
B_opportunities,2020,range_ratio,return_above_1_percent,spearman,0.08340671128251374,210
B_opportunities,2020,body_to_range,return_above_1_percent,pearson,-0.08302276352968013,210
B_opportunities,2020,body_to_range,return_above_1_percent,spearman,-0.07960045263271649,210
B_opportunities,2020,close_location,return_above_1_percent,pearson,0.012179736868021223,210
B_opportunities,2020,close_location,return_above_1_percent,spearman,0.007778006806107433,210
B_opportunities,2020,natr14,return_above_1_percent,pearson,0.08594590498202721,210
B_opportunities,2020,natr14,return_above_1_percent,spearman,0.17061968121482476,210
B_opportunities,2020,return_std_24,return_above_1_percent,pearson,0.11185384600461964,210
B_opportunities,2020,return_std_24,return_above_1_percent,spearman,0.20603443560859053,210
B_opportunities,2020,return_std_168,return_above_1_percent,pearson,0.06637863870415014,210
B_opportunities,2020,return_std_168,return_above_1_percent,spearman,0.08655101190625931,210
B_opportunities,2020,volatility_percentile_720,return_above_1_percent,pearson,0.10540933707779487,210
B_opportunities,2020,volatility_percentile_720,return_above_1_percent,spearman,0.10326675673535746,210
B_opportunities,2020,rsi14,return_above_1_percent,pearson,0.17029491688959178,210
B_opportunities,2020,rsi14,return_above_1_percent,spearman,0.1393421644838821,210
B_opportunities,2020,macd_ratio,return_above_1_percent,pearson,0.31166195852231077,210
B_opportunities,2020,macd_ratio,return_above_1_percent,spearman,0.26743104252488537,210
B_opportunities,2020,macd_signal_ratio,return_above_1_percent,pearson,0.26934000966299876,210
B_opportunities,2020,macd_signal_ratio,return_above_1_percent,spearman,0.2533644344712868,210
B_opportunities,2020,relative_volume_24,return_above_1_percent,pearson,-0.016806906224059313,210
B_opportunities,2020,relative_volume_24,return_above_1_percent,spearman,-0.008274475325646206,210
B_opportunities,2020,volume_zscore_24,return_above_1_percent,pearson,-0.04062195786364157,210
B_opportunities,2020,volume_zscore_24,return_above_1_percent,spearman,0.006619580260516965,210
B_opportunities,2020,volume_trend_24_168,return_above_1_percent,pearson,0.19846076358290954,210
B_opportunities,2020,volume_trend_24_168,return_above_1_percent,spearman,0.18468628926842334,210
B_opportunities,2020,regime_duration,return_above_1_percent,pearson,0.11216698610417006,210
B_opportunities,2020,regime_duration,return_above_1_percent,spearman,-0.014107684810072503,210
B_opportunities,2020,regime_transition,return_above_1_percent,pearson,0.026919095102908304,210
B_opportunities,2020,regime_transition,return_above_1_percent,spearman,0.026919095102908276,210
B_opportunities,2020,hour_of_day,return_above_1_percent,pearson,0.10006264993394313,210
B_opportunities,2020,hour_of_day,return_above_1_percent,spearman,0.10503729311386167,210
B_opportunities,2020,day_of_week,return_above_1_percent,pearson,-0.09574654025721477,210
B_opportunities,2020,day_of_week,return_above_1_percent,spearman,-0.09125627392583921,210
B_opportunities,2020,distance_high_24,return_above_1_percent,pearson,0.034957834950962274,210
B_opportunities,2020,distance_high_24,return_above_1_percent,spearman,0.009929370390775448,210
B_opportunities,2020,distance_low_24,return_above_1_percent,pearson,0.27743986056093967,210
B_opportunities,2020,distance_low_24,return_above_1_percent,spearman,0.25849460917318745,210
B_opportunities,2020,distance_high_168,return_above_1_percent,pearson,0.03887874199588083,210
B_opportunities,2020,distance_high_168,return_above_1_percent,spearman,0.07678713102199679,210
B_opportunities,2020,distance_low_168,return_above_1_percent,pearson,0.08474400198453651,210
B_opportunities,2020,distance_low_168,return_above_1_percent,spearman,0.1323916052103393,210
B_opportunities,2020,candles_since_prior_signal,return_above_1_percent,pearson,0.0714515836006056,210
B_opportunities,2020,candles_since_prior_signal,return_above_1_percent,spearman,0.06777403476859238,210
B_opportunities,2020,return_1h,return_above_1_percent,pearson,-0.04509989583270159,210
B_opportunities,2020,return_1h,return_above_1_percent,spearman,-0.015390524105701943,210
B_opportunities,2020,return_3h,return_above_1_percent,pearson,0.1028571613576736,210
B_opportunities,2020,return_3h,return_above_1_percent,spearman,0.06785069767029889,210
B_opportunities,2020,return_6h,return_above_1_percent,pearson,0.17582261696745807,210
B_opportunities,2020,return_6h,return_above_1_percent,spearman,0.11766303913068905,210
B_opportunities,2020,return_12h,return_above_1_percent,pearson,0.27203779328306804,210
B_opportunities,2020,return_12h,return_above_1_percent,spearman,0.22705160293573187,210
B_opportunities,2020,return_24h,return_above_1_percent,pearson,0.2647758347025406,210
B_opportunities,2020,return_24h,return_above_1_percent,spearman,0.21463988994726255,210
B_opportunities,2020,return_72h,return_above_1_percent,pearson,0.10726398040130725,210
B_opportunities,2020,return_72h,return_above_1_percent,spearman,0.15456719908307112,210
B_opportunities,2020,return_168h,return_above_1_percent,pearson,0.03948753324714767,210
B_opportunities,2020,return_168h,return_above_1_percent,spearman,0.02780223709417125,210
B_opportunities,2020,volatility_ratio_24_168,return_above_1_percent,pearson,0.15412483667246651,210
B_opportunities,2020,volatility_ratio_24_168,return_above_1_percent,spearman,0.15920090526543298,210
B_opportunities,2020,natr_ratio_168,return_above_1_percent,pearson,0.0844582302334754,210
B_opportunities,2020,natr_ratio_168,return_above_1_percent,spearman,0.07877300510015188,210
B_opportunities,2020,up_fraction_24,return_above_1_percent,pearson,0.038823795270320635,210
B_opportunities,2020,up_fraction_24,return_above_1_percent,spearman,0.02109635277633325,210
B_opportunities,2020,volume_price_interaction,return_above_1_percent,pearson,-0.03723650080415897,210
B_opportunities,2020,volume_price_interaction,return_above_1_percent,spearman,-0.0026478321042067857,210
B_opportunities,2020,range_expansion_24,return_above_1_percent,pearson,-0.06113368156371119,210
B_opportunities,2020,range_expansion_24,return_above_1_percent,spearman,-0.06354797050096286,210
B_opportunities,2020,signal_density_168,return_above_1_percent,pearson,-0.02766631590978456,210
B_opportunities,2020,signal_density_168,return_above_1_percent,spearman,-0.07045364786246018,210
B_opportunities,2020,ema20_distance,stoploss_hit,pearson,-0.014197784985339303,210
B_opportunities,2020,ema20_distance,stoploss_hit,spearman,-0.011542463265277457,210
B_opportunities,2020,ema50_distance,stoploss_hit,pearson,-0.1551387688408939,210
B_opportunities,2020,ema50_distance,stoploss_hit,spearman,-0.043348362040708674,210
B_opportunities,2020,ema_gap,stoploss_hit,pearson,-0.3193861884262242,210
B_opportunities,2020,ema_gap,stoploss_hit,spearman,-0.16415947755061275,210
B_opportunities,2020,ema20_slope_6,stoploss_hit,pearson,-0.02338509212238241,210
B_opportunities,2020,ema20_slope_6,stoploss_hit,spearman,0.05129983673456648,210
B_opportunities,2020,ema50_slope_6,stoploss_hit,pearson,-0.20795625512686552,210
B_opportunities,2020,ema50_slope_6,stoploss_hit,spearman,-0.07823225102021389,210
B_opportunities,2020,trend_efficiency_20,stoploss_hit,pearson,0.0025585737277782233,210
B_opportunities,2020,trend_efficiency_20,stoploss_hit,spearman,-0.0015389951020369943,210
B_opportunities,2020,range_ratio,stoploss_hit,pearson,0.14828394070899725,210
B_opportunities,2020,range_ratio,stoploss_hit,spearman,0.1731369489791619,210
B_opportunities,2020,body_to_range,stoploss_hit,pearson,0.05946686965226201,210
B_opportunities,2020,body_to_range,stoploss_hit,spearman,0.060533807346788454,210
B_opportunities,2020,close_location,stoploss_hit,pearson,0.0895684271884397,210
B_opportunities,2020,close_location,stoploss_hit,spearman,0.09157020857120116,210
B_opportunities,2020,natr14,stoploss_hit,pearson,0.3532515535937043,210
B_opportunities,2020,natr14,stoploss_hit,spearman,0.21494631591783356,210
B_opportunities,2020,return_std_24,stoploss_hit,pearson,0.285181872387071,210
B_opportunities,2020,return_std_24,stoploss_hit,spearman,0.1328665771425272,210
B_opportunities,2020,return_std_168,stoploss_hit,pearson,0.30836301022721363,210
B_opportunities,2020,return_std_168,stoploss_hit,spearman,0.19724787224440812,210
B_opportunities,2020,volatility_percentile_720,stoploss_hit,pearson,0.09358638110149628,210
B_opportunities,2020,volatility_percentile_720,stoploss_hit,spearman,0.08477405123848596,210
B_opportunities,2020,rsi14,stoploss_hit,pearson,-0.0012138288906342342,210
B_opportunities,2020,rsi14,stoploss_hit,spearman,-0.011029464897931792,210
B_opportunities,2020,macd_ratio,stoploss_hit,pearson,-0.03840473776874941,210
B_opportunities,2020,macd_ratio,stoploss_hit,spearman,0.051043337550893644,210
B_opportunities,2020,macd_signal_ratio,stoploss_hit,pearson,-0.09355830968881844,210
B_opportunities,2020,macd_signal_ratio,stoploss_hit,spearman,-0.0015389951020369943,210
B_opportunities,2020,relative_volume_24,stoploss_hit,pearson,0.07088647292670168,210
B_opportunities,2020,relative_volume_24,stoploss_hit,spearman,0.0041039869387653185,210
B_opportunities,2020,volume_zscore_24,stoploss_hit,pearson,0.060459558723784446,210
B_opportunities,2020,volume_zscore_24,stoploss_hit,spearman,0.0005129983673456648,210
B_opportunities,2020,volume_trend_24_168,stoploss_hit,pearson,-0.0218247827719064,210
B_opportunities,2020,volume_trend_24_168,stoploss_hit,spearman,-0.02231542897953642,210
B_opportunities,2020,regime_duration,stoploss_hit,pearson,0.06408088019504254,210
B_opportunities,2020,regime_duration,stoploss_hit,spearman,0.041545584706470615,210
B_opportunities,2020,regime_transition,stoploss_hit,pearson,0.055630724989547575,210
B_opportunities,2020,regime_transition,stoploss_hit,spearman,0.05563072498954754,210
B_opportunities,2020,hour_of_day,stoploss_hit,pearson,-0.08031515415618334,210
B_opportunities,2020,hour_of_day,stoploss_hit,spearman,-0.08589460992221253,210
B_opportunities,2020,day_of_week,stoploss_hit,pearson,-0.0374127885777696,210
B_opportunities,2020,day_of_week,stoploss_hit,spearman,-0.03941187453431041,210
B_opportunities,2020,distance_high_24,stoploss_hit,pearson,-0.2505383189125284,210
B_opportunities,2020,distance_high_24,stoploss_hit,spearman,-0.024110923265246244,210
B_opportunities,2020,distance_low_24,stoploss_hit,pearson,0.15441855690629677,210
B_opportunities,2020,distance_low_24,stoploss_hit,spearman,0.15005202244860694,210
B_opportunities,2020,distance_high_168,stoploss_hit,pearson,-0.34081661500195415,210
B_opportunities,2020,distance_high_168,stoploss_hit,spearman,-0.18083192448934685,210
B_opportunities,2020,distance_low_168,stoploss_hit,pearson,0.23219123598056596,210
B_opportunities,2020,distance_low_168,stoploss_hit,spearman,0.15159101755064394,210
B_opportunities,2020,candles_since_prior_signal,stoploss_hit,pearson,-0.03410537215034853,210
B_opportunities,2020,candles_since_prior_signal,stoploss_hit,spearman,-0.010260888130198396,210
B_opportunities,2020,return_1h,stoploss_hit,pearson,0.060054879284367035,210
B_opportunities,2020,return_1h,stoploss_hit,spearman,0.07156327224472026,210
B_opportunities,2020,return_3h,stoploss_hit,pearson,-0.07996791211572435,210
B_opportunities,2020,return_3h,stoploss_hit,spearman,-0.05360832938762198,210
B_opportunities,2020,return_6h,stoploss_hit,pearson,0.006519554468375842,210
B_opportunities,2020,return_6h,stoploss_hit,spearman,0.034627389795832374,210
B_opportunities,2020,return_12h,stoploss_hit,pearson,-0.02649110597449896,210
B_opportunities,2020,return_12h,stoploss_hit,spearman,0.01692894612240694,210
B_opportunities,2020,return_24h,stoploss_hit,pearson,0.01666905646473304,210
B_opportunities,2020,return_24h,stoploss_hit,spearman,0.044374358775400004,210
B_opportunities,2020,return_72h,stoploss_hit,pearson,-0.2507628260403646,210
B_opportunities,2020,return_72h,stoploss_hit,spearman,-0.1787799310199642,210
B_opportunities,2020,return_168h,stoploss_hit,pearson,-0.21185621728632145,210
B_opportunities,2020,return_168h,stoploss_hit,spearman,-0.09593069469363932,210
B_opportunities,2020,volatility_ratio_24_168,stoploss_hit,pearson,-0.07741051138555664,210
B_opportunities,2020,volatility_ratio_24_168,stoploss_hit,spearman,-0.05771231632638729,210
B_opportunities,2020,natr_ratio_168,stoploss_hit,pearson,0.03980584483715483,210
B_opportunities,2020,natr_ratio_168,stoploss_hit,spearman,0.015902949387715606,210
B_opportunities,2020,up_fraction_24,stoploss_hit,pearson,-0.025242752325741556,210
B_opportunities,2020,up_fraction_24,stoploss_hit,spearman,-0.027226729096832016,210
B_opportunities,2020,volume_price_interaction,stoploss_hit,pearson,0.04152171243180977,210
B_opportunities,2020,volume_price_interaction,stoploss_hit,spearman,0.0695112787753376,210
B_opportunities,2020,range_expansion_24,stoploss_hit,pearson,-0.05243483255157214,210
B_opportunities,2020,range_expansion_24,stoploss_hit,spearman,-0.045400355510091334,210
B_opportunities,2020,signal_density_168,stoploss_hit,pearson,-0.012612115548849528,210
B_opportunities,2020,signal_density_168,stoploss_hit,spearman,-0.01043915808581637,210
B_opportunities,2020,ema20_distance,forward_6h_return,pearson,0.10098098532915037,210
B_opportunities,2020,ema20_distance,forward_6h_return,spearman,0.03232402419232053,210
B_opportunities,2020,ema50_distance,forward_6h_return,pearson,0.145890358034975,210
B_opportunities,2020,ema50_distance,forward_6h_return,spearman,0.05586326868442109,210
B_opportunities,2020,ema_gap,forward_6h_return,pearson,0.16217680462729192,210
B_opportunities,2020,ema_gap,forward_6h_return,spearman,0.08971048906194827,210
B_opportunities,2020,ema20_slope_6,forward_6h_return,pearson,0.06995511185470332,210
B_opportunities,2020,ema20_slope_6,forward_6h_return,spearman,-0.00682555159980952,210
B_opportunities,2020,ema50_slope_6,forward_6h_return,pearson,0.1376870780914266,210
B_opportunities,2020,ema50_slope_6,forward_6h_return,spearman,0.06716640804942126,210
B_opportunities,2020,trend_efficiency_20,forward_6h_return,pearson,0.07949367703547455,210
B_opportunities,2020,trend_efficiency_20,forward_6h_return,spearman,-0.0197523105480202,210
B_opportunities,2020,range_ratio,forward_6h_return,pearson,-0.061592549040828504,210
B_opportunities,2020,range_ratio,forward_6h_return,spearman,-0.09888335660348631,210
B_opportunities,2020,body_to_range,forward_6h_return,pearson,-0.05210170780303725,210
B_opportunities,2020,body_to_range,forward_6h_return,spearman,-0.050059444172689364,210
B_opportunities,2020,close_location,forward_6h_return,pearson,0.03600519697991064,210
B_opportunities,2020,close_location,forward_6h_return,spearman,-0.00297577204536546,210
B_opportunities,2020,natr14,forward_6h_return,pearson,-0.1804908912074488,210
B_opportunities,2020,natr14,forward_6h_return,spearman,-0.13621364915952094,210
B_opportunities,2020,return_std_24,forward_6h_return,pearson,-0.29764402691800557,210
B_opportunities,2020,return_std_24,forward_6h_return,spearman,-0.11265496788070994,210
B_opportunities,2020,return_std_168,forward_6h_return,pearson,-0.034488774809901014,210
B_opportunities,2020,return_std_168,forward_6h_return,spearman,-0.10399134415098495,210
B_opportunities,2020,volatility_percentile_720,forward_6h_return,pearson,-0.1580379371824095,210
B_opportunities,2020,volatility_percentile_720,forward_6h_return,spearman,-0.16238344665879215,210
B_opportunities,2020,rsi14,forward_6h_return,pearson,0.06737813590737197,210
B_opportunities,2020,rsi14,forward_6h_return,spearman,0.028574020142989962,210
B_opportunities,2020,macd_ratio,forward_6h_return,pearson,0.058274005693725615,210
B_opportunities,2020,macd_ratio,forward_6h_return,spearman,-0.03226830540375065,210
B_opportunities,2020,macd_signal_ratio,forward_6h_return,pearson,0.03236992493261043,210
B_opportunities,2020,macd_signal_ratio,forward_6h_return,spearman,-0.05575442267884273,210
B_opportunities,2020,relative_volume_24,forward_6h_return,pearson,0.04783520942044828,210
B_opportunities,2020,relative_volume_24,forward_6h_return,spearman,0.06692150453686996,210
B_opportunities,2020,volume_zscore_24,forward_6h_return,pearson,0.05507725689285067,210
B_opportunities,2020,volume_zscore_24,forward_6h_return,spearman,0.10102399471319401,210
B_opportunities,2020,volume_trend_24_168,forward_6h_return,pearson,-0.07805093456931703,210
B_opportunities,2020,volume_trend_24_168,forward_6h_return,spearman,0.01806131010421357,210
B_opportunities,2020,regime_duration,forward_6h_return,pearson,-0.007655347087094095,210
B_opportunities,2020,regime_duration,forward_6h_return,spearman,-0.020572837873838085,210
B_opportunities,2020,regime_transition,forward_6h_return,pearson,0.044623464107280575,210
B_opportunities,2020,regime_transition,forward_6h_return,spearman,0.00727180628094618,210
B_opportunities,2020,hour_of_day,forward_6h_return,pearson,0.13328469382332872,210
B_opportunities,2020,hour_of_day,forward_6h_return,spearman,0.1918603296207998,210
B_opportunities,2020,day_of_week,forward_6h_return,pearson,0.0063791591939636495,210
B_opportunities,2020,day_of_week,forward_6h_return,spearman,-0.0407928641765665,210
B_opportunities,2020,distance_high_24,forward_6h_return,pearson,0.4002594768378378,210
B_opportunities,2020,distance_high_24,forward_6h_return,spearman,0.08712410064368158,210
B_opportunities,2020,distance_low_24,forward_6h_return,pearson,0.024279193428233755,210
B_opportunities,2020,distance_low_24,forward_6h_return,spearman,-0.07971738912123047,210
B_opportunities,2020,distance_high_168,forward_6h_return,pearson,0.10278970379022566,210
B_opportunities,2020,distance_high_168,forward_6h_return,spearman,0.09060458125062765,210
B_opportunities,2020,distance_low_168,forward_6h_return,pearson,-0.02111442700087247,210
B_opportunities,2020,distance_low_168,forward_6h_return,spearman,-0.05582439511100025,210
B_opportunities,2020,candles_since_prior_signal,forward_6h_return,pearson,0.07846702196863724,210
B_opportunities,2020,candles_since_prior_signal,forward_6h_return,spearman,0.02195322903898176,210
B_opportunities,2020,return_1h,forward_6h_return,pearson,0.019876244738131092,210
B_opportunities,2020,return_1h,forward_6h_return,spearman,-0.03247433534288111,210
B_opportunities,2020,return_3h,forward_6h_return,pearson,0.11864073684214589,210
B_opportunities,2020,return_3h,forward_6h_return,spearman,-0.014976044160379407,210
B_opportunities,2020,return_6h,forward_6h_return,pearson,0.07807401104159707,210
B_opportunities,2020,return_6h,forward_6h_return,spearman,0.010556118862429662,210
B_opportunities,2020,return_12h,forward_6h_return,pearson,0.07720722966864155,210
B_opportunities,2020,return_12h,forward_6h_return,spearman,0.06359651822360726,210
B_opportunities,2020,return_24h,forward_6h_return,pearson,0.0020320877209722542,210
B_opportunities,2020,return_24h,forward_6h_return,spearman,-0.11061280949033504,210
B_opportunities,2020,return_72h,forward_6h_return,pearson,0.0851878506586639,210
B_opportunities,2020,return_72h,forward_6h_return,spearman,0.14325754066337754,210
B_opportunities,2020,return_168h,forward_6h_return,pearson,0.0598652156671805,210
B_opportunities,2020,return_168h,forward_6h_return,spearman,0.020665839523409987,210
B_opportunities,2020,volatility_ratio_24_168,forward_6h_return,pearson,-0.1745964027662283,210
B_opportunities,2020,volatility_ratio_24_168,forward_6h_return,spearman,-0.07900211537028698,210
B_opportunities,2020,natr_ratio_168,forward_6h_return,pearson,-0.18963913017805745,210
B_opportunities,2020,natr_ratio_168,forward_6h_return,spearman,-0.1385369930643066,210
B_opportunities,2020,up_fraction_24,forward_6h_return,pearson,0.0007032388658463767,210
B_opportunities,2020,up_fraction_24,forward_6h_return,spearman,-0.09563213780189195,210
B_opportunities,2020,volume_price_interaction,forward_6h_return,pearson,0.021579494692222926,210
B_opportunities,2020,volume_price_interaction,forward_6h_return,spearman,-0.013305776289063891,210
B_opportunities,2020,range_expansion_24,forward_6h_return,pearson,0.034305966861971994,210
B_opportunities,2020,range_expansion_24,forward_6h_return,spearman,0.00635777293297872,210
B_opportunities,2020,signal_density_168,forward_6h_return,pearson,-0.0701511246518326,210
B_opportunities,2020,signal_density_168,forward_6h_return,spearman,-0.05351731072681026,210
B_opportunities,2020,ema20_distance,forward_12h_return,pearson,0.0925025088892613,210
B_opportunities,2020,ema20_distance,forward_12h_return,spearman,0.0506917876336684,210
B_opportunities,2020,ema50_distance,forward_12h_return,pearson,0.15701176550856294,210
B_opportunities,2020,ema50_distance,forward_12h_return,spearman,0.08369545146796331,210
B_opportunities,2020,ema_gap,forward_12h_return,pearson,0.19644190943224368,210
B_opportunities,2020,ema_gap,forward_12h_return,spearman,0.14125036848908135,210
B_opportunities,2020,ema20_slope_6,forward_12h_return,pearson,0.10841574308372727,210
B_opportunities,2020,ema20_slope_6,forward_12h_return,spearman,0.04192968418461059,210
B_opportunities,2020,ema50_slope_6,forward_12h_return,pearson,0.1798033632937874,210
B_opportunities,2020,ema50_slope_6,forward_12h_return,spearman,0.10727227374770401,210
B_opportunities,2020,trend_efficiency_20,forward_12h_return,pearson,0.006703970366958243,210
B_opportunities,2020,trend_efficiency_20,forward_12h_return,spearman,-0.014745394291415742,210
B_opportunities,2020,range_ratio,forward_12h_return,pearson,-0.005118221829829225,210
B_opportunities,2020,range_ratio,forward_12h_return,spearman,-0.07410793247660297,210
B_opportunities,2020,body_to_range,forward_12h_return,pearson,-0.1112609561137179,210
B_opportunities,2020,body_to_range,forward_12h_return,spearman,-0.0753765067559031,210
B_opportunities,2020,close_location,forward_12h_return,pearson,-0.08774042501751828,210
B_opportunities,2020,close_location,forward_12h_return,spearman,-0.039835694363007906,210
B_opportunities,2020,natr14,forward_12h_return,pearson,-0.044038068050890715,210
B_opportunities,2020,natr14,forward_12h_return,spearman,-0.07279141412341711,210
B_opportunities,2020,return_std_24,forward_12h_return,pearson,-0.03978681624629506,210
B_opportunities,2020,return_std_24,forward_12h_return,spearman,-0.04882326453790659,210
B_opportunities,2020,return_std_168,forward_12h_return,pearson,0.13848790461655314,210
B_opportunities,2020,return_std_168,forward_12h_return,spearman,-0.07592462414113697,210
B_opportunities,2020,volatility_percentile_720,forward_12h_return,pearson,-0.008913541710638411,210
B_opportunities,2020,volatility_percentile_720,forward_12h_return,spearman,-0.06779960809005028,210
B_opportunities,2020,rsi14,forward_12h_return,pearson,0.02695508762268366,210
B_opportunities,2020,rsi14,forward_12h_return,spearman,0.03182385088097236,210
B_opportunities,2020,macd_ratio,forward_12h_return,pearson,0.12242125379502183,210
B_opportunities,2020,macd_ratio,forward_12h_return,spearman,0.017987450314713972,210
B_opportunities,2020,macd_signal_ratio,forward_12h_return,pearson,0.12298353199970073,210
B_opportunities,2020,macd_signal_ratio,forward_12h_return,spearman,-0.0015672529017502828,210
B_opportunities,2020,relative_volume_24,forward_12h_return,pearson,-0.012199659774301068,210
B_opportunities,2020,relative_volume_24,forward_12h_return,spearman,0.03759009760506393,210
B_opportunities,2020,volume_zscore_24,forward_12h_return,pearson,0.005068831831571259,210
B_opportunities,2020,volume_zscore_24,forward_12h_return,spearman,0.06374682937416785,210
B_opportunities,2020,volume_trend_24_168,forward_12h_return,pearson,-0.020436477713090047,210
B_opportunities,2020,volume_trend_24_168,forward_12h_return,spearman,0.04337707690164661,210
B_opportunities,2020,regime_duration,forward_12h_return,pearson,0.21015211180158985,210
B_opportunities,2020,regime_duration,forward_12h_return,spearman,0.035215089497257046,210
B_opportunities,2020,regime_transition,forward_12h_return,pearson,0.0029457479686030145,210
B_opportunities,2020,regime_transition,forward_12h_return,spearman,0.025187850741248363,210
B_opportunities,2020,hour_of_day,forward_12h_return,pearson,0.010173765652808692,210
B_opportunities,2020,hour_of_day,forward_12h_return,spearman,0.07825216182251993,210
B_opportunities,2020,day_of_week,forward_12h_return,pearson,-0.10132052944580687,210
B_opportunities,2020,day_of_week,forward_12h_return,spearman,-0.07617986336295271,210
B_opportunities,2020,distance_high_24,forward_12h_return,pearson,0.11735735699575625,210
B_opportunities,2020,distance_high_24,forward_12h_return,spearman,0.07383322589109569,210
B_opportunities,2020,distance_low_24,forward_12h_return,pearson,0.0662498178742924,210
B_opportunities,2020,distance_low_24,forward_12h_return,spearman,-0.025580754989585123,210
B_opportunities,2020,distance_high_168,forward_12h_return,pearson,-0.027773296300219665,210
B_opportunities,2020,distance_high_168,forward_12h_return,spearman,0.08966254498806256,210
B_opportunities,2020,distance_low_168,forward_12h_return,pearson,0.09947858434116967,210
B_opportunities,2020,distance_low_168,forward_12h_return,spearman,-0.006829438957151604,210
B_opportunities,2020,candles_since_prior_signal,forward_12h_return,pearson,-0.01790823468748081,210
B_opportunities,2020,candles_since_prior_signal,forward_12h_return,spearman,-0.016284953379083512,210
B_opportunities,2020,return_1h,forward_12h_return,pearson,-0.08950518749055922,210
B_opportunities,2020,return_1h,forward_12h_return,spearman,-0.07954245804083669,210
B_opportunities,2020,return_3h,forward_12h_return,pearson,0.08875390503943917,210
B_opportunities,2020,return_3h,forward_12h_return,spearman,0.023091550504870533,210
B_opportunities,2020,return_6h,forward_12h_return,pearson,0.06704377526539082,210
B_opportunities,2020,return_6h,forward_12h_return,spearman,0.04435150780872906,210
B_opportunities,2020,return_12h,forward_12h_return,pearson,0.1160654237904779,210
B_opportunities,2020,return_12h,forward_12h_return,spearman,0.08308902372259819,210
B_opportunities,2020,return_24h,forward_12h_return,pearson,0.06986870429909499,210
B_opportunities,2020,return_24h,forward_12h_return,spearman,-0.03703031814780381,210
B_opportunities,2020,return_72h,forward_12h_return,pearson,0.2226909005700156,210
B_opportunities,2020,return_72h,forward_12h_return,spearman,0.19733068129176884,210
B_opportunities,2020,return_168h,forward_12h_return,pearson,-0.02603613432511798,210
B_opportunities,2020,return_168h,forward_12h_return,spearman,0.05064643513134408,210
B_opportunities,2020,volatility_ratio_24_168,forward_12h_return,pearson,-0.07510291673486424,210
B_opportunities,2020,volatility_ratio_24_168,forward_12h_return,spearman,-0.0062942794297246776,210
B_opportunities,2020,natr_ratio_168,forward_12h_return,pearson,-0.1540821074486931,210
B_opportunities,2020,natr_ratio_168,forward_12h_return,spearman,-0.0847333758782998,210
B_opportunities,2020,up_fraction_24,forward_12h_return,pearson,-0.055892581634454236,210
B_opportunities,2020,up_fraction_24,forward_12h_return,spearman,-0.08324525080058985,210
B_opportunities,2020,volume_price_interaction,forward_12h_return,pearson,-0.06400747444583049,210
B_opportunities,2020,volume_price_interaction,forward_12h_return,spearman,-0.05954459608737483,210
B_opportunities,2020,range_expansion_24,forward_12h_return,pearson,-0.016919995137326158,210
B_opportunities,2020,range_expansion_24,forward_12h_return,spearman,-0.03638890418635991,210
B_opportunities,2020,signal_density_168,forward_12h_return,pearson,0.029534863631673906,210
B_opportunities,2020,signal_density_168,forward_12h_return,spearman,-0.026707653453020425,210
B_opportunities,2020,ema20_distance,forward_24h_return,pearson,0.09388776632110804,210
B_opportunities,2020,ema20_distance,forward_24h_return,spearman,-0.00562694975266689,210
B_opportunities,2020,ema50_distance,forward_24h_return,pearson,0.13134869182253922,210
B_opportunities,2020,ema50_distance,forward_24h_return,spearman,0.01650636716737989,210
B_opportunities,2020,ema_gap,forward_24h_return,pearson,0.13695336590924767,210
B_opportunities,2020,ema_gap,forward_24h_return,spearman,0.1104249205521343,210
B_opportunities,2020,ema20_slope_6,forward_24h_return,pearson,0.10482882298148158,210
B_opportunities,2020,ema20_slope_6,forward_24h_return,spearman,0.02551855727211177,210
B_opportunities,2020,ema50_slope_6,forward_24h_return,pearson,0.14274160638902397,210
B_opportunities,2020,ema50_slope_6,forward_24h_return,spearman,0.0669124340364051,210
B_opportunities,2020,trend_efficiency_20,forward_24h_return,pearson,0.042294213870911444,210
B_opportunities,2020,trend_efficiency_20,forward_24h_return,spearman,-0.0035744250760464283,210
B_opportunities,2020,range_ratio,forward_24h_return,pearson,-0.003548988285752552,210
B_opportunities,2020,range_ratio,forward_24h_return,spearman,-0.07391356460949876,210
B_opportunities,2020,body_to_range,forward_24h_return,pearson,-0.09512399357464338,210
B_opportunities,2020,body_to_range,forward_24h_return,spearman,-0.10965781536996304,210
B_opportunities,2020,close_location,forward_24h_return,pearson,-0.011208185547277039,210
B_opportunities,2020,close_location,forward_24h_return,spearman,-0.02119192855037205,210
B_opportunities,2020,natr14,forward_24h_return,pearson,0.010136824899038898,210
B_opportunities,2020,natr14,forward_24h_return,spearman,-0.02832522927309657,210
B_opportunities,2020,return_std_24,forward_24h_return,pearson,0.026258584344136804,210
B_opportunities,2020,return_std_24,forward_24h_return,spearman,0.01431001026910231,210
B_opportunities,2020,return_std_168,forward_24h_return,pearson,0.1498746864315637,210
B_opportunities,2020,return_std_168,forward_24h_return,spearman,-0.015966024496830183,210
B_opportunities,2020,volatility_percentile_720,forward_24h_return,pearson,-0.000123847018243061,210
B_opportunities,2020,volatility_percentile_720,forward_24h_return,spearman,-0.009923900779925464,210
B_opportunities,2020,rsi14,forward_24h_return,pearson,0.05609746435379311,210
B_opportunities,2020,rsi14,forward_24h_return,spearman,-0.026687356046298426,210
B_opportunities,2020,macd_ratio,forward_24h_return,pearson,0.11891955066555013,210
B_opportunities,2020,macd_ratio,forward_24h_return,spearman,0.00047101813128253635,210
B_opportunities,2020,macd_signal_ratio,forward_24h_return,pearson,0.11438245411331896,210
B_opportunities,2020,macd_signal_ratio,forward_24h_return,spearman,0.027650124881354616,210
B_opportunities,2020,relative_volume_24,forward_24h_return,pearson,-0.015582426373292988,210
B_opportunities,2020,relative_volume_24,forward_24h_return,spearman,-0.04253870350153712,210
B_opportunities,2020,volume_zscore_24,forward_24h_return,pearson,-0.013592364167043323,210
B_opportunities,2020,volume_zscore_24,forward_24h_return,spearman,-0.022845351206538536,210
B_opportunities,2020,volume_trend_24_168,forward_24h_return,pearson,-0.03250897745583252,210
B_opportunities,2020,volume_trend_24_168,forward_24h_return,spearman,0.030198935511981162,210
B_opportunities,2020,regime_duration,forward_24h_return,pearson,0.1940139068215851,210
B_opportunities,2020,regime_duration,forward_24h_return,spearman,0.004972803393717282,210
B_opportunities,2020,regime_transition,forward_24h_return,pearson,-0.045714731163983786,210
B_opportunities,2020,regime_transition,forward_24h_return,spearman,-0.00895802223015109,210
B_opportunities,2020,hour_of_day,forward_24h_return,pearson,0.04895729894822843,210
B_opportunities,2020,hour_of_day,forward_24h_return,spearman,0.07332528195842393,210
B_opportunities,2020,day_of_week,forward_24h_return,pearson,0.0027806606336956666,210
B_opportunities,2020,day_of_week,forward_24h_return,spearman,0.031870632681385236,210
B_opportunities,2020,distance_high_24,forward_24h_return,pearson,0.06298986347120371,210
B_opportunities,2020,distance_high_24,forward_24h_return,spearman,-0.015706867340691235,210
B_opportunities,2020,distance_low_24,forward_24h_return,pearson,0.08136126052982755,210
B_opportunities,2020,distance_low_24,forward_24h_return,spearman,-0.008629285406536591,210
B_opportunities,2020,distance_high_168,forward_24h_return,pearson,-0.013808882830380237,210
B_opportunities,2020,distance_high_168,forward_24h_return,spearman,0.04181047189278668,210
B_opportunities,2020,distance_low_168,forward_24h_return,pearson,0.1329673490275515,210
B_opportunities,2020,distance_low_168,forward_24h_return,spearman,-0.02045203486959536,210
B_opportunities,2020,candles_since_prior_signal,forward_24h_return,pearson,0.09910502753138836,210
B_opportunities,2020,candles_since_prior_signal,forward_24h_return,spearman,0.050702168539899145,210
B_opportunities,2020,return_1h,forward_24h_return,pearson,-0.043838493670020524,210
B_opportunities,2020,return_1h,forward_24h_return,spearman,-0.10409630279922123,210
B_opportunities,2020,return_3h,forward_24h_return,pearson,0.07812062682202033,210
B_opportunities,2020,return_3h,forward_24h_return,spearman,-0.0434807397641022,210
B_opportunities,2020,return_6h,forward_24h_return,pearson,0.04886998963376724,210
B_opportunities,2020,return_6h,forward_24h_return,spearman,-0.020720262526199167,210
B_opportunities,2020,return_12h,forward_24h_return,pearson,0.09518277617485418,210
B_opportunities,2020,return_12h,forward_24h_return,spearman,0.013760597098087742,210
B_opportunities,2020,return_24h,forward_24h_return,pearson,0.11619246288134248,210
B_opportunities,2020,return_24h,forward_24h_return,spearman,-0.02756719459139015,210
B_opportunities,2020,return_72h,forward_24h_return,pearson,0.19590395550560388,210
B_opportunities,2020,return_72h,forward_24h_return,spearman,0.16888170447661593,210
B_opportunities,2020,return_168h,forward_24h_return,pearson,-0.02231168518377789,210
B_opportunities,2020,return_168h,forward_24h_return,spearman,-0.017285134421577423,210
B_opportunities,2020,volatility_ratio_24_168,forward_24h_return,pearson,-0.08640590271737132,210
B_opportunities,2020,volatility_ratio_24_168,forward_24h_return,spearman,0.030827391615618104,210
B_opportunities,2020,natr_ratio_168,forward_24h_return,pearson,-0.13345724242024745,210
B_opportunities,2020,natr_ratio_168,forward_24h_return,spearman,-0.04966682108113886,210
B_opportunities,2020,up_fraction_24,forward_24h_return,pearson,0.03415717482623186,210
B_opportunities,2020,up_fraction_24,forward_24h_return,spearman,-0.03523240795354947,210
B_opportunities,2020,volume_price_interaction,forward_24h_return,pearson,-0.05489701281790846,210
B_opportunities,2020,volume_price_interaction,forward_24h_return,spearman,-0.09581493587480118,210
B_opportunities,2020,range_expansion_24,forward_24h_return,pearson,-0.030892726509560462,210
B_opportunities,2020,range_expansion_24,forward_24h_return,spearman,-0.08814258826730764,210
B_opportunities,2020,signal_density_168,forward_24h_return,pearson,-0.031034945872401323,210
B_opportunities,2020,signal_density_168,forward_24h_return,spearman,-0.03698575272673858,210
B_opportunities,2020,ema20_distance,forward_48h_return,pearson,0.0870381472474285,210
B_opportunities,2020,ema20_distance,forward_48h_return,spearman,0.0294007314710732,210
B_opportunities,2020,ema50_distance,forward_48h_return,pearson,0.19152454247498235,210
B_opportunities,2020,ema50_distance,forward_48h_return,spearman,0.027987029184335245,210
B_opportunities,2020,ema_gap,forward_48h_return,pearson,0.2844594658795763,210
B_opportunities,2020,ema_gap,forward_48h_return,spearman,0.06857103983569436,210
B_opportunities,2020,ema20_slope_6,forward_48h_return,pearson,0.1524633215583325,210
B_opportunities,2020,ema20_slope_6,forward_48h_return,spearman,0.09321170224138545,210
B_opportunities,2020,ema50_slope_6,forward_48h_return,pearson,0.25807693222244615,210
B_opportunities,2020,ema50_slope_6,forward_48h_return,spearman,0.0827365699902492,210
B_opportunities,2020,trend_efficiency_20,forward_48h_return,pearson,0.1332841418708569,210
B_opportunities,2020,trend_efficiency_20,forward_48h_return,spearman,0.04593884539008011,210
B_opportunities,2020,range_ratio,forward_48h_return,pearson,0.007590480128651604,210
B_opportunities,2020,range_ratio,forward_48h_return,spearman,0.01803539438859968,210
B_opportunities,2020,body_to_range,forward_48h_return,pearson,-0.054436718228748036,210
B_opportunities,2020,body_to_range,forward_48h_return,spearman,-0.11757765806156927,210
B_opportunities,2020,close_location,forward_48h_return,pearson,-0.07845595314039333,210
B_opportunities,2020,close_location,forward_48h_return,spearman,-0.0802253371472628,210
B_opportunities,2020,natr14,forward_48h_return,pearson,-0.05780208905659131,210
B_opportunities,2020,natr14,forward_48h_return,spearman,0.0846361919447477,210
B_opportunities,2020,return_std_24,forward_48h_return,pearson,-0.048047741175217255,210
B_opportunities,2020,return_std_24,forward_48h_return,spearman,0.11384709079894911,210
B_opportunities,2020,return_std_168,forward_48h_return,pearson,0.09170329567959656,210
B_opportunities,2020,return_std_168,forward_48h_return,spearman,0.042265292701810536,210
B_opportunities,2020,volatility_percentile_720,forward_48h_return,pearson,-0.009632701988878134,210
B_opportunities,2020,volatility_percentile_720,forward_48h_return,spearman,0.08473185480824393,210
B_opportunities,2020,rsi14,forward_48h_return,pearson,0.07611418737259208,210
B_opportunities,2020,rsi14,forward_48h_return,spearman,-0.012438895601779115,210
B_opportunities,2020,macd_ratio,forward_48h_return,pearson,0.1910638941935984,210
B_opportunities,2020,macd_ratio,forward_48h_return,spearman,0.10080759848781799,210
B_opportunities,2020,macd_signal_ratio,forward_48h_return,pearson,0.24229735470513264,210
B_opportunities,2020,macd_signal_ratio,forward_48h_return,spearman,0.13028154185550042,210
B_opportunities,2020,relative_volume_24,forward_48h_return,pearson,0.0383883094417198,210
B_opportunities,2020,relative_volume_24,forward_48h_return,spearman,-0.0249950598167111,210
B_opportunities,2020,volume_zscore_24,forward_48h_return,pearson,0.04126529891861141,210
B_opportunities,2020,volume_zscore_24,forward_48h_return,spearman,-0.003404677138775418,210
B_opportunities,2020,volume_trend_24_168,forward_48h_return,pearson,-0.09707784084818825,210
B_opportunities,2020,volume_trend_24_168,forward_48h_return,spearman,0.03913726582721345,210
B_opportunities,2020,regime_duration,forward_48h_return,pearson,0.10043698448668748,210
B_opportunities,2020,regime_duration,forward_48h_return,spearman,0.00666874183061812,210
B_opportunities,2020,regime_transition,forward_48h_return,pearson,0.009796859093534107,210
B_opportunities,2020,regime_transition,forward_48h_return,spearman,-0.03994224029679133,210
B_opportunities,2020,hour_of_day,forward_48h_return,pearson,-0.011421421673156122,210
B_opportunities,2020,hour_of_day,forward_48h_return,spearman,0.12746063926451187,210
B_opportunities,2020,day_of_week,forward_48h_return,pearson,0.018004080939582372,210
B_opportunities,2020,day_of_week,forward_48h_return,spearman,-0.007483985854469381,210
B_opportunities,2020,distance_high_24,forward_48h_return,pearson,0.06688077335233085,210
B_opportunities,2020,distance_high_24,forward_48h_return,spearman,-0.06719361955081585,210
B_opportunities,2020,distance_low_24,forward_48h_return,pearson,0.06476203897518354,210
B_opportunities,2020,distance_low_24,forward_48h_return,spearman,0.05761128370257828,210
B_opportunities,2020,distance_high_168,forward_48h_return,pearson,0.0811932840648271,210
B_opportunities,2020,distance_high_168,forward_48h_return,spearman,0.0137217235246669,210
B_opportunities,2020,distance_low_168,forward_48h_return,pearson,0.07477224468141004,210
B_opportunities,2020,distance_low_168,forward_48h_return,spearman,0.025706446210312508,210
B_opportunities,2020,candles_since_prior_signal,forward_48h_return,pearson,-0.00025915856513609564,210
B_opportunities,2020,candles_since_prior_signal,forward_48h_return,spearman,-0.015018209104380602,210
B_opportunities,2020,return_1h,forward_48h_return,pearson,-0.1175697561016113,210
B_opportunities,2020,return_1h,forward_48h_return,spearman,-0.1262037040036541,210
B_opportunities,2020,return_3h,forward_48h_return,pearson,0.04079959546454293,210
B_opportunities,2020,return_3h,forward_48h_return,spearman,-0.02656555218291312,210
B_opportunities,2020,return_6h,forward_48h_return,pearson,0.05080201107649845,210
B_opportunities,2020,return_6h,forward_48h_return,spearman,-0.049284564275833914,210
B_opportunities,2020,return_12h,forward_48h_return,pearson,0.12905228148386724,210
B_opportunities,2020,return_12h,forward_48h_return,spearman,0.06409021260605197,210
B_opportunities,2020,return_24h,forward_48h_return,pearson,0.14067236839674085,210
B_opportunities,2020,return_24h,forward_48h_return,spearman,0.08075790510312834,210
B_opportunities,2020,return_72h,forward_48h_return,pearson,0.24600089574808892,210
B_opportunities,2020,return_72h,forward_48h_return,spearman,0.10594409332249193,210
B_opportunities,2020,return_168h,forward_48h_return,pearson,0.04028970724971005,210
B_opportunities,2020,return_168h,forward_48h_return,spearman,-0.06766787714655012,210
B_opportunities,2020,volatility_ratio_24_168,forward_48h_return,pearson,-0.13072030558729472,210
B_opportunities,2020,volatility_ratio_24_168,forward_48h_return,spearman,0.04162776609770873,210
B_opportunities,2020,natr_ratio_168,forward_48h_return,pearson,-0.17898016392995122,210
B_opportunities,2020,natr_ratio_168,forward_48h_return,spearman,-0.0011966581684715882,210
B_opportunities,2020,up_fraction_24,forward_48h_return,pearson,0.07889204748869205,210
B_opportunities,2020,up_fraction_24,forward_48h_return,spearman,-0.0340622939864729,210
B_opportunities,2020,volume_price_interaction,forward_48h_return,pearson,-0.03874117932751359,210
B_opportunities,2020,volume_price_interaction,forward_48h_return,spearman,-0.1176139400634287,210
B_opportunities,2020,range_expansion_24,forward_48h_return,pearson,0.013234106424864014,210
B_opportunities,2020,range_expansion_24,forward_48h_return,spearman,-0.06338141778401195,210
B_opportunities,2020,signal_density_168,forward_48h_return,pearson,0.02432758208654366,210
B_opportunities,2020,signal_density_168,forward_48h_return,spearman,-0.002681937192338692,210
B_opportunities,2021,ema20_distance,net_profit_ratio,pearson,0.21256204122408515,203
B_opportunities,2021,ema20_distance,net_profit_ratio,spearman,0.11861248425624946,203
B_opportunities,2021,ema50_distance,net_profit_ratio,pearson,0.23441090814009358,203
B_opportunities,2021,ema50_distance,net_profit_ratio,spearman,0.1647807637906648,203
B_opportunities,2021,ema_gap,net_profit_ratio,pearson,0.19409664860023595,203
B_opportunities,2021,ema_gap,net_profit_ratio,spearman,0.1527308772604296,203
B_opportunities,2021,ema20_slope_6,net_profit_ratio,pearson,0.14471073597749273,203
B_opportunities,2021,ema20_slope_6,net_profit_ratio,spearman,0.06839601665179558,203
B_opportunities,2021,ema50_slope_6,net_profit_ratio,pearson,0.1796596215184649,203
B_opportunities,2021,ema50_slope_6,net_profit_ratio,spearman,0.14162776752899864,203
B_opportunities,2021,trend_efficiency_20,net_profit_ratio,pearson,0.1438958438746205,203
B_opportunities,2021,trend_efficiency_20,net_profit_ratio,spearman,0.08499473534719454,203
B_opportunities,2021,range_ratio,net_profit_ratio,pearson,0.11940399784156333,203
B_opportunities,2021,range_ratio,net_profit_ratio,spearman,0.09418564284710129,203
B_opportunities,2021,body_to_range,net_profit_ratio,pearson,-0.03787423975966252,203
B_opportunities,2021,body_to_range,net_profit_ratio,spearman,-0.04007734879544171,203
B_opportunities,2021,close_location,net_profit_ratio,pearson,0.1412288948442783,203
B_opportunities,2021,close_location,net_profit_ratio,spearman,0.14651801314585242,203
B_opportunities,2021,natr14,net_profit_ratio,pearson,-0.0025634355370839626,203
B_opportunities,2021,natr14,net_profit_ratio,spearman,0.035452487584313346,203
B_opportunities,2021,return_std_24,net_profit_ratio,pearson,0.03678667204711074,203
B_opportunities,2021,return_std_24,net_profit_ratio,spearman,0.08624419381955582,203
B_opportunities,2021,return_std_168,net_profit_ratio,pearson,0.050366010277768,203
B_opportunities,2021,return_std_168,net_profit_ratio,spearman,0.018139382758907592,203
B_opportunities,2021,volatility_percentile_720,net_profit_ratio,pearson,-0.024990457034571905,203
B_opportunities,2021,volatility_percentile_720,net_profit_ratio,spearman,-0.013091495943894364,203
B_opportunities,2021,rsi14,net_profit_ratio,pearson,0.14688343018822697,203
B_opportunities,2021,rsi14,net_profit_ratio,spearman,0.09918634575714888,203
B_opportunities,2021,macd_ratio,net_profit_ratio,pearson,0.179854090584887,203
B_opportunities,2021,macd_ratio,net_profit_ratio,spearman,0.10935558928248665,203
B_opportunities,2021,macd_signal_ratio,net_profit_ratio,pearson,0.16221986921535514,203
B_opportunities,2021,macd_signal_ratio,net_profit_ratio,spearman,0.11768722511196354,203
B_opportunities,2021,relative_volume_24,net_profit_ratio,pearson,0.16082035998297123,203
B_opportunities,2021,relative_volume_24,net_profit_ratio,spearman,0.10422004240412451,203
B_opportunities,2021,volume_zscore_24,net_profit_ratio,pearson,0.12296544051974505,203
B_opportunities,2021,volume_zscore_24,net_profit_ratio,spearman,0.08784223829511321,203
B_opportunities,2021,volume_trend_24_168,net_profit_ratio,pearson,-0.02074454116380703,203
B_opportunities,2021,volume_trend_24_168,net_profit_ratio,spearman,-0.007036273027476611,203
B_opportunities,2021,regime_duration,net_profit_ratio,pearson,0.01877544194098803,203
B_opportunities,2021,regime_duration,net_profit_ratio,spearman,-0.09318069960414839,203
B_opportunities,2021,regime_transition,net_profit_ratio,pearson,-0.00044650251651026326,203
B_opportunities,2021,regime_transition,net_profit_ratio,spearman,-0.003864404230775873,203
B_opportunities,2021,hour_of_day,net_profit_ratio,pearson,0.020087856974259934,203
B_opportunities,2021,hour_of_day,net_profit_ratio,spearman,-0.01186391184256119,203
B_opportunities,2021,day_of_week,net_profit_ratio,pearson,-0.04351540923002405,203
B_opportunities,2021,day_of_week,net_profit_ratio,spearman,-0.019834723593747276,203
B_opportunities,2021,distance_high_24,net_profit_ratio,pearson,0.10882314384841876,203
B_opportunities,2021,distance_high_24,net_profit_ratio,spearman,0.10343679977965924,203
B_opportunities,2021,distance_low_24,net_profit_ratio,pearson,0.10359890304407417,203
B_opportunities,2021,distance_low_24,net_profit_ratio,spearman,0.0698649552002433,203
B_opportunities,2021,distance_high_168,net_profit_ratio,pearson,0.1400068743092363,203
B_opportunities,2021,distance_high_168,net_profit_ratio,spearman,0.13666723090738517,203
B_opportunities,2021,distance_low_168,net_profit_ratio,pearson,0.1052970570679537,203
B_opportunities,2021,distance_low_168,net_profit_ratio,spearman,0.08894824573735265,203
B_opportunities,2021,candles_since_prior_signal,net_profit_ratio,pearson,-0.027559011116491405,203
B_opportunities,2021,candles_since_prior_signal,net_profit_ratio,spearman,-0.0019561182562227784,203
B_opportunities,2021,return_1h,net_profit_ratio,pearson,0.11933183259982237,203
B_opportunities,2021,return_1h,net_profit_ratio,spearman,0.09785512019761815,203
B_opportunities,2021,return_3h,net_profit_ratio,pearson,0.13808212363028866,203
B_opportunities,2021,return_3h,net_profit_ratio,spearman,0.0681722330448055,203
B_opportunities,2021,return_6h,net_profit_ratio,pearson,0.20316607365232245,203
B_opportunities,2021,return_6h,net_profit_ratio,spearman,0.1308861543934747,203
B_opportunities,2021,return_12h,net_profit_ratio,pearson,0.1820905965829501,203
B_opportunities,2021,return_12h,net_profit_ratio,spearman,0.10486987557057648,203
B_opportunities,2021,return_24h,net_profit_ratio,pearson,0.12053799882333396,203
B_opportunities,2021,return_24h,net_profit_ratio,spearman,0.12017610048457758,203
B_opportunities,2021,return_72h,net_profit_ratio,pearson,0.11858590308322946,203
B_opportunities,2021,return_72h,net_profit_ratio,spearman,0.0842774801965853,203
B_opportunities,2021,return_168h,net_profit_ratio,pearson,0.13458321103349508,203
B_opportunities,2021,return_168h,net_profit_ratio,spearman,0.1353675645744812,203
B_opportunities,2021,volatility_ratio_24_168,net_profit_ratio,pearson,0.06857705695518897,203
B_opportunities,2021,volatility_ratio_24_168,net_profit_ratio,spearman,0.10430467851189641,203
B_opportunities,2021,natr_ratio_168,net_profit_ratio,pearson,-0.037974187462199674,203
B_opportunities,2021,natr_ratio_168,net_profit_ratio,spearman,0.01430063319284696,203
B_opportunities,2021,up_fraction_24,net_profit_ratio,pearson,0.005935976443965471,203
B_opportunities,2021,up_fraction_24,net_profit_ratio,spearman,-0.018883310816956666,203
B_opportunities,2021,volume_price_interaction,net_profit_ratio,pearson,0.13191265344451794,203
B_opportunities,2021,volume_price_interaction,net_profit_ratio,spearman,0.09479530972511914,203
B_opportunities,2021,range_expansion_24,net_profit_ratio,pearson,0.10780379690897669,203
B_opportunities,2021,range_expansion_24,net_profit_ratio,spearman,0.0811402061678205,203
B_opportunities,2021,signal_density_168,net_profit_ratio,pearson,0.04349036752479719,203
B_opportunities,2021,signal_density_168,net_profit_ratio,spearman,0.03445968957899066,203
B_opportunities,2021,ema20_distance,profitable_after_fees,pearson,0.26179987886074585,203
B_opportunities,2021,ema20_distance,profitable_after_fees,spearman,0.22707077453061783,203
B_opportunities,2021,ema50_distance,profitable_after_fees,pearson,0.2706709308763203,203
B_opportunities,2021,ema50_distance,profitable_after_fees,spearman,0.24862267036685717,203
B_opportunities,2021,ema_gap,profitable_after_fees,pearson,0.18474253980047858,203
B_opportunities,2021,ema_gap,profitable_after_fees,spearman,0.15586331068768297,203
B_opportunities,2021,ema20_slope_6,profitable_after_fees,pearson,0.20647279704928778,203
B_opportunities,2021,ema20_slope_6,profitable_after_fees,spearman,0.1905187591923559,203
B_opportunities,2021,ema50_slope_6,profitable_after_fees,pearson,0.21554336956822326,203
B_opportunities,2021,ema50_slope_6,profitable_after_fees,spearman,0.22258798019668002,203
B_opportunities,2021,trend_efficiency_20,profitable_after_fees,pearson,0.18649486773271715,203
B_opportunities,2021,trend_efficiency_20,profitable_after_fees,spearman,0.17396690319012406,203
B_opportunities,2021,range_ratio,profitable_after_fees,pearson,0.1663271166803237,203
B_opportunities,2021,range_ratio,profitable_after_fees,spearman,0.1384493788520016,203
B_opportunities,2021,body_to_range,profitable_after_fees,pearson,-0.009203847342770629,203
B_opportunities,2021,body_to_range,profitable_after_fees,spearman,-0.019827744169340203,203
B_opportunities,2021,close_location,profitable_after_fees,pearson,0.12151767027296206,203
B_opportunities,2021,close_location,profitable_after_fees,spearman,0.11810438918259164,203
B_opportunities,2021,natr14,profitable_after_fees,pearson,0.06750122420682064,203
B_opportunities,2021,natr14,profitable_after_fees,spearman,0.12638031718370757,203
B_opportunities,2021,return_std_24,profitable_after_fees,pearson,0.09511801077147938,203
B_opportunities,2021,return_std_24,profitable_after_fees,spearman,0.15396674385409392,203
B_opportunities,2021,return_std_168,profitable_after_fees,pearson,0.12086836938274166,203
B_opportunities,2021,return_std_168,profitable_after_fees,spearman,0.12086303184963029,203
B_opportunities,2021,volatility_percentile_720,profitable_after_fees,pearson,0.025506361371193765,203
B_opportunities,2021,volatility_percentile_720,profitable_after_fees,spearman,0.020948690675970424,203
B_opportunities,2021,rsi14,profitable_after_fees,pearson,0.19281268757376657,203
B_opportunities,2021,rsi14,profitable_after_fees,spearman,0.18534630419165843,203
B_opportunities,2021,macd_ratio,profitable_after_fees,pearson,0.23852267982877576,203
B_opportunities,2021,macd_ratio,profitable_after_fees,spearman,0.2163810341958431,203
B_opportunities,2021,macd_signal_ratio,profitable_after_fees,pearson,0.19930644389866742,203
B_opportunities,2021,macd_signal_ratio,profitable_after_fees,spearman,0.1894842681922164,203
B_opportunities,2021,relative_volume_24,profitable_after_fees,pearson,0.16881193104068049,203
B_opportunities,2021,relative_volume_24,profitable_after_fees,spearman,0.1441390793527688,203
B_opportunities,2021,volume_zscore_24,profitable_after_fees,pearson,0.12976921608906247,203
B_opportunities,2021,volume_zscore_24,profitable_after_fees,spearman,0.12396650485004874,203
B_opportunities,2021,volume_trend_24_168,profitable_after_fees,pearson,-0.008021705150836453,203
B_opportunities,2021,volume_trend_24_168,profitable_after_fees,spearman,-0.016034610502162077,203
B_opportunities,2021,regime_duration,profitable_after_fees,pearson,0.043507788982171815,203
B_opportunities,2021,regime_duration,profitable_after_fees,spearman,-0.030206113386510785,203
B_opportunities,2021,regime_transition,profitable_after_fees,pearson,-0.005720030108121265,203
B_opportunities,2021,regime_transition,profitable_after_fees,spearman,-0.005720030108121236,203
B_opportunities,2021,hour_of_day,profitable_after_fees,pearson,0.061007454596643945,203
B_opportunities,2021,hour_of_day,profitable_after_fees,spearman,0.058093964775482766,203
B_opportunities,2021,day_of_week,profitable_after_fees,pearson,-0.09035792301814528,203
B_opportunities,2021,day_of_week,profitable_after_fees,spearman,-0.08957836425639049,203
B_opportunities,2021,distance_high_24,profitable_after_fees,pearson,0.11257627660604667,203
B_opportunities,2021,distance_high_24,profitable_after_fees,spearman,0.147759797853257,203
B_opportunities,2021,distance_low_24,profitable_after_fees,pearson,0.1635263346663413,203
B_opportunities,2021,distance_low_24,profitable_after_fees,spearman,0.17862211269075176,203
B_opportunities,2021,distance_high_168,profitable_after_fees,pearson,0.07728103149357904,203
B_opportunities,2021,distance_high_168,profitable_after_fees,spearman,0.0872420743450969,203
B_opportunities,2021,distance_low_168,profitable_after_fees,pearson,0.1314418487426987,203
B_opportunities,2021,distance_low_168,profitable_after_fees,spearman,0.16327716285534932,203
B_opportunities,2021,candles_since_prior_signal,profitable_after_fees,pearson,-0.015190224238483234,203
B_opportunities,2021,candles_since_prior_signal,profitable_after_fees,spearman,-0.011207922410495251,203
B_opportunities,2021,return_1h,profitable_after_fees,pearson,0.12378852850591048,203
B_opportunities,2021,return_1h,profitable_after_fees,spearman,0.10069045734691026,203
B_opportunities,2021,return_3h,profitable_after_fees,pearson,0.15710147662851906,203
B_opportunities,2021,return_3h,profitable_after_fees,spearman,0.1431045883526293,203
B_opportunities,2021,return_6h,profitable_after_fees,pearson,0.23940247124857195,203
B_opportunities,2021,return_6h,profitable_after_fees,spearman,0.21034650336169608,203
B_opportunities,2021,return_12h,profitable_after_fees,pearson,0.24221440582554918,203
B_opportunities,2021,return_12h,profitable_after_fees,spearman,0.22758802003068757,203
B_opportunities,2021,return_24h,profitable_after_fees,pearson,0.16929443181099318,203
B_opportunities,2021,return_24h,profitable_after_fees,spearman,0.20051883886037092,203
B_opportunities,2021,return_72h,profitable_after_fees,pearson,0.12138835072587743,203
B_opportunities,2021,return_72h,profitable_after_fees,spearman,0.09241452934579433,203
B_opportunities,2021,return_168h,profitable_after_fees,pearson,0.1049550059682781,203
B_opportunities,2021,return_168h,profitable_after_fees,spearman,0.11103536734830513,203
B_opportunities,2021,volatility_ratio_24_168,profitable_after_fees,pearson,0.05690382032204529,203
B_opportunities,2021,volatility_ratio_24_168,profitable_after_fees,spearman,0.05224179550704419,203
B_opportunities,2021,natr_ratio_168,profitable_after_fees,pearson,-0.02868461393906753,203
B_opportunities,2021,natr_ratio_168,profitable_after_fees,spearman,-0.03155197550425441,203
B_opportunities,2021,up_fraction_24,profitable_after_fees,pearson,0.03581336581188575,203
B_opportunities,2021,up_fraction_24,profitable_after_fees,spearman,0.04424535035456164,203
B_opportunities,2021,volume_price_interaction,profitable_after_fees,pearson,0.12666232105716488,203
B_opportunities,2021,volume_price_interaction,profitable_after_fees,spearman,0.09603524784628255,203
B_opportunities,2021,range_expansion_24,profitable_after_fees,pearson,0.11432716824900063,203
B_opportunities,2021,range_expansion_24,profitable_after_fees,spearman,0.05965564767471053,203
B_opportunities,2021,signal_density_168,profitable_after_fees,pearson,0.0174274070454316,203
B_opportunities,2021,signal_density_168,profitable_after_fees,spearman,0.017533951096560117,203
B_opportunities,2021,ema20_distance,return_above_0_5_percent,pearson,0.29874155658799506,203
B_opportunities,2021,ema20_distance,return_above_0_5_percent,spearman,0.26158700760751524,203
B_opportunities,2021,ema50_distance,return_above_0_5_percent,pearson,0.30478012365492724,203
B_opportunities,2021,ema50_distance,return_above_0_5_percent,spearman,0.2865993111237716,203
B_opportunities,2021,ema_gap,return_above_0_5_percent,pearson,0.1979568471880658,203
B_opportunities,2021,ema_gap,return_above_0_5_percent,spearman,0.16970153149571207,203
B_opportunities,2021,ema20_slope_6,return_above_0_5_percent,pearson,0.22311434463485064,203
B_opportunities,2021,ema20_slope_6,return_above_0_5_percent,spearman,0.2073936833222929,203
B_opportunities,2021,ema50_slope_6,return_above_0_5_percent,pearson,0.23176377843299598,203
B_opportunities,2021,ema50_slope_6,return_above_0_5_percent,spearman,0.24334886962691157,203
B_opportunities,2021,trend_efficiency_20,return_above_0_5_percent,pearson,0.20827030169323366,203
B_opportunities,2021,trend_efficiency_20,return_above_0_5_percent,spearman,0.19506122811636095,203
B_opportunities,2021,range_ratio,return_above_0_5_percent,pearson,0.15533400816599627,203
B_opportunities,2021,range_ratio,return_above_0_5_percent,spearman,0.13774136589160663,203
B_opportunities,2021,body_to_range,return_above_0_5_percent,pearson,-0.01903430174566177,203
B_opportunities,2021,body_to_range,return_above_0_5_percent,spearman,-0.03178646905190922,203
B_opportunities,2021,close_location,return_above_0_5_percent,pearson,0.12952401165192007,203
B_opportunities,2021,close_location,return_above_0_5_percent,spearman,0.12784066241642178,203
B_opportunities,2021,natr14,return_above_0_5_percent,pearson,0.06454813683553,203
B_opportunities,2021,natr14,return_above_0_5_percent,spearman,0.12627739344665576,203
B_opportunities,2021,return_std_24,return_above_0_5_percent,pearson,0.09299405716275042,203
B_opportunities,2021,return_std_24,return_above_0_5_percent,spearman,0.1512896969629122,203
B_opportunities,2021,return_std_168,return_above_0_5_percent,pearson,0.10617038161847143,203
B_opportunities,2021,return_std_168,return_above_0_5_percent,spearman,0.11064470374899547,203
B_opportunities,2021,volatility_percentile_720,return_above_0_5_percent,pearson,0.02356458768991184,203
B_opportunities,2021,volatility_percentile_720,return_above_0_5_percent,spearman,0.021625476681189307,203
B_opportunities,2021,rsi14,return_above_0_5_percent,pearson,0.22291184298965006,203
B_opportunities,2021,rsi14,return_above_0_5_percent,spearman,0.21468893851453438,203
B_opportunities,2021,macd_ratio,return_above_0_5_percent,pearson,0.2609581043986118,203
B_opportunities,2021,macd_ratio,return_above_0_5_percent,spearman,0.24369626273130401,203
B_opportunities,2021,macd_signal_ratio,return_above_0_5_percent,pearson,0.21679555278748328,203
B_opportunities,2021,macd_signal_ratio,return_above_0_5_percent,spearman,0.2091306488442552,203
B_opportunities,2021,relative_volume_24,return_above_0_5_percent,pearson,0.17465648266907127,203
B_opportunities,2021,relative_volume_24,return_above_0_5_percent,spearman,0.15406884179805178,203
B_opportunities,2021,volume_zscore_24,return_above_0_5_percent,pearson,0.13357528978719319,203
B_opportunities,2021,volume_zscore_24,return_above_0_5_percent,spearman,0.1335726486388972,203
B_opportunities,2021,volume_trend_24_168,return_above_0_5_percent,pearson,0.018765343474950413,203
B_opportunities,2021,volume_trend_24_168,return_above_0_5_percent,spearman,0.01389572417569802,203
B_opportunities,2021,regime_duration,return_above_0_5_percent,pearson,0.027637756865285554,203
B_opportunities,2021,regime_duration,return_above_0_5_percent,spearman,-0.04599368511469329,203
B_opportunities,2021,regime_transition,return_above_0_5_percent,pearson,0.004610032991012294,203
B_opportunities,2021,regime_transition,return_above_0_5_percent,spearman,0.004610032991012393,203
B_opportunities,2021,hour_of_day,return_above_0_5_percent,pearson,0.07931119646819669,203
B_opportunities,2021,hour_of_day,return_above_0_5_percent,spearman,0.07583124204336006,203
B_opportunities,2021,day_of_week,return_above_0_5_percent,pearson,-0.09893775058689054,203
B_opportunities,2021,day_of_week,return_above_0_5_percent,spearman,-0.09763251512481937,203
B_opportunities,2021,distance_high_24,return_above_0_5_percent,pearson,0.1402665598177706,203
B_opportunities,2021,distance_high_24,return_above_0_5_percent,spearman,0.16414324182543283,203
B_opportunities,2021,distance_low_24,return_above_0_5_percent,pearson,0.1868501154081853,203
B_opportunities,2021,distance_low_24,return_above_0_5_percent,spearman,0.2139941523057495,203
B_opportunities,2021,distance_high_168,return_above_0_5_percent,pearson,0.09476909064893771,203
B_opportunities,2021,distance_high_168,return_above_0_5_percent,spearman,0.11047100719679927,203
B_opportunities,2021,distance_low_168,return_above_0_5_percent,pearson,0.1342134924798825,203
B_opportunities,2021,distance_low_168,return_above_0_5_percent,spearman,0.17508612461379502,203
B_opportunities,2021,candles_since_prior_signal,return_above_0_5_percent,pearson,-0.001301127324242455,203
B_opportunities,2021,candles_since_prior_signal,return_above_0_5_percent,spearman,0.002692521556149461,203
B_opportunities,2021,return_1h,return_above_0_5_percent,pearson,0.1537307837266394,203
B_opportunities,2021,return_1h,return_above_0_5_percent,spearman,0.12262976585053503,203
B_opportunities,2021,return_3h,return_above_0_5_percent,pearson,0.2006964078463452,203
B_opportunities,2021,return_3h,return_above_0_5_percent,spearman,0.17925484186650448,203
B_opportunities,2021,return_6h,return_above_0_5_percent,pearson,0.2779506700917669,203
B_opportunities,2021,return_6h,return_above_0_5_percent,spearman,0.24404365583569648,203
B_opportunities,2021,return_12h,return_above_0_5_percent,pearson,0.26735428066149175,203
B_opportunities,2021,return_12h,return_above_0_5_percent,spearman,0.2457806213576587,203
B_opportunities,2021,return_24h,return_above_0_5_percent,pearson,0.2102541292941807,203
B_opportunities,2021,return_24h,return_above_0_5_percent,spearman,0.24178560065714552,203
B_opportunities,2021,return_72h,return_above_0_5_percent,pearson,0.13726771747735877,203
B_opportunities,2021,return_72h,return_above_0_5_percent,spearman,0.1129027589275464,203
B_opportunities,2021,return_168h,return_above_0_5_percent,pearson,0.11690937843554353,203
B_opportunities,2021,return_168h,return_above_0_5_percent,spearman,0.1189821382544143,203
B_opportunities,2021,volatility_ratio_24_168,return_above_0_5_percent,pearson,0.07369072500652128,203
B_opportunities,2021,volatility_ratio_24_168,return_above_0_5_percent,spearman,0.0736473381311995,203
B_opportunities,2021,natr_ratio_168,return_above_0_5_percent,pearson,-0.0051330397798628295,203
B_opportunities,2021,natr_ratio_168,return_above_0_5_percent,spearman,-0.004863503461494307,203
B_opportunities,2021,up_fraction_24,return_above_0_5_percent,pearson,0.0828734288972919,203
B_opportunities,2021,up_fraction_24,return_above_0_5_percent,spearman,0.07956535225970672,203
B_opportunities,2021,volume_price_interaction,return_above_0_5_percent,pearson,0.15322824143972866,203
B_opportunities,2021,volume_price_interaction,return_above_0_5_percent,spearman,0.11828735204562939,203
B_opportunities,2021,range_expansion_24,return_above_0_5_percent,pearson,0.11396819866688178,203
B_opportunities,2021,range_expansion_24,return_above_0_5_percent,spearman,0.05419332428522228,203
B_opportunities,2021,signal_density_168,return_above_0_5_percent,pearson,0.0050476165495915324,203
B_opportunities,2021,signal_density_168,return_above_0_5_percent,spearman,0.003006683066051264,203
B_opportunities,2021,ema20_distance,return_above_1_percent,pearson,0.33047071760967467,203
B_opportunities,2021,ema20_distance,return_above_1_percent,spearman,0.29621725697142104,203
B_opportunities,2021,ema50_distance,return_above_1_percent,pearson,0.33293524593108126,203
B_opportunities,2021,ema50_distance,return_above_1_percent,spearman,0.31531109553433345,203
B_opportunities,2021,ema_gap,return_above_1_percent,pearson,0.20652712220885608,203
B_opportunities,2021,ema_gap,return_above_1_percent,spearman,0.17815076897689838,203
B_opportunities,2021,ema20_slope_6,return_above_1_percent,pearson,0.244318418325365,203
B_opportunities,2021,ema20_slope_6,return_above_1_percent,spearman,0.2275495072772773,203
B_opportunities,2021,ema50_slope_6,return_above_1_percent,pearson,0.24866877630687634,203
B_opportunities,2021,ema50_slope_6,return_above_1_percent,spearman,0.257504061353039,203
B_opportunities,2021,trend_efficiency_20,return_above_1_percent,pearson,0.23278705930186083,203
B_opportunities,2021,trend_efficiency_20,return_above_1_percent,spearman,0.22141845819744302,203
B_opportunities,2021,range_ratio,return_above_1_percent,pearson,0.17091276696275876,203
B_opportunities,2021,range_ratio,return_above_1_percent,spearman,0.1531010541650041,203
B_opportunities,2021,body_to_range,return_above_1_percent,pearson,-0.010490112275305694,203
B_opportunities,2021,body_to_range,return_above_1_percent,spearman,-0.024524196319337044,203
B_opportunities,2021,close_location,return_above_1_percent,pearson,0.12163565190358658,203
B_opportunities,2021,close_location,return_above_1_percent,spearman,0.1198182163030467,203
B_opportunities,2021,natr14,return_above_1_percent,pearson,0.0742922852869428,203
B_opportunities,2021,natr14,return_above_1_percent,spearman,0.131554795970158,203
B_opportunities,2021,return_std_24,return_above_1_percent,pearson,0.10294045049580568,203
B_opportunities,2021,return_std_24,return_above_1_percent,spearman,0.15835623909057636,203
B_opportunities,2021,return_std_168,return_above_1_percent,pearson,0.12030008674476518,203
B_opportunities,2021,return_std_168,return_above_1_percent,spearman,0.12700030236799542,203
B_opportunities,2021,volatility_percentile_720,return_above_1_percent,pearson,0.02716368678043731,203
B_opportunities,2021,volatility_percentile_720,return_above_1_percent,spearman,0.025137598725271514,203
B_opportunities,2021,rsi14,return_above_1_percent,pearson,0.2537789756235838,203
B_opportunities,2021,rsi14,return_above_1_percent,spearman,0.24576748168592766,203
B_opportunities,2021,macd_ratio,return_above_1_percent,pearson,0.28319884711262194,203
B_opportunities,2021,macd_ratio,return_above_1_percent,spearman,0.26643787572651173,203
B_opportunities,2021,macd_signal_ratio,return_above_1_percent,pearson,0.22809484692730989,203
B_opportunities,2021,macd_signal_ratio,return_above_1_percent,spearman,0.22229432235170507,203
B_opportunities,2021,relative_volume_24,return_above_1_percent,pearson,0.18139432788201565,203
B_opportunities,2021,relative_volume_24,return_above_1_percent,spearman,0.15117415302562764,203
B_opportunities,2021,volume_zscore_24,return_above_1_percent,pearson,0.13606019638589104,203
B_opportunities,2021,volume_zscore_24,return_above_1_percent,spearman,0.12752582086055264,203
B_opportunities,2021,volume_trend_24_168,return_above_1_percent,pearson,0.012656671644762845,203
B_opportunities,2021,volume_trend_24_168,return_above_1_percent,spearman,0.006306221910686669,203
B_opportunities,2021,regime_duration,return_above_1_percent,pearson,0.0423432477227512,203
B_opportunities,2021,regime_duration,return_above_1_percent,spearman,-0.03428426500300286,203
B_opportunities,2021,regime_transition,return_above_1_percent,pearson,0.015109947130387583,203
B_opportunities,2021,regime_transition,return_above_1_percent,spearman,0.015109947130387486,203
B_opportunities,2021,hour_of_day,return_above_1_percent,pearson,0.07411143369058716,203
B_opportunities,2021,hour_of_day,return_above_1_percent,spearman,0.06945962214226926,203
B_opportunities,2021,day_of_week,return_above_1_percent,pearson,-0.10775414414451831,203
B_opportunities,2021,day_of_week,return_above_1_percent,spearman,-0.10591351362991804,203
B_opportunities,2021,distance_high_24,return_above_1_percent,pearson,0.16510929026937068,203
B_opportunities,2021,distance_high_24,return_above_1_percent,spearman,0.18708458335037118,203
B_opportunities,2021,distance_low_24,return_above_1_percent,pearson,0.20819918535204912,203
B_opportunities,2021,distance_low_24,return_above_1_percent,spearman,0.24506679036251802,203
B_opportunities,2021,distance_high_168,return_above_1_percent,pearson,0.09859955398455701,203
B_opportunities,2021,distance_high_168,return_above_1_percent,spearman,0.1121106117455408,203
B_opportunities,2021,distance_low_168,return_above_1_percent,pearson,0.15887606294808676,203
B_opportunities,2021,distance_low_168,return_above_1_percent,spearman,0.2067039404058408,203
B_opportunities,2021,candles_since_prior_signal,return_above_1_percent,pearson,0.007273196340768098,203
B_opportunities,2021,candles_since_prior_signal,return_above_1_percent,spearman,0.009985685799604375,203
B_opportunities,2021,return_1h,return_above_1_percent,pearson,0.1582854276666396,203
B_opportunities,2021,return_1h,return_above_1_percent,spearman,0.12244580876583282,203
B_opportunities,2021,return_3h,return_above_1_percent,pearson,0.23780284904989904,203
B_opportunities,2021,return_3h,return_above_1_percent,spearman,0.2203674212123286,203
B_opportunities,2021,return_6h,return_above_1_percent,pearson,0.3119465003081496,203
B_opportunities,2021,return_6h,return_above_1_percent,spearman,0.2860572327819814,203
B_opportunities,2021,return_12h,return_above_1_percent,pearson,0.29404575306634745,203
B_opportunities,2021,return_12h,return_above_1_percent,spearman,0.2729192704680508,203
B_opportunities,2021,return_24h,return_above_1_percent,pearson,0.22531244174937712,203
B_opportunities,2021,return_24h,return_above_1_percent,spearman,0.2601316538158251,203
B_opportunities,2021,return_72h,return_above_1_percent,pearson,0.13941983123544094,203
B_opportunities,2021,return_72h,return_above_1_percent,spearman,0.11228578457639318,203
B_opportunities,2021,return_168h,return_above_1_percent,pearson,0.13528410387792048,203
B_opportunities,2021,return_168h,return_above_1_percent,spearman,0.14241551148300727,203
B_opportunities,2021,volatility_ratio_24_168,return_above_1_percent,pearson,0.06708804422533195,203
B_opportunities,2021,volatility_ratio_24_168,return_above_1_percent,spearman,0.06323739193771909,203
B_opportunities,2021,natr_ratio_168,return_above_1_percent,pearson,-0.013421014375477706,203
B_opportunities,2021,natr_ratio_168,return_above_1_percent,spearman,-0.018743492901207602,203
B_opportunities,2021,up_fraction_24,return_above_1_percent,pearson,0.0934104658950758,203
B_opportunities,2021,up_fraction_24,return_above_1_percent,spearman,0.09221133303678287,203
B_opportunities,2021,volume_price_interaction,return_above_1_percent,pearson,0.15965888569424735,203
B_opportunities,2021,volume_price_interaction,return_above_1_percent,spearman,0.11824166082537504,203
B_opportunities,2021,range_expansion_24,return_above_1_percent,pearson,0.1256646932806355,203
B_opportunities,2021,range_expansion_24,return_above_1_percent,spearman,0.06604015723135762,203
B_opportunities,2021,signal_density_168,return_above_1_percent,pearson,0.00370722445541404,203
B_opportunities,2021,signal_density_168,return_above_1_percent,spearman,-0.002558450317596159,203
B_opportunities,2021,ema20_distance,stoploss_hit,pearson,0.0066136908424399635,203
B_opportunities,2021,ema20_distance,stoploss_hit,spearman,0.04978757818827598,203
B_opportunities,2021,ema50_distance,stoploss_hit,pearson,-0.055253368823513824,203
B_opportunities,2021,ema50_distance,stoploss_hit,spearman,-0.02859699738913372,203
B_opportunities,2021,ema_gap,stoploss_hit,pearson,-0.18148547845208385,203
B_opportunities,2021,ema_gap,stoploss_hit,spearman,-0.15018566974149364,203
B_opportunities,2021,ema20_slope_6,stoploss_hit,pearson,0.05832501941476197,203
B_opportunities,2021,ema20_slope_6,stoploss_hit,spearman,0.10595290399571125,203
B_opportunities,2021,ema50_slope_6,stoploss_hit,pearson,-0.04634349142436782,203
B_opportunities,2021,ema50_slope_6,stoploss_hit,spearman,-0.03723781674412376,203
B_opportunities,2021,trend_efficiency_20,stoploss_hit,pearson,-0.006364129118789562,203
B_opportunities,2021,trend_efficiency_20,stoploss_hit,spearman,0.02921419877163301,203
B_opportunities,2021,range_ratio,stoploss_hit,pearson,0.059550107117681515,203
B_opportunities,2021,range_ratio,stoploss_hit,spearman,0.09875222119988623,203
B_opportunities,2021,body_to_range,stoploss_hit,pearson,0.04095327317927044,203
B_opportunities,2021,body_to_range,stoploss_hit,spearman,0.05472518924827029,203
B_opportunities,2021,close_location,stoploss_hit,pearson,-0.1496332334881193,203
B_opportunities,2021,close_location,stoploss_hit,spearman,-0.15059713732982652,203
B_opportunities,2021,natr14,stoploss_hit,pearson,0.2327533223953062,203
B_opportunities,2021,natr14,stoploss_hit,spearman,0.18598334992645238,203
B_opportunities,2021,return_std_24,stoploss_hit,pearson,0.18903995029404191,203
B_opportunities,2021,return_std_24,stoploss_hit,spearman,0.15162580630065864,203
B_opportunities,2021,return_std_168,stoploss_hit,pearson,0.18593373579405129,203
B_opportunities,2021,return_std_168,stoploss_hit,spearman,0.190098025809781,203
B_opportunities,2021,volatility_percentile_720,stoploss_hit,pearson,0.08198144941683054,203
B_opportunities,2021,volatility_percentile_720,stoploss_hit,spearman,0.0827059640617954,203
B_opportunities,2021,rsi14,stoploss_hit,pearson,0.012955894400417695,203
B_opportunities,2021,rsi14,stoploss_hit,spearman,0.011109624884987202,203
B_opportunities,2021,macd_ratio,stoploss_hit,pearson,0.0382121395825381,203
B_opportunities,2021,macd_ratio,stoploss_hit,spearman,0.07838457557740969,203
B_opportunities,2021,macd_signal_ratio,stoploss_hit,pearson,0.0020383243997249114,203
B_opportunities,2021,macd_signal_ratio,stoploss_hit,spearman,0.03497474500829304,203
B_opportunities,2021,relative_volume_24,stoploss_hit,pearson,-0.09511431635037393,203
B_opportunities,2021,relative_volume_24,stoploss_hit,spearman,-0.048553175423277396,203
B_opportunities,2021,volume_zscore_24,stoploss_hit,pearson,-0.08649417517140022,203
B_opportunities,2021,volume_zscore_24,stoploss_hit,spearman,-0.05986853410243103,203
B_opportunities,2021,volume_trend_24_168,stoploss_hit,pearson,0.06448733811722158,203
B_opportunities,2021,volume_trend_24_168,stoploss_hit,spearman,0.05410798786577099,203
B_opportunities,2021,regime_duration,stoploss_hit,pearson,0.1250917905250041,203
B_opportunities,2021,regime_duration,stoploss_hit,spearman,0.18608661057635184,203
B_opportunities,2021,regime_transition,stoploss_hit,pearson,-0.017746055353800732,203
B_opportunities,2021,regime_transition,stoploss_hit,spearman,-0.017746055353800604,203
B_opportunities,2021,hour_of_day,stoploss_hit,pearson,0.075787139367012,203
B_opportunities,2021,hour_of_day,stoploss_hit,spearman,0.07848760793126812,203
B_opportunities,2021,day_of_week,stoploss_hit,pearson,-0.023716254656524306,203
B_opportunities,2021,day_of_week,stoploss_hit,spearman,-0.02219042088340751,203
B_opportunities,2021,distance_high_24,stoploss_hit,pearson,-0.1289742287819912,203
B_opportunities,2021,distance_high_24,stoploss_hit,spearman,-0.11006757987903987,203
B_opportunities,2021,distance_low_24,stoploss_hit,pearson,0.1388447498192647,203
B_opportunities,2021,distance_low_24,stoploss_hit,spearman,0.17199345192313517,203
B_opportunities,2021,distance_high_168,stoploss_hit,pearson,-0.24482381658128766,203
B_opportunities,2021,distance_high_168,stoploss_hit,spearman,-0.20285352104809962,203
B_opportunities,2021,distance_low_168,stoploss_hit,pearson,0.045336223960497454,203
B_opportunities,2021,distance_low_168,stoploss_hit,spearman,0.06624628172159033,203
B_opportunities,2021,candles_since_prior_signal,stoploss_hit,pearson,0.083368656932593,203
B_opportunities,2021,candles_since_prior_signal,stoploss_hit,spearman,0.040841571015497756,203
B_opportunities,2021,return_1h,stoploss_hit,pearson,-0.06405959685300772,203
B_opportunities,2021,return_1h,stoploss_hit,spearman,-0.10533570261321197,203
B_opportunities,2021,return_3h,stoploss_hit,pearson,0.013302139237664039,203
B_opportunities,2021,return_3h,stoploss_hit,spearman,0.05842839754326602,203
B_opportunities,2021,return_6h,stoploss_hit,pearson,-0.01320499132112416,203
B_opportunities,2021,return_6h,stoploss_hit,spearman,0.01728163870998009,203
B_opportunities,2021,return_12h,stoploss_hit,pearson,0.014448562346567708,203
B_opportunities,2021,return_12h,stoploss_hit,spearman,0.04608436989328024,203
B_opportunities,2021,return_24h,stoploss_hit,pearson,0.12225734270338297,203
B_opportunities,2021,return_24h,stoploss_hit,spearman,0.10122102672988338,203
B_opportunities,2021,return_72h,stoploss_hit,pearson,-0.1253771995726676,203
B_opportunities,2021,return_72h,stoploss_hit,spearman,-0.10410129984821341,203
B_opportunities,2021,return_168h,stoploss_hit,pearson,-0.11592966460939193,203
B_opportunities,2021,return_168h,stoploss_hit,spearman,-0.1075987743490427,203
B_opportunities,2021,volatility_ratio_24_168,stoploss_hit,pearson,-0.0019383690685759146,203
B_opportunities,2021,volatility_ratio_24_168,stoploss_hit,spearman,-0.013578430414984355,203
B_opportunities,2021,natr_ratio_168,stoploss_hit,pearson,0.054760073854998044,203
B_opportunities,2021,natr_ratio_168,stoploss_hit,spearman,0.01707590491581366,203
B_opportunities,2021,up_fraction_24,stoploss_hit,pearson,0.07475392615944314,203
B_opportunities,2021,up_fraction_24,stoploss_hit,spearman,0.05519067653838968,203
B_opportunities,2021,volume_price_interaction,stoploss_hit,pearson,-0.06495453966694764,203
B_opportunities,2021,volume_price_interaction,stoploss_hit,spearman,-0.09916368878821909,203
B_opportunities,2021,range_expansion_24,stoploss_hit,pearson,-0.07848171878600707,203
B_opportunities,2021,range_expansion_24,stoploss_hit,spearman,-0.03908942089162164,203
B_opportunities,2021,signal_density_168,stoploss_hit,pearson,-0.06466005154809246,203
B_opportunities,2021,signal_density_168,stoploss_hit,spearman,-0.056757373109674554,203
B_opportunities,2021,ema20_distance,forward_6h_return,pearson,0.13631383491937904,203
B_opportunities,2021,ema20_distance,forward_6h_return,spearman,0.10887502833157846,203
B_opportunities,2021,ema50_distance,forward_6h_return,pearson,0.1748300030523241,203
B_opportunities,2021,ema50_distance,forward_6h_return,spearman,0.12960944022539028,203
B_opportunities,2021,ema_gap,forward_6h_return,pearson,0.1977348373244753,203
B_opportunities,2021,ema_gap,forward_6h_return,spearman,0.1055240122679321,203
B_opportunities,2021,ema20_slope_6,forward_6h_return,pearson,0.18999564463720683,203
B_opportunities,2021,ema20_slope_6,forward_6h_return,spearman,0.13196777516059344,203
B_opportunities,2021,ema50_slope_6,forward_6h_return,pearson,0.2220974455720268,203
B_opportunities,2021,ema50_slope_6,forward_6h_return,spearman,0.16746042903334094,203
B_opportunities,2021,trend_efficiency_20,forward_6h_return,pearson,0.13481514456086544,203
B_opportunities,2021,trend_efficiency_20,forward_6h_return,spearman,0.1391776239345175,203
B_opportunities,2021,range_ratio,forward_6h_return,pearson,0.08097131581266477,203
B_opportunities,2021,range_ratio,forward_6h_return,spearman,0.08149022668131779,203
B_opportunities,2021,body_to_range,forward_6h_return,pearson,0.06929095418640199,203
B_opportunities,2021,body_to_range,forward_6h_return,spearman,0.02718110118748763,203
B_opportunities,2021,close_location,forward_6h_return,pearson,0.0649844823002417,203
B_opportunities,2021,close_location,forward_6h_return,spearman,0.04427185691620452,203
B_opportunities,2021,natr14,forward_6h_return,pearson,0.024446576611472693,203
B_opportunities,2021,natr14,forward_6h_return,spearman,0.04166678620919178,203
B_opportunities,2021,return_std_24,forward_6h_return,pearson,0.05598281322948402,203
B_opportunities,2021,return_std_24,forward_6h_return,spearman,0.05827841549730169,203
B_opportunities,2021,return_std_168,forward_6h_return,pearson,0.09274638923972105,203
B_opportunities,2021,return_std_168,forward_6h_return,spearman,0.05528028896775509,203
B_opportunities,2021,volatility_percentile_720,forward_6h_return,pearson,-0.024179063158800453,203
B_opportunities,2021,volatility_percentile_720,forward_6h_return,spearman,-0.049908638547450014,203
B_opportunities,2021,rsi14,forward_6h_return,pearson,0.12063208594417116,203
B_opportunities,2021,rsi14,forward_6h_return,spearman,0.12799848515712192,203
B_opportunities,2021,macd_ratio,forward_6h_return,pearson,0.23273614761824024,203
B_opportunities,2021,macd_ratio,forward_6h_return,spearman,0.16631425530266733,203
B_opportunities,2021,macd_signal_ratio,forward_6h_return,pearson,0.27997617659694773,203
B_opportunities,2021,macd_signal_ratio,forward_6h_return,spearman,0.20377649181898777,203
B_opportunities,2021,relative_volume_24,forward_6h_return,pearson,0.026929223948603188,203
B_opportunities,2021,relative_volume_24,forward_6h_return,spearman,0.026479625650191796,203
B_opportunities,2021,volume_zscore_24,forward_6h_return,pearson,0.022008466957567436,203
B_opportunities,2021,volume_zscore_24,forward_6h_return,spearman,0.013259178714162347,203
B_opportunities,2021,volume_trend_24_168,forward_6h_return,pearson,0.0035722332477873737,203
B_opportunities,2021,volume_trend_24_168,forward_6h_return,spearman,0.007565607328626228,203
B_opportunities,2021,regime_duration,forward_6h_return,pearson,0.04499076292063263,203
B_opportunities,2021,regime_duration,forward_6h_return,spearman,-0.032847939678130926,203
B_opportunities,2021,regime_transition,forward_6h_return,pearson,-0.013711663121328866,203
B_opportunities,2021,regime_transition,forward_6h_return,spearman,0.0016561732417610883,203
B_opportunities,2021,hour_of_day,forward_6h_return,pearson,0.03311076333760462,203
B_opportunities,2021,hour_of_day,forward_6h_return,spearman,0.06329047564706472,203
B_opportunities,2021,day_of_week,forward_6h_return,pearson,0.012423014155987651,203
B_opportunities,2021,day_of_week,forward_6h_return,spearman,0.012588021430362445,203
B_opportunities,2021,distance_high_24,forward_6h_return,pearson,0.08601309746475247,203
B_opportunities,2021,distance_high_24,forward_6h_return,spearman,0.09230499984220387,203
B_opportunities,2021,distance_low_24,forward_6h_return,pearson,0.129597619397884,203
B_opportunities,2021,distance_low_24,forward_6h_return,spearman,0.10004418291727754,203
B_opportunities,2021,distance_high_168,forward_6h_return,pearson,0.0390014088734718,203
B_opportunities,2021,distance_high_168,forward_6h_return,spearman,0.006829703544101151,203
B_opportunities,2021,distance_low_168,forward_6h_return,pearson,0.10277257949824704,203
B_opportunities,2021,distance_low_168,forward_6h_return,spearman,0.0615950033137188,203
B_opportunities,2021,candles_since_prior_signal,forward_6h_return,pearson,-0.09053994303488046,203
B_opportunities,2021,candles_since_prior_signal,forward_6h_return,spearman,-0.10616335094947833,203
B_opportunities,2021,return_1h,forward_6h_return,pearson,0.04100433108838675,203
B_opportunities,2021,return_1h,forward_6h_return,spearman,0.010160636463530446,203
B_opportunities,2021,return_3h,forward_6h_return,pearson,-0.002099923801169179,203
B_opportunities,2021,return_3h,forward_6h_return,spearman,-0.01729158717088748,203
B_opportunities,2021,return_6h,forward_6h_return,pearson,0.023527216414636478,203
B_opportunities,2021,return_6h,forward_6h_return,spearman,0.061526146819260316,203
B_opportunities,2021,return_12h,forward_6h_return,pearson,0.20912964263377629,203
B_opportunities,2021,return_12h,forward_6h_return,spearman,0.17345811660273533,203
B_opportunities,2021,return_24h,forward_6h_return,pearson,0.11822521484019403,203
B_opportunities,2021,return_24h,forward_6h_return,spearman,0.13228767095776517,203
B_opportunities,2021,return_72h,forward_6h_return,pearson,0.11406825430769121,203
B_opportunities,2021,return_72h,forward_6h_return,spearman,0.07945609107419001,203
B_opportunities,2021,return_168h,forward_6h_return,pearson,0.04259786054849659,203
B_opportunities,2021,return_168h,forward_6h_return,spearman,-0.030266732845408567,203
B_opportunities,2021,volatility_ratio_24_168,forward_6h_return,pearson,0.0010962624795083594,203
B_opportunities,2021,volatility_ratio_24_168,forward_6h_return,spearman,-0.0039033025296154656,203
B_opportunities,2021,natr_ratio_168,forward_6h_return,pearson,-0.049145754821811806,203
B_opportunities,2021,natr_ratio_168,forward_6h_return,spearman,-0.035136895318045286,203
B_opportunities,2021,up_fraction_24,forward_6h_return,pearson,0.012433256467483337,203
B_opportunities,2021,up_fraction_24,forward_6h_return,spearman,-0.001722275281955674,203
B_opportunities,2021,volume_price_interaction,forward_6h_return,pearson,0.01740177016441394,203
B_opportunities,2021,volume_price_interaction,forward_6h_return,spearman,0.004723842421912432,203
B_opportunities,2021,range_expansion_24,forward_6h_return,pearson,0.062436133236729044,203
B_opportunities,2021,range_expansion_24,forward_6h_return,spearman,0.06137695774793359,203
B_opportunities,2021,signal_density_168,forward_6h_return,pearson,0.13463502751397585,203
B_opportunities,2021,signal_density_168,forward_6h_return,spearman,0.07459644385262858,203
B_opportunities,2021,ema20_distance,forward_12h_return,pearson,0.11781801612133826,203
B_opportunities,2021,ema20_distance,forward_12h_return,spearman,0.09721819762387714,203
B_opportunities,2021,ema50_distance,forward_12h_return,pearson,0.15913680219601872,203
B_opportunities,2021,ema50_distance,forward_12h_return,spearman,0.127427550057237,203
B_opportunities,2021,ema_gap,forward_12h_return,pearson,0.1924917647796028,203
B_opportunities,2021,ema_gap,forward_12h_return,spearman,0.11302506663300352,203
B_opportunities,2021,ema20_slope_6,forward_12h_return,pearson,0.12850478414750463,203
B_opportunities,2021,ema20_slope_6,forward_12h_return,spearman,0.08813057486565813,203
B_opportunities,2021,ema50_slope_6,forward_12h_return,pearson,0.17525464973907895,203
B_opportunities,2021,ema50_slope_6,forward_12h_return,spearman,0.13474068357284874,203
B_opportunities,2021,trend_efficiency_20,forward_12h_return,pearson,0.11855661059407901,203
B_opportunities,2021,trend_efficiency_20,forward_12h_return,spearman,0.07914049880792196,203
B_opportunities,2021,range_ratio,forward_12h_return,pearson,0.08391060692404126,203
B_opportunities,2021,range_ratio,forward_12h_return,spearman,0.07647087513735437,203
B_opportunities,2021,body_to_range,forward_12h_return,pearson,0.03316383970318605,203
B_opportunities,2021,body_to_range,forward_12h_return,spearman,0.023135782138051536,203
B_opportunities,2021,close_location,forward_12h_return,pearson,0.06976633776946622,203
B_opportunities,2021,close_location,forward_12h_return,spearman,0.048602643515583084,203
B_opportunities,2021,natr14,forward_12h_return,pearson,0.004690673993540857,203
B_opportunities,2021,natr14,forward_12h_return,spearman,0.11419993056970144,203
B_opportunities,2021,return_std_24,forward_12h_return,pearson,0.04567404236920567,203
B_opportunities,2021,return_std_24,forward_12h_return,spearman,0.14372502158938003,203
B_opportunities,2021,return_std_168,forward_12h_return,pearson,0.11840349933332442,203
B_opportunities,2021,return_std_168,forward_12h_return,spearman,0.1620035518475058,203
B_opportunities,2021,volatility_percentile_720,forward_12h_return,pearson,-0.015570525161501968,203
B_opportunities,2021,volatility_percentile_720,forward_12h_return,spearman,0.0017171291524042903,203
B_opportunities,2021,rsi14,forward_12h_return,pearson,0.11652968853760234,203
B_opportunities,2021,rsi14,forward_12h_return,spearman,0.10599022811582812,203
B_opportunities,2021,macd_ratio,forward_12h_return,pearson,0.14626293718700678,203
B_opportunities,2021,macd_ratio,forward_12h_return,spearman,0.10336077073369465,203
B_opportunities,2021,macd_signal_ratio,forward_12h_return,pearson,0.15552183046923548,203
B_opportunities,2021,macd_signal_ratio,forward_12h_return,spearman,0.0996841208316717,203
B_opportunities,2021,relative_volume_24,forward_12h_return,pearson,0.06107082802844584,203
B_opportunities,2021,relative_volume_24,forward_12h_return,spearman,0.014623398010621116,203
B_opportunities,2021,volume_zscore_24,forward_12h_return,pearson,0.054960952273933876,203
B_opportunities,2021,volume_zscore_24,forward_12h_return,spearman,0.014877306333936786,203
B_opportunities,2021,volume_trend_24_168,forward_12h_return,pearson,-0.08642132546344106,203
B_opportunities,2021,volume_trend_24_168,forward_12h_return,spearman,-0.06425745443278029,203
B_opportunities,2021,regime_duration,forward_12h_return,pearson,0.05445270783776792,203
B_opportunities,2021,regime_duration,forward_12h_return,spearman,-0.01284233378095072,203
B_opportunities,2021,regime_transition,forward_12h_return,pearson,0.025868448122573075,203
B_opportunities,2021,regime_transition,forward_12h_return,spearman,0.01683776129123773,203
B_opportunities,2021,hour_of_day,forward_12h_return,pearson,0.0495206975894579,203
B_opportunities,2021,hour_of_day,forward_12h_return,spearman,0.08840873055243036,203
B_opportunities,2021,day_of_week,forward_12h_return,pearson,-0.015960400182950023,203
B_opportunities,2021,day_of_week,forward_12h_return,spearman,-0.037899903635970345,203
B_opportunities,2021,distance_high_24,forward_12h_return,pearson,0.040418008190126684,203
B_opportunities,2021,distance_high_24,forward_12h_return,spearman,0.03462620965081151,203
B_opportunities,2021,distance_low_24,forward_12h_return,pearson,0.06819032030691663,203
B_opportunities,2021,distance_low_24,forward_12h_return,spearman,0.11092637806232088,203
B_opportunities,2021,distance_high_168,forward_12h_return,pearson,0.09585029220979768,203
B_opportunities,2021,distance_high_168,forward_12h_return,spearman,-0.012262194054815509,203
B_opportunities,2021,distance_low_168,forward_12h_return,pearson,0.14980596262397858,203
B_opportunities,2021,distance_low_168,forward_12h_return,spearman,0.13496877071074248,203
B_opportunities,2021,candles_since_prior_signal,forward_12h_return,pearson,-0.07433778675902178,203
B_opportunities,2021,candles_since_prior_signal,forward_12h_return,spearman,-0.12152752290768726,203
B_opportunities,2021,return_1h,forward_12h_return,pearson,0.0138112089923151,203
B_opportunities,2021,return_1h,forward_12h_return,spearman,0.00430353090365542,203
B_opportunities,2021,return_3h,forward_12h_return,pearson,0.0387925180498418,203
B_opportunities,2021,return_3h,forward_12h_return,spearman,0.025408046455181597,203
B_opportunities,2021,return_6h,forward_12h_return,pearson,0.08912864027035709,203
B_opportunities,2021,return_6h,forward_12h_return,spearman,0.14738445736778838,203
B_opportunities,2021,return_12h,forward_12h_return,pearson,0.16770369302944885,203
B_opportunities,2021,return_12h,forward_12h_return,spearman,0.13267642324939535,203
B_opportunities,2021,return_24h,forward_12h_return,pearson,0.04579327437118564,203
B_opportunities,2021,return_24h,forward_12h_return,spearman,0.07692991843374429,203
B_opportunities,2021,return_72h,forward_12h_return,pearson,0.1358009959046447,203
B_opportunities,2021,return_72h,forward_12h_return,spearman,0.10201376556085053,203
B_opportunities,2021,return_168h,forward_12h_return,pearson,0.1939934250001246,203
B_opportunities,2021,return_168h,forward_12h_return,spearman,0.05755542230548759,203
B_opportunities,2021,volatility_ratio_24_168,forward_12h_return,pearson,-0.05269068434476868,203
B_opportunities,2021,volatility_ratio_24_168,forward_12h_return,spearman,-0.033901781948696176,203
B_opportunities,2021,natr_ratio_168,forward_12h_return,pearson,-0.14572826692628457,203
B_opportunities,2021,natr_ratio_168,forward_12h_return,spearman,-0.15458426456960392,203
B_opportunities,2021,up_fraction_24,forward_12h_return,pearson,0.00855123341183828,203
B_opportunities,2021,up_fraction_24,forward_12h_return,spearman,0.020689812040188417,203
B_opportunities,2021,volume_price_interaction,forward_12h_return,pearson,0.023106844780910605,203
B_opportunities,2021,volume_price_interaction,forward_12h_return,spearman,0.0035590200573230317,203
B_opportunities,2021,range_expansion_24,forward_12h_return,pearson,0.06549074629409214,203
B_opportunities,2021,range_expansion_24,forward_12h_return,spearman,0.02144162547231252,203
B_opportunities,2021,signal_density_168,forward_12h_return,pearson,0.16053480100537698,203
B_opportunities,2021,signal_density_168,forward_12h_return,spearman,0.11569230856401719,203
B_opportunities,2021,ema20_distance,forward_24h_return,pearson,0.10855533902543708,203
B_opportunities,2021,ema20_distance,forward_24h_return,spearman,0.08904292341723306,203
B_opportunities,2021,ema50_distance,forward_24h_return,pearson,0.13074824156326184,203
B_opportunities,2021,ema50_distance,forward_24h_return,spearman,0.10153750814084597,203
B_opportunities,2021,ema_gap,forward_24h_return,pearson,0.1277208115407277,203
B_opportunities,2021,ema_gap,forward_24h_return,spearman,0.06957374960909594,203
B_opportunities,2021,ema20_slope_6,forward_24h_return,pearson,0.08705803352707518,203
B_opportunities,2021,ema20_slope_6,forward_24h_return,spearman,0.06034267582075508,203
B_opportunities,2021,ema50_slope_6,forward_24h_return,pearson,0.11384224446951972,203
B_opportunities,2021,ema50_slope_6,forward_24h_return,spearman,0.09253021795949516,203
B_opportunities,2021,trend_efficiency_20,forward_24h_return,pearson,0.05984512756269842,203
B_opportunities,2021,trend_efficiency_20,forward_24h_return,spearman,0.056524009398911494,203
B_opportunities,2021,range_ratio,forward_24h_return,pearson,0.0999442572505751,203
B_opportunities,2021,range_ratio,forward_24h_return,spearman,0.1371119291007629,203
B_opportunities,2021,body_to_range,forward_24h_return,pearson,0.005825768356965218,203
B_opportunities,2021,body_to_range,forward_24h_return,spearman,-0.003841618586663071,203
B_opportunities,2021,close_location,forward_24h_return,pearson,0.10309678660657924,203
B_opportunities,2021,close_location,forward_24h_return,spearman,0.10291176900941328,203
B_opportunities,2021,natr14,forward_24h_return,pearson,0.007391677404882457,203
B_opportunities,2021,natr14,forward_24h_return,spearman,0.1616650074164183,203
B_opportunities,2021,return_std_24,forward_24h_return,pearson,0.04066393509653645,203
B_opportunities,2021,return_std_24,forward_24h_return,spearman,0.17666424712595866,203
B_opportunities,2021,return_std_168,forward_24h_return,pearson,0.10920648341076024,203
B_opportunities,2021,return_std_168,forward_24h_return,spearman,0.16440348758144435,203
B_opportunities,2021,volatility_percentile_720,forward_24h_return,pearson,-0.01802539034987783,203
B_opportunities,2021,volatility_percentile_720,forward_24h_return,spearman,0.029919935448367824,203
B_opportunities,2021,rsi14,forward_24h_return,pearson,0.08347461956912744,203
B_opportunities,2021,rsi14,forward_24h_return,spearman,0.07336946386612002,203
B_opportunities,2021,macd_ratio,forward_24h_return,pearson,0.08036943491226052,203
B_opportunities,2021,macd_ratio,forward_24h_return,spearman,0.08060800284606845,203
B_opportunities,2021,macd_signal_ratio,forward_24h_return,pearson,0.05133230331219336,203
B_opportunities,2021,macd_signal_ratio,forward_24h_return,spearman,0.08127074660523137,203
B_opportunities,2021,relative_volume_24,forward_24h_return,pearson,0.12079098400474768,203
B_opportunities,2021,relative_volume_24,forward_24h_return,spearman,0.045402251033564676,203
B_opportunities,2021,volume_zscore_24,forward_24h_return,pearson,0.08837217853479387,203
B_opportunities,2021,volume_zscore_24,forward_24h_return,spearman,0.04477106650102856,203
B_opportunities,2021,volume_trend_24_168,forward_24h_return,pearson,-0.11830302163753262,203
B_opportunities,2021,volume_trend_24_168,forward_24h_return,spearman,-0.0842215342948378,203
B_opportunities,2021,regime_duration,forward_24h_return,pearson,0.11452793219829575,203
B_opportunities,2021,regime_duration,forward_24h_return,spearman,0.03838267318573887,203
B_opportunities,2021,regime_transition,forward_24h_return,pearson,-0.07586736656722119,203
B_opportunities,2021,regime_transition,forward_24h_return,spearman,-0.09136555717048671,203
B_opportunities,2021,hour_of_day,forward_24h_return,pearson,0.048122820611428564,203
B_opportunities,2021,hour_of_day,forward_24h_return,spearman,0.09787170666706117,203
B_opportunities,2021,day_of_week,forward_24h_return,pearson,-0.018490890656266096,203
B_opportunities,2021,day_of_week,forward_24h_return,spearman,-0.05263375086731904,203
B_opportunities,2021,distance_high_24,forward_24h_return,pearson,-0.003100499673536491,203
B_opportunities,2021,distance_high_24,forward_24h_return,spearman,0.022917736572266326,203
B_opportunities,2021,distance_low_24,forward_24h_return,pearson,0.0056824218440672414,203
B_opportunities,2021,distance_low_24,forward_24h_return,spearman,0.11828254688696921,203
B_opportunities,2021,distance_high_168,forward_24h_return,pearson,0.11691673996193754,203
B_opportunities,2021,distance_high_168,forward_24h_return,spearman,-0.0173790922992618,203
B_opportunities,2021,distance_low_168,forward_24h_return,pearson,0.11345863576862382,203
B_opportunities,2021,distance_low_168,forward_24h_return,spearman,0.12385705391750419,203
B_opportunities,2021,candles_since_prior_signal,forward_24h_return,pearson,-0.018830016192894407,203
B_opportunities,2021,candles_since_prior_signal,forward_24h_return,spearman,-0.013663417874782355,203
B_opportunities,2021,return_1h,forward_24h_return,pearson,0.015885230029427353,203
B_opportunities,2021,return_1h,forward_24h_return,spearman,0.051640936333563814,203
B_opportunities,2021,return_3h,forward_24h_return,pearson,0.02922917766081889,203
B_opportunities,2021,return_3h,forward_24h_return,spearman,0.04688840370562701,203
B_opportunities,2021,return_6h,forward_24h_return,pearson,0.1467044018330207,203
B_opportunities,2021,return_6h,forward_24h_return,spearman,0.14157469064785355,203
B_opportunities,2021,return_12h,forward_24h_return,pearson,0.08315970673377832,203
B_opportunities,2021,return_12h,forward_24h_return,spearman,0.05248299388037907,203
B_opportunities,2021,return_24h,forward_24h_return,pearson,0.020794237289972945,203
B_opportunities,2021,return_24h,forward_24h_return,spearman,0.11990784705824974,203
B_opportunities,2021,return_72h,forward_24h_return,pearson,0.031106517400211437,203
B_opportunities,2021,return_72h,forward_24h_return,spearman,-0.017191171449802187,203
B_opportunities,2021,return_168h,forward_24h_return,pearson,0.21197069560460524,203
B_opportunities,2021,return_168h,forward_24h_return,spearman,0.12591557619975272,203
B_opportunities,2021,volatility_ratio_24_168,forward_24h_return,pearson,-0.03338943463208118,203
B_opportunities,2021,volatility_ratio_24_168,forward_24h_return,spearman,-0.005555858396619147,203
B_opportunities,2021,natr_ratio_168,forward_24h_return,pearson,-0.1356842151227587,203
B_opportunities,2021,natr_ratio_168,forward_24h_return,spearman,-0.1007011886352356,203
B_opportunities,2021,up_fraction_24,forward_24h_return,pearson,-0.04314184170401114,203
B_opportunities,2021,up_fraction_24,forward_24h_return,spearman,0.01491743071997442,203
B_opportunities,2021,volume_price_interaction,forward_24h_return,pearson,0.05536789587285741,203
B_opportunities,2021,volume_price_interaction,forward_24h_return,spearman,0.05860261482537707,203
B_opportunities,2021,range_expansion_24,forward_24h_return,pearson,0.07216924359494334,203
B_opportunities,2021,range_expansion_24,forward_24h_return,spearman,0.05242561346833032,203
B_opportunities,2021,signal_density_168,forward_24h_return,pearson,0.11399838726545099,203
B_opportunities,2021,signal_density_168,forward_24h_return,spearman,0.06191461384926332,203
B_opportunities,2021,ema20_distance,forward_48h_return,pearson,0.058129892451629965,203
B_opportunities,2021,ema20_distance,forward_48h_return,spearman,0.0477648894996715,203
B_opportunities,2021,ema50_distance,forward_48h_return,pearson,0.040553372322698344,203
B_opportunities,2021,ema50_distance,forward_48h_return,spearman,0.03094812523848734,203
B_opportunities,2021,ema_gap,forward_48h_return,pearson,-0.021470205986012625,203
B_opportunities,2021,ema_gap,forward_48h_return,spearman,-0.03497049212310394,203
B_opportunities,2021,ema20_slope_6,forward_48h_return,pearson,0.06007266845047162,203
B_opportunities,2021,ema20_slope_6,forward_48h_return,spearman,0.02395345300974606,203
B_opportunities,2021,ema50_slope_6,forward_48h_return,pearson,0.023918820350400976,203
B_opportunities,2021,ema50_slope_6,forward_48h_return,spearman,0.011681217382822026,203
B_opportunities,2021,trend_efficiency_20,forward_48h_return,pearson,0.049527799444987086,203
B_opportunities,2021,trend_efficiency_20,forward_48h_return,spearman,0.041057119331173925,203
B_opportunities,2021,range_ratio,forward_48h_return,pearson,0.16624592655689777,203
B_opportunities,2021,range_ratio,forward_48h_return,spearman,0.1650375411345829,203
B_opportunities,2021,body_to_range,forward_48h_return,pearson,0.009391234545746807,203
B_opportunities,2021,body_to_range,forward_48h_return,spearman,-0.00021230752458033404,203
B_opportunities,2021,close_location,forward_48h_return,pearson,0.0863011950384721,203
B_opportunities,2021,close_location,forward_48h_return,spearman,0.06089926581762784,203
B_opportunities,2021,natr14,forward_48h_return,pearson,0.0801911378016291,203
B_opportunities,2021,natr14,forward_48h_return,spearman,0.17085161138542135,203
B_opportunities,2021,return_std_24,forward_48h_return,pearson,0.04293596897215293,203
B_opportunities,2021,return_std_24,forward_48h_return,spearman,0.13035538558202386,203
B_opportunities,2021,return_std_168,forward_48h_return,pearson,0.12040724364305047,203
B_opportunities,2021,return_std_168,forward_48h_return,spearman,0.13705311417841295,203
B_opportunities,2021,volatility_percentile_720,forward_48h_return,pearson,0.08757331600938703,203
B_opportunities,2021,volatility_percentile_720,forward_48h_return,spearman,0.10940637468825548,203
B_opportunities,2021,rsi14,forward_48h_return,pearson,0.02657030747741597,203
B_opportunities,2021,rsi14,forward_48h_return,spearman,0.03452866295032865,203
B_opportunities,2021,macd_ratio,forward_48h_return,pearson,0.03847786870709994,203
B_opportunities,2021,macd_ratio,forward_48h_return,spearman,0.019966948882659926,203
B_opportunities,2021,macd_signal_ratio,forward_48h_return,pearson,-0.003947675672759761,203
B_opportunities,2021,macd_signal_ratio,forward_48h_return,spearman,-0.0038358805454581976,203
B_opportunities,2021,relative_volume_24,forward_48h_return,pearson,0.11026467340905118,203
B_opportunities,2021,relative_volume_24,forward_48h_return,spearman,0.045535660491577985,203
B_opportunities,2021,volume_zscore_24,forward_48h_return,pearson,0.06463841114440237,203
B_opportunities,2021,volume_zscore_24,forward_48h_return,spearman,0.025519938258676638,203
B_opportunities,2021,volume_trend_24_168,forward_48h_return,pearson,-0.023973487978162858,203
B_opportunities,2021,volume_trend_24_168,forward_48h_return,spearman,-0.027300165542488763,203
B_opportunities,2021,regime_duration,forward_48h_return,pearson,0.09032013757599767,203
B_opportunities,2021,regime_duration,forward_48h_return,spearman,-0.028549689188180072,203
B_opportunities,2021,regime_transition,forward_48h_return,pearson,-0.019714503143154153,203
B_opportunities,2021,regime_transition,forward_48h_return,spearman,0.011869241565954466,203
B_opportunities,2021,hour_of_day,forward_48h_return,pearson,-0.024182994083192598,203
B_opportunities,2021,hour_of_day,forward_48h_return,spearman,-0.014790568465748841,203
B_opportunities,2021,day_of_week,forward_48h_return,pearson,-0.08400866051695056,203
B_opportunities,2021,day_of_week,forward_48h_return,spearman,-0.10445464490616699,203
B_opportunities,2021,distance_high_24,forward_48h_return,pearson,-0.11591060403425042,203
B_opportunities,2021,distance_high_24,forward_48h_return,spearman,-0.021091604958815215,203
B_opportunities,2021,distance_low_24,forward_48h_return,pearson,0.026188068935775383,203
B_opportunities,2021,distance_low_24,forward_48h_return,spearman,0.07379120989467827,203
B_opportunities,2021,distance_high_168,forward_48h_return,pearson,-0.02790388335612377,203
B_opportunities,2021,distance_high_168,forward_48h_return,spearman,-0.05037856726849156,203
B_opportunities,2021,distance_low_168,forward_48h_return,pearson,-0.019178690295095596,203
B_opportunities,2021,distance_low_168,forward_48h_return,spearman,0.07795702780941671,203
B_opportunities,2021,candles_since_prior_signal,forward_48h_return,pearson,0.036765086550975934,203
B_opportunities,2021,candles_since_prior_signal,forward_48h_return,spearman,0.059590951278220505,203
B_opportunities,2021,return_1h,forward_48h_return,pearson,-0.013544072394261463,203
B_opportunities,2021,return_1h,forward_48h_return,spearman,-0.016805288178774413,203
B_opportunities,2021,return_3h,forward_48h_return,pearson,-0.03594413579457023,203
B_opportunities,2021,return_3h,forward_48h_return,spearman,0.011141841509563882,203
B_opportunities,2021,return_6h,forward_48h_return,pearson,0.11801386351146259,203
B_opportunities,2021,return_6h,forward_48h_return,spearman,0.1263889645991548,203
B_opportunities,2021,return_12h,forward_48h_return,pearson,0.03086888379904025,203
B_opportunities,2021,return_12h,forward_48h_return,spearman,0.01806048469234058,203
B_opportunities,2021,return_24h,forward_48h_return,pearson,-0.0011453518044080427,203
B_opportunities,2021,return_24h,forward_48h_return,spearman,0.07440948383450341,203
B_opportunities,2021,return_72h,forward_48h_return,pearson,-0.07931811221434454,203
B_opportunities,2021,return_72h,forward_48h_return,spearman,-0.10722534148517722,203
B_opportunities,2021,return_168h,forward_48h_return,pearson,0.029810590775729586,203
B_opportunities,2021,return_168h,forward_48h_return,spearman,0.06820522678173353,203
B_opportunities,2021,volatility_ratio_24_168,forward_48h_return,pearson,-0.03129452224942376,203
B_opportunities,2021,volatility_ratio_24_168,forward_48h_return,spearman,-0.01432932339887133,203
B_opportunities,2021,natr_ratio_168,forward_48h_return,pearson,-0.04819185206318836,203
B_opportunities,2021,natr_ratio_168,forward_48h_return,spearman,-0.021341209751227226,203
B_opportunities,2021,up_fraction_24,forward_48h_return,pearson,-0.09432425796205096,203
B_opportunities,2021,up_fraction_24,forward_48h_return,spearman,-0.053739780962641356,203
B_opportunities,2021,volume_price_interaction,forward_48h_return,pearson,0.05561949027983343,203
B_opportunities,2021,volume_price_interaction,forward_48h_return,spearman,-0.010162070973831663,203
B_opportunities,2021,range_expansion_24,forward_48h_return,pearson,0.10508218908222862,203
B_opportunities,2021,range_expansion_24,forward_48h_return,spearman,0.07220033797062697,203
B_opportunities,2021,signal_density_168,forward_48h_return,pearson,0.0698463807514377,203
B_opportunities,2021,signal_density_168,forward_48h_return,spearman,0.009967454347012588,203
B_opportunities,2022,ema20_distance,net_profit_ratio,pearson,-0.0440254358410136,213
B_opportunities,2022,ema20_distance,net_profit_ratio,spearman,-0.07215608941960704,213
B_opportunities,2022,ema50_distance,net_profit_ratio,pearson,0.035488935762685234,213
B_opportunities,2022,ema50_distance,net_profit_ratio,spearman,-0.00704101172011792,213
B_opportunities,2022,ema_gap,net_profit_ratio,pearson,0.20082500716553323,213
B_opportunities,2022,ema_gap,net_profit_ratio,spearman,0.09675865100672808,213
B_opportunities,2022,ema20_slope_6,net_profit_ratio,pearson,0.028282634198684733,213
B_opportunities,2022,ema20_slope_6,net_profit_ratio,spearman,0.008880119014208687,213
B_opportunities,2022,ema50_slope_6,net_profit_ratio,pearson,0.11752085826496765,213
B_opportunities,2022,ema50_slope_6,net_profit_ratio,spearman,0.06518337675497526,213
B_opportunities,2022,trend_efficiency_20,net_profit_ratio,pearson,0.060776125570812654,213
B_opportunities,2022,trend_efficiency_20,net_profit_ratio,spearman,0.05390161458967169,213
B_opportunities,2022,range_ratio,net_profit_ratio,pearson,-0.12083812995416886,213
B_opportunities,2022,range_ratio,net_profit_ratio,spearman,-0.12132768396661044,213
B_opportunities,2022,body_to_range,net_profit_ratio,pearson,0.04262597153953661,213
B_opportunities,2022,body_to_range,net_profit_ratio,spearman,0.05538184139220794,213
B_opportunities,2022,close_location,net_profit_ratio,pearson,-0.08338077159373389,213
B_opportunities,2022,close_location,net_profit_ratio,spearman,-0.09567331692500265,213
B_opportunities,2022,natr14,net_profit_ratio,pearson,-0.15762274746007898,213
B_opportunities,2022,natr14,net_profit_ratio,spearman,-0.10405919913769338,213
B_opportunities,2022,return_std_24,net_profit_ratio,pearson,-0.11899914779321141,213
B_opportunities,2022,return_std_24,net_profit_ratio,spearman,-0.09748013739286363,213
B_opportunities,2022,return_std_168,net_profit_ratio,pearson,-0.12051843141267635,213
B_opportunities,2022,return_std_168,net_profit_ratio,spearman,-0.07850790157981924,213
B_opportunities,2022,volatility_percentile_720,net_profit_ratio,pearson,-0.17687476238060823,213
B_opportunities,2022,volatility_percentile_720,net_profit_ratio,spearman,-0.18463794797394292,213
B_opportunities,2022,rsi14,net_profit_ratio,pearson,0.02900979761706723,213
B_opportunities,2022,rsi14,net_profit_ratio,spearman,-0.03797179124828321,213
B_opportunities,2022,macd_ratio,net_profit_ratio,pearson,0.023858545461498296,213
B_opportunities,2022,macd_ratio,net_profit_ratio,spearman,0.004600872737749012,213
B_opportunities,2022,macd_signal_ratio,net_profit_ratio,pearson,0.04768017521071017,213
B_opportunities,2022,macd_signal_ratio,net_profit_ratio,spearman,0.016229097384518713,213
B_opportunities,2022,relative_volume_24,net_profit_ratio,pearson,-0.0917659692484717,213
B_opportunities,2022,relative_volume_24,net_profit_ratio,spearman,-0.06916955799334891,213
B_opportunities,2022,volume_zscore_24,net_profit_ratio,pearson,-0.05788869547866236,213
B_opportunities,2022,volume_zscore_24,net_profit_ratio,spearman,-0.0590451543682834,213
B_opportunities,2022,volume_trend_24_168,net_profit_ratio,pearson,0.009516752439823233,213
B_opportunities,2022,volume_trend_24_168,net_profit_ratio,spearman,0.022027066294788657,213
B_opportunities,2022,regime_duration,net_profit_ratio,pearson,-0.08676384793154866,213
B_opportunities,2022,regime_duration,net_profit_ratio,spearman,-0.07878288808724691,213
B_opportunities,2022,regime_transition,net_profit_ratio,pearson,-0.023209773719637214,213
B_opportunities,2022,regime_transition,net_profit_ratio,spearman,-0.04677043374720581,213
B_opportunities,2022,hour_of_day,net_profit_ratio,pearson,0.09065464675670186,213
B_opportunities,2022,hour_of_day,net_profit_ratio,spearman,0.12647343321073623,213
B_opportunities,2022,day_of_week,net_profit_ratio,pearson,-0.09643630940981035,213
B_opportunities,2022,day_of_week,net_profit_ratio,spearman,-0.07589809093263315,213
B_opportunities,2022,distance_high_24,net_profit_ratio,pearson,0.055301064042373727,213
B_opportunities,2022,distance_high_24,net_profit_ratio,spearman,0.015212062358279458,213
B_opportunities,2022,distance_low_24,net_profit_ratio,pearson,-0.06998115655258108,213
B_opportunities,2022,distance_low_24,net_profit_ratio,spearman,-0.08239101333445922,213
B_opportunities,2022,distance_high_168,net_profit_ratio,pearson,0.1904981246688026,213
B_opportunities,2022,distance_high_168,net_profit_ratio,spearman,0.15448004549958894,213
B_opportunities,2022,distance_low_168,net_profit_ratio,pearson,-0.036938044206366025,213
B_opportunities,2022,distance_low_168,net_profit_ratio,spearman,-0.08467841079274092,213
B_opportunities,2022,candles_since_prior_signal,net_profit_ratio,pearson,-0.09839711643162279,213
B_opportunities,2022,candles_since_prior_signal,net_profit_ratio,spearman,-0.08175247141418321,213
B_opportunities,2022,return_1h,net_profit_ratio,pearson,-0.06681740569213734,213
B_opportunities,2022,return_1h,net_profit_ratio,spearman,-0.04405661619159499,213
B_opportunities,2022,return_3h,net_profit_ratio,pearson,-0.14150212784342422,213
B_opportunities,2022,return_3h,net_profit_ratio,spearman,-0.13777906373171137,213
B_opportunities,2022,return_6h,net_profit_ratio,pearson,-0.0014348236088723577,213
B_opportunities,2022,return_6h,net_profit_ratio,spearman,-0.05388050397252142,213
B_opportunities,2022,return_12h,net_profit_ratio,pearson,-0.038507274041522106,213
B_opportunities,2022,return_12h,net_profit_ratio,spearman,-0.06643387037087628,213
B_opportunities,2022,return_24h,net_profit_ratio,pearson,-0.048954226551550795,213
B_opportunities,2022,return_24h,net_profit_ratio,spearman,-0.05393886861993686,213
B_opportunities,2022,return_72h,net_profit_ratio,pearson,0.14329530534301474,213
B_opportunities,2022,return_72h,net_profit_ratio,spearman,0.04166739105058849,213
B_opportunities,2022,return_168h,net_profit_ratio,pearson,0.20962893477187056,213
B_opportunities,2022,return_168h,net_profit_ratio,spearman,0.2168519847705524,213
B_opportunities,2022,volatility_ratio_24_168,net_profit_ratio,pearson,-0.023979326148334854,213
B_opportunities,2022,volatility_ratio_24_168,net_profit_ratio,spearman,-0.020178024592627176,213
B_opportunities,2022,natr_ratio_168,net_profit_ratio,pearson,-0.12198154891459469,213
B_opportunities,2022,natr_ratio_168,net_profit_ratio,spearman,-0.08697325905707566,213
B_opportunities,2022,up_fraction_24,net_profit_ratio,pearson,-0.004730859323911866,213
B_opportunities,2022,up_fraction_24,net_profit_ratio,spearman,0.011590960307921666,213
B_opportunities,2022,volume_price_interaction,net_profit_ratio,pearson,-0.10952475786086752,213
B_opportunities,2022,volume_price_interaction,net_profit_ratio,spearman,-0.05116468516619022,213
B_opportunities,2022,range_expansion_24,net_profit_ratio,pearson,-0.03816575868611302,213
B_opportunities,2022,range_expansion_24,net_profit_ratio,spearman,-0.011078106799853963,213
B_opportunities,2022,signal_density_168,net_profit_ratio,pearson,0.06381375369833829,213
B_opportunities,2022,signal_density_168,net_profit_ratio,spearman,0.07212329750749046,213
B_opportunities,2022,ema20_distance,profitable_after_fees,pearson,0.06162581048344805,213
B_opportunities,2022,ema20_distance,profitable_after_fees,spearman,0.09976070441984894,213
B_opportunities,2022,ema50_distance,profitable_after_fees,pearson,0.10251066966443172,213
B_opportunities,2022,ema50_distance,profitable_after_fees,spearman,0.13140433353465908,213
B_opportunities,2022,ema_gap,profitable_after_fees,pearson,0.1400865875368931,213
B_opportunities,2022,ema_gap,profitable_after_fees,spearman,0.08144070861653777,213
B_opportunities,2022,ema20_slope_6,profitable_after_fees,pearson,0.1344141429208728,213
B_opportunities,2022,ema20_slope_6,profitable_after_fees,spearman,0.18636432094459257,213
B_opportunities,2022,ema50_slope_6,profitable_after_fees,pearson,0.16028311186731364,213
B_opportunities,2022,ema50_slope_6,profitable_after_fees,spearman,0.16871050680685637,213
B_opportunities,2022,trend_efficiency_20,profitable_after_fees,pearson,0.11045778550870027,213
B_opportunities,2022,trend_efficiency_20,profitable_after_fees,spearman,0.1468930572592767,213
B_opportunities,2022,range_ratio,profitable_after_fees,pearson,0.026405934102215308,213
B_opportunities,2022,range_ratio,profitable_after_fees,spearman,0.05312798782960235,213
B_opportunities,2022,body_to_range,profitable_after_fees,pearson,0.06372777912885078,213
B_opportunities,2022,body_to_range,profitable_after_fees,spearman,0.06362034906240782,213
B_opportunities,2022,close_location,profitable_after_fees,pearson,-0.06465374445616123,213
B_opportunities,2022,close_location,profitable_after_fees,spearman,-0.05912362281977691,213
B_opportunities,2022,natr14,profitable_after_fees,pearson,0.05342427749646483,213
B_opportunities,2022,natr14,profitable_after_fees,spearman,0.1520559651674826,213
B_opportunities,2022,return_std_24,profitable_after_fees,pearson,0.06558535951334617,213
B_opportunities,2022,return_std_24,profitable_after_fees,spearman,0.15322178308223877,213
B_opportunities,2022,return_std_168,profitable_after_fees,pearson,0.02476886817831825,213
B_opportunities,2022,return_std_168,profitable_after_fees,spearman,0.12141160855103482,213
B_opportunities,2022,volatility_percentile_720,profitable_after_fees,pearson,0.0028086803138783856,213
B_opportunities,2022,volatility_percentile_720,profitable_after_fees,spearman,0.015072828127226405,213
B_opportunities,2022,rsi14,profitable_after_fees,pearson,0.09117543926615622,213
B_opportunities,2022,rsi14,profitable_after_fees,spearman,0.09976070441984894,213
B_opportunities,2022,macd_ratio,profitable_after_fees,pearson,0.13307122363865367,213
B_opportunities,2022,macd_ratio,profitable_after_fees,spearman,0.1931926830167358,213
B_opportunities,2022,macd_signal_ratio,profitable_after_fees,pearson,0.13665408035720072,213
B_opportunities,2022,macd_signal_ratio,profitable_after_fees,spearman,0.17903632262326813,213
B_opportunities,2022,relative_volume_24,profitable_after_fees,pearson,-0.10304640025930131,213
B_opportunities,2022,relative_volume_24,profitable_after_fees,spearman,-0.08077452695096281,213
B_opportunities,2022,volume_zscore_24,profitable_after_fees,pearson,-0.08773948228759929,213
B_opportunities,2022,volume_zscore_24,profitable_after_fees,spearman,-0.06628507572470763,213
B_opportunities,2022,volume_trend_24_168,profitable_after_fees,pearson,0.14022137322185432,213
B_opportunities,2022,volume_trend_24_168,profitable_after_fees,spearman,0.17587195971178707,213
B_opportunities,2022,regime_duration,profitable_after_fees,pearson,-0.04057620805365695,213
B_opportunities,2022,regime_duration,profitable_after_fees,spearman,-0.0434309073610493,213
B_opportunities,2022,regime_transition,profitable_after_fees,pearson,-0.041867437955982946,213
B_opportunities,2022,regime_transition,profitable_after_fees,spearman,-0.04186743795598305,213
B_opportunities,2022,hour_of_day,profitable_after_fees,pearson,0.11886000194476097,213
B_opportunities,2022,hour_of_day,profitable_after_fees,spearman,0.11597442506036156,213
B_opportunities,2022,day_of_week,profitable_after_fees,pearson,-0.24109059943986386,213
B_opportunities,2022,day_of_week,profitable_after_fees,spearman,-0.24111949212274006,213
B_opportunities,2022,distance_high_24,profitable_after_fees,pearson,0.003180135875068686,213
B_opportunities,2022,distance_high_24,profitable_after_fees,spearman,0.00899345248526184,213
B_opportunities,2022,distance_low_24,profitable_after_fees,pearson,0.0896717851687913,213
B_opportunities,2022,distance_low_24,profitable_after_fees,spearman,0.15488723724617615,213
B_opportunities,2022,distance_high_168,profitable_after_fees,pearson,0.06898116526658715,213
B_opportunities,2022,distance_high_168,profitable_after_fees,spearman,0.02897890245251037,213
B_opportunities,2022,distance_low_168,profitable_after_fees,pearson,0.052007163219295924,213
B_opportunities,2022,distance_low_168,profitable_after_fees,spearman,0.06928289321979492,213
B_opportunities,2022,candles_since_prior_signal,profitable_after_fees,pearson,-0.01996987571267964,213
B_opportunities,2022,candles_since_prior_signal,profitable_after_fees,spearman,0.005496440708956362,213
B_opportunities,2022,return_1h,profitable_after_fees,pearson,-0.012687660877719427,213
B_opportunities,2022,return_1h,profitable_after_fees,spearman,-0.02031854080003601,213
B_opportunities,2022,return_3h,profitable_after_fees,pearson,-0.07196094848852515,213
B_opportunities,2022,return_3h,profitable_after_fees,spearman,-0.0666181665574951,213
B_opportunities,2022,return_6h,profitable_after_fees,pearson,0.03630015721277105,213
B_opportunities,2022,return_6h,profitable_after_fees,spearman,0.01349017872789276,213
B_opportunities,2022,return_12h,profitable_after_fees,pearson,0.055843073246794606,213
B_opportunities,2022,return_12h,profitable_after_fees,spearman,0.08677016194113737,213
B_opportunities,2022,return_24h,profitable_after_fees,pearson,0.06792205777470983,213
B_opportunities,2022,return_24h,profitable_after_fees,spearman,0.1433956035150082,213
B_opportunities,2022,return_72h,profitable_after_fees,pearson,0.07720214090256255,213
B_opportunities,2022,return_72h,profitable_after_fees,spearman,0.006162180406568296,213
B_opportunities,2022,return_168h,profitable_after_fees,pearson,0.11834889729663453,213
B_opportunities,2022,return_168h,profitable_after_fees,spearman,0.1287396068723593,213
B_opportunities,2022,volatility_ratio_24_168,profitable_after_fees,pearson,0.11712902560218667,213
B_opportunities,2022,volatility_ratio_24_168,profitable_after_fees,spearman,0.14189669476746458,213
B_opportunities,2022,natr_ratio_168,profitable_after_fees,pearson,0.03414809274858501,213
B_opportunities,2022,natr_ratio_168,profitable_after_fees,spearman,0.07927561820341918,213
B_opportunities,2022,up_fraction_24,profitable_after_fees,pearson,-0.0234805158934611,213
B_opportunities,2022,up_fraction_24,profitable_after_fees,spearman,0.009619006097374158,213
B_opportunities,2022,volume_price_interaction,profitable_after_fees,pearson,-0.02604319212419424,213
B_opportunities,2022,volume_price_interaction,profitable_after_fees,spearman,-0.027313448288572992,213
B_opportunities,2022,range_expansion_24,profitable_after_fees,pearson,-0.0738680664959448,213
B_opportunities,2022,range_expansion_24,profitable_after_fees,spearman,-0.03997089993449707,213
B_opportunities,2022,signal_density_168,profitable_after_fees,pearson,-0.025966040357856775,213
B_opportunities,2022,signal_density_168,profitable_after_fees,spearman,-0.012446504716504209,213
B_opportunities,2022,ema20_distance,return_above_0_5_percent,pearson,0.11046669654387888,213
B_opportunities,2022,ema20_distance,return_above_0_5_percent,spearman,0.16451958691888552,213
B_opportunities,2022,ema50_distance,return_above_0_5_percent,pearson,0.15159031979712737,213
B_opportunities,2022,ema50_distance,return_above_0_5_percent,spearman,0.1948763293620309,213
B_opportunities,2022,ema_gap,return_above_0_5_percent,pearson,0.16163393767166098,213
B_opportunities,2022,ema_gap,return_above_0_5_percent,spearman,0.11165698369892549,213
B_opportunities,2022,ema20_slope_6,return_above_0_5_percent,pearson,0.150240625765916,213
B_opportunities,2022,ema20_slope_6,return_above_0_5_percent,spearman,0.20900791636142618,213
B_opportunities,2022,ema50_slope_6,return_above_0_5_percent,pearson,0.179212571412542,213
B_opportunities,2022,ema50_slope_6,return_above_0_5_percent,spearman,0.18737437576975935,213
B_opportunities,2022,trend_efficiency_20,return_above_0_5_percent,pearson,0.13396370518673628,213
B_opportunities,2022,trend_efficiency_20,return_above_0_5_percent,spearman,0.17446403702957108,213
B_opportunities,2022,range_ratio,return_above_0_5_percent,pearson,0.023895433662322444,213
B_opportunities,2022,range_ratio,return_above_0_5_percent,spearman,0.02285478885087381,213
B_opportunities,2022,body_to_range,return_above_0_5_percent,pearson,0.0409910791541645,213
B_opportunities,2022,body_to_range,return_above_0_5_percent,spearman,0.03593959162809164,213
B_opportunities,2022,close_location,return_above_0_5_percent,pearson,-0.0783808532845007,213
B_opportunities,2022,close_location,return_above_0_5_percent,spearman,-0.07432167977459728,213
B_opportunities,2022,natr14,return_above_0_5_percent,pearson,0.039644212613373746,213
B_opportunities,2022,natr14,return_above_0_5_percent,spearman,0.11357608810625078,213
B_opportunities,2022,return_std_24,return_above_0_5_percent,pearson,0.06305890165526612,213
B_opportunities,2022,return_std_24,return_above_0_5_percent,spearman,0.11933340132822662,213
B_opportunities,2022,return_std_168,return_above_0_5_percent,pearson,0.03306216059647537,213
B_opportunities,2022,return_std_168,return_above_0_5_percent,spearman,0.1111335915878368,213
B_opportunities,2022,volatility_percentile_720,return_above_0_5_percent,pearson,-0.040648540741980925,213
B_opportunities,2022,volatility_percentile_720,return_above_0_5_percent,spearman,-0.0320151447213301,213
B_opportunities,2022,rsi14,return_above_0_5_percent,pearson,0.14786652094086006,213
B_opportunities,2022,rsi14,return_above_0_5_percent,spearman,0.15858780965988012,213
B_opportunities,2022,macd_ratio,return_above_0_5_percent,pearson,0.16505806234935735,213
B_opportunities,2022,macd_ratio,return_above_0_5_percent,spearman,0.2292457446568564,213
B_opportunities,2022,macd_signal_ratio,return_above_0_5_percent,pearson,0.16742330709430825,213
B_opportunities,2022,macd_signal_ratio,return_above_0_5_percent,spearman,0.2044718513986573,213
B_opportunities,2022,relative_volume_24,return_above_0_5_percent,pearson,-0.0690778183453754,213
B_opportunities,2022,relative_volume_24,return_above_0_5_percent,spearman,-0.04623296981283634,213
B_opportunities,2022,volume_zscore_24,return_above_0_5_percent,pearson,-0.03499319306244356,213
B_opportunities,2022,volume_zscore_24,return_above_0_5_percent,spearman,-0.02582067748037652,213
B_opportunities,2022,volume_trend_24_168,return_above_0_5_percent,pearson,0.10680696277220354,213
B_opportunities,2022,volume_trend_24_168,return_above_0_5_percent,spearman,0.13241820410544444,213
B_opportunities,2022,regime_duration,return_above_0_5_percent,pearson,-0.043357803913778546,213
B_opportunities,2022,regime_duration,return_above_0_5_percent,spearman,-0.06750157501624025,213
B_opportunities,2022,regime_transition,return_above_0_5_percent,pearson,-0.015424663834517254,213
B_opportunities,2022,regime_transition,return_above_0_5_percent,spearman,-0.015424663834517174,213
B_opportunities,2022,hour_of_day,return_above_0_5_percent,pearson,0.03204697917023666,213
B_opportunities,2022,hour_of_day,return_above_0_5_percent,spearman,0.03196608254383759,213
B_opportunities,2022,day_of_week,return_above_0_5_percent,pearson,-0.1795952653307608,213
B_opportunities,2022,day_of_week,return_above_0_5_percent,spearman,-0.18032880163528206,213
B_opportunities,2022,distance_high_24,return_above_0_5_percent,pearson,0.07007971664623487,213
B_opportunities,2022,distance_high_24,return_above_0_5_percent,spearman,0.07589185610786342,213
B_opportunities,2022,distance_low_24,return_above_0_5_percent,pearson,0.10616437354275265,213
B_opportunities,2022,distance_low_24,return_above_0_5_percent,spearman,0.16521744306700384,213
B_opportunities,2022,distance_high_168,return_above_0_5_percent,pearson,0.06226055013880818,213
B_opportunities,2022,distance_high_168,return_above_0_5_percent,spearman,0.05199028303481218,213
B_opportunities,2022,distance_low_168,return_above_0_5_percent,pearson,0.0970048563845816,213
B_opportunities,2022,distance_low_168,return_above_0_5_percent,spearman,0.11148251966189592,213
B_opportunities,2022,candles_since_prior_signal,return_above_0_5_percent,pearson,-0.050174289852149244,213
B_opportunities,2022,candles_since_prior_signal,return_above_0_5_percent,spearman,-0.05007520516713269,213
B_opportunities,2022,return_1h,return_above_0_5_percent,pearson,0.02681919713965846,213
B_opportunities,2022,return_1h,return_above_0_5_percent,spearman,0.013608194888306545,213
B_opportunities,2022,return_3h,return_above_0_5_percent,pearson,-0.012069846009526547,213
B_opportunities,2022,return_3h,return_above_0_5_percent,spearman,-0.0012212482592069975,213
B_opportunities,2022,return_6h,return_above_0_5_percent,pearson,0.07975872103118069,213
B_opportunities,2022,return_6h,return_above_0_5_percent,spearman,0.06210919718252731,213
B_opportunities,2022,return_12h,return_above_0_5_percent,pearson,0.08262263810459146,213
B_opportunities,2022,return_12h,return_above_0_5_percent,spearman,0.13538409273494717,213
B_opportunities,2022,return_24h,return_above_0_5_percent,pearson,0.09884840088869375,213
B_opportunities,2022,return_24h,return_above_0_5_percent,spearman,0.1702769001408614,213
B_opportunities,2022,return_72h,return_above_0_5_percent,pearson,0.10437330577162322,213
B_opportunities,2022,return_72h,return_above_0_5_percent,spearman,0.054083851479167035,213
B_opportunities,2022,return_168h,return_above_0_5_percent,pearson,0.11622895120386498,213
B_opportunities,2022,return_168h,return_above_0_5_percent,spearman,0.13294159621653315,213
B_opportunities,2022,volatility_ratio_24_168,return_above_0_5_percent,pearson,0.09335887015999735,213
B_opportunities,2022,volatility_ratio_24_168,return_above_0_5_percent,spearman,0.10938895121754107,213
B_opportunities,2022,natr_ratio_168,return_above_0_5_percent,pearson,-0.0021016522529320584,213
B_opportunities,2022,natr_ratio_168,return_above_0_5_percent,spearman,0.03175245473938194,213
B_opportunities,2022,up_fraction_24,return_above_0_5_percent,pearson,-0.00600912288498131,213
B_opportunities,2022,up_fraction_24,return_above_0_5_percent,spearman,0.007757901159878446,213
B_opportunities,2022,volume_price_interaction,return_above_0_5_percent,pearson,0.0015436274359586979,213
B_opportunities,2022,volume_price_interaction,return_above_0_5_percent,spearman,0.01639961948077968,213
B_opportunities,2022,range_expansion_24,return_above_0_5_percent,pearson,-0.060708566118896516,213
B_opportunities,2022,range_expansion_24,return_above_0_5_percent,spearman,-0.05094349881263476,213
B_opportunities,2022,signal_density_168,return_above_0_5_percent,pearson,0.002219406231607399,213
B_opportunities,2022,signal_density_168,return_above_0_5_percent,spearman,0.021233786792781668,213
B_opportunities,2022,ema20_distance,return_above_1_percent,pearson,0.12896669133542377,213
B_opportunities,2022,ema20_distance,return_above_1_percent,spearman,0.18787811030451662,213
B_opportunities,2022,ema50_distance,return_above_1_percent,pearson,0.1688308534238237,213
B_opportunities,2022,ema50_distance,return_above_1_percent,spearman,0.2120516419993267,213
B_opportunities,2022,ema_gap,return_above_1_percent,pearson,0.1657849034650994,213
B_opportunities,2022,ema_gap,return_above_1_percent,spearman,0.12175639125694787,213
B_opportunities,2022,ema20_slope_6,return_above_1_percent,pearson,0.16696200112492923,213
B_opportunities,2022,ema20_slope_6,return_above_1_percent,spearman,0.22787108553490096,213
B_opportunities,2022,ema50_slope_6,return_above_1_percent,pearson,0.19254557468261596,213
B_opportunities,2022,ema50_slope_6,return_above_1_percent,spearman,0.20120910204797807,213
B_opportunities,2022,trend_efficiency_20,return_above_1_percent,pearson,0.14187284674581016,213
B_opportunities,2022,trend_efficiency_20,return_above_1_percent,spearman,0.17899078247554234,213
B_opportunities,2022,range_ratio,return_above_1_percent,pearson,0.05292416887480277,213
B_opportunities,2022,range_ratio,return_above_1_percent,spearman,0.06647721216072774,213
B_opportunities,2022,body_to_range,return_above_1_percent,pearson,0.033874712255021,213
B_opportunities,2022,body_to_range,return_above_1_percent,spearman,0.026484236930343404,213
B_opportunities,2022,close_location,return_above_1_percent,pearson,-0.06289090894540572,213
B_opportunities,2022,close_location,return_above_1_percent,spearman,-0.06061157579360471,213
B_opportunities,2022,natr14,return_above_1_percent,pearson,0.06229736155808458,213
B_opportunities,2022,natr14,return_above_1_percent,spearman,0.14219724526358876,213
B_opportunities,2022,return_std_24,return_above_1_percent,pearson,0.07841217529221643,213
B_opportunities,2022,return_std_24,return_above_1_percent,spearman,0.13473188988725035,213
B_opportunities,2022,return_std_168,return_above_1_percent,pearson,0.060664663341232744,213
B_opportunities,2022,return_std_168,return_above_1_percent,spearman,0.14699640229123487,213
B_opportunities,2022,volatility_percentile_720,return_above_1_percent,pearson,-0.0250278006710625,213
B_opportunities,2022,volatility_percentile_720,return_above_1_percent,spearman,-0.014842298261063607,213
B_opportunities,2022,rsi14,return_above_1_percent,pearson,0.16503746043660675,213
B_opportunities,2022,rsi14,return_above_1_percent,spearman,0.17721331690974745,213
B_opportunities,2022,macd_ratio,return_above_1_percent,pearson,0.18007186832067087,213
B_opportunities,2022,macd_ratio,return_above_1_percent,spearman,0.24511250152311112,213
B_opportunities,2022,macd_signal_ratio,return_above_1_percent,pearson,0.1775774858984901,213
B_opportunities,2022,macd_signal_ratio,return_above_1_percent,spearman,0.2115184023295883,213
B_opportunities,2022,relative_volume_24,return_above_1_percent,pearson,-0.04609924888649657,213
B_opportunities,2022,relative_volume_24,return_above_1_percent,spearman,-0.010131553725030698,213
B_opportunities,2022,volume_zscore_24,return_above_1_percent,pearson,-0.011828589359620667,213
B_opportunities,2022,volume_zscore_24,return_above_1_percent,spearman,0.0058656363671230356,213
B_opportunities,2022,volume_trend_24_168,return_above_1_percent,pearson,0.09678883659119161,213
B_opportunities,2022,volume_trend_24_168,return_above_1_percent,spearman,0.1201566722477325,213
B_opportunities,2022,regime_duration,return_above_1_percent,pearson,-0.036583093690154854,213
B_opportunities,2022,regime_duration,return_above_1_percent,spearman,-0.07224132785510108,213
B_opportunities,2022,regime_transition,return_above_1_percent,pearson,-0.006058747759341967,213
B_opportunities,2022,regime_transition,return_above_1_percent,spearman,-0.006058747759341997,213
B_opportunities,2022,hour_of_day,return_above_1_percent,pearson,0.06017098933736734,213
B_opportunities,2022,hour_of_day,return_above_1_percent,spearman,0.06104185533147431,213
B_opportunities,2022,day_of_week,return_above_1_percent,pearson,-0.19853715089289042,213
B_opportunities,2022,day_of_week,return_above_1_percent,spearman,-0.1991816105133337,213
B_opportunities,2022,distance_high_24,return_above_1_percent,pearson,0.05619899419403051,213
B_opportunities,2022,distance_high_24,return_above_1_percent,spearman,0.06114481546334316,213
B_opportunities,2022,distance_low_24,return_above_1_percent,pearson,0.1193754997728161,213
B_opportunities,2022,distance_low_24,return_above_1_percent,spearman,0.17756881002290648,213
B_opportunities,2022,distance_high_168,return_above_1_percent,pearson,0.04405544948082737,213
B_opportunities,2022,distance_high_168,return_above_1_percent,spearman,0.034482831976420276,213
B_opportunities,2022,distance_low_168,return_above_1_percent,pearson,0.11269941401277181,213
B_opportunities,2022,distance_low_168,return_above_1_percent,spearman,0.12673329484117346,213
B_opportunities,2022,candles_since_prior_signal,return_above_1_percent,pearson,-0.05911257322483062,213
B_opportunities,2022,candles_since_prior_signal,return_above_1_percent,spearman,-0.06861568821675483,213
B_opportunities,2022,return_1h,return_above_1_percent,pearson,0.03595685268448839,213
B_opportunities,2022,return_1h,return_above_1_percent,spearman,0.021151840232958827,213
B_opportunities,2022,return_3h,return_above_1_percent,pearson,-0.0011947214631186519,213
B_opportunities,2022,return_3h,return_above_1_percent,spearman,0.0037326776881692046,213
B_opportunities,2022,return_6h,return_above_1_percent,pearson,0.09587867118738752,213
B_opportunities,2022,return_6h,return_above_1_percent,spearman,0.07927496423445073,213
B_opportunities,2022,return_12h,return_above_1_percent,pearson,0.10401477542009663,213
B_opportunities,2022,return_12h,return_above_1_percent,spearman,0.16583753728866035,213
B_opportunities,2022,return_24h,return_above_1_percent,pearson,0.115172891115598,213
B_opportunities,2022,return_24h,return_above_1_percent,spearman,0.18983332242689097,213
B_opportunities,2022,return_72h,return_above_1_percent,pearson,0.1103118322564209,213
B_opportunities,2022,return_72h,return_above_1_percent,spearman,0.0645220000383534,213
B_opportunities,2022,return_168h,return_above_1_percent,pearson,0.11228798665710389,213
B_opportunities,2022,return_168h,return_above_1_percent,spearman,0.12637780172801452,213
B_opportunities,2022,volatility_ratio_24_168,return_above_1_percent,pearson,0.07302288632260469,213
B_opportunities,2022,volatility_ratio_24_168,return_above_1_percent,spearman,0.08514060060157376,213
B_opportunities,2022,natr_ratio_168,return_above_1_percent,pearson,0.0022455368840954043,213
B_opportunities,2022,natr_ratio_168,return_above_1_percent,spearman,0.03679353721195359,213
B_opportunities,2022,up_fraction_24,return_above_1_percent,pearson,0.02271235025647958,213
B_opportunities,2022,up_fraction_24,return_above_1_percent,spearman,0.02171291683146583,213
B_opportunities,2022,volume_price_interaction,return_above_1_percent,pearson,0.008806376321084773,213
B_opportunities,2022,volume_price_interaction,return_above_1_percent,spearman,0.022040573015856255,213
B_opportunities,2022,range_expansion_24,return_above_1_percent,pearson,-0.03283953615144856,213
B_opportunities,2022,range_expansion_24,return_above_1_percent,spearman,-0.006754369150020465,213
B_opportunities,2022,signal_density_168,return_above_1_percent,pearson,-0.0064153957868433205,213
B_opportunities,2022,signal_density_168,return_above_1_percent,spearman,0.011575712033175601,213
B_opportunities,2022,ema20_distance,stoploss_hit,pearson,0.2219943032187143,213
B_opportunities,2022,ema20_distance,stoploss_hit,spearman,0.14290361017587144,213
B_opportunities,2022,ema50_distance,stoploss_hit,pearson,0.08463114527693436,213
B_opportunities,2022,ema50_distance,stoploss_hit,spearman,0.048717139832683456,213
B_opportunities,2022,ema_gap,stoploss_hit,pearson,-0.2843506361273704,213
B_opportunities,2022,ema_gap,stoploss_hit,spearman,-0.1911877087655977,213
B_opportunities,2022,ema20_slope_6,stoploss_hit,pearson,0.16633830272544115,213
B_opportunities,2022,ema20_slope_6,stoploss_hit,spearman,0.07405005254567885,213
B_opportunities,2022,ema50_slope_6,stoploss_hit,pearson,-0.024822547084496546,213
B_opportunities,2022,ema50_slope_6,stoploss_hit,spearman,-0.0316120107358746,213
B_opportunities,2022,trend_efficiency_20,stoploss_hit,pearson,0.006716450448577769,213
B_opportunities,2022,trend_efficiency_20,stoploss_hit,spearman,-0.013424278531672773,213
B_opportunities,2022,range_ratio,stoploss_hit,pearson,0.31389641236643206,213
B_opportunities,2022,range_ratio,stoploss_hit,spearman,0.252246524022561,213
B_opportunities,2022,body_to_range,stoploss_hit,pearson,-0.06511013047005551,213
B_opportunities,2022,body_to_range,stoploss_hit,spearman,-0.07080224322349994,213
B_opportunities,2022,close_location,stoploss_hit,pearson,0.022843481506437315,213
B_opportunities,2022,close_location,stoploss_hit,spearman,0.018187732204201824,213
B_opportunities,2022,natr14,stoploss_hit,pearson,0.4436475431243984,213
B_opportunities,2022,natr14,stoploss_hit,spearman,0.319800957923882,213
B_opportunities,2022,return_std_24,stoploss_hit,pearson,0.3872953713363896,213
B_opportunities,2022,return_std_24,stoploss_hit,spearman,0.30182974634115883,213
B_opportunities,2022,return_std_168,stoploss_hit,pearson,0.2939710754051169,213
B_opportunities,2022,return_std_168,stoploss_hit,spearman,0.24098745170567418,213
B_opportunities,2022,volatility_percentile_720,stoploss_hit,pearson,0.34667710572239835,213
B_opportunities,2022,volatility_percentile_720,stoploss_hit,spearman,0.3332355819231903,213
B_opportunities,2022,rsi14,stoploss_hit,pearson,0.039926599902323834,213
B_opportunities,2022,rsi14,stoploss_hit,spearman,0.053913634748169695,213
B_opportunities,2022,macd_ratio,stoploss_hit,pearson,0.18546453937313012,213
B_opportunities,2022,macd_ratio,stoploss_hit,spearman,0.11886982119174763,213
B_opportunities,2022,macd_signal_ratio,stoploss_hit,pearson,0.14310361749061795,213
B_opportunities,2022,macd_signal_ratio,stoploss_hit,spearman,0.11540549124809014,213
B_opportunities,2022,relative_volume_24,stoploss_hit,pearson,0.025549682130028693,213
B_opportunities,2022,relative_volume_24,stoploss_hit,spearman,-0.016888608475330264,213
B_opportunities,2022,volume_zscore_24,stoploss_hit,pearson,0.0018604723673406017,213
B_opportunities,2022,volume_zscore_24,stoploss_hit,spearman,-0.013424278531672773,213
B_opportunities,2022,volume_trend_24_168,stoploss_hit,pearson,0.16640516459648594,213
B_opportunities,2022,volume_trend_24_168,stoploss_hit,spearman,0.19356943560186224,213
B_opportunities,2022,regime_duration,stoploss_hit,pearson,0.18009891215778304,213
B_opportunities,2022,regime_duration,stoploss_hit,spearman,0.1451136736700803,213
B_opportunities,2022,regime_transition,stoploss_hit,pearson,-0.07242034856760893,213
B_opportunities,2022,regime_transition,stoploss_hit,spearman,-0.07242034856760901,213
B_opportunities,2022,hour_of_day,stoploss_hit,pearson,-0.052850588065396685,213
B_opportunities,2022,hour_of_day,stoploss_hit,spearman,-0.05723156225234378,213
B_opportunities,2022,day_of_week,stoploss_hit,pearson,-0.04766516086888437,213
B_opportunities,2022,day_of_week,stoploss_hit,spearman,-0.04313936760073533,213
B_opportunities,2022,distance_high_24,stoploss_hit,pearson,-0.14907951911876824,213
B_opportunities,2022,distance_high_24,stoploss_hit,spearman,-0.1346758265596849,213
B_opportunities,2022,distance_low_24,stoploss_hit,pearson,0.3248262821124542,213
B_opportunities,2022,distance_low_24,stoploss_hit,spearman,0.24380221978489586,213
B_opportunities,2022,distance_high_168,stoploss_hit,pearson,-0.4022906929806475,213
B_opportunities,2022,distance_high_168,stoploss_hit,spearman,-0.308108844364038,213
B_opportunities,2022,distance_low_168,stoploss_hit,pearson,0.11119485962954477,213
B_opportunities,2022,distance_low_168,stoploss_hit,spearman,0.09461951158614519,213
B_opportunities,2022,candles_since_prior_signal,stoploss_hit,pearson,0.125933635336993,213
B_opportunities,2022,candles_since_prior_signal,stoploss_hit,spearman,0.09581807972152213,213
B_opportunities,2022,return_1h,stoploss_hit,pearson,0.1404466273545245,213
B_opportunities,2022,return_1h,stoploss_hit,spearman,0.0472014954823333,213
B_opportunities,2022,return_3h,stoploss_hit,pearson,0.23588436923536443,213
B_opportunities,2022,return_3h,stoploss_hit,spearman,0.1537296412498011,213
B_opportunities,2022,return_6h,stoploss_hit,pearson,0.07499044344722347,213
B_opportunities,2022,return_6h,stoploss_hit,spearman,0.0158060053679373,213
B_opportunities,2022,return_12h,stoploss_hit,pearson,0.187191795658378,213
B_opportunities,2022,return_12h,stoploss_hit,spearman,0.15091487317057942,213
B_opportunities,2022,return_24h,stoploss_hit,pearson,0.3036588295923387,213
B_opportunities,2022,return_24h,stoploss_hit,spearman,0.2141388946423286,213
B_opportunities,2022,return_72h,stoploss_hit,pearson,-0.27625093989694716,213
B_opportunities,2022,return_72h,stoploss_hit,spearman,-0.19291987373742647,213
B_opportunities,2022,return_168h,stoploss_hit,pearson,-0.3665078722880335,213
B_opportunities,2022,return_168h,stoploss_hit,spearman,-0.33452436018442644,213
B_opportunities,2022,volatility_ratio_24_168,stoploss_hit,pearson,0.20315800770783515,213
B_opportunities,2022,volatility_ratio_24_168,stoploss_hit,spearman,0.2451013435137674,213
B_opportunities,2022,natr_ratio_168,stoploss_hit,pearson,0.3156370141673734,213
B_opportunities,2022,natr_ratio_168,stoploss_hit,spearman,0.29858193701897995,213
B_opportunities,2022,up_fraction_24,stoploss_hit,pearson,-0.006298465111055405,213
B_opportunities,2022,up_fraction_24,stoploss_hit,spearman,-0.031208108352861762,213
B_opportunities,2022,volume_price_interaction,stoploss_hit,pearson,0.18035692659141167,213
B_opportunities,2022,volume_price_interaction,stoploss_hit,spearman,0.049366701697119236,213
B_opportunities,2022,range_expansion_24,stoploss_hit,pearson,0.008223266551679312,213
B_opportunities,2022,range_expansion_24,stoploss_hit,spearman,-0.01515644350350152,213
B_opportunities,2022,signal_density_168,stoploss_hit,pearson,-0.16366378747392252,213
B_opportunities,2022,signal_density_168,stoploss_hit,spearman,-0.1569588190995337,213
B_opportunities,2022,ema20_distance,forward_6h_return,pearson,-0.11449886813943977,213
B_opportunities,2022,ema20_distance,forward_6h_return,spearman,0.028006338152349115,213
B_opportunities,2022,ema50_distance,forward_6h_return,pearson,0.004881875340317891,213
B_opportunities,2022,ema50_distance,forward_6h_return,spearman,0.060327934810414235,213
B_opportunities,2022,ema_gap,forward_6h_return,pearson,0.2776901266425026,213
B_opportunities,2022,ema_gap,forward_6h_return,spearman,0.13977091254988935,213
B_opportunities,2022,ema20_slope_6,forward_6h_return,pearson,0.02994853924318567,213
B_opportunities,2022,ema20_slope_6,forward_6h_return,spearman,0.12085952498627808,213
B_opportunities,2022,ema50_slope_6,forward_6h_return,pearson,0.16172916806803012,213
B_opportunities,2022,ema50_slope_6,forward_6h_return,spearman,0.13506200312437133,213
B_opportunities,2022,trend_efficiency_20,forward_6h_return,pearson,0.1370437391326471,213
B_opportunities,2022,trend_efficiency_20,forward_6h_return,spearman,0.1147908434560812,213
B_opportunities,2022,range_ratio,forward_6h_return,pearson,-0.2140588207717632,213
B_opportunities,2022,range_ratio,forward_6h_return,spearman,-0.06777749906244024,213
B_opportunities,2022,body_to_range,forward_6h_return,pearson,0.03215842257797847,213
B_opportunities,2022,body_to_range,forward_6h_return,spearman,0.04574049835958086,213
B_opportunities,2022,close_location,forward_6h_return,pearson,-0.04546522624371877,213
B_opportunities,2022,close_location,forward_6h_return,spearman,-0.015240623781482759,213
B_opportunities,2022,natr14,forward_6h_return,pearson,-0.27288503315420803,213
B_opportunities,2022,natr14,forward_6h_return,spearman,-0.0030386870686293743,213
B_opportunities,2022,return_std_24,forward_6h_return,pearson,-0.22879293320958521,213
B_opportunities,2022,return_std_24,forward_6h_return,spearman,0.02119878502189295,213
B_opportunities,2022,return_std_168,forward_6h_return,pearson,-0.168861889131701,213
B_opportunities,2022,return_std_168,forward_6h_return,spearman,-0.05365325438790386,213
B_opportunities,2022,volatility_percentile_720,forward_6h_return,pearson,-0.13454214188016334,213
B_opportunities,2022,volatility_percentile_720,forward_6h_return,spearman,0.02714412915446119,213
B_opportunities,2022,rsi14,forward_6h_return,pearson,0.07906424800753639,213
B_opportunities,2022,rsi14,forward_6h_return,spearman,0.04806514984812773,213
B_opportunities,2022,macd_ratio,forward_6h_return,pearson,0.029307149716411036,213
B_opportunities,2022,macd_ratio,forward_6h_return,spearman,0.11385949269945185,213
B_opportunities,2022,macd_signal_ratio,forward_6h_return,pearson,0.08623530439399886,213
B_opportunities,2022,macd_signal_ratio,forward_6h_return,spearman,0.13284787192561115,213
B_opportunities,2022,relative_volume_24,forward_6h_return,pearson,-0.08760982020165291,213
B_opportunities,2022,relative_volume_24,forward_6h_return,spearman,-0.07118251742867715,213
B_opportunities,2022,volume_zscore_24,forward_6h_return,pearson,-0.06682334860320079,213
B_opportunities,2022,volume_zscore_24,forward_6h_return,spearman,-0.05832987698719206,213
B_opportunities,2022,volume_trend_24_168,forward_6h_return,pearson,-0.024084827641129403,213
B_opportunities,2022,volume_trend_24_168,forward_6h_return,spearman,0.10581386396318308,213
B_opportunities,2022,regime_duration,forward_6h_return,pearson,-0.13720578246457282,213
B_opportunities,2022,regime_duration,forward_6h_return,spearman,-0.04550289679048822,213
B_opportunities,2022,regime_transition,forward_6h_return,pearson,-0.10014765559457693,213
B_opportunities,2022,regime_transition,forward_6h_return,spearman,-0.15270828368063585,213
B_opportunities,2022,hour_of_day,forward_6h_return,pearson,0.016213676774535935,213
B_opportunities,2022,hour_of_day,forward_6h_return,spearman,0.043392017646671256,213
B_opportunities,2022,day_of_week,forward_6h_return,pearson,-0.1416775997942537,213
B_opportunities,2022,day_of_week,forward_6h_return,spearman,-0.14037802948510608,213
B_opportunities,2022,distance_high_24,forward_6h_return,pearson,0.10836278115127551,213
B_opportunities,2022,distance_high_24,forward_6h_return,spearman,2.483602017678279e-06,213
B_opportunities,2022,distance_low_24,forward_6h_return,pearson,-0.1745759567866935,213
B_opportunities,2022,distance_low_24,forward_6h_return,spearman,0.031560372639646735,213
B_opportunities,2022,distance_high_168,forward_6h_return,pearson,0.2784435671241381,213
B_opportunities,2022,distance_high_168,forward_6h_return,spearman,0.12523066453739187,213
B_opportunities,2022,distance_low_168,forward_6h_return,pearson,-0.038519517143764906,213
B_opportunities,2022,distance_low_168,forward_6h_return,spearman,0.0021520411483182287,213
B_opportunities,2022,candles_since_prior_signal,forward_6h_return,pearson,-0.10727862112171999,213
B_opportunities,2022,candles_since_prior_signal,forward_6h_return,spearman,-0.06802263634700861,213
B_opportunities,2022,return_1h,forward_6h_return,pearson,-0.09687103015150585,213
B_opportunities,2022,return_1h,forward_6h_return,spearman,0.014426002319684283,213
B_opportunities,2022,return_3h,forward_6h_return,pearson,-0.28557570147490563,213
B_opportunities,2022,return_3h,forward_6h_return,spearman,-0.11190613971254788,213
B_opportunities,2022,return_6h,forward_6h_return,pearson,-0.05707371487848185,213
B_opportunities,2022,return_6h,forward_6h_return,spearman,-0.06391922332797702,213
B_opportunities,2022,return_12h,forward_6h_return,pearson,-0.08982995472710925,213
B_opportunities,2022,return_12h,forward_6h_return,spearman,-0.008194644857329481,213
B_opportunities,2022,return_24h,forward_6h_return,pearson,-0.12174288100001092,213
B_opportunities,2022,return_24h,forward_6h_return,spearman,0.051029328856226755,213
B_opportunities,2022,return_72h,forward_6h_return,pearson,0.17372399074676875,213
B_opportunities,2022,return_72h,forward_6h_return,spearman,0.07445590488797713,213
B_opportunities,2022,return_168h,forward_6h_return,pearson,0.2365058089610703,213
B_opportunities,2022,return_168h,forward_6h_return,spearman,0.06972961024833538,213
B_opportunities,2022,volatility_ratio_24_168,forward_6h_return,pearson,-0.06680108167716597,213
B_opportunities,2022,volatility_ratio_24_168,forward_6h_return,spearman,0.05388919657958329,213
B_opportunities,2022,natr_ratio_168,forward_6h_return,pearson,-0.17361784177755846,213
B_opportunities,2022,natr_ratio_168,forward_6h_return,spearman,-0.0061965870341073055,213
B_opportunities,2022,up_fraction_24,forward_6h_return,pearson,-0.048394843982504154,213
B_opportunities,2022,up_fraction_24,forward_6h_return,spearman,-0.00551367167861765,213
B_opportunities,2022,volume_price_interaction,forward_6h_return,pearson,-0.1045543466532968,213
B_opportunities,2022,volume_price_interaction,forward_6h_return,spearman,0.011126537039198688,213
B_opportunities,2022,range_expansion_24,forward_6h_return,pearson,-0.05618911450738667,213
B_opportunities,2022,range_expansion_24,forward_6h_return,spearman,-0.015369771086402029,213
B_opportunities,2022,signal_density_168,forward_6h_return,pearson,0.11304396736367667,213
B_opportunities,2022,signal_density_168,forward_6h_return,spearman,0.060319953493424755,213
B_opportunities,2022,ema20_distance,forward_12h_return,pearson,-0.011113157168200865,213
B_opportunities,2022,ema20_distance,forward_12h_return,spearman,0.0663804729274962,213
B_opportunities,2022,ema50_distance,forward_12h_return,pearson,0.1488921966830836,213
B_opportunities,2022,ema50_distance,forward_12h_return,spearman,0.16707935853527087,213
B_opportunities,2022,ema_gap,forward_12h_return,pearson,0.4333581566501546,213
B_opportunities,2022,ema_gap,forward_12h_return,spearman,0.32908595994943385,213
B_opportunities,2022,ema20_slope_6,forward_12h_return,pearson,0.18739675794360736,213
B_opportunities,2022,ema20_slope_6,forward_12h_return,spearman,0.20064896520721928,213
B_opportunities,2022,ema50_slope_6,forward_12h_return,pearson,0.3408042441756299,213
B_opportunities,2022,ema50_slope_6,forward_12h_return,spearman,0.29414788856574464,213
B_opportunities,2022,trend_efficiency_20,forward_12h_return,pearson,0.2433999904938828,213
B_opportunities,2022,trend_efficiency_20,forward_12h_return,spearman,0.2583206876597266,213
B_opportunities,2022,range_ratio,forward_12h_return,pearson,-0.19247817317960614,213
B_opportunities,2022,range_ratio,forward_12h_return,spearman,-0.06110157683892102,213
B_opportunities,2022,body_to_range,forward_12h_return,pearson,0.00509432219019145,213
B_opportunities,2022,body_to_range,forward_12h_return,spearman,0.03834184794891727,213
B_opportunities,2022,close_location,forward_12h_return,pearson,-0.06444990590891829,213
B_opportunities,2022,close_location,forward_12h_return,spearman,0.003356588126892194,213
B_opportunities,2022,natr14,forward_12h_return,pearson,-0.22591492470172703,213
B_opportunities,2022,natr14,forward_12h_return,spearman,-0.04368159228692557,213
B_opportunities,2022,return_std_24,forward_12h_return,pearson,-0.1757173662597221,213
B_opportunities,2022,return_std_24,forward_12h_return,spearman,-0.0067417376769876875,213
B_opportunities,2022,return_std_168,forward_12h_return,pearson,-0.11056095335916893,213
B_opportunities,2022,return_std_168,forward_12h_return,spearman,-0.06456123444954687,213
B_opportunities,2022,volatility_percentile_720,forward_12h_return,pearson,-0.16422842017780445,213
B_opportunities,2022,volatility_percentile_720,forward_12h_return,spearman,-0.047643795730418194,213
B_opportunities,2022,rsi14,forward_12h_return,pearson,0.1391448052558147,213
B_opportunities,2022,rsi14,forward_12h_return,spearman,0.13736181859274144,213
B_opportunities,2022,macd_ratio,forward_12h_return,pearson,0.2039544796812666,213
B_opportunities,2022,macd_ratio,forward_12h_return,spearman,0.22020733109643575,213
B_opportunities,2022,macd_signal_ratio,forward_12h_return,pearson,0.2746282840122343,213
B_opportunities,2022,macd_signal_ratio,forward_12h_return,spearman,0.26107996950136725,213
B_opportunities,2022,relative_volume_24,forward_12h_return,pearson,-0.08390624595110459,213
B_opportunities,2022,relative_volume_24,forward_12h_return,spearman,-0.056698150461577425,213
B_opportunities,2022,volume_zscore_24,forward_12h_return,pearson,-0.07391912660855177,213
B_opportunities,2022,volume_zscore_24,forward_12h_return,spearman,-0.05473734666862043,213
B_opportunities,2022,volume_trend_24_168,forward_12h_return,pearson,-0.03966260232949998,213
B_opportunities,2022,volume_trend_24_168,forward_12h_return,spearman,0.049301983652931515,213
B_opportunities,2022,regime_duration,forward_12h_return,pearson,-0.11216127055047813,213
B_opportunities,2022,regime_duration,forward_12h_return,spearman,-0.07610149402165073,213
B_opportunities,2022,regime_transition,forward_12h_return,pearson,-0.05557245405872585,213
B_opportunities,2022,regime_transition,forward_12h_return,spearman,-0.05663166977824318,213
B_opportunities,2022,hour_of_day,forward_12h_return,pearson,0.1459964373240717,213
B_opportunities,2022,hour_of_day,forward_12h_return,spearman,0.13953082488194946,213
B_opportunities,2022,day_of_week,forward_12h_return,pearson,-0.0936056729014318,213
B_opportunities,2022,day_of_week,forward_12h_return,spearman,-0.14259471968485118,213
B_opportunities,2022,distance_high_24,forward_12h_return,pearson,0.11270363520832284,213
B_opportunities,2022,distance_high_24,forward_12h_return,spearman,0.0903124619698441,213
B_opportunities,2022,distance_low_24,forward_12h_return,pearson,-0.040913264736807925,213
B_opportunities,2022,distance_low_24,forward_12h_return,spearman,0.05693285085224803,213
B_opportunities,2022,distance_high_168,forward_12h_return,pearson,0.3047954649696404,213
B_opportunities,2022,distance_high_168,forward_12h_return,spearman,0.2201961548873562,213
B_opportunities,2022,distance_low_168,forward_12h_return,pearson,0.02022625692614175,213
B_opportunities,2022,distance_low_168,forward_12h_return,spearman,0.019603070725534653,213
B_opportunities,2022,candles_since_prior_signal,forward_12h_return,pearson,-0.11999389690810049,213
B_opportunities,2022,candles_since_prior_signal,forward_12h_return,spearman,-0.049883432241255646,213
B_opportunities,2022,return_1h,forward_12h_return,pearson,-0.1362324303262974,213
B_opportunities,2022,return_1h,forward_12h_return,spearman,0.0023234096875380302,213
B_opportunities,2022,return_3h,forward_12h_return,pearson,-0.22430446426940606,213
B_opportunities,2022,return_3h,forward_12h_return,spearman,-0.08159377708678449,213
B_opportunities,2022,return_6h,forward_12h_return,pearson,-0.02097688045261703,213
B_opportunities,2022,return_6h,forward_12h_return,spearman,-0.053238492850951585,213
B_opportunities,2022,return_12h,forward_12h_return,pearson,0.05926323122784931,213
B_opportunities,2022,return_12h,forward_12h_return,spearman,0.09651277440697792,213
B_opportunities,2022,return_24h,forward_12h_return,pearson,-0.0046647618863592455,213
B_opportunities,2022,return_24h,forward_12h_return,spearman,0.06268984032922627,213
B_opportunities,2022,return_72h,forward_12h_return,pearson,0.29991912841443114,213
B_opportunities,2022,return_72h,forward_12h_return,spearman,0.2508798160147625,213
B_opportunities,2022,return_168h,forward_12h_return,pearson,0.24833544168405894,213
B_opportunities,2022,return_168h,forward_12h_return,spearman,0.18227279387841774,213
B_opportunities,2022,volatility_ratio_24_168,forward_12h_return,pearson,-0.0879843728523879,213
B_opportunities,2022,volatility_ratio_24_168,forward_12h_return,spearman,0.028948865118058022,213
B_opportunities,2022,natr_ratio_168,forward_12h_return,pearson,-0.220992857246739,213
B_opportunities,2022,natr_ratio_168,forward_12h_return,spearman,-0.08942209064650644,213
B_opportunities,2022,up_fraction_24,forward_12h_return,pearson,0.027881044182861414,213
B_opportunities,2022,up_fraction_24,forward_12h_return,spearman,0.05076487719571738,213
B_opportunities,2022,volume_price_interaction,forward_12h_return,pearson,-0.17427970951815813,213
B_opportunities,2022,volume_price_interaction,forward_12h_return,spearman,-0.005768165686057803,213
B_opportunities,2022,range_expansion_24,forward_12h_return,pearson,-0.05745333079963743,213
B_opportunities,2022,range_expansion_24,forward_12h_return,spearman,-0.013616348061921163,213
B_opportunities,2022,signal_density_168,forward_12h_return,pearson,0.12171124034965353,213
B_opportunities,2022,signal_density_168,forward_12h_return,spearman,0.13045989677817652,213
B_opportunities,2022,ema20_distance,forward_24h_return,pearson,0.07077130877205431,213
B_opportunities,2022,ema20_distance,forward_24h_return,spearman,0.1156216083309946,213
B_opportunities,2022,ema50_distance,forward_24h_return,pearson,0.14820352444112647,213
B_opportunities,2022,ema50_distance,forward_24h_return,spearman,0.1583296286269903,213
B_opportunities,2022,ema_gap,forward_24h_return,pearson,0.24217329382131664,213
B_opportunities,2022,ema_gap,forward_24h_return,spearman,0.15332144515834203,213
B_opportunities,2022,ema20_slope_6,forward_24h_return,pearson,0.1252007020257212,213
B_opportunities,2022,ema20_slope_6,forward_24h_return,spearman,0.11569859999354262,213
B_opportunities,2022,ema50_slope_6,forward_24h_return,pearson,0.20150413813959372,213
B_opportunities,2022,ema50_slope_6,forward_24h_return,spearman,0.14381794203769607,213
B_opportunities,2022,trend_efficiency_20,forward_24h_return,pearson,0.20255686121685185,213
B_opportunities,2022,trend_efficiency_20,forward_24h_return,spearman,0.20048877287707906,213
B_opportunities,2022,range_ratio,forward_24h_return,pearson,-0.09267568388793464,213
B_opportunities,2022,range_ratio,forward_24h_return,spearman,-0.011248233538064926,213
B_opportunities,2022,body_to_range,forward_24h_return,pearson,0.05460050072624463,213
B_opportunities,2022,body_to_range,forward_24h_return,spearman,0.10469872665724553,213
B_opportunities,2022,close_location,forward_24h_return,pearson,-0.005469322709916151,213
B_opportunities,2022,close_location,forward_24h_return,spearman,0.021458321432740332,213
B_opportunities,2022,natr14,forward_24h_return,pearson,-0.1545299223386297,213
B_opportunities,2022,natr14,forward_24h_return,spearman,-0.020857289744462184,213
B_opportunities,2022,return_std_24,forward_24h_return,pearson,-0.10838683134661986,213
B_opportunities,2022,return_std_24,forward_24h_return,spearman,-0.01090922186265184,213
B_opportunities,2022,return_std_168,forward_24h_return,pearson,-0.07614504418901547,213
B_opportunities,2022,return_std_168,forward_24h_return,spearman,-0.004793351894119079,213
B_opportunities,2022,volatility_percentile_720,forward_24h_return,pearson,-0.1692623351823533,213
B_opportunities,2022,volatility_percentile_720,forward_24h_return,spearman,-0.1145652879074133,213
B_opportunities,2022,rsi14,forward_24h_return,pearson,0.13965930442624924,213
B_opportunities,2022,rsi14,forward_24h_return,spearman,0.1359312638305587,213
B_opportunities,2022,macd_ratio,forward_24h_return,pearson,0.141292168437827,213
B_opportunities,2022,macd_ratio,forward_24h_return,spearman,0.11106171502653728,213
B_opportunities,2022,macd_signal_ratio,forward_24h_return,pearson,0.1638646685558061,213
B_opportunities,2022,macd_signal_ratio,forward_24h_return,spearman,0.09651774161101327,213
B_opportunities,2022,relative_volume_24,forward_24h_return,pearson,-0.011441369824220001,213
B_opportunities,2022,relative_volume_24,forward_24h_return,spearman,-0.0010207604292657728,213
B_opportunities,2022,volume_zscore_24,forward_24h_return,pearson,0.00266514723381827,213
B_opportunities,2022,volume_zscore_24,forward_24h_return,spearman,0.011440712694434993,213
B_opportunities,2022,volume_trend_24_168,forward_24h_return,pearson,-0.05201191065299397,213
B_opportunities,2022,volume_trend_24_168,forward_24h_return,spearman,0.0131034842452706,213
B_opportunities,2022,regime_duration,forward_24h_return,pearson,0.010924926209807465,213
B_opportunities,2022,regime_duration,forward_24h_return,spearman,0.013557386963093226,213
B_opportunities,2022,regime_transition,forward_24h_return,pearson,-0.027118061044066236,213
B_opportunities,2022,regime_transition,forward_24h_return,spearman,-0.056068170576469616,213
B_opportunities,2022,hour_of_day,forward_24h_return,pearson,0.050664692720984034,213
B_opportunities,2022,hour_of_day,forward_24h_return,spearman,0.011150132213620283,213
B_opportunities,2022,day_of_week,forward_24h_return,pearson,-0.08253003649532162,213
B_opportunities,2022,day_of_week,forward_24h_return,spearman,-0.14556558691856059,213
B_opportunities,2022,distance_high_24,forward_24h_return,pearson,0.11920006494108162,213
B_opportunities,2022,distance_high_24,forward_24h_return,spearman,0.10262367717147532,213
B_opportunities,2022,distance_low_24,forward_24h_return,pearson,0.017656248947233836,213
B_opportunities,2022,distance_low_24,forward_24h_return,spearman,0.05524275967921796,213
B_opportunities,2022,distance_high_168,forward_24h_return,pearson,0.19917108337760417,213
B_opportunities,2022,distance_high_168,forward_24h_return,spearman,0.1307591626287437,213
B_opportunities,2022,distance_low_168,forward_24h_return,pearson,0.05503122818802725,213
B_opportunities,2022,distance_low_168,forward_24h_return,spearman,0.01708594008061772,213
B_opportunities,2022,candles_since_prior_signal,forward_24h_return,pearson,-0.044967232521850586,213
B_opportunities,2022,candles_since_prior_signal,forward_24h_return,spearman,-0.048694312158326813,213
B_opportunities,2022,return_1h,forward_24h_return,pearson,0.027979183016490265,213
B_opportunities,2022,return_1h,forward_24h_return,spearman,0.085411073387956,213
B_opportunities,2022,return_3h,forward_24h_return,pearson,-0.056702506928380435,213
B_opportunities,2022,return_3h,forward_24h_return,spearman,-0.006119595371559279,213
B_opportunities,2022,return_6h,forward_24h_return,pearson,0.07922239106474158,213
B_opportunities,2022,return_6h,forward_24h_return,spearman,0.11646354941498752,213
B_opportunities,2022,return_12h,forward_24h_return,pearson,0.07215075416646055,213
B_opportunities,2022,return_12h,forward_24h_return,spearman,0.08688757478746574,213
B_opportunities,2022,return_24h,forward_24h_return,pearson,0.08061806111349148,213
B_opportunities,2022,return_24h,forward_24h_return,spearman,0.08780154032997135,213
B_opportunities,2022,return_72h,forward_24h_return,pearson,0.15987479220565531,213
B_opportunities,2022,return_72h,forward_24h_return,spearman,0.1398839164416937,213
B_opportunities,2022,return_168h,forward_24h_return,pearson,0.20486276002232473,213
B_opportunities,2022,return_168h,forward_24h_return,spearman,0.17112017901803342,213
B_opportunities,2022,volatility_ratio_24_168,forward_24h_return,pearson,-0.06516107060262033,213
B_opportunities,2022,volatility_ratio_24_168,forward_24h_return,spearman,0.008664045638670676,213
B_opportunities,2022,natr_ratio_168,forward_24h_return,pearson,-0.1741856437772138,213
B_opportunities,2022,natr_ratio_168,forward_24h_return,spearman,-0.040257946905556063,213
B_opportunities,2022,up_fraction_24,forward_24h_return,pearson,0.08246465109403187,213
B_opportunities,2022,up_fraction_24,forward_24h_return,spearman,0.07278528990643002,213
B_opportunities,2022,volume_price_interaction,forward_24h_return,pearson,-0.0122054014706974,213
B_opportunities,2022,volume_price_interaction,forward_24h_return,spearman,0.0763496514264568,213
B_opportunities,2022,range_expansion_24,forward_24h_return,pearson,-0.0063435695531809605,213
B_opportunities,2022,range_expansion_24,forward_24h_return,spearman,0.026545980165954285,213
B_opportunities,2022,signal_density_168,forward_24h_return,pearson,0.0736358819645762,213
B_opportunities,2022,signal_density_168,forward_24h_return,spearman,0.10744317708501756,213
B_opportunities,2022,ema20_distance,forward_48h_return,pearson,0.15625529151257428,213
B_opportunities,2022,ema20_distance,forward_48h_return,spearman,0.15767644129634087,213
B_opportunities,2022,ema50_distance,forward_48h_return,pearson,0.18020921716325553,213
B_opportunities,2022,ema50_distance,forward_48h_return,spearman,0.14148832334511388,213
B_opportunities,2022,ema_gap,forward_48h_return,pearson,0.1341696373405008,213
B_opportunities,2022,ema_gap,forward_48h_return,spearman,0.04791861732908472,213
B_opportunities,2022,ema20_slope_6,forward_48h_return,pearson,0.12887609211216094,213
B_opportunities,2022,ema20_slope_6,forward_48h_return,spearman,0.06040492647296226,213
B_opportunities,2022,ema50_slope_6,forward_48h_return,pearson,0.14613364070838664,213
B_opportunities,2022,ema50_slope_6,forward_48h_return,spearman,0.06068681530196875,213
B_opportunities,2022,trend_efficiency_20,forward_48h_return,pearson,0.18084187480671263,213
B_opportunities,2022,trend_efficiency_20,forward_48h_return,spearman,0.15207219334344987,213
B_opportunities,2022,range_ratio,forward_48h_return,pearson,-0.07699906939170917,213
B_opportunities,2022,range_ratio,forward_48h_return,spearman,-0.02550038371651173,213
B_opportunities,2022,body_to_range,forward_48h_return,pearson,0.0977383557089464,213
B_opportunities,2022,body_to_range,forward_48h_return,spearman,0.1433448158533284,213
B_opportunities,2022,close_location,forward_48h_return,pearson,0.04775656136507472,213
B_opportunities,2022,close_location,forward_48h_return,spearman,0.055076358344033516,213
B_opportunities,2022,natr14,forward_48h_return,pearson,-0.13526563400755906,213
B_opportunities,2022,natr14,forward_48h_return,spearman,0.0010294530363276467,213
B_opportunities,2022,return_std_24,forward_48h_return,pearson,-0.09527352536699707,213
B_opportunities,2022,return_std_24,forward_48h_return,spearman,0.002975355217178578,213
B_opportunities,2022,return_std_168,forward_48h_return,pearson,-0.0718968453062488,213
B_opportunities,2022,return_std_168,forward_48h_return,spearman,-0.0064052096035922814,213
B_opportunities,2022,volatility_percentile_720,forward_48h_return,pearson,-0.13528558201547186,213
B_opportunities,2022,volatility_percentile_720,forward_48h_return,spearman,-0.07765284875528573,213
B_opportunities,2022,rsi14,forward_48h_return,pearson,0.1797730177477094,213
B_opportunities,2022,rsi14,forward_48h_return,spearman,0.14465864132068018,213
B_opportunities,2022,macd_ratio,forward_48h_return,pearson,0.11966810937826579,213
B_opportunities,2022,macd_ratio,forward_48h_return,spearman,0.06571859298978494,213
B_opportunities,2022,macd_signal_ratio,forward_48h_return,pearson,0.08064213791907626,213
B_opportunities,2022,macd_signal_ratio,forward_48h_return,spearman,0.029587150836601336,213
B_opportunities,2022,relative_volume_24,forward_48h_return,pearson,-0.05722747635572161,213
B_opportunities,2022,relative_volume_24,forward_48h_return,spearman,-0.013764122381973023,213
B_opportunities,2022,volume_zscore_24,forward_48h_return,pearson,-0.03217645443873924,213
B_opportunities,2022,volume_zscore_24,forward_48h_return,spearman,-0.01958320190939323,213
B_opportunities,2022,volume_trend_24_168,forward_48h_return,pearson,0.007934672052310025,213
B_opportunities,2022,volume_trend_24_168,forward_48h_return,spearman,0.07319547686400539,213
B_opportunities,2022,regime_duration,forward_48h_return,pearson,-0.07287292721963613,213
B_opportunities,2022,regime_duration,forward_48h_return,spearman,-0.04218875836727104,213
B_opportunities,2022,regime_transition,forward_48h_return,pearson,0.023157636376303567,213
B_opportunities,2022,regime_transition,forward_48h_return,spearman,-0.036909197716168435,213
B_opportunities,2022,hour_of_day,forward_48h_return,pearson,0.041549286193646305,213
B_opportunities,2022,hour_of_day,forward_48h_return,spearman,0.07592235431450814,213
B_opportunities,2022,day_of_week,forward_48h_return,pearson,-0.06698748935726949,213
B_opportunities,2022,day_of_week,forward_48h_return,spearman,-0.11296956570372485,213
B_opportunities,2022,distance_high_24,forward_48h_return,pearson,0.24622416941143493,213
B_opportunities,2022,distance_high_24,forward_48h_return,spearman,0.15022563524330607,213
B_opportunities,2022,distance_low_24,forward_48h_return,pearson,0.031749203535111854,213
B_opportunities,2022,distance_low_24,forward_48h_return,spearman,0.06744593819308017,213
B_opportunities,2022,distance_high_168,forward_48h_return,pearson,0.1336416617135343,213
B_opportunities,2022,distance_high_168,forward_48h_return,spearman,0.04202502974113415,213
B_opportunities,2022,distance_low_168,forward_48h_return,pearson,0.004478440537692398,213
B_opportunities,2022,distance_low_168,forward_48h_return,spearman,-0.009055212956455005,213
B_opportunities,2022,candles_since_prior_signal,forward_48h_return,pearson,-0.0505292660016409,213
B_opportunities,2022,candles_since_prior_signal,forward_48h_return,spearman,-0.011083965263853577,213
B_opportunities,2022,return_1h,forward_48h_return,pearson,0.10927788238777054,213
B_opportunities,2022,return_1h,forward_48h_return,spearman,0.1221509980354708,213
B_opportunities,2022,return_3h,forward_48h_return,pearson,0.07661682048807572,213
B_opportunities,2022,return_3h,forward_48h_return,spearman,0.13957222438847508,213
B_opportunities,2022,return_6h,forward_48h_return,pearson,0.18949418479245292,213
B_opportunities,2022,return_6h,forward_48h_return,spearman,0.11311813749717489,213
B_opportunities,2022,return_12h,forward_48h_return,pearson,0.10383345580243122,213
B_opportunities,2022,return_12h,forward_48h_return,spearman,0.07600815614902606,213
B_opportunities,2022,return_24h,forward_48h_return,pearson,0.0613004716765145,213
B_opportunities,2022,return_24h,forward_48h_return,spearman,0.09641715572929731,213
B_opportunities,2022,return_72h,forward_48h_return,pearson,0.04614977349752839,213
B_opportunities,2022,return_72h,forward_48h_return,spearman,-0.002817646489056008,213
B_opportunities,2022,return_168h,forward_48h_return,pearson,0.13009606174065275,213
B_opportunities,2022,return_168h,forward_48h_return,spearman,0.08546943803537145,213
B_opportunities,2022,volatility_ratio_24_168,forward_48h_return,pearson,-0.040073244708474405,213
B_opportunities,2022,volatility_ratio_24_168,forward_48h_return,spearman,0.043764792954517795,213
B_opportunities,2022,natr_ratio_168,forward_48h_return,pearson,-0.10289319366550642,213
B_opportunities,2022,natr_ratio_168,forward_48h_return,spearman,0.012184551498729636,213
B_opportunities,2022,up_fraction_24,forward_48h_return,pearson,0.07386041210832457,213
B_opportunities,2022,up_fraction_24,forward_48h_return,spearman,0.05219676890827193,213
B_opportunities,2022,volume_price_interaction,forward_48h_return,pearson,0.008499265783655646,213
B_opportunities,2022,volume_price_interaction,forward_48h_return,spearman,0.10907110800936813,213
B_opportunities,2022,range_expansion_24,forward_48h_return,pearson,-0.03370609472619,213
B_opportunities,2022,range_expansion_24,forward_48h_return,spearman,0.036281700075253144,213
B_opportunities,2022,signal_density_168,forward_48h_return,pearson,0.08368046587530668,213
B_opportunities,2022,signal_density_168,forward_48h_return,spearman,0.01017529656384973,213
B_opportunities,2023,ema20_distance,net_profit_ratio,pearson,-0.18963413148076524,217
B_opportunities,2023,ema20_distance,net_profit_ratio,spearman,-0.2950107338979787,217
B_opportunities,2023,ema50_distance,net_profit_ratio,pearson,-0.20901594922639796,217
B_opportunities,2023,ema50_distance,net_profit_ratio,spearman,-0.3175390013951718,217
B_opportunities,2023,ema_gap,net_profit_ratio,pearson,-0.17983891229123952,217
B_opportunities,2023,ema_gap,net_profit_ratio,spearman,-0.2518578803722337,217
B_opportunities,2023,ema20_slope_6,net_profit_ratio,pearson,-0.15120960884989354,217
B_opportunities,2023,ema20_slope_6,net_profit_ratio,spearman,-0.20860990149241115,217
B_opportunities,2023,ema50_slope_6,net_profit_ratio,pearson,-0.18133246175406056,217
B_opportunities,2023,ema50_slope_6,net_profit_ratio,spearman,-0.23366897316290627,217
B_opportunities,2023,trend_efficiency_20,net_profit_ratio,pearson,-0.10034805654925867,217
B_opportunities,2023,trend_efficiency_20,net_profit_ratio,spearman,-0.14384480239762867,217
B_opportunities,2023,range_ratio,net_profit_ratio,pearson,-0.14012420805403103,217
B_opportunities,2023,range_ratio,net_profit_ratio,spearman,-0.24512394481320202,217
B_opportunities,2023,body_to_range,net_profit_ratio,pearson,-0.14900978971780401,217
B_opportunities,2023,body_to_range,net_profit_ratio,spearman,-0.1323087980383038,217
B_opportunities,2023,close_location,net_profit_ratio,pearson,-0.06314703689873352,217
B_opportunities,2023,close_location,net_profit_ratio,spearman,-0.08573148210674902,217
B_opportunities,2023,natr14,net_profit_ratio,pearson,-0.042857609502803526,217
B_opportunities,2023,natr14,net_profit_ratio,spearman,-0.15982233872142132,217
B_opportunities,2023,return_std_24,net_profit_ratio,pearson,-0.0946686890539039,217
B_opportunities,2023,return_std_24,net_profit_ratio,spearman,-0.20883420942610054,217
B_opportunities,2023,return_std_168,net_profit_ratio,pearson,-0.10570679284742956,217
B_opportunities,2023,return_std_168,net_profit_ratio,spearman,-0.1731833406145333,217
B_opportunities,2023,volatility_percentile_720,net_profit_ratio,pearson,-0.00638648498588896,217
B_opportunities,2023,volatility_percentile_720,net_profit_ratio,spearman,-0.07269386575744435,217
B_opportunities,2023,rsi14,net_profit_ratio,pearson,-0.15640718682916058,217
B_opportunities,2023,rsi14,net_profit_ratio,spearman,-0.26784950934107493,217
B_opportunities,2023,macd_ratio,net_profit_ratio,pearson,-0.16832114026690537,217
B_opportunities,2023,macd_ratio,net_profit_ratio,spearman,-0.2179040009019293,217
B_opportunities,2023,macd_signal_ratio,net_profit_ratio,pearson,-0.15593611585072095,217
B_opportunities,2023,macd_signal_ratio,net_profit_ratio,spearman,-0.16352870436918973,217
B_opportunities,2023,relative_volume_24,net_profit_ratio,pearson,-0.14784237963932637,217
B_opportunities,2023,relative_volume_24,net_profit_ratio,spearman,-0.21857222715464802,217
B_opportunities,2023,volume_zscore_24,net_profit_ratio,pearson,-0.1421505094716371,217
B_opportunities,2023,volume_zscore_24,net_profit_ratio,spearman,-0.18813211384978182,217
B_opportunities,2023,volume_trend_24_168,net_profit_ratio,pearson,0.04187685860991101,217
B_opportunities,2023,volume_trend_24_168,net_profit_ratio,spearman,-0.03905071942952973,217
B_opportunities,2023,regime_duration,net_profit_ratio,pearson,-0.08303653613162941,217
B_opportunities,2023,regime_duration,net_profit_ratio,spearman,-0.007044052341176647,217
B_opportunities,2023,regime_transition,net_profit_ratio,pearson,-0.09648174322173514,217
B_opportunities,2023,regime_transition,net_profit_ratio,spearman,-0.1492225631961687,217
B_opportunities,2023,hour_of_day,net_profit_ratio,pearson,-0.12251910818258754,217
B_opportunities,2023,hour_of_day,net_profit_ratio,spearman,-0.14384244893332757,217
B_opportunities,2023,day_of_week,net_profit_ratio,pearson,0.02940420722758729,217
B_opportunities,2023,day_of_week,net_profit_ratio,spearman,0.034380871168193876,217
B_opportunities,2023,distance_high_24,net_profit_ratio,pearson,-0.12897892459216276,217
B_opportunities,2023,distance_high_24,net_profit_ratio,spearman,-0.10001785068372818,217
B_opportunities,2023,distance_low_24,net_profit_ratio,pearson,-0.1900947050698252,217
B_opportunities,2023,distance_low_24,net_profit_ratio,spearman,-0.2506306458659226,217
B_opportunities,2023,distance_high_168,net_profit_ratio,pearson,-0.1955060042006955,217
B_opportunities,2023,distance_high_168,net_profit_ratio,spearman,-0.22654514109086468,217
B_opportunities,2023,distance_low_168,net_profit_ratio,pearson,-0.13511519070031466,217
B_opportunities,2023,distance_low_168,net_profit_ratio,spearman,-0.2526271039144671,217
B_opportunities,2023,candles_since_prior_signal,net_profit_ratio,pearson,0.08366993004606942,217
B_opportunities,2023,candles_since_prior_signal,net_profit_ratio,spearman,0.0567784628632571,217
B_opportunities,2023,return_1h,net_profit_ratio,pearson,-0.1839499914743086,217
B_opportunities,2023,return_1h,net_profit_ratio,spearman,-0.20676846253940068,217
B_opportunities,2023,return_3h,net_profit_ratio,pearson,-0.15098316299309397,217
B_opportunities,2023,return_3h,net_profit_ratio,spearman,-0.23286451800805158,217
B_opportunities,2023,return_6h,net_profit_ratio,pearson,-0.138051349620366,217
B_opportunities,2023,return_6h,net_profit_ratio,spearman,-0.21302324816678178,217
B_opportunities,2023,return_12h,net_profit_ratio,pearson,-0.22441335772661758,217
B_opportunities,2023,return_12h,net_profit_ratio,spearman,-0.30218154145351545,217
B_opportunities,2023,return_24h,net_profit_ratio,pearson,-0.13165894404375522,217
B_opportunities,2023,return_24h,net_profit_ratio,spearman,-0.19964110730609694,217
B_opportunities,2023,return_72h,net_profit_ratio,pearson,-0.18161476067506938,217
B_opportunities,2023,return_72h,net_profit_ratio,spearman,-0.24209167735358916,217
B_opportunities,2023,return_168h,net_profit_ratio,pearson,-0.17197139742233655,217
B_opportunities,2023,return_168h,net_profit_ratio,spearman,-0.24534003203727975,217
B_opportunities,2023,volatility_ratio_24_168,net_profit_ratio,pearson,-0.026084741027136586,217
B_opportunities,2023,volatility_ratio_24_168,net_profit_ratio,spearman,-0.11359963734926744,217
B_opportunities,2023,natr_ratio_168,net_profit_ratio,pearson,0.03445137261284677,217
B_opportunities,2023,natr_ratio_168,net_profit_ratio,spearman,-0.07119017084983346,217
B_opportunities,2023,up_fraction_24,net_profit_ratio,pearson,-0.003078653528917003,217
B_opportunities,2023,up_fraction_24,net_profit_ratio,spearman,-0.02864512838612974,217
B_opportunities,2023,volume_price_interaction,net_profit_ratio,pearson,-0.09950599671645344,217
B_opportunities,2023,volume_price_interaction,net_profit_ratio,spearman,-0.23237949614096406,217
B_opportunities,2023,range_expansion_24,net_profit_ratio,pearson,-0.13405494243423585,217
B_opportunities,2023,range_expansion_24,net_profit_ratio,spearman,-0.17921969024366183,217
B_opportunities,2023,signal_density_168,net_profit_ratio,pearson,0.0089960564051315,217
B_opportunities,2023,signal_density_168,net_profit_ratio,spearman,0.04735697906070373,217
B_opportunities,2023,ema20_distance,profitable_after_fees,pearson,-0.11553978405752939,217
B_opportunities,2023,ema20_distance,profitable_after_fees,spearman,-0.07738365049546554,217
B_opportunities,2023,ema50_distance,profitable_after_fees,pearson,-0.1379040113434033,217
B_opportunities,2023,ema50_distance,profitable_after_fees,spearman,-0.1022958921036637,217
B_opportunities,2023,ema_gap,profitable_after_fees,pearson,-0.14351628788099613,217
B_opportunities,2023,ema_gap,profitable_after_fees,spearman,-0.12160287935001725,217
B_opportunities,2023,ema20_slope_6,profitable_after_fees,pearson,-0.0441590808482818,217
B_opportunities,2023,ema20_slope_6,profitable_after_fees,spearman,-0.01868418120614862,217
B_opportunities,2023,ema50_slope_6,profitable_after_fees,pearson,-0.09552229813250059,217
B_opportunities,2023,ema50_slope_6,profitable_after_fees,spearman,-0.06368191761095654,217
B_opportunities,2023,trend_efficiency_20,profitable_after_fees,pearson,0.025376297793658197,217
B_opportunities,2023,trend_efficiency_20,profitable_after_fees,spearman,0.05262711039731861,217
B_opportunities,2023,range_ratio,profitable_after_fees,pearson,-0.10776957548588834,217
B_opportunities,2023,range_ratio,profitable_after_fees,spearman,-0.04904597566614013,217
B_opportunities,2023,body_to_range,profitable_after_fees,pearson,-0.1513759279865359,217
B_opportunities,2023,body_to_range,profitable_after_fees,spearman,-0.1516532707899063,217
B_opportunities,2023,close_location,profitable_after_fees,pearson,-0.09632274766320571,217
B_opportunities,2023,close_location,profitable_after_fees,spearman,-0.09630144051429174,217
B_opportunities,2023,natr14,profitable_after_fees,pearson,0.0753476894952103,217
B_opportunities,2023,natr14,profitable_after_fees,spearman,0.06850866442254494,217
B_opportunities,2023,return_std_24,profitable_after_fees,pearson,0.020714886339982606,217
B_opportunities,2023,return_std_24,profitable_after_fees,spearman,0.031607406540401416,217
B_opportunities,2023,return_std_168,profitable_after_fees,pearson,0.02184486500985595,217
B_opportunities,2023,return_std_168,profitable_after_fees,spearman,0.0029583286909735315,217
B_opportunities,2023,volatility_percentile_720,profitable_after_fees,pearson,0.0696665847242997,217
B_opportunities,2023,volatility_percentile_720,profitable_after_fees,spearman,0.07785315509329045,217
B_opportunities,2023,rsi14,profitable_after_fees,pearson,-0.0944944196917699,217
B_opportunities,2023,rsi14,profitable_after_fees,spearman,-0.08096478522664402,217
B_opportunities,2023,macd_ratio,profitable_after_fees,pearson,-0.04491791983815292,217
B_opportunities,2023,macd_ratio,profitable_after_fees,spearman,0.002179821140717339,217
B_opportunities,2023,macd_signal_ratio,profitable_after_fees,pearson,-0.027315603129785065,217
B_opportunities,2023,macd_signal_ratio,profitable_after_fees,spearman,0.0331644216409138,217
B_opportunities,2023,relative_volume_24,profitable_after_fees,pearson,-0.1422296979432754,217
B_opportunities,2023,relative_volume_24,profitable_after_fees,spearman,-0.11880025216909497,217
B_opportunities,2023,volume_zscore_24,profitable_after_fees,pearson,-0.12747223225365487,217
B_opportunities,2023,volume_zscore_24,profitable_after_fees,spearman,-0.08454591995782251,217
B_opportunities,2023,volume_trend_24_168,profitable_after_fees,pearson,0.09794455825500407,217
B_opportunities,2023,volume_trend_24_168,profitable_after_fees,spearman,0.09373230905084556,217
B_opportunities,2023,regime_duration,profitable_after_fees,pearson,-0.13241500992710195,217
B_opportunities,2023,regime_duration,profitable_after_fees,spearman,-0.09742346848280527,217
B_opportunities,2023,regime_transition,profitable_after_fees,pearson,-0.04129506201330188,217
B_opportunities,2023,regime_transition,profitable_after_fees,spearman,-0.04129506201330192,217
B_opportunities,2023,hour_of_day,profitable_after_fees,pearson,-0.09428148943674616,217
B_opportunities,2023,hour_of_day,profitable_after_fees,spearman,-0.08971792127182172,217
B_opportunities,2023,day_of_week,profitable_after_fees,pearson,-0.019950829397842106,217
B_opportunities,2023,day_of_week,profitable_after_fees,spearman,-0.030916778393092464,217
B_opportunities,2023,distance_high_24,profitable_after_fees,pearson,-0.15260344237802623,217
B_opportunities,2023,distance_high_24,profitable_after_fees,spearman,-0.16115106290303183,217
B_opportunities,2023,distance_low_24,profitable_after_fees,pearson,-0.04800603497972336,217
B_opportunities,2023,distance_low_24,profitable_after_fees,spearman,0.0012456120804099078,217
B_opportunities,2023,distance_high_168,profitable_after_fees,pearson,-0.17305389592978818,217
B_opportunities,2023,distance_high_168,profitable_after_fees,spearman,-0.17158306407646481,217
B_opportunities,2023,distance_low_168,profitable_after_fees,pearson,-0.08690833105758063,217
B_opportunities,2023,distance_low_168,profitable_after_fees,spearman,-0.0663288432818276,217
B_opportunities,2023,candles_since_prior_signal,profitable_after_fees,pearson,0.10576713659625399,217
B_opportunities,2023,candles_since_prior_signal,profitable_after_fees,spearman,0.06493332547130662,217
B_opportunities,2023,return_1h,profitable_after_fees,pearson,-0.16098746321453228,217
B_opportunities,2023,return_1h,profitable_after_fees,spearman,-0.14417959830744684,217
B_opportunities,2023,return_3h,profitable_after_fees,pearson,-0.13739169998630338,217
B_opportunities,2023,return_3h,profitable_after_fees,spearman,-0.1192673566992487,217
B_opportunities,2023,return_6h,profitable_after_fees,pearson,-0.1019168580401068,217
B_opportunities,2023,return_6h,profitable_after_fees,spearman,-0.1091467585459182,217
B_opportunities,2023,return_12h,profitable_after_fees,pearson,-0.15047695780874457,217
B_opportunities,2023,return_12h,profitable_after_fees,spearman,-0.13359189562396262,217
B_opportunities,2023,return_24h,profitable_after_fees,pearson,0.008155910801940407,217
B_opportunities,2023,return_24h,profitable_after_fees,spearman,0.05869946928931691,217
B_opportunities,2023,return_72h,profitable_after_fees,pearson,-0.18040249030829264,217
B_opportunities,2023,return_72h,profitable_after_fees,spearman,-0.15601291307134096,217
B_opportunities,2023,return_168h,profitable_after_fees,pearson,-0.14461526686972254,217
B_opportunities,2023,return_168h,profitable_after_fees,spearman,-0.15367739042057238,217
B_opportunities,2023,volatility_ratio_24_168,profitable_after_fees,pearson,0.04200087996472741,217
B_opportunities,2023,volatility_ratio_24_168,profitable_after_fees,spearman,0.05402842398777976,217
B_opportunities,2023,natr_ratio_168,profitable_after_fees,pearson,0.08647222284698196,217
B_opportunities,2023,natr_ratio_168,profitable_after_fees,spearman,0.07006567952305733,217
B_opportunities,2023,up_fraction_24,profitable_after_fees,pearson,0.022545206188407815,217
B_opportunities,2023,up_fraction_24,profitable_after_fees,spearman,0.03782418676995263,217
B_opportunities,2023,volume_price_interaction,profitable_after_fees,pearson,-0.10480909648251986,217
B_opportunities,2023,volume_price_interaction,profitable_after_fees,spearman,-0.17127166105636238,217
B_opportunities,2023,range_expansion_24,profitable_after_fees,pearson,-0.1359697160924992,217
B_opportunities,2023,range_expansion_24,profitable_after_fees,spearman,-0.09840335435238273,217
B_opportunities,2023,signal_density_168,profitable_after_fees,pearson,0.0012976448356478156,217
B_opportunities,2023,signal_density_168,profitable_after_fees,spearman,0.019029439617296567,217
B_opportunities,2023,ema20_distance,return_above_0_5_percent,pearson,-0.07152283952690919,217
B_opportunities,2023,ema20_distance,return_above_0_5_percent,spearman,0.01280010896922284,217
B_opportunities,2023,ema50_distance,return_above_0_5_percent,pearson,-0.08882979606534083,217
B_opportunities,2023,ema50_distance,return_above_0_5_percent,spearman,-0.02343916058000546,217
B_opportunities,2023,ema_gap,return_above_0_5_percent,pearson,-0.09884344674173723,217
B_opportunities,2023,ema_gap,return_above_0_5_percent,spearman,-0.060177135673489195,217
B_opportunities,2023,ema20_slope_6,return_above_0_5_percent,pearson,-0.009478620177868977,217
B_opportunities,2023,ema20_slope_6,return_above_0_5_percent,spearman,0.042389971261712,217
B_opportunities,2023,ema50_slope_6,return_above_0_5_percent,pearson,-0.052752214557547444,217
B_opportunities,2023,ema50_slope_6,return_above_0_5_percent,spearman,-0.002493527721277176,217
B_opportunities,2023,trend_efficiency_20,return_above_0_5_percent,pearson,0.030185852637128488,217
B_opportunities,2023,trend_efficiency_20,return_above_0_5_percent,spearman,0.05419266914242397,217
B_opportunities,2023,range_ratio,return_above_0_5_percent,pearson,-0.05177233433208806,217
B_opportunities,2023,range_ratio,return_above_0_5_percent,spearman,0.015293636690500016,217
B_opportunities,2023,body_to_range,return_above_0_5_percent,pearson,-0.1302924010100643,217
B_opportunities,2023,body_to_range,return_above_0_5_percent,spearman,-0.13248943959052734,217
B_opportunities,2023,close_location,return_above_0_5_percent,pearson,-0.06779743067268615,217
B_opportunities,2023,close_location,return_above_0_5_percent,spearman,-0.06657722925183127,217
B_opportunities,2023,natr14,return_above_0_5_percent,pearson,0.11920001636611512,217
B_opportunities,2023,natr14,return_above_0_5_percent,spearman,0.11021392528045122,217
B_opportunities,2023,return_std_24,return_above_0_5_percent,pearson,0.056888306081030744,217
B_opportunities,2023,return_std_24,return_above_0_5_percent,spearman,0.07064995210285334,217
B_opportunities,2023,return_std_168,return_above_0_5_percent,pearson,0.012840720558203714,217
B_opportunities,2023,return_std_168,return_above_0_5_percent,spearman,-0.002493527721277176,217
B_opportunities,2023,volatility_percentile_720,return_above_0_5_percent,pearson,0.1045871392079062,217
B_opportunities,2023,volatility_percentile_720,return_above_0_5_percent,spearman,0.11054980368769653,217
B_opportunities,2023,rsi14,return_above_0_5_percent,pearson,-0.0246564215076857,217
B_opportunities,2023,rsi14,return_above_0_5_percent,spearman,-0.0019948221770217413,217
B_opportunities,2023,macd_ratio,return_above_0_5_percent,pearson,-0.004126166027397229,217
B_opportunities,2023,macd_ratio,return_above_0_5_percent,spearman,0.06499795593462507,217
B_opportunities,2023,macd_signal_ratio,return_above_0_5_percent,pearson,0.008222143622608882,217
B_opportunities,2023,macd_signal_ratio,return_above_0_5_percent,spearman,0.077133124178174,217
B_opportunities,2023,relative_volume_24,return_above_0_5_percent,pearson,-0.09335662671714362,217
B_opportunities,2023,relative_volume_24,return_above_0_5_percent,spearman,-0.0671590132930653,217
B_opportunities,2023,volume_zscore_24,return_above_0_5_percent,pearson,-0.06650635669352382,217
B_opportunities,2023,volume_zscore_24,return_above_0_5_percent,spearman,-0.04521596934582613,217
B_opportunities,2023,volume_trend_24_168,return_above_0_5_percent,pearson,0.13807637406847578,217
B_opportunities,2023,volume_trend_24_168,return_above_0_5_percent,spearman,0.13381932104187516,217
B_opportunities,2023,regime_duration,return_above_0_5_percent,pearson,-0.1363303074462459,217
B_opportunities,2023,regime_duration,return_above_0_5_percent,spearman,-0.1040144565863684,217
B_opportunities,2023,regime_transition,return_above_0_5_percent,pearson,-0.04609283226190551,217
B_opportunities,2023,regime_transition,return_above_0_5_percent,spearman,-0.04609283226190552,217
B_opportunities,2023,hour_of_day,return_above_0_5_percent,pearson,-0.06996323939607549,217
B_opportunities,2023,hour_of_day,return_above_0_5_percent,spearman,-0.0619165759886998,217
B_opportunities,2023,day_of_week,return_above_0_5_percent,pearson,-0.011324644030455197,217
B_opportunities,2023,day_of_week,return_above_0_5_percent,spearman,-0.01978819336082645,217
B_opportunities,2023,distance_high_24,return_above_0_5_percent,pearson,-0.15220156764238807,217
B_opportunities,2023,distance_high_24,return_above_0_5_percent,spearman,-0.13232320440910883,217
B_opportunities,2023,distance_low_24,return_above_0_5_percent,pearson,-0.017722475958742972,217
B_opportunities,2023,distance_low_24,return_above_0_5_percent,spearman,0.04770949706710331,217
B_opportunities,2023,distance_high_168,return_above_0_5_percent,pearson,-0.11095402092738113,217
B_opportunities,2023,distance_high_168,return_above_0_5_percent,spearman,-0.11220874745747296,217
B_opportunities,2023,distance_low_168,return_above_0_5_percent,pearson,-0.07374686050345082,217
B_opportunities,2023,distance_low_168,return_above_0_5_percent,spearman,-0.03191715483234786,217
B_opportunities,2023,candles_since_prior_signal,return_above_0_5_percent,pearson,0.04903463422840121,217
B_opportunities,2023,candles_since_prior_signal,return_above_0_5_percent,spearman,0.01970062742491304,217
B_opportunities,2023,return_1h,return_above_0_5_percent,pearson,-0.1347925323467874,217
B_opportunities,2023,return_1h,return_above_0_5_percent,spearman,-0.1025671069352012,217
B_opportunities,2023,return_3h,return_above_0_5_percent,pearson,-0.08836104128764473,217
B_opportunities,2023,return_3h,return_above_0_5_percent,spearman,-0.04106008981036418,217
B_opportunities,2023,return_6h,return_above_0_5_percent,pearson,-0.0829123088765939,217
B_opportunities,2023,return_6h,return_above_0_5_percent,spearman,-0.053527728416750055,217
B_opportunities,2023,return_12h,return_above_0_5_percent,pearson,-0.08469869203051741,217
B_opportunities,2023,return_12h,return_above_0_5_percent,spearman,-0.04222373608029353,217
B_opportunities,2023,return_24h,return_above_0_5_percent,pearson,0.05084725396794548,217
B_opportunities,2023,return_24h,return_above_0_5_percent,spearman,0.11702956771860883,217
B_opportunities,2023,return_72h,return_above_0_5_percent,pearson,-0.13732808163142998,217
B_opportunities,2023,return_72h,return_above_0_5_percent,spearman,-0.10805286792201099,217
B_opportunities,2023,return_168h,return_above_0_5_percent,pearson,-0.10581559721794544,217
B_opportunities,2023,return_168h,return_above_0_5_percent,spearman,-0.09758005149264685,217
B_opportunities,2023,volatility_ratio_24_168,return_above_0_5_percent,pearson,0.08852293670207896,217
B_opportunities,2023,volatility_ratio_24_168,return_above_0_5_percent,spearman,0.09807875703690228,217
B_opportunities,2023,natr_ratio_168,return_above_0_5_percent,pearson,0.14025223636068576,217
B_opportunities,2023,natr_ratio_168,return_above_0_5_percent,spearman,0.12434391570102188,217
B_opportunities,2023,up_fraction_24,return_above_0_5_percent,pearson,0.08098705711513927,217
B_opportunities,2023,up_fraction_24,return_above_0_5_percent,spearman,0.10472516109756964,217
B_opportunities,2023,volume_price_interaction,return_above_0_5_percent,pearson,-0.08681782908065826,217
B_opportunities,2023,volume_price_interaction,return_above_0_5_percent,spearman,-0.13082708777634253,217
B_opportunities,2023,range_expansion_24,return_above_0_5_percent,pearson,-0.08822617727472348,217
B_opportunities,2023,range_expansion_24,return_above_0_5_percent,spearman,-0.04022891390327178,217
B_opportunities,2023,signal_density_168,return_above_0_5_percent,pearson,0.06271754855562196,217
B_opportunities,2023,signal_density_168,return_above_0_5_percent,spearman,0.07738065233653663,217
B_opportunities,2023,ema20_distance,return_above_1_percent,pearson,-0.039437109969452905,217
B_opportunities,2023,ema20_distance,return_above_1_percent,spearman,0.026610214749293308,217
B_opportunities,2023,ema50_distance,return_above_1_percent,pearson,-0.05008954997494332,217
B_opportunities,2023,ema50_distance,return_above_1_percent,spearman,0.0017859204529727052,217
B_opportunities,2023,ema_gap,return_above_1_percent,pearson,-0.05729486314709791,217
B_opportunities,2023,ema_gap,return_above_1_percent,spearman,-0.011072706808430772,217
B_opportunities,2023,ema20_slope_6,return_above_1_percent,pearson,0.009899704673660501,217
B_opportunities,2023,ema20_slope_6,return_above_1_percent,spearman,0.03857588178421044,217
B_opportunities,2023,ema50_slope_6,return_above_1_percent,pearson,-0.021407808123017225,217
B_opportunities,2023,ema50_slope_6,return_above_1_percent,spearman,0.020895269299780653,217
B_opportunities,2023,trend_efficiency_20,return_above_1_percent,pearson,-0.007909189956663556,217
B_opportunities,2023,trend_efficiency_20,return_above_1_percent,spearman,0.007500865902485363,217
B_opportunities,2023,range_ratio,return_above_1_percent,pearson,-0.04076865026498305,217
B_opportunities,2023,range_ratio,return_above_1_percent,spearman,0.009108194310160796,217
B_opportunities,2023,body_to_range,return_above_1_percent,pearson,-0.1316387755210363,217
B_opportunities,2023,body_to_range,return_above_1_percent,spearman,-0.13322966579176382,217
B_opportunities,2023,close_location,return_above_1_percent,pearson,-0.05123561435454496,217
B_opportunities,2023,close_location,return_above_1_percent,spearman,-0.05054157849682485,217
B_opportunities,2023,natr14,return_above_1_percent,pearson,0.11939444137106286,217
B_opportunities,2023,natr14,return_above_1_percent,spearman,0.11287017262787497,217
B_opportunities,2023,return_std_24,return_above_1_percent,pearson,0.06042745839837841,217
B_opportunities,2023,return_std_24,return_above_1_percent,spearman,0.07072244993771913,217
B_opportunities,2023,return_std_168,return_above_1_percent,pearson,0.010906185128643702,217
B_opportunities,2023,return_std_168,return_above_1_percent,spearman,0.00035718409059454107,217
B_opportunities,2023,volatility_percentile_720,return_above_1_percent,pearson,0.11633427892685304,217
B_opportunities,2023,volatility_percentile_720,return_above_1_percent,spearman,0.1200175543572816,217
B_opportunities,2023,rsi14,return_above_1_percent,pearson,-0.005615137358504324,217
B_opportunities,2023,rsi14,return_above_1_percent,spearman,0.007143681811890821,217
B_opportunities,2023,macd_ratio,return_above_1_percent,pearson,0.014079967356335312,217
B_opportunities,2023,macd_ratio,return_above_1_percent,spearman,0.06893652948474642,217
B_opportunities,2023,macd_signal_ratio,return_above_1_percent,pearson,0.018488899573610287,217
B_opportunities,2023,macd_signal_ratio,return_above_1_percent,spearman,0.09233208741868885,217
B_opportunities,2023,relative_volume_24,return_above_1_percent,pearson,-0.09106206936065876,217
B_opportunities,2023,relative_volume_24,return_above_1_percent,spearman,-0.060364111310477434,217
B_opportunities,2023,volume_zscore_24,return_above_1_percent,pearson,-0.0671461760936851,217
B_opportunities,2023,volume_zscore_24,return_above_1_percent,spearman,-0.04339786700723674,217
B_opportunities,2023,volume_trend_24_168,return_above_1_percent,pearson,0.14548263948822338,217
B_opportunities,2023,volume_trend_24_168,return_above_1_percent,spearman,0.13251529761057473,217
B_opportunities,2023,regime_duration,return_above_1_percent,pearson,-0.10683251054527078,217
B_opportunities,2023,regime_duration,return_above_1_percent,spearman,-0.07390102851510365,217
B_opportunities,2023,regime_transition,return_above_1_percent,pearson,-0.06889611079984796,217
B_opportunities,2023,regime_transition,return_above_1_percent,spearman,-0.06889611079984792,217
B_opportunities,2023,hour_of_day,return_above_1_percent,pearson,-0.06054722065974347,217
B_opportunities,2023,hour_of_day,return_above_1_percent,spearman,-0.04908462867080344,217
B_opportunities,2023,day_of_week,return_above_1_percent,pearson,-0.024907487786143344,217
B_opportunities,2023,day_of_week,return_above_1_percent,spearman,-0.035462024006111585,217
B_opportunities,2023,distance_high_24,return_above_1_percent,pearson,-0.13256328282482488,217
B_opportunities,2023,distance_high_24,return_above_1_percent,spearman,-0.13840883510538465,217
B_opportunities,2023,distance_low_24,return_above_1_percent,pearson,-0.00530430157994726,217
B_opportunities,2023,distance_low_24,return_above_1_percent,spearman,0.04625533973199307,217
B_opportunities,2023,distance_high_168,return_above_1_percent,pearson,-0.09535576715854846,217
B_opportunities,2023,distance_high_168,return_above_1_percent,spearman,-0.08911743060333799,217
B_opportunities,2023,distance_low_168,return_above_1_percent,pearson,-0.022120297011846257,217
B_opportunities,2023,distance_low_168,return_above_1_percent,spearman,0.016787652257943427,217
B_opportunities,2023,candles_since_prior_signal,return_above_1_percent,pearson,0.07561419218884452,217
B_opportunities,2023,candles_since_prior_signal,return_above_1_percent,spearman,0.03956166920516073,217
B_opportunities,2023,return_1h,return_above_1_percent,pearson,-0.130686434798561,217
B_opportunities,2023,return_1h,return_above_1_percent,spearman,-0.10465493854420052,217
B_opportunities,2023,return_3h,return_above_1_percent,pearson,-0.042191965883646654,217
B_opportunities,2023,return_3h,return_above_1_percent,spearman,0.025717254522806956,217
B_opportunities,2023,return_6h,return_above_1_percent,pearson,-0.04361269259441169,217
B_opportunities,2023,return_6h,return_above_1_percent,spearman,-0.022324005662158815,217
B_opportunities,2023,return_12h,return_above_1_percent,pearson,-0.0710018925813435,217
B_opportunities,2023,return_12h,return_above_1_percent,spearman,-0.045540971550803985,217
B_opportunities,2023,return_24h,return_above_1_percent,pearson,0.059049507450431374,217
B_opportunities,2023,return_24h,return_above_1_percent,spearman,0.11358454080906406,217
B_opportunities,2023,return_72h,return_above_1_percent,pearson,-0.1017951350376473,217
B_opportunities,2023,return_72h,return_above_1_percent,spearman,-0.06661483289588191,217
B_opportunities,2023,return_168h,return_above_1_percent,pearson,-0.06303875604730153,217
B_opportunities,2023,return_168h,return_above_1_percent,spearman,-0.052148877226802996,217
B_opportunities,2023,volatility_ratio_24_168,return_above_1_percent,pearson,0.08611139833769368,217
B_opportunities,2023,volatility_ratio_24_168,return_above_1_percent,spearman,0.08768869424095983,217
B_opportunities,2023,natr_ratio_168,return_above_1_percent,pearson,0.1506723936657886,217
B_opportunities,2023,natr_ratio_168,return_above_1_percent,spearman,0.11947807830387398,217
B_opportunities,2023,up_fraction_24,return_above_1_percent,pearson,0.056508235373443294,217
B_opportunities,2023,up_fraction_24,return_above_1_percent,spearman,0.07776543783173356,217
B_opportunities,2023,volume_price_interaction,return_above_1_percent,pearson,-0.08382728828540104,217
B_opportunities,2023,volume_price_interaction,return_above_1_percent,spearman,-0.12912204874992658,217
B_opportunities,2023,range_expansion_24,return_above_1_percent,pearson,-0.08829694605220562,217
B_opportunities,2023,range_expansion_24,return_above_1_percent,spearman,-0.041790538599561305,217
B_opportunities,2023,signal_density_168,return_above_1_percent,pearson,0.01797551861846679,217
B_opportunities,2023,signal_density_168,return_above_1_percent,spearman,0.034353897873045866,217
B_opportunities,2023,ema20_distance,stoploss_hit,pearson,0.1791619092664126,217
B_opportunities,2023,ema20_distance,stoploss_hit,spearman,0.16631329320418872,217
B_opportunities,2023,ema50_distance,stoploss_hit,pearson,0.1768333647797328,217
B_opportunities,2023,ema50_distance,stoploss_hit,spearman,0.17451183582693044,217
B_opportunities,2023,ema_gap,stoploss_hit,pearson,0.10388447481201421,217
B_opportunities,2023,ema_gap,stoploss_hit,spearman,0.12883424121451242,217
B_opportunities,2023,ema20_slope_6,stoploss_hit,pearson,0.19709354663941694,217
B_opportunities,2023,ema20_slope_6,stoploss_hit,spearman,0.14679295362623232,217
B_opportunities,2023,ema50_slope_6,stoploss_hit,pearson,0.1730512800507912,217
B_opportunities,2023,ema50_slope_6,stoploss_hit,spearman,0.15108742833338273,217
B_opportunities,2023,trend_efficiency_20,stoploss_hit,pearson,0.16737856087506894,217
B_opportunities,2023,trend_efficiency_20,stoploss_hit,spearman,0.1300054615891898,217
B_opportunities,2023,range_ratio,stoploss_hit,pearson,0.1174459762878063,217
B_opportunities,2023,range_ratio,stoploss_hit,spearman,0.20457315877698334,217
B_opportunities,2023,body_to_range,stoploss_hit,pearson,0.07074904741088284,217
B_opportunities,2023,body_to_range,stoploss_hit,spearman,0.07651973114558919,217
B_opportunities,2023,close_location,stoploss_hit,pearson,0.05913625515621447,217
B_opportunities,2023,close_location,stoploss_hit,spearman,0.058170646099748,217
B_opportunities,2023,natr14,stoploss_hit,pearson,0.21938121631136212,217
B_opportunities,2023,natr14,stoploss_hit,spearman,0.22214146439714413,217
B_opportunities,2023,return_std_24,stoploss_hit,pearson,0.17598876930654378,217
B_opportunities,2023,return_std_24,stoploss_hit,spearman,0.20886763348413379,217
B_opportunities,2023,return_std_168,stoploss_hit,pearson,0.15438096947995558,217
B_opportunities,2023,return_std_168,stoploss_hit,spearman,0.16397085245483398,217
B_opportunities,2023,volatility_percentile_720,stoploss_hit,pearson,0.14407731375074198,217
B_opportunities,2023,volatility_percentile_720,stoploss_hit,spearman,0.1425028720170337,217
B_opportunities,2023,rsi14,stoploss_hit,pearson,0.14085602300101802,217
B_opportunities,2023,rsi14,stoploss_hit,spearman,0.109313901636556,217
B_opportunities,2023,macd_ratio,stoploss_hit,pearson,0.22374523959694248,217
B_opportunities,2023,macd_ratio,stoploss_hit,spearman,0.1713885814944574,217
B_opportunities,2023,macd_signal_ratio,stoploss_hit,pearson,0.21343032559790348,217
B_opportunities,2023,macd_signal_ratio,stoploss_hit,spearman,0.2123812946081659,217
B_opportunities,2023,relative_volume_24,stoploss_hit,pearson,0.02050178791944316,217
B_opportunities,2023,relative_volume_24,stoploss_hit,spearman,0.10892349484499685,217
B_opportunities,2023,volume_zscore_24,stoploss_hit,pearson,0.028735645608523624,217
B_opportunities,2023,volume_zscore_24,stoploss_hit,spearman,0.09096478243327695,217
B_opportunities,2023,volume_trend_24_168,stoploss_hit,pearson,0.12322846279382622,217
B_opportunities,2023,volume_trend_24_168,stoploss_hit,spearman,0.10462902013784643,217
B_opportunities,2023,regime_duration,stoploss_hit,pearson,-0.06900478461387272,217
B_opportunities,2023,regime_duration,stoploss_hit,spearman,-0.0731471299796956,217
B_opportunities,2023,regime_transition,stoploss_hit,pearson,-0.0023532603946871647,217
B_opportunities,2023,regime_transition,stoploss_hit,spearman,-0.0023532603946871044,217
B_opportunities,2023,hour_of_day,stoploss_hit,pearson,0.08539578242091161,217
B_opportunities,2023,hour_of_day,stoploss_hit,spearman,0.08404209580314012,217
B_opportunities,2023,day_of_week,stoploss_hit,pearson,-0.07886008013500286,217
B_opportunities,2023,day_of_week,stoploss_hit,spearman,-0.07554332018266857,217
B_opportunities,2023,distance_high_24,stoploss_hit,pearson,0.009694707781405697,217
B_opportunities,2023,distance_high_24,stoploss_hit,spearman,-0.015616271662365141,217
B_opportunities,2023,distance_low_24,stoploss_hit,pearson,0.2595576118914867,217
B_opportunities,2023,distance_low_24,stoploss_hit,spearman,0.23112082060300412,217
B_opportunities,2023,distance_high_168,stoploss_hit,pearson,0.07986692041901983,217
B_opportunities,2023,distance_high_168,stoploss_hit,spearman,0.06832118852284749,217
B_opportunities,2023,distance_low_168,stoploss_hit,pearson,0.11748684725441674,217
B_opportunities,2023,distance_low_168,stoploss_hit,spearman,0.1698269543282209,217
B_opportunities,2023,candles_since_prior_signal,stoploss_hit,pearson,-0.04407855026188485,217
B_opportunities,2023,candles_since_prior_signal,stoploss_hit,spearman,-0.027916577357647673,217
B_opportunities,2023,return_1h,stoploss_hit,pearson,0.07907443187376335,217
B_opportunities,2023,return_1h,stoploss_hit,spearman,0.16475166603795224,217
B_opportunities,2023,return_3h,stoploss_hit,pearson,0.1326876340961938,217
B_opportunities,2023,return_3h,stoploss_hit,spearman,0.2108196674419294,217
B_opportunities,2023,return_6h,stoploss_hit,pearson,0.08307988678030928,217
B_opportunities,2023,return_6h,stoploss_hit,spearman,0.01834911920327904,217
B_opportunities,2023,return_12h,stoploss_hit,pearson,0.180510238284106,217
B_opportunities,2023,return_12h,stoploss_hit,spearman,0.12805342763139416,217
B_opportunities,2023,return_24h,stoploss_hit,pearson,0.221762190907987,217
B_opportunities,2023,return_24h,stoploss_hit,spearman,0.18036793770031737,217
B_opportunities,2023,return_72h,stoploss_hit,pearson,0.03215510407498455,217
B_opportunities,2023,return_72h,stoploss_hit,spearman,0.07183484964687965,217
B_opportunities,2023,return_168h,stoploss_hit,pearson,0.10943742440851494,217
B_opportunities,2023,return_168h,stoploss_hit,spearman,0.14132725854440453,217
B_opportunities,2023,volatility_ratio_24_168,stoploss_hit,pearson,0.09714436972553384,217
B_opportunities,2023,volatility_ratio_24_168,stoploss_hit,spearman,0.11868366463397508,217
B_opportunities,2023,natr_ratio_168,stoploss_hit,pearson,0.1091106305382468,217
B_opportunities,2023,natr_ratio_168,stoploss_hit,spearman,0.10853308805343773,217
B_opportunities,2023,up_fraction_24,stoploss_hit,pearson,0.15303657250207758,217
B_opportunities,2023,up_fraction_24,stoploss_hit,spearman,0.1501145233130848,217
B_opportunities,2023,volume_price_interaction,stoploss_hit,pearson,-0.0009652631552762178,217
B_opportunities,2023,volume_price_interaction,stoploss_hit,spearman,0.16358044566327487,217
B_opportunities,2023,range_expansion_24,stoploss_hit,pearson,0.04037758614330283,217
B_opportunities,2023,range_expansion_24,stoploss_hit,spearman,0.11204674917746989,217
B_opportunities,2023,signal_density_168,stoploss_hit,pearson,0.011888597930023014,217
B_opportunities,2023,signal_density_168,stoploss_hit,spearman,-0.003111816375467156,217
B_opportunities,2023,ema20_distance,forward_6h_return,pearson,-0.18009465552335302,217
B_opportunities,2023,ema20_distance,forward_6h_return,spearman,-0.23145290472902194,217
B_opportunities,2023,ema50_distance,forward_6h_return,pearson,-0.19966802802933598,217
B_opportunities,2023,ema50_distance,forward_6h_return,spearman,-0.2539071858397102,217
B_opportunities,2023,ema_gap,forward_6h_return,pearson,-0.17384855236080676,217
B_opportunities,2023,ema_gap,forward_6h_return,spearman,-0.2043691897198852,217
B_opportunities,2023,ema20_slope_6,forward_6h_return,pearson,-0.09613722169979023,217
B_opportunities,2023,ema20_slope_6,forward_6h_return,spearman,-0.1672773479521038,217
B_opportunities,2023,ema50_slope_6,forward_6h_return,pearson,-0.14039295384344838,217
B_opportunities,2023,ema50_slope_6,forward_6h_return,spearman,-0.19181851491706478,217
B_opportunities,2023,trend_efficiency_20,forward_6h_return,pearson,-0.1253615812287638,217
B_opportunities,2023,trend_efficiency_20,forward_6h_return,spearman,-0.1772784283882242,217
B_opportunities,2023,range_ratio,forward_6h_return,pearson,-0.1151520440250862,217
B_opportunities,2023,range_ratio,forward_6h_return,spearman,-0.1342359672486929,217
B_opportunities,2023,body_to_range,forward_6h_return,pearson,-0.10481499997759011,217
B_opportunities,2023,body_to_range,forward_6h_return,spearman,-0.0583905259844887,217
B_opportunities,2023,close_location,forward_6h_return,pearson,-0.12383039053491664,217
B_opportunities,2023,close_location,forward_6h_return,spearman,-0.12732888436099352,217
B_opportunities,2023,natr14,forward_6h_return,pearson,0.05394174770814243,217
B_opportunities,2023,natr14,forward_6h_return,spearman,-0.020396754933600155,217
B_opportunities,2023,return_std_24,forward_6h_return,pearson,0.02914203165688296,217
B_opportunities,2023,return_std_24,forward_6h_return,spearman,-0.021702673374765714,217
B_opportunities,2023,return_std_168,forward_6h_return,pearson,0.019440498018740364,217
B_opportunities,2023,return_std_168,forward_6h_return,spearman,-0.017326907087191198,217
B_opportunities,2023,volatility_percentile_720,forward_6h_return,pearson,0.03305215968411741,217
B_opportunities,2023,volatility_percentile_720,forward_6h_return,spearman,0.01077298486357344,217
B_opportunities,2023,rsi14,forward_6h_return,pearson,-0.2052887619680537,217
B_opportunities,2023,rsi14,forward_6h_return,spearman,-0.2522630439173795,217
B_opportunities,2023,macd_ratio,forward_6h_return,pearson,-0.09390625551130638,217
B_opportunities,2023,macd_ratio,forward_6h_return,spearman,-0.16835308652414305,217
B_opportunities,2023,macd_signal_ratio,forward_6h_return,pearson,-0.04637617172255346,217
B_opportunities,2023,macd_signal_ratio,forward_6h_return,spearman,-0.12776157123597195,217
B_opportunities,2023,relative_volume_24,forward_6h_return,pearson,-0.19837458267605515,217
B_opportunities,2023,relative_volume_24,forward_6h_return,spearman,-0.20336743753435083,217
B_opportunities,2023,volume_zscore_24,forward_6h_return,pearson,-0.26980377957322615,217
B_opportunities,2023,volume_zscore_24,forward_6h_return,spearman,-0.19412383676958997,217
B_opportunities,2023,volume_trend_24_168,forward_6h_return,pearson,0.09734479013922825,217
B_opportunities,2023,volume_trend_24_168,forward_6h_return,spearman,0.015848353744180914,217
B_opportunities,2023,regime_duration,forward_6h_return,pearson,-0.10408243861222706,217
B_opportunities,2023,regime_duration,forward_6h_return,spearman,-0.017215656861898528,217
B_opportunities,2023,regime_transition,forward_6h_return,pearson,-0.11170041520576755,217
B_opportunities,2023,regime_transition,forward_6h_return,spearman,-0.10401690434556464,217
B_opportunities,2023,hour_of_day,forward_6h_return,pearson,-0.042146274910764135,217
B_opportunities,2023,hour_of_day,forward_6h_return,spearman,-0.09667259546109536,217
B_opportunities,2023,day_of_week,forward_6h_return,pearson,-0.00822239291520859,217
B_opportunities,2023,day_of_week,forward_6h_return,spearman,-0.04761329781868794,217
B_opportunities,2023,distance_high_24,forward_6h_return,pearson,-0.21026173533831946,217
B_opportunities,2023,distance_high_24,forward_6h_return,spearman,-0.2226050724127078,217
B_opportunities,2023,distance_low_24,forward_6h_return,pearson,-0.07018739014367766,217
B_opportunities,2023,distance_low_24,forward_6h_return,spearman,-0.11488441682286016,217
B_opportunities,2023,distance_high_168,forward_6h_return,pearson,-0.19950842277999292,217
B_opportunities,2023,distance_high_168,forward_6h_return,spearman,-0.21568910685513232,217
B_opportunities,2023,distance_low_168,forward_6h_return,pearson,-0.1235274424485935,217
B_opportunities,2023,distance_low_168,forward_6h_return,spearman,-0.18211807757531345,217
B_opportunities,2023,candles_since_prior_signal,forward_6h_return,pearson,0.010968176956426282,217
B_opportunities,2023,candles_since_prior_signal,forward_6h_return,spearman,0.05761528835588418,217
B_opportunities,2023,return_1h,forward_6h_return,pearson,-0.16401142716791042,217
B_opportunities,2023,return_1h,forward_6h_return,spearman,-0.15617351804093443,217
B_opportunities,2023,return_3h,forward_6h_return,pearson,-0.16449867048676275,217
B_opportunities,2023,return_3h,forward_6h_return,spearman,-0.21890692747455104,217
B_opportunities,2023,return_6h,forward_6h_return,pearson,-0.15886367667525322,217
B_opportunities,2023,return_6h,forward_6h_return,spearman,-0.1838279851745374,217
B_opportunities,2023,return_12h,forward_6h_return,pearson,-0.19148131964310383,217
B_opportunities,2023,return_12h,forward_6h_return,spearman,-0.21579597608008383,217
B_opportunities,2023,return_24h,forward_6h_return,pearson,-0.06654305464384412,217
B_opportunities,2023,return_24h,forward_6h_return,spearman,-0.11092203479004308,217
B_opportunities,2023,return_72h,forward_6h_return,pearson,-0.22177708455085166,217
B_opportunities,2023,return_72h,forward_6h_return,spearman,-0.23786623261319917,217
B_opportunities,2023,return_168h,forward_6h_return,pearson,-0.20793463840918086,217
B_opportunities,2023,return_168h,forward_6h_return,spearman,-0.23297021284591574,217
B_opportunities,2023,volatility_ratio_24_168,forward_6h_return,pearson,0.019650124180233913,217
B_opportunities,2023,volatility_ratio_24_168,forward_6h_return,spearman,-0.02047074132010504,217
B_opportunities,2023,natr_ratio_168,forward_6h_return,pearson,0.061637497477394776,217
B_opportunities,2023,natr_ratio_168,forward_6h_return,spearman,0.014396811304180348,217
B_opportunities,2023,up_fraction_24,forward_6h_return,pearson,-0.06878073961257711,217
B_opportunities,2023,up_fraction_24,forward_6h_return,spearman,-0.12044123958652185,217
B_opportunities,2023,volume_price_interaction,forward_6h_return,pearson,-0.05459048039488707,217
B_opportunities,2023,volume_price_interaction,forward_6h_return,spearman,-0.157761289383071,217
B_opportunities,2023,range_expansion_24,forward_6h_return,pearson,-0.14903679276170612,217
B_opportunities,2023,range_expansion_24,forward_6h_return,spearman,-0.14305443988782257,217
B_opportunities,2023,signal_density_168,forward_6h_return,pearson,0.0802377567065436,217
B_opportunities,2023,signal_density_168,forward_6h_return,spearman,0.03661652329603031,217
B_opportunities,2023,ema20_distance,forward_12h_return,pearson,-0.14702804626140073,217
B_opportunities,2023,ema20_distance,forward_12h_return,spearman,-0.234910300314266,217
B_opportunities,2023,ema50_distance,forward_12h_return,pearson,-0.152930167996484,217
B_opportunities,2023,ema50_distance,forward_12h_return,spearman,-0.2585307478027218,217
B_opportunities,2023,ema_gap,forward_12h_return,pearson,-0.11053189669415948,217
B_opportunities,2023,ema_gap,forward_12h_return,spearman,-0.19991239072328154,217
B_opportunities,2023,ema20_slope_6,forward_12h_return,pearson,-0.10622756618130504,217
B_opportunities,2023,ema20_slope_6,forward_12h_return,spearman,-0.20006506104464084,217
B_opportunities,2023,ema50_slope_6,forward_12h_return,pearson,-0.1186311615380804,217
B_opportunities,2023,ema50_slope_6,forward_12h_return,spearman,-0.21459105492843286,217
B_opportunities,2023,trend_efficiency_20,forward_12h_return,pearson,-0.07825519471914456,217
B_opportunities,2023,trend_efficiency_20,forward_12h_return,spearman,-0.16384109133443256,217
B_opportunities,2023,range_ratio,forward_12h_return,pearson,-0.12863032355646128,217
B_opportunities,2023,range_ratio,forward_12h_return,spearman,-0.1253482057714079,217
B_opportunities,2023,body_to_range,forward_12h_return,pearson,-0.10283711369379805,217
B_opportunities,2023,body_to_range,forward_12h_return,spearman,-0.1146800734696562,217
B_opportunities,2023,close_location,forward_12h_return,pearson,-0.048755881926922866,217
B_opportunities,2023,close_location,forward_12h_return,spearman,-0.02347248849834376,217
B_opportunities,2023,natr14,forward_12h_return,pearson,0.02910957465194308,217
B_opportunities,2023,natr14,forward_12h_return,spearman,-0.05655613335400255,217
B_opportunities,2023,return_std_24,forward_12h_return,pearson,-0.02255513384035193,217
B_opportunities,2023,return_std_24,forward_12h_return,spearman,-0.11547513352781184,217
B_opportunities,2023,return_std_168,forward_12h_return,pearson,0.013121003535797836,217
B_opportunities,2023,return_std_168,forward_12h_return,spearman,-0.043729477585648054,217
B_opportunities,2023,volatility_percentile_720,forward_12h_return,pearson,0.028419317979321047,217
B_opportunities,2023,volatility_percentile_720,forward_12h_return,spearman,-0.03648111073990863,217
B_opportunities,2023,rsi14,forward_12h_return,pearson,-0.16503407678423204,217
B_opportunities,2023,rsi14,forward_12h_return,spearman,-0.23441823212465412,217
B_opportunities,2023,macd_ratio,forward_12h_return,pearson,-0.09819594282656628,217
B_opportunities,2023,macd_ratio,forward_12h_return,spearman,-0.2013463173569714,217
B_opportunities,2023,macd_signal_ratio,forward_12h_return,pearson,-0.06004796590043064,217
B_opportunities,2023,macd_signal_ratio,forward_12h_return,spearman,-0.15849175815142078,217
B_opportunities,2023,relative_volume_24,forward_12h_return,pearson,-0.15630733719136344,217
B_opportunities,2023,relative_volume_24,forward_12h_return,spearman,-0.1729848691967662,217
B_opportunities,2023,volume_zscore_24,forward_12h_return,pearson,-0.19345291405223924,217
B_opportunities,2023,volume_zscore_24,forward_12h_return,spearman,-0.1668768819553075,217
B_opportunities,2023,volume_trend_24_168,forward_12h_return,pearson,0.049820487595756933,217
B_opportunities,2023,volume_trend_24_168,forward_12h_return,spearman,-0.009048652508255942,217
B_opportunities,2023,regime_duration,forward_12h_return,pearson,-0.09399727383781105,217
B_opportunities,2023,regime_duration,forward_12h_return,spearman,0.011359438954601076,217
B_opportunities,2023,regime_transition,forward_12h_return,pearson,-0.06252997086999942,217
B_opportunities,2023,regime_transition,forward_12h_return,spearman,-0.13451975182242856,217
B_opportunities,2023,hour_of_day,forward_12h_return,pearson,-0.09761817057071749,217
B_opportunities,2023,hour_of_day,forward_12h_return,spearman,-0.08095558217604115,217
B_opportunities,2023,day_of_week,forward_12h_return,pearson,-0.010325551049828111,217
B_opportunities,2023,day_of_week,forward_12h_return,spearman,0.0049933909955155184,217
B_opportunities,2023,distance_high_24,forward_12h_return,pearson,-0.1510299468806895,217
B_opportunities,2023,distance_high_24,forward_12h_return,spearman,-0.16858326639326934,217
B_opportunities,2023,distance_low_24,forward_12h_return,pearson,-0.08619776142637041,217
B_opportunities,2023,distance_low_24,forward_12h_return,spearman,-0.16671364215016185,217
B_opportunities,2023,distance_high_168,forward_12h_return,pearson,-0.1733100316290542,217
B_opportunities,2023,distance_high_168,forward_12h_return,spearman,-0.21850646147775477,217
B_opportunities,2023,distance_low_168,forward_12h_return,pearson,-0.053150628397970336,217
B_opportunities,2023,distance_low_168,forward_12h_return,spearman,-0.15632618836229373,217
B_opportunities,2023,candles_since_prior_signal,forward_12h_return,pearson,0.07170603340328041,217
B_opportunities,2023,candles_since_prior_signal,forward_12h_return,spearman,0.04605358990055656,217
B_opportunities,2023,return_1h,forward_12h_return,pearson,-0.12998845944180823,217
B_opportunities,2023,return_1h,forward_12h_return,spearman,-0.07153426626643555,217
B_opportunities,2023,return_3h,forward_12h_return,pearson,-0.11563854859133793,217
B_opportunities,2023,return_3h,forward_12h_return,spearman,-0.17929367663016674,217
B_opportunities,2023,return_6h,forward_12h_return,pearson,-0.13748309287014215,217
B_opportunities,2023,return_6h,forward_12h_return,spearman,-0.19276976845784186,217
B_opportunities,2023,return_12h,forward_12h_return,pearson,-0.16743464717285358,217
B_opportunities,2023,return_12h,forward_12h_return,spearman,-0.25419491067611816,217
B_opportunities,2023,return_24h,forward_12h_return,pearson,-0.09964318006334535,217
B_opportunities,2023,return_24h,forward_12h_return,spearman,-0.16187046980181044,217
B_opportunities,2023,return_72h,forward_12h_return,pearson,-0.1447946027027607,217
B_opportunities,2023,return_72h,forward_12h_return,spearman,-0.2123937766879466,217
B_opportunities,2023,return_168h,forward_12h_return,pearson,-0.11152888398748317,217
B_opportunities,2023,return_168h,forward_12h_return,spearman,-0.19596410133551304,217
B_opportunities,2023,volatility_ratio_24_168,forward_12h_return,pearson,-0.0394345226543276,217
B_opportunities,2023,volatility_ratio_24_168,forward_12h_return,spearman,-0.10651456005110935,217
B_opportunities,2023,natr_ratio_168,forward_12h_return,pearson,1.6868938796332544e-05,217
B_opportunities,2023,natr_ratio_168,forward_12h_return,spearman,-0.035673182166227446,217
B_opportunities,2023,up_fraction_24,forward_12h_return,pearson,-0.008471255596484905,217
B_opportunities,2023,up_fraction_24,forward_12h_return,spearman,-0.045942015531218315,217
B_opportunities,2023,volume_price_interaction,forward_12h_return,pearson,-0.06548819742118298,217
B_opportunities,2023,volume_price_interaction,forward_12h_return,spearman,-0.07979138187779798,217
B_opportunities,2023,range_expansion_24,forward_12h_return,pearson,-0.15558403938928256,217
B_opportunities,2023,range_expansion_24,forward_12h_return,spearman,-0.11764892402655054,217
B_opportunities,2023,signal_density_168,forward_12h_return,pearson,0.04602586777426579,217
B_opportunities,2023,signal_density_168,forward_12h_return,spearman,0.11234450580972036,217
B_opportunities,2023,ema20_distance,forward_24h_return,pearson,-0.17302822406788818,217
B_opportunities,2023,ema20_distance,forward_24h_return,spearman,-0.21937315914824057,217
B_opportunities,2023,ema50_distance,forward_24h_return,pearson,-0.17234728499152058,217
B_opportunities,2023,ema50_distance,forward_24h_return,spearman,-0.23676700629941236,217
B_opportunities,2023,ema_gap,forward_24h_return,pearson,-0.1033582101644491,217
B_opportunities,2023,ema_gap,forward_24h_return,spearman,-0.18731004288861647,217
B_opportunities,2023,ema20_slope_6,forward_24h_return,pearson,-0.13799326325941158,217
B_opportunities,2023,ema20_slope_6,forward_24h_return,spearman,-0.1708016836013285,217
B_opportunities,2023,ema50_slope_6,forward_24h_return,pearson,-0.1348582908798938,217
B_opportunities,2023,ema50_slope_6,forward_24h_return,spearman,-0.17489912014919415,217
B_opportunities,2023,trend_efficiency_20,forward_24h_return,pearson,-0.12702637477620365,217
B_opportunities,2023,trend_efficiency_20,forward_24h_return,spearman,-0.13433461576403277,217
B_opportunities,2023,range_ratio,forward_24h_return,pearson,-0.14223486217350062,217
B_opportunities,2023,range_ratio,forward_24h_return,spearman,-0.22735664256824364,217
B_opportunities,2023,body_to_range,forward_24h_return,pearson,-0.1761436453869448,217
B_opportunities,2023,body_to_range,forward_24h_return,spearman,-0.16222513470219893,217
B_opportunities,2023,close_location,forward_24h_return,pearson,-0.05722931551609552,217
B_opportunities,2023,close_location,forward_24h_return,spearman,-0.07582845717743077,217
B_opportunities,2023,natr14,forward_24h_return,pearson,0.020120874865378866,217
B_opportunities,2023,natr14,forward_24h_return,spearman,-0.0784361391789625,217
B_opportunities,2023,return_std_24,forward_24h_return,pearson,-0.05509151831200332,217
B_opportunities,2023,return_std_24,forward_24h_return,spearman,-0.12858011903587518,217
B_opportunities,2023,return_std_168,forward_24h_return,pearson,0.036983936617875524,217
B_opportunities,2023,return_std_168,forward_24h_return,spearman,-0.04504831428477478,217
B_opportunities,2023,volatility_percentile_720,forward_24h_return,pearson,0.006581522983769958,217
B_opportunities,2023,volatility_percentile_720,forward_24h_return,spearman,-0.04748369535719716,217
B_opportunities,2023,rsi14,forward_24h_return,pearson,-0.176677329023474,217
B_opportunities,2023,rsi14,forward_24h_return,spearman,-0.21885055689435684,217
B_opportunities,2023,macd_ratio,forward_24h_return,pearson,-0.13400864332241738,217
B_opportunities,2023,macd_ratio,forward_24h_return,spearman,-0.151389065046952,217
B_opportunities,2023,macd_signal_ratio,forward_24h_return,pearson,-0.09181206878781566,217
B_opportunities,2023,macd_signal_ratio,forward_24h_return,spearman,-0.09778886399188265,217
B_opportunities,2023,relative_volume_24,forward_24h_return,pearson,-0.15836879235992476,217
B_opportunities,2023,relative_volume_24,forward_24h_return,spearman,-0.2513763816664083,217
B_opportunities,2023,volume_zscore_24,forward_24h_return,pearson,-0.16361160818318066,217
B_opportunities,2023,volume_zscore_24,forward_24h_return,spearman,-0.2294388308741668,217
B_opportunities,2023,volume_trend_24_168,forward_24h_return,pearson,0.04076849024493191,217
B_opportunities,2023,volume_trend_24_168,forward_24h_return,spearman,0.005967060790973191,217
B_opportunities,2023,regime_duration,forward_24h_return,pearson,-0.041109262049382006,217
B_opportunities,2023,regime_duration,forward_24h_return,spearman,-0.006132732114292606,217
B_opportunities,2023,regime_transition,forward_24h_return,pearson,-0.10688605098859008,217
B_opportunities,2023,regime_transition,forward_24h_return,spearman,-0.13583642149768888,217
B_opportunities,2023,hour_of_day,forward_24h_return,pearson,-0.18964238917925264,217
B_opportunities,2023,hour_of_day,forward_24h_return,spearman,-0.20313062350051866,217
B_opportunities,2023,day_of_week,forward_24h_return,pearson,-0.0202171639158482,217
B_opportunities,2023,day_of_week,forward_24h_return,spearman,0.0002010681625547111,217
B_opportunities,2023,distance_high_24,forward_24h_return,pearson,-0.09437439705123156,217
B_opportunities,2023,distance_high_24,forward_24h_return,spearman,-0.13059889043907985,217
B_opportunities,2023,distance_low_24,forward_24h_return,pearson,-0.13266696031408082,217
B_opportunities,2023,distance_low_24,forward_24h_return,spearman,-0.15458104915044837,217
B_opportunities,2023,distance_high_168,forward_24h_return,pearson,-0.114653156025406,217
B_opportunities,2023,distance_high_168,forward_24h_return,spearman,-0.20382662288551606,217
B_opportunities,2023,distance_low_168,forward_24h_return,pearson,-0.012122439687469762,217
B_opportunities,2023,distance_low_168,forward_24h_return,spearman,-0.1275736693019913,217
B_opportunities,2023,candles_since_prior_signal,forward_24h_return,pearson,0.15230247943513467,217
B_opportunities,2023,candles_since_prior_signal,forward_24h_return,spearman,0.08786550223392339,217
B_opportunities,2023,return_1h,forward_24h_return,pearson,-0.14550080969548562,217
B_opportunities,2023,return_1h,forward_24h_return,spearman,-0.11223617394082029,217
B_opportunities,2023,return_3h,forward_24h_return,pearson,-0.12652045122085562,217
B_opportunities,2023,return_3h,forward_24h_return,spearman,-0.14505089793636702,217
B_opportunities,2023,return_6h,forward_24h_return,pearson,-0.14988572021772895,217
B_opportunities,2023,return_6h,forward_24h_return,spearman,-0.1631658187591896,217
B_opportunities,2023,return_12h,forward_24h_return,pearson,-0.2125927972512095,217
B_opportunities,2023,return_12h,forward_24h_return,spearman,-0.2636287621490344,217
B_opportunities,2023,return_24h,forward_24h_return,pearson,-0.12096917759398118,217
B_opportunities,2023,return_24h,forward_24h_return,spearman,-0.134546005439761,217
B_opportunities,2023,return_72h,forward_24h_return,pearson,-0.14073958426094002,217
B_opportunities,2023,return_72h,forward_24h_return,spearman,-0.204919977263866,217
B_opportunities,2023,return_168h,forward_24h_return,pearson,-0.034493838486775966,217
B_opportunities,2023,return_168h,forward_24h_return,spearman,-0.14661048398840648,217
B_opportunities,2023,volatility_ratio_24_168,forward_24h_return,pearson,-0.07076573706513989,217
B_opportunities,2023,volatility_ratio_24_168,forward_24h_return,spearman,-0.1171345424822785,217
B_opportunities,2023,natr_ratio_168,forward_24h_return,pearson,-0.023446932749578406,217
B_opportunities,2023,natr_ratio_168,forward_24h_return,spearman,-0.08086594606274985,217
B_opportunities,2023,up_fraction_24,forward_24h_return,pearson,0.02915216410176458,217
B_opportunities,2023,up_fraction_24,forward_24h_return,spearman,-0.017966752760666,217
B_opportunities,2023,volume_price_interaction,forward_24h_return,pearson,-0.0944321652357811,217
B_opportunities,2023,volume_price_interaction,forward_24h_return,spearman,-0.11731187493247275,217
B_opportunities,2023,range_expansion_24,forward_24h_return,pearson,-0.1618904547645729,217
B_opportunities,2023,range_expansion_24,forward_24h_return,spearman,-0.23715925158659698,217
B_opportunities,2023,signal_density_168,forward_24h_return,pearson,-0.0038326198104234746,217
B_opportunities,2023,signal_density_168,forward_24h_return,spearman,0.055258025509865895,217
B_opportunities,2023,ema20_distance,forward_48h_return,pearson,-0.1681674679528154,217
B_opportunities,2023,ema20_distance,forward_48h_return,spearman,-0.231899171822226,217
B_opportunities,2023,ema50_distance,forward_48h_return,pearson,-0.18960744738009572,217
B_opportunities,2023,ema50_distance,forward_48h_return,spearman,-0.24512629358737678,217
B_opportunities,2023,ema_gap,forward_48h_return,pearson,-0.1748815916239605,217
B_opportunities,2023,ema_gap,forward_48h_return,spearman,-0.15606430004180818,217
B_opportunities,2023,ema20_slope_6,forward_48h_return,pearson,-0.1395685241720209,217
B_opportunities,2023,ema20_slope_6,forward_48h_return,spearman,-0.16278414295579138,217
B_opportunities,2023,ema50_slope_6,forward_48h_return,pearson,-0.1711537960033411,217
B_opportunities,2023,ema50_slope_6,forward_48h_return,spearman,-0.15667380694015795,217
B_opportunities,2023,trend_efficiency_20,forward_48h_return,pearson,-0.11935885676736782,217
B_opportunities,2023,trend_efficiency_20,forward_48h_return,spearman,-0.11679514461402594,217
B_opportunities,2023,range_ratio,forward_48h_return,pearson,-0.08871959056345703,217
B_opportunities,2023,range_ratio,forward_48h_return,spearman,-0.2116621335325094,217
B_opportunities,2023,body_to_range,forward_48h_return,pearson,-0.1388303261096778,217
B_opportunities,2023,body_to_range,forward_48h_return,spearman,-0.1599186384625864,217
B_opportunities,2023,close_location,forward_48h_return,pearson,-0.07687981419833338,217
B_opportunities,2023,close_location,forward_48h_return,spearman,-0.06033123607250536,217
B_opportunities,2023,natr14,forward_48h_return,pearson,0.09902514463692026,217
B_opportunities,2023,natr14,forward_48h_return,spearman,-0.10404247523217634,217
B_opportunities,2023,return_std_24,forward_48h_return,pearson,0.04395962842905128,217
B_opportunities,2023,return_std_24,forward_48h_return,spearman,-0.13761937644743208,217
B_opportunities,2023,return_std_168,forward_48h_return,pearson,-0.014396806716045096,217
B_opportunities,2023,return_std_168,forward_48h_return,spearman,-0.1484577948768538,217
B_opportunities,2023,volatility_percentile_720,forward_48h_return,pearson,0.12224605117504125,217
B_opportunities,2023,volatility_percentile_720,forward_48h_return,spearman,0.0011720744460750347,217
B_opportunities,2023,rsi14,forward_48h_return,pearson,-0.168396397133894,217
B_opportunities,2023,rsi14,forward_48h_return,spearman,-0.22560915458222355,217
B_opportunities,2023,macd_ratio,forward_48h_return,pearson,-0.13965738253767004,217
B_opportunities,2023,macd_ratio,forward_48h_return,spearman,-0.13781784786519916,217
B_opportunities,2023,macd_signal_ratio,forward_48h_return,pearson,-0.11869697268222237,217
B_opportunities,2023,macd_signal_ratio,forward_48h_return,spearman,-0.06834228216293917,217
B_opportunities,2023,relative_volume_24,forward_48h_return,pearson,-0.1496880803730298,217
B_opportunities,2023,relative_volume_24,forward_48h_return,spearman,-0.24600590951582368,217
B_opportunities,2023,volume_zscore_24,forward_48h_return,pearson,-0.16348468631317356,217
B_opportunities,2023,volume_zscore_24,forward_48h_return,spearman,-0.22534374310047586,217
B_opportunities,2023,volume_trend_24_168,forward_48h_return,pearson,0.1295288714983147,217
B_opportunities,2023,volume_trend_24_168,forward_48h_return,spearman,-0.015407958586413752,217
B_opportunities,2023,regime_duration,forward_48h_return,pearson,-0.06678269372312877,217
B_opportunities,2023,regime_duration,forward_48h_return,spearman,-0.0005183170560909234,217
B_opportunities,2023,regime_transition,forward_48h_return,pearson,-0.1264880901635763,217
B_opportunities,2023,regime_transition,forward_48h_return,spearman,-0.17796985110601884,217
B_opportunities,2023,hour_of_day,forward_48h_return,pearson,-0.01530001779931087,217
B_opportunities,2023,hour_of_day,forward_48h_return,spearman,-0.11165940523363553,217
B_opportunities,2023,day_of_week,forward_48h_return,pearson,0.022322567941264304,217
B_opportunities,2023,day_of_week,forward_48h_return,spearman,0.012811254286326209,217
B_opportunities,2023,distance_high_24,forward_48h_return,pearson,-0.24669619693861486,217
B_opportunities,2023,distance_high_24,forward_48h_return,spearman,-0.15740427570850773,217
B_opportunities,2023,distance_low_24,forward_48h_return,pearson,-0.11813392768594319,217
B_opportunities,2023,distance_low_24,forward_48h_return,spearman,-0.17066310592501774,217
B_opportunities,2023,distance_high_168,forward_48h_return,pearson,-0.19907105336798653,217
B_opportunities,2023,distance_high_168,forward_48h_return,spearman,-0.16560619512676336,217
B_opportunities,2023,distance_low_168,forward_48h_return,pearson,-0.041090432657431314,217
B_opportunities,2023,distance_low_168,forward_48h_return,spearman,-0.14105093551675382,217
B_opportunities,2023,candles_since_prior_signal,forward_48h_return,pearson,0.09450315890844492,217
B_opportunities,2023,candles_since_prior_signal,forward_48h_return,spearman,0.0068320194955953616,217
B_opportunities,2023,return_1h,forward_48h_return,pearson,-0.17452251280227415,217
B_opportunities,2023,return_1h,forward_48h_return,spearman,-0.16279706121375256,217
B_opportunities,2023,return_3h,forward_48h_return,pearson,-0.11555184198286474,217
B_opportunities,2023,return_3h,forward_48h_return,spearman,-0.1693395716775415,217
B_opportunities,2023,return_6h,forward_48h_return,pearson,-0.1422395948945552,217
B_opportunities,2023,return_6h,forward_48h_return,spearman,-0.22369138046853349,217
B_opportunities,2023,return_12h,forward_48h_return,pearson,-0.20956349510735303,217
B_opportunities,2023,return_12h,forward_48h_return,spearman,-0.26195760932369394,217
B_opportunities,2023,return_24h,forward_48h_return,pearson,-0.0928112228586573,217
B_opportunities,2023,return_24h,forward_48h_return,spearman,-0.1429405243403468,217
B_opportunities,2023,return_72h,forward_48h_return,pearson,-0.19188047837554,217
B_opportunities,2023,return_72h,forward_48h_return,spearman,-0.17989848598016694,217
B_opportunities,2023,return_168h,forward_48h_return,pearson,-0.13063909367202153,217
B_opportunities,2023,return_168h,forward_48h_return,spearman,-0.1692374000009395,217
B_opportunities,2023,volatility_ratio_24_168,forward_48h_return,pearson,0.04296980657813318,217
B_opportunities,2023,volatility_ratio_24_168,forward_48h_return,spearman,-0.04596081305166833,217
B_opportunities,2023,natr_ratio_168,forward_48h_return,pearson,0.12613396914993827,217
B_opportunities,2023,natr_ratio_168,forward_48h_return,spearman,-0.04242473353156988,217
B_opportunities,2023,up_fraction_24,forward_48h_return,pearson,0.024324162992041213,217
B_opportunities,2023,up_fraction_24,forward_48h_return,spearman,-0.006008455334009676,217
B_opportunities,2023,volume_price_interaction,forward_48h_return,pearson,-0.09897007923850423,217
B_opportunities,2023,volume_price_interaction,forward_48h_return,spearman,-0.18813916017230609,217
B_opportunities,2023,range_expansion_24,forward_48h_return,pearson,-0.12931444444699533,217
B_opportunities,2023,range_expansion_24,forward_48h_return,spearman,-0.1877339966271603,217
B_opportunities,2023,signal_density_168,forward_48h_return,pearson,-0.0435782727138253,217
B_opportunities,2023,signal_density_168,forward_48h_return,spearman,-0.02138231226080821,217
B_opportunities,2024,ema20_distance,net_profit_ratio,pearson,0.04621808531355421,205
B_opportunities,2024,ema20_distance,net_profit_ratio,spearman,-0.012931983117660986,205
B_opportunities,2024,ema50_distance,net_profit_ratio,pearson,0.065641875698878,205
B_opportunities,2024,ema50_distance,net_profit_ratio,spearman,0.007755846833168502,205
B_opportunities,2024,ema_gap,net_profit_ratio,pearson,0.08102913192679226,205
B_opportunities,2024,ema_gap,net_profit_ratio,spearman,0.0591634048836205,205
B_opportunities,2024,ema20_slope_6,net_profit_ratio,pearson,-0.07804443954431273,205
B_opportunities,2024,ema20_slope_6,net_profit_ratio,spearman,-0.0767004220584753,205
B_opportunities,2024,ema50_slope_6,net_profit_ratio,pearson,-0.01999499131282654,205
B_opportunities,2024,ema50_slope_6,net_profit_ratio,spearman,-0.030673761334986276,205
B_opportunities,2024,trend_efficiency_20,net_profit_ratio,pearson,-0.01703178517319903,205
B_opportunities,2024,trend_efficiency_20,net_profit_ratio,spearman,-0.045068323327436585,205
B_opportunities,2024,range_ratio,net_profit_ratio,pearson,-0.0177030894773527,205
B_opportunities,2024,range_ratio,net_profit_ratio,spearman,-0.05233664386900865,205
B_opportunities,2024,body_to_range,net_profit_ratio,pearson,0.0974154497256932,205
B_opportunities,2024,body_to_range,net_profit_ratio,spearman,0.0740998175258737,205
B_opportunities,2024,close_location,net_profit_ratio,pearson,-0.09420437804908854,205
B_opportunities,2024,close_location,net_profit_ratio,spearman,-0.10799000987600825,205
B_opportunities,2024,natr14,net_profit_ratio,pearson,-0.06194424338693792,205
B_opportunities,2024,natr14,net_profit_ratio,spearman,-0.023221573734869272,205
B_opportunities,2024,return_std_24,net_profit_ratio,pearson,-0.017579352702530446,205
B_opportunities,2024,return_std_24,net_profit_ratio,spearman,0.013937680210611357,205
B_opportunities,2024,return_std_168,net_profit_ratio,pearson,-0.12213462947852921,205
B_opportunities,2024,return_std_168,net_profit_ratio,spearman,-0.09577941524703654,205
B_opportunities,2024,volatility_percentile_720,net_profit_ratio,pearson,0.055417054289489634,205
B_opportunities,2024,volatility_percentile_720,net_profit_ratio,spearman,0.05787718197943331,205
B_opportunities,2024,rsi14,net_profit_ratio,pearson,0.052077640168122705,205
B_opportunities,2024,rsi14,net_profit_ratio,spearman,-0.0237397445362232,205
B_opportunities,2024,macd_ratio,net_profit_ratio,pearson,-0.06820599927547705,205
B_opportunities,2024,macd_ratio,net_profit_ratio,spearman,-0.06403309607053809,205
B_opportunities,2024,macd_signal_ratio,net_profit_ratio,pearson,-0.1076312536432399,205
B_opportunities,2024,macd_signal_ratio,net_profit_ratio,spearman,-0.07048794417127495,205
B_opportunities,2024,relative_volume_24,net_profit_ratio,pearson,0.08334894950317753,205
B_opportunities,2024,relative_volume_24,net_profit_ratio,spearman,-0.019013525372261142,205
B_opportunities,2024,volume_zscore_24,net_profit_ratio,pearson,0.011594236759558701,205
B_opportunities,2024,volume_zscore_24,net_profit_ratio,spearman,-0.026052012090652034,205
B_opportunities,2024,volume_trend_24_168,net_profit_ratio,pearson,0.055559714809171906,205
B_opportunities,2024,volume_trend_24_168,net_profit_ratio,spearman,0.0865289520970595,205
B_opportunities,2024,regime_duration,net_profit_ratio,pearson,-0.056149594055630685,205
B_opportunities,2024,regime_duration,net_profit_ratio,spearman,-0.06717045582307204,205
B_opportunities,2024,regime_transition,net_profit_ratio,pearson,0.1604262915018852,205
B_opportunities,2024,regime_transition,net_profit_ratio,spearman,0.12117595203680331,205
B_opportunities,2024,hour_of_day,net_profit_ratio,pearson,0.07693903486868828,205
B_opportunities,2024,hour_of_day,net_profit_ratio,spearman,0.050916220895980725,205
B_opportunities,2024,day_of_week,net_profit_ratio,pearson,0.054480961082337076,205
B_opportunities,2024,day_of_week,net_profit_ratio,spearman,0.07940333694478932,205
B_opportunities,2024,distance_high_24,net_profit_ratio,pearson,0.021555043519800216,205
B_opportunities,2024,distance_high_24,net_profit_ratio,spearman,-0.014645289799557046,205
B_opportunities,2024,distance_low_24,net_profit_ratio,pearson,-0.05864544374742983,205
B_opportunities,2024,distance_low_24,net_profit_ratio,spearman,-0.03468958504547923,205
B_opportunities,2024,distance_high_168,net_profit_ratio,pearson,0.15871040574239906,205
B_opportunities,2024,distance_high_168,net_profit_ratio,spearman,0.15743616887910739,205
B_opportunities,2024,distance_low_168,net_profit_ratio,pearson,-0.002998192434663831,205
B_opportunities,2024,distance_low_168,net_profit_ratio,spearman,0.0011881712192336085,205
B_opportunities,2024,candles_since_prior_signal,net_profit_ratio,pearson,-0.13657450736901083,205
B_opportunities,2024,candles_since_prior_signal,net_profit_ratio,spearman,-0.10050436113914203,205
B_opportunities,2024,return_1h,net_profit_ratio,pearson,0.053763643759168714,205
B_opportunities,2024,return_1h,net_profit_ratio,spearman,-0.014884874148570154,205
B_opportunities,2024,return_3h,net_profit_ratio,pearson,0.13591383905157722,205
B_opportunities,2024,return_3h,net_profit_ratio,spearman,0.08578930506609463,205
B_opportunities,2024,return_6h,net_profit_ratio,pearson,0.04051468036871317,205
B_opportunities,2024,return_6h,net_profit_ratio,spearman,-0.015712275912022396,205
B_opportunities,2024,return_12h,net_profit_ratio,pearson,0.012909901827976787,205
B_opportunities,2024,return_12h,net_profit_ratio,spearman,-0.05141730857628393,205
B_opportunities,2024,return_24h,net_profit_ratio,pearson,-0.014755389125537895,205
B_opportunities,2024,return_24h,net_profit_ratio,spearman,-0.03119889679764873,205
B_opportunities,2024,return_72h,net_profit_ratio,pearson,0.11326741359378889,205
B_opportunities,2024,return_72h,net_profit_ratio,spearman,0.0837486593026981,205
B_opportunities,2024,return_168h,net_profit_ratio,pearson,0.1522018286359737,205
B_opportunities,2024,return_168h,net_profit_ratio,spearman,0.1430388210221337,205
B_opportunities,2024,volatility_ratio_24_168,net_profit_ratio,pearson,0.0838009384052713,205
B_opportunities,2024,volatility_ratio_24_168,net_profit_ratio,spearman,0.07748603585407642,205
B_opportunities,2024,natr_ratio_168,net_profit_ratio,pearson,0.0636902967973445,205
B_opportunities,2024,natr_ratio_168,net_profit_ratio,spearman,0.09288211614269198,205
B_opportunities,2024,up_fraction_24,net_profit_ratio,pearson,0.07107350606801693,205
B_opportunities,2024,up_fraction_24,net_profit_ratio,spearman,0.09395822792021971,205
B_opportunities,2024,volume_price_interaction,net_profit_ratio,pearson,0.0985599460521218,205
B_opportunities,2024,volume_price_interaction,net_profit_ratio,spearman,-0.005839172041063642,205
B_opportunities,2024,range_expansion_24,net_profit_ratio,pearson,0.033231573631048755,205
B_opportunities,2024,range_expansion_24,net_profit_ratio,spearman,-0.03747405663662576,205
B_opportunities,2024,signal_density_168,net_profit_ratio,pearson,0.14330851485331841,205
B_opportunities,2024,signal_density_168,net_profit_ratio,spearman,0.1395675257142671,205
B_opportunities,2024,ema20_distance,profitable_after_fees,pearson,0.17077786223535585,205
B_opportunities,2024,ema20_distance,profitable_after_fees,spearman,0.16095524902493105,205
B_opportunities,2024,ema50_distance,profitable_after_fees,pearson,0.16979914949221017,205
B_opportunities,2024,ema50_distance,profitable_after_fees,spearman,0.15269230575948003,205
B_opportunities,2024,ema_gap,profitable_after_fees,pearson,0.08108659496976478,205
B_opportunities,2024,ema_gap,profitable_after_fees,spearman,0.09450741359859587,205
B_opportunities,2024,ema20_slope_6,profitable_after_fees,pearson,0.07341015774944996,205
B_opportunities,2024,ema20_slope_6,profitable_after_fees,spearman,0.10139319965313838,205
B_opportunities,2024,ema50_slope_6,profitable_after_fees,pearson,0.08201387015488343,205
B_opportunities,2024,ema50_slope_6,profitable_after_fees,spearman,0.09640100476359506,205
B_opportunities,2024,trend_efficiency_20,profitable_after_fees,pearson,0.12161298288939128,205
B_opportunities,2024,trend_efficiency_20,profitable_after_fees,spearman,0.10690182849677238,205
B_opportunities,2024,range_ratio,profitable_after_fees,pearson,0.04756767627818239,205
B_opportunities,2024,range_ratio,profitable_after_fees,spearman,0.0451018986572534,205
B_opportunities,2024,body_to_range,profitable_after_fees,pearson,0.06259735877830404,205
B_opportunities,2024,body_to_range,profitable_after_fees,spearman,0.05508628843634004,205
B_opportunities,2024,close_location,profitable_after_fees,pearson,-0.048727974623187335,205
B_opportunities,2024,close_location,profitable_after_fees,spearman,-0.05095488778037105,205
B_opportunities,2024,natr14,profitable_after_fees,pearson,0.04942396917176564,205
B_opportunities,2024,natr14,profitable_after_fees,spearman,0.05353698657406797,205
B_opportunities,2024,return_std_24,profitable_after_fees,pearson,0.09386870172814978,205
B_opportunities,2024,return_std_24,profitable_after_fees,spearman,0.10345893546950112,205
B_opportunities,2024,return_std_168,profitable_after_fees,pearson,-0.00966893759487587,205
B_opportunities,2024,return_std_168,profitable_after_fees,spearman,0.007746509311360317,205
B_opportunities,2024,volatility_percentile_720,profitable_after_fees,pearson,0.130763829609092,205
B_opportunities,2024,volatility_percentile_720,profitable_after_fees,spearman,0.12773319952421794,205
B_opportunities,2024,rsi14,profitable_after_fees,pearson,0.16208467735582066,205
B_opportunities,2024,rsi14,profitable_after_fees,spearman,0.1433964945858477,205
B_opportunities,2024,macd_ratio,profitable_after_fees,pearson,0.0935293605367333,205
B_opportunities,2024,macd_ratio,profitable_after_fees,spearman,0.12411629363312865,205
B_opportunities,2024,macd_signal_ratio,profitable_after_fees,pearson,0.04658492182893921,205
B_opportunities,2024,macd_signal_ratio,profitable_after_fees,spearman,0.08572803637905418,205
B_opportunities,2024,relative_volume_24,profitable_after_fees,pearson,0.09177891782029002,205
B_opportunities,2024,relative_volume_24,profitable_after_fees,spearman,0.0464790558681619,205
B_opportunities,2024,volume_zscore_24,profitable_after_fees,pearson,0.04314139833510386,205
B_opportunities,2024,volume_zscore_24,profitable_after_fees,spearman,0.04131471632725503,205
B_opportunities,2024,volume_trend_24_168,profitable_after_fees,pearson,0.1392122992341437,205
B_opportunities,2024,volume_trend_24_168,profitable_after_fees,spearman,0.1418471927235756,205
B_opportunities,2024,regime_duration,profitable_after_fees,pearson,-0.05547542122971313,205
B_opportunities,2024,regime_duration,profitable_after_fees,spearman,-0.11964663833984938,205
B_opportunities,2024,regime_transition,profitable_after_fees,pearson,0.17002417615514098,205
B_opportunities,2024,regime_transition,profitable_after_fees,spearman,0.17002417615514043,205
B_opportunities,2024,hour_of_day,profitable_after_fees,pearson,0.09931234772367872,205
B_opportunities,2024,hour_of_day,profitable_after_fees,spearman,0.08936889025435768,205
B_opportunities,2024,day_of_week,profitable_after_fees,pearson,0.04801314179339363,205
B_opportunities,2024,day_of_week,profitable_after_fees,spearman,0.043986566860385545,205
B_opportunities,2024,distance_high_24,profitable_after_fees,pearson,0.059084746749344316,205
B_opportunities,2024,distance_high_24,profitable_after_fees,spearman,0.08899878475496187,205
B_opportunities,2024,distance_low_24,profitable_after_fees,pearson,0.11035980816810737,205
B_opportunities,2024,distance_low_24,profitable_after_fees,spearman,0.14494579644811972,205
B_opportunities,2024,distance_high_168,profitable_after_fees,pearson,0.08628660512694157,205
B_opportunities,2024,distance_high_168,profitable_after_fees,spearman,0.12428843828449221,205
B_opportunities,2024,distance_low_168,profitable_after_fees,pearson,0.046260465924673984,205
B_opportunities,2024,distance_low_168,profitable_after_fees,spearman,0.07178431961860562,205
B_opportunities,2024,candles_since_prior_signal,profitable_after_fees,pearson,-0.0931607302471159,205
B_opportunities,2024,candles_since_prior_signal,profitable_after_fees,spearman,-0.1011449157689883,205
B_opportunities,2024,return_1h,profitable_after_fees,pearson,0.07826625571608464,205
B_opportunities,2024,return_1h,profitable_after_fees,spearman,0.05870132611497486,205
B_opportunities,2024,return_3h,profitable_after_fees,pearson,0.18887185408825397,205
B_opportunities,2024,return_3h,profitable_after_fees,spearman,0.1707674941526541,205
B_opportunities,2024,return_6h,profitable_after_fees,pearson,0.15145975771687048,205
B_opportunities,2024,return_6h,profitable_after_fees,spearman,0.14374078388857478,205
B_opportunities,2024,return_12h,profitable_after_fees,pearson,0.13696284914267712,205
B_opportunities,2024,return_12h,profitable_after_fees,spearman,0.1261820294494914,205
B_opportunities,2024,return_24h,profitable_after_fees,pearson,0.12822149374163952,205
B_opportunities,2024,return_24h,profitable_after_fees,spearman,0.14115861411812133,205
B_opportunities,2024,return_72h,profitable_after_fees,pearson,0.08674086729938106,205
B_opportunities,2024,return_72h,profitable_after_fees,spearman,0.09554028150677726,205
B_opportunities,2024,return_168h,profitable_after_fees,pearson,0.0758492770757742,205
B_opportunities,2024,return_168h,profitable_after_fees,spearman,0.07987511823269305,205
B_opportunities,2024,volatility_ratio_24_168,profitable_after_fees,pearson,0.13462649232122434,205
B_opportunities,2024,volatility_ratio_24_168,profitable_after_fees,spearman,0.13823215504494077,205
B_opportunities,2024,natr_ratio_168,profitable_after_fees,pearson,0.1392609730398489,205
B_opportunities,2024,natr_ratio_168,profitable_after_fees,spearman,0.14115861411812133,205
B_opportunities,2024,up_fraction_24,profitable_after_fees,pearson,0.17008026063152146,205
B_opportunities,2024,up_fraction_24,profitable_after_fees,spearman,0.18480082015777116,205
B_opportunities,2024,volume_price_interaction,profitable_after_fees,pearson,0.08742070458057304,205
B_opportunities,2024,volume_price_interaction,profitable_after_fees,spearman,0.07109574101315136,205
B_opportunities,2024,range_expansion_24,profitable_after_fees,pearson,0.022926703099034256,205
B_opportunities,2024,range_expansion_24,profitable_after_fees,spearman,-0.0025821697704534394,205
B_opportunities,2024,signal_density_168,profitable_after_fees,pearson,0.101968774484818,205
B_opportunities,2024,signal_density_168,profitable_after_fees,spearman,0.11187839013974499,205
B_opportunities,2024,ema20_distance,return_above_0_5_percent,pearson,0.20644804792649288,205
B_opportunities,2024,ema20_distance,return_above_0_5_percent,spearman,0.20610376354792279,205
B_opportunities,2024,ema50_distance,return_above_0_5_percent,pearson,0.2084156630955713,205
B_opportunities,2024,ema50_distance,return_above_0_5_percent,spearman,0.20282649522295584,205
B_opportunities,2024,ema_gap,return_above_0_5_percent,pearson,0.10716576315938763,205
B_opportunities,2024,ema_gap,return_above_0_5_percent,spearman,0.12398998496125037,205
B_opportunities,2024,ema20_slope_6,return_above_0_5_percent,pearson,0.09798699364076137,205
B_opportunities,2024,ema20_slope_6,return_above_0_5_percent,spearman,0.13764526964861273,205
B_opportunities,2024,ema50_slope_6,return_above_0_5_percent,pearson,0.11032032798184538,205
B_opportunities,2024,ema50_slope_6,return_above_0_5_percent,spearman,0.13345764901115495,205
B_opportunities,2024,trend_efficiency_20,return_above_0_5_percent,pearson,0.11944797402616988,205
B_opportunities,2024,trend_efficiency_20,return_above_0_5_percent,spearman,0.13036245114868614,205
B_opportunities,2024,range_ratio,return_above_0_5_percent,pearson,0.07018835249894813,205
B_opportunities,2024,range_ratio,return_above_0_5_percent,spearman,0.06408880279935408,205
B_opportunities,2024,body_to_range,return_above_0_5_percent,pearson,0.15729846023872143,205
B_opportunities,2024,body_to_range,return_above_0_5_percent,spearman,0.1549419635859384,205
B_opportunities,2024,close_location,return_above_0_5_percent,pearson,-0.05558014956401845,205
B_opportunities,2024,close_location,return_above_0_5_percent,spearman,-0.05607778056203894,205
B_opportunities,2024,natr14,return_above_0_5_percent,pearson,0.049946992031007977,205
B_opportunities,2024,natr14,return_above_0_5_percent,spearman,0.07428474869925132,205
B_opportunities,2024,return_std_24,return_above_0_5_percent,pearson,0.11576840348865165,205
B_opportunities,2024,return_std_24,return_above_0_5_percent,spearman,0.13728112872361642,205
B_opportunities,2024,return_std_168,return_above_0_5_percent,pearson,0.00894473592746653,205
B_opportunities,2024,return_std_168,return_above_0_5_percent,spearman,0.022030525962277964,205
B_opportunities,2024,volatility_percentile_720,return_above_0_5_percent,pearson,0.12139169043553698,205
B_opportunities,2024,volatility_percentile_720,return_above_0_5_percent,spearman,0.11880271437616276,205
B_opportunities,2024,rsi14,return_above_0_5_percent,pearson,0.20047613193219005,205
B_opportunities,2024,rsi14,return_above_0_5_percent,spearman,0.18680429452311728,205
B_opportunities,2024,macd_ratio,return_above_0_5_percent,pearson,0.11345514334660012,205
B_opportunities,2024,macd_ratio,return_above_0_5_percent,spearman,0.15275711803596043,205
B_opportunities,2024,macd_signal_ratio,return_above_0_5_percent,pearson,0.04311278997718337,205
B_opportunities,2024,macd_signal_ratio,return_above_0_5_percent,spearman,0.08448069459914856,205
B_opportunities,2024,relative_volume_24,return_above_0_5_percent,pearson,0.11841412994237731,205
B_opportunities,2024,relative_volume_24,return_above_0_5_percent,spearman,0.054074927361954996,205
B_opportunities,2024,volume_zscore_24,return_above_0_5_percent,pearson,0.0596343848865951,205
B_opportunities,2024,volume_zscore_24,return_above_0_5_percent,spearman,0.05589563198693665,205
B_opportunities,2024,volume_trend_24_168,return_above_0_5_percent,pearson,0.11684592794530844,205
B_opportunities,2024,volume_trend_24_168,return_above_0_5_percent,spearman,0.11962029386129441,205
B_opportunities,2024,regime_duration,return_above_0_5_percent,pearson,-0.12184714626453311,205
B_opportunities,2024,regime_duration,return_above_0_5_percent,spearman,-0.19948227588760908,205
B_opportunities,2024,regime_transition,return_above_0_5_percent,pearson,0.23212889047692511,205
B_opportunities,2024,regime_transition,return_above_0_5_percent,spearman,0.2321288904769245,205
B_opportunities,2024,hour_of_day,return_above_0_5_percent,pearson,0.046906005896198304,205
B_opportunities,2024,hour_of_day,return_above_0_5_percent,spearman,0.039194220018042715,205
B_opportunities,2024,day_of_week,return_above_0_5_percent,pearson,0.006554890534933128,205
B_opportunities,2024,day_of_week,return_above_0_5_percent,spearman,0.002855856256768753,205
B_opportunities,2024,distance_high_24,return_above_0_5_percent,pearson,0.09172902800673538,205
B_opportunities,2024,distance_high_24,return_above_0_5_percent,spearman,0.10869606611140449,205
B_opportunities,2024,distance_low_24,return_above_0_5_percent,pearson,0.12900510617129848,205
B_opportunities,2024,distance_low_24,return_above_0_5_percent,spearman,0.18279874434815765,205
B_opportunities,2024,distance_high_168,return_above_0_5_percent,pearson,0.07206477977918543,205
B_opportunities,2024,distance_high_168,return_above_0_5_percent,spearman,0.11707130738632009,205
B_opportunities,2024,distance_low_168,return_above_0_5_percent,pearson,0.056920867930024086,205
B_opportunities,2024,distance_low_168,return_above_0_5_percent,spearman,0.07355646684925866,205
B_opportunities,2024,candles_since_prior_signal,return_above_0_5_percent,pearson,-0.0867869856547478,205
B_opportunities,2024,candles_since_prior_signal,return_above_0_5_percent,spearman,-0.09732622027726727,205
B_opportunities,2024,return_1h,return_above_0_5_percent,pearson,0.08062745245672683,205
B_opportunities,2024,return_1h,return_above_0_5_percent,spearman,0.050979729499486204,205
B_opportunities,2024,return_3h,return_above_0_5_percent,pearson,0.22313320097924252,205
B_opportunities,2024,return_3h,return_above_0_5_percent,spearman,0.20828860909790076,205
B_opportunities,2024,return_6h,return_above_0_5_percent,pearson,0.1736868292100386,205
B_opportunities,2024,return_6h,return_above_0_5_percent,spearman,0.17005381197328612,205
B_opportunities,2024,return_12h,return_above_0_5_percent,pearson,0.1889927423058889,205
B_opportunities,2024,return_12h,return_above_0_5_percent,spearman,0.1818883920356668,205
B_opportunities,2024,return_24h,return_above_0_5_percent,pearson,0.13124100187706592,205
B_opportunities,2024,return_24h,return_above_0_5_percent,spearman,0.15658059774842192,205
B_opportunities,2024,return_72h,return_above_0_5_percent,pearson,0.11338347182223621,205
B_opportunities,2024,return_72h,return_above_0_5_percent,spearman,0.12617483051122833,205
B_opportunities,2024,return_168h,return_above_0_5_percent,pearson,0.0630954409947736,205
B_opportunities,2024,return_168h,return_above_0_5_percent,spearman,0.056441843374431144,205
B_opportunities,2024,volatility_ratio_24_168,return_above_0_5_percent,pearson,0.15974008795693448,205
B_opportunities,2024,volatility_ratio_24_168,return_above_0_5_percent,spearman,0.16167857069837052,205
B_opportunities,2024,natr_ratio_168,return_above_0_5_percent,pearson,0.10466947867065558,205
B_opportunities,2024,natr_ratio_168,return_above_0_5_percent,spearman,0.1165250959988256,205
B_opportunities,2024,up_fraction_24,return_above_0_5_percent,pearson,0.13974292882449546,205
B_opportunities,2024,up_fraction_24,return_above_0_5_percent,spearman,0.15597678194035872,205
B_opportunities,2024,volume_price_interaction,return_above_0_5_percent,pearson,0.10301928025173426,205
B_opportunities,2024,volume_price_interaction,return_above_0_5_percent,spearman,0.06864056436180821,205
B_opportunities,2024,range_expansion_24,return_above_0_5_percent,pearson,0.061179901439225075,205
B_opportunities,2024,range_expansion_24,return_above_0_5_percent,spearman,0.0145656369998532,205
B_opportunities,2024,signal_density_168,return_above_0_5_percent,pearson,0.10250862697574317,205
B_opportunities,2024,signal_density_168,return_above_0_5_percent,spearman,0.11481743284847208,205
B_opportunities,2024,ema20_distance,return_above_1_percent,pearson,0.20188964598138603,205
B_opportunities,2024,ema20_distance,return_above_1_percent,spearman,0.17525154502234389,205
B_opportunities,2024,ema50_distance,return_above_1_percent,pearson,0.2051423567015174,205
B_opportunities,2024,ema50_distance,return_above_1_percent,spearman,0.17966642512695935,205
B_opportunities,2024,ema_gap,return_above_1_percent,pearson,0.10927244778960403,205
B_opportunities,2024,ema_gap,return_above_1_percent,spearman,0.13743713716976802,205
B_opportunities,2024,ema20_slope_6,return_above_1_percent,pearson,0.07724517049425848,205
B_opportunities,2024,ema20_slope_6,return_above_1_percent,spearman,0.09136882303465026,205
B_opportunities,2024,ema50_slope_6,return_above_1_percent,pearson,0.0975182914725224,205
B_opportunities,2024,ema50_slope_6,return_above_1_percent,spearman,0.11440298010220915,205
B_opportunities,2024,trend_efficiency_20,return_above_1_percent,pearson,0.07756841371832708,205
B_opportunities,2024,trend_efficiency_20,return_above_1_percent,spearman,0.09060101779906496,205
B_opportunities,2024,range_ratio,return_above_1_percent,pearson,0.04857882861066819,205
B_opportunities,2024,range_ratio,return_above_1_percent,spearman,0.040501726177124386,205
B_opportunities,2024,body_to_range,return_above_1_percent,pearson,0.1323944591104145,205
B_opportunities,2024,body_to_range,return_above_1_percent,spearman,0.12899127957832976,205
B_opportunities,2024,close_location,return_above_1_percent,pearson,-0.026696804238267816,205
B_opportunities,2024,close_location,return_above_1_percent,spearman,-0.025145656491639017,205
B_opportunities,2024,natr14,return_above_1_percent,pearson,0.04768494330988941,205
B_opportunities,2024,natr14,return_above_1_percent,spearman,0.05374636649097074,205
B_opportunities,2024,return_std_24,return_above_1_percent,pearson,0.09478346126903506,205
B_opportunities,2024,return_std_24,return_above_1_percent,spearman,0.1059571225107709,205
B_opportunities,2024,return_std_168,return_above_1_percent,pearson,0.040668393971365194,205
B_opportunities,2024,return_std_168,return_above_1_percent,spearman,0.041461482721606005,205
B_opportunities,2024,volatility_percentile_720,return_above_1_percent,pearson,0.08913937282061143,205
B_opportunities,2024,volatility_percentile_720,return_above_1_percent,spearman,0.08426785709837559,205
B_opportunities,2024,rsi14,return_above_1_percent,pearson,0.17824686687829158,205
B_opportunities,2024,rsi14,return_above_1_percent,spearman,0.15490470627933353,205
B_opportunities,2024,macd_ratio,return_above_1_percent,pearson,0.09486390039107757,205
B_opportunities,2024,macd_ratio,return_above_1_percent,spearman,0.11517078533779443,205
B_opportunities,2024,macd_signal_ratio,return_above_1_percent,pearson,0.033550204704578396,205
B_opportunities,2024,macd_signal_ratio,return_above_1_percent,spearman,0.058929051831171496,205
B_opportunities,2024,relative_volume_24,return_above_1_percent,pearson,0.10821891927744623,205
B_opportunities,2024,relative_volume_24,return_above_1_percent,spearman,0.016315861256187548,205
B_opportunities,2024,volume_zscore_24,return_above_1_percent,pearson,0.04010811763894539,205
B_opportunities,2024,volume_zscore_24,return_above_1_percent,spearman,0.015164153402809603,205
B_opportunities,2024,volume_trend_24_168,return_above_1_percent,pearson,0.049002737899550154,205
B_opportunities,2024,volume_trend_24_168,return_above_1_percent,spearman,0.047795875915184693,205
B_opportunities,2024,regime_duration,return_above_1_percent,pearson,-0.11904276201606469,205
B_opportunities,2024,regime_duration,return_above_1_percent,spearman,-0.19694752959837683,205
B_opportunities,2024,regime_transition,return_above_1_percent,pearson,0.24347320452248752,205
B_opportunities,2024,regime_transition,return_above_1_percent,spearman,0.24347320452248816,205
B_opportunities,2024,hour_of_day,return_above_1_percent,pearson,0.019238599194808057,205
B_opportunities,2024,hour_of_day,return_above_1_percent,spearman,0.017393369695466537,205
B_opportunities,2024,day_of_week,return_above_1_percent,pearson,0.013768285476613514,205
B_opportunities,2024,day_of_week,return_above_1_percent,spearman,0.013500225826948209,205
B_opportunities,2024,distance_high_24,return_above_1_percent,pearson,0.08745037929939581,205
B_opportunities,2024,distance_high_24,return_above_1_percent,spearman,0.09213662827023557,205
B_opportunities,2024,distance_low_24,return_above_1_percent,pearson,0.11222870915571542,205
B_opportunities,2024,distance_low_24,return_above_1_percent,spearman,0.1474186052323769,205
B_opportunities,2024,distance_high_168,return_above_1_percent,pearson,0.0849000451215202,205
B_opportunities,2024,distance_high_168,return_above_1_percent,spearman,0.1355176240808048,205
B_opportunities,2024,distance_low_168,return_above_1_percent,pearson,0.0787998634195193,205
B_opportunities,2024,distance_low_168,return_above_1_percent,spearman,0.10634102512856354,205
B_opportunities,2024,candles_since_prior_signal,return_above_1_percent,pearson,-0.11858362372524175,205
B_opportunities,2024,candles_since_prior_signal,return_above_1_percent,spearman,-0.11047882801401868,205
B_opportunities,2024,return_1h,return_above_1_percent,pearson,0.14344549523275382,205
B_opportunities,2024,return_1h,return_above_1_percent,spearman,0.0869539429300348,205
B_opportunities,2024,return_3h,return_above_1_percent,pearson,0.22651583289828872,205
B_opportunities,2024,return_3h,return_above_1_percent,spearman,0.18926399057177556,205
B_opportunities,2024,return_6h,return_above_1_percent,pearson,0.16294516638880224,205
B_opportunities,2024,return_6h,return_above_1_percent,spearman,0.13590152669859745,205
B_opportunities,2024,return_12h,return_above_1_percent,pearson,0.17928342740985723,205
B_opportunities,2024,return_12h,return_above_1_percent,spearman,0.15509665758822988,205
B_opportunities,2024,return_24h,return_above_1_percent,pearson,0.13326159372510993,205
B_opportunities,2024,return_24h,return_above_1_percent,spearman,0.13762908847866437,205
B_opportunities,2024,return_72h,return_above_1_percent,pearson,0.13021967929026632,205
B_opportunities,2024,return_72h,return_above_1_percent,spearman,0.14146811465659087,205
B_opportunities,2024,return_168h,return_above_1_percent,pearson,0.06170639417822207,205
B_opportunities,2024,return_168h,return_above_1_percent,spearman,0.062192224082409,205
B_opportunities,2024,volatility_ratio_24_168,return_above_1_percent,pearson,0.09770528466471577,205
B_opportunities,2024,volatility_ratio_24_168,return_above_1_percent,spearman,0.09424809266809511,205
B_opportunities,2024,natr_ratio_168,return_above_1_percent,pearson,0.045414215521422024,205
B_opportunities,2024,natr_ratio_168,return_above_1_percent,spearman,0.05163490209311118,205
B_opportunities,2024,up_fraction_24,return_above_1_percent,pearson,0.11447681784228744,205
B_opportunities,2024,up_fraction_24,return_above_1_percent,spearman,0.1291553301851047,205
B_opportunities,2024,volume_price_interaction,return_above_1_percent,pearson,0.17412440038878577,205
B_opportunities,2024,volume_price_interaction,return_above_1_percent,spearman,0.10403760942180765,205
B_opportunities,2024,range_expansion_24,return_above_1_percent,pearson,0.05379421659274768,205
B_opportunities,2024,range_expansion_24,return_above_1_percent,spearman,0.014588299476120632,205
B_opportunities,2024,signal_density_168,return_above_1_percent,pearson,0.11978874514153708,205
B_opportunities,2024,signal_density_168,return_above_1_percent,spearman,0.12608790309302959,205
B_opportunities,2024,ema20_distance,stoploss_hit,pearson,0.1793048188089111,205
B_opportunities,2024,ema20_distance,stoploss_hit,spearman,0.16206508453963733,205
B_opportunities,2024,ema50_distance,stoploss_hit,pearson,0.1322085024227836,205
B_opportunities,2024,ema50_distance,stoploss_hit,spearman,0.12059921330000357,205
B_opportunities,2024,ema_gap,stoploss_hit,pearson,-0.05115564258661408,205
B_opportunities,2024,ema_gap,stoploss_hit,spearman,0.009179467679002896,205
B_opportunities,2024,ema20_slope_6,stoploss_hit,pearson,0.23944152861582021,205
B_opportunities,2024,ema20_slope_6,stoploss_hit,spearman,0.23075282544803832,205
B_opportunities,2024,ema50_slope_6,stoploss_hit,pearson,0.13485663490768596,205
B_opportunities,2024,ema50_slope_6,stoploss_hit,spearman,0.14972028317821964,205
B_opportunities,2024,trend_efficiency_20,stoploss_hit,pearson,0.11260531451632673,205
B_opportunities,2024,trend_efficiency_20,stoploss_hit,spearman,0.13104481445197236,205
B_opportunities,2024,range_ratio,stoploss_hit,pearson,0.10955026831362286,205
B_opportunities,2024,range_ratio,stoploss_hit,spearman,0.15383521696535887,205
B_opportunities,2024,body_to_range,stoploss_hit,pearson,-0.0928384911876172,205
B_opportunities,2024,body_to_range,stoploss_hit,spearman,-0.08767974300288973,205
B_opportunities,2024,close_location,stoploss_hit,pearson,0.05422399895016873,205
B_opportunities,2024,close_location,stoploss_hit,spearman,0.04906274041855085,205
B_opportunities,2024,natr14,stoploss_hit,pearson,0.28132050430275635,205
B_opportunities,2024,natr14,stoploss_hit,spearman,0.2009986888333393,205
B_opportunities,2024,return_std_24,stoploss_hit,pearson,0.26424025520747196,205
B_opportunities,2024,return_std_24,stoploss_hit,spearman,0.15415175033360035,205
B_opportunities,2024,return_std_168,stoploss_hit,pearson,0.38663562176843935,205
B_opportunities,2024,return_std_168,stoploss_hit,spearman,0.2709525632147062,205
B_opportunities,2024,volatility_percentile_720,stoploss_hit,pearson,0.1218870734813937,205
B_opportunities,2024,volatility_percentile_720,stoploss_hit,spearman,0.11791040421522574,205
B_opportunities,2024,rsi14,stoploss_hit,pearson,0.09845931230062054,205
B_opportunities,2024,rsi14,stoploss_hit,spearman,0.11015361214803476,205
B_opportunities,2024,macd_ratio,stoploss_hit,pearson,0.25406989746283704,205
B_opportunities,2024,macd_ratio,stoploss_hit,spearman,0.23613389270814347,205
B_opportunities,2024,macd_signal_ratio,stoploss_hit,pearson,0.23757551552171471,205
B_opportunities,2024,macd_signal_ratio,stoploss_hit,spearman,0.2187245574548621,205
B_opportunities,2024,relative_volume_24,stoploss_hit,pearson,-0.040900010462509115,205
B_opportunities,2024,relative_volume_24,stoploss_hit,spearman,0.010445601151968815,205
B_opportunities,2024,volume_zscore_24,stoploss_hit,pearson,0.0043064893033535915,205
B_opportunities,2024,volume_zscore_24,stoploss_hit,spearman,0.03608480397952863,205
B_opportunities,2024,volume_trend_24_168,stoploss_hit,pearson,0.012326409372617496,205
B_opportunities,2024,volume_trend_24_168,stoploss_hit,spearman,0.00822986757427846,205
B_opportunities,2024,regime_duration,stoploss_hit,pearson,0.015127092602372438,205
B_opportunities,2024,regime_duration,stoploss_hit,spearman,0.01806932177585484,205
B_opportunities,2024,regime_transition,stoploss_hit,pearson,-0.03690206739911159,205
B_opportunities,2024,regime_transition,stoploss_hit,spearman,-0.03690206739911172,205
B_opportunities,2024,hour_of_day,stoploss_hit,pearson,-0.06682943870329137,205
B_opportunities,2024,hour_of_day,stoploss_hit,spearman,-0.06940770506004487,205
B_opportunities,2024,day_of_week,stoploss_hit,pearson,-0.05763401444879645,205
B_opportunities,2024,day_of_week,stoploss_hit,spearman,-0.05557559603033367,205
B_opportunities,2024,distance_high_24,stoploss_hit,pearson,0.05392468801373674,205
B_opportunities,2024,distance_high_24,stoploss_hit,spearman,0.03418560377007975,205
B_opportunities,2024,distance_low_24,stoploss_hit,pearson,0.3137673349753803,205
B_opportunities,2024,distance_low_24,stoploss_hit,spearman,0.22727095839738207,205
B_opportunities,2024,distance_high_168,stoploss_hit,pearson,-0.27817402668347907,205
B_opportunities,2024,distance_high_168,stoploss_hit,spearman,-0.18833735410368013,205
B_opportunities,2024,distance_low_168,stoploss_hit,pearson,0.22854924904123278,205
B_opportunities,2024,distance_low_168,stoploss_hit,spearman,0.21049468988058365,205
B_opportunities,2024,candles_since_prior_signal,stoploss_hit,pearson,0.1360187460857844,205
B_opportunities,2024,candles_since_prior_signal,stoploss_hit,spearman,0.0937030792553079,205
B_opportunities,2024,return_1h,stoploss_hit,pearson,0.04421221658567512,205
B_opportunities,2024,return_1h,stoploss_hit,spearman,0.030070669982940525,205
B_opportunities,2024,return_3h,stoploss_hit,pearson,0.06530320955654861,205
B_opportunities,2024,return_3h,stoploss_hit,spearman,0.026588802932284248,205
B_opportunities,2024,return_6h,stoploss_hit,pearson,0.1325747581988155,205
B_opportunities,2024,return_6h,stoploss_hit,spearman,0.12439761371890133,205
B_opportunities,2024,return_12h,stoploss_hit,pearson,0.19776885395760277,205
B_opportunities,2024,return_12h,stoploss_hit,spearman,0.20891202303937628,205
B_opportunities,2024,return_24h,stoploss_hit,pearson,0.19518915679959173,205
B_opportunities,2024,return_24h,stoploss_hit,spearman,0.1655469515902936,205
B_opportunities,2024,return_72h,stoploss_hit,pearson,-0.10433550078956506,205
B_opportunities,2024,return_72h,stoploss_hit,spearman,-0.05412720596929294,205
B_opportunities,2024,return_168h,stoploss_hit,pearson,-0.18060333371342502,205
B_opportunities,2024,return_168h,stoploss_hit,spearman,-0.1471880162322878,205
B_opportunities,2024,volatility_ratio_24_168,stoploss_hit,pearson,0.004886055089747779,205
B_opportunities,2024,volatility_ratio_24_168,stoploss_hit,spearman,0.014877068307349521,205
B_opportunities,2024,natr_ratio_168,stoploss_hit,pearson,0.004781505659002104,205
B_opportunities,2024,natr_ratio_168,stoploss_hit,spearman,0.00791333420603698,205
B_opportunities,2024,up_fraction_24,stoploss_hit,pearson,0.07942874393372566,205
B_opportunities,2024,up_fraction_24,stoploss_hit,spearman,0.07040426800963365,205
B_opportunities,2024,volume_price_interaction,stoploss_hit,pearson,0.014530268674048994,205
B_opportunities,2024,volume_price_interaction,stoploss_hit,spearman,0.029121069878216086,205
B_opportunities,2024,range_expansion_24,stoploss_hit,pearson,-0.032727836601809814,205
B_opportunities,2024,range_expansion_24,stoploss_hit,spearman,-0.00411493378713923,205
B_opportunities,2024,signal_density_168,stoploss_hit,pearson,-0.13546811032623662,205
B_opportunities,2024,signal_density_168,stoploss_hit,spearman,-0.13245318539121145,205
B_opportunities,2024,ema20_distance,forward_6h_return,pearson,0.08280818039372688,205
B_opportunities,2024,ema20_distance,forward_6h_return,spearman,0.03948823668704991,205
B_opportunities,2024,ema50_distance,forward_6h_return,pearson,0.10861480110661582,205
B_opportunities,2024,ema50_distance,forward_6h_return,spearman,0.05645833043139112,205
B_opportunities,2024,ema_gap,forward_6h_return,pearson,0.11879215510143933,205
B_opportunities,2024,ema_gap,forward_6h_return,spearman,0.07655973590004317,205
B_opportunities,2024,ema20_slope_6,forward_6h_return,pearson,0.017157731324421128,205
B_opportunities,2024,ema20_slope_6,forward_6h_return,spearman,0.013023916646933458,205
B_opportunities,2024,ema50_slope_6,forward_6h_return,pearson,0.06304384704322334,205
B_opportunities,2024,ema50_slope_6,forward_6h_return,spearman,0.028525859787438535,205
B_opportunities,2024,trend_efficiency_20,forward_6h_return,pearson,0.0429161335524571,205
B_opportunities,2024,trend_efficiency_20,forward_6h_return,spearman,0.040544079341421624,205
B_opportunities,2024,range_ratio,forward_6h_return,pearson,0.03557094721129856,205
B_opportunities,2024,range_ratio,forward_6h_return,spearman,-0.06822582217826746,205
B_opportunities,2024,body_to_range,forward_6h_return,pearson,-0.044426061076109566,205
B_opportunities,2024,body_to_range,forward_6h_return,spearman,-0.0025198144614227407,205
B_opportunities,2024,close_location,forward_6h_return,pearson,0.00727119244191567,205
B_opportunities,2024,close_location,forward_6h_return,spearman,-0.03494871912738849,205
B_opportunities,2024,natr14,forward_6h_return,pearson,-0.0466155757232645,205
B_opportunities,2024,natr14,forward_6h_return,spearman,-0.06784555167082225,205
B_opportunities,2024,return_std_24,forward_6h_return,pearson,-0.04509660585218423,205
B_opportunities,2024,return_std_24,forward_6h_return,spearman,-0.05510718613753813,205
B_opportunities,2024,return_std_168,forward_6h_return,pearson,-0.03787921061780142,205
B_opportunities,2024,return_std_168,forward_6h_return,spearman,0.02166566839854578,205
B_opportunities,2024,volatility_percentile_720,forward_6h_return,pearson,-0.008762813068700767,205
B_opportunities,2024,volatility_percentile_720,forward_6h_return,spearman,-0.0321319349051884,205
B_opportunities,2024,rsi14,forward_6h_return,pearson,0.12944376574163155,205
B_opportunities,2024,rsi14,forward_6h_return,spearman,0.07660291680015599,205
B_opportunities,2024,macd_ratio,forward_6h_return,pearson,0.015375173641452775,205
B_opportunities,2024,macd_ratio,forward_6h_return,spearman,0.019661238873953556,205
B_opportunities,2024,macd_signal_ratio,forward_6h_return,pearson,-0.038042857189012215,205
B_opportunities,2024,macd_signal_ratio,forward_6h_return,spearman,-0.02490841470379295,205
B_opportunities,2024,relative_volume_24,forward_6h_return,pearson,0.10102396908696025,205
B_opportunities,2024,relative_volume_24,forward_6h_return,spearman,0.0036439107966179606,205
B_opportunities,2024,volume_zscore_24,forward_6h_return,pearson,0.0699121854551936,205
B_opportunities,2024,volume_zscore_24,forward_6h_return,spearman,-0.005919962112242481,205
B_opportunities,2024,volume_trend_24_168,forward_6h_return,pearson,-0.02148290341730298,205
B_opportunities,2024,volume_trend_24_168,forward_6h_return,spearman,-0.06186430053906478,205
B_opportunities,2024,regime_duration,forward_6h_return,pearson,0.0126839527225011,205
B_opportunities,2024,regime_duration,forward_6h_return,spearman,-0.12430311318351309,205
B_opportunities,2024,regime_transition,forward_6h_return,pearson,0.10823368691993629,205
B_opportunities,2024,regime_transition,forward_6h_return,spearman,0.16112406809289231,205
B_opportunities,2024,hour_of_day,forward_6h_return,pearson,0.025408421098648624,205
B_opportunities,2024,hour_of_day,forward_6h_return,spearman,-0.026187178570249457,205
B_opportunities,2024,day_of_week,forward_6h_return,pearson,0.019933937319885117,205
B_opportunities,2024,day_of_week,forward_6h_return,spearman,0.17060007211165337,205
B_opportunities,2024,distance_high_24,forward_6h_return,pearson,0.0812782130286375,205
B_opportunities,2024,distance_high_24,forward_6h_return,spearman,0.0718948057555961,205
B_opportunities,2024,distance_low_24,forward_6h_return,pearson,-0.018250235266410814,205
B_opportunities,2024,distance_low_24,forward_6h_return,spearman,-0.002076862002200833,205
B_opportunities,2024,distance_high_168,forward_6h_return,pearson,0.11518547185063886,205
B_opportunities,2024,distance_high_168,forward_6h_return,spearman,0.07521973506428381,205
B_opportunities,2024,distance_low_168,forward_6h_return,pearson,0.0728340281948216,205
B_opportunities,2024,distance_low_168,forward_6h_return,spearman,0.0695560724881949,205
B_opportunities,2024,candles_since_prior_signal,forward_6h_return,pearson,-0.08205020188562624,205
B_opportunities,2024,candles_since_prior_signal,forward_6h_return,spearman,-0.08631177345187484,205
B_opportunities,2024,return_1h,forward_6h_return,pearson,-0.0209967520431035,205
B_opportunities,2024,return_1h,forward_6h_return,spearman,-0.03404883620509535,205
B_opportunities,2024,return_3h,forward_6h_return,pearson,0.10543198390530491,205
B_opportunities,2024,return_3h,forward_6h_return,spearman,0.1035282974188965,205
B_opportunities,2024,return_6h,forward_6h_return,pearson,0.133220586286892,205
B_opportunities,2024,return_6h,forward_6h_return,spearman,0.10117563482887826,205
B_opportunities,2024,return_12h,forward_6h_return,pearson,0.06430561647117053,205
B_opportunities,2024,return_12h,forward_6h_return,spearman,0.002185510718613754,205
B_opportunities,2024,return_24h,forward_6h_return,pearson,0.016420146349786547,205
B_opportunities,2024,return_24h,forward_6h_return,spearman,-0.016954771489462468,205
B_opportunities,2024,return_72h,forward_6h_return,pearson,0.16042106196121264,205
B_opportunities,2024,return_72h,forward_6h_return,spearman,0.13578860859996378,205
B_opportunities,2024,return_168h,forward_6h_return,pearson,0.13255271157057316,205
B_opportunities,2024,return_168h,forward_6h_return,spearman,0.10197657087935813,205
B_opportunities,2024,volatility_ratio_24_168,forward_6h_return,pearson,-0.0018577884724509277,205
B_opportunities,2024,volatility_ratio_24_168,forward_6h_return,spearman,-0.08285021799389894,205
B_opportunities,2024,natr_ratio_168,forward_6h_return,pearson,-0.012086206106240472,205
B_opportunities,2024,natr_ratio_168,forward_6h_return,spearman,-0.077384351798972,205
B_opportunities,2024,up_fraction_24,forward_6h_return,pearson,0.16882183180028387,205
B_opportunities,2024,up_fraction_24,forward_6h_return,spearman,0.18172500678874454,205
B_opportunities,2024,volume_price_interaction,forward_6h_return,pearson,-0.010558928830345626,205
B_opportunities,2024,volume_price_interaction,forward_6h_return,spearman,-0.01402961373988383,205
B_opportunities,2024,range_expansion_24,forward_6h_return,pearson,0.050983479840192365,205
B_opportunities,2024,range_expansion_24,forward_6h_return,spearman,-0.001810811940215347,205
B_opportunities,2024,signal_density_168,forward_6h_return,pearson,0.11545008215381258,205
B_opportunities,2024,signal_density_168,forward_6h_return,spearman,0.11275841674781145,205
B_opportunities,2024,ema20_distance,forward_12h_return,pearson,0.13497661160183488,204
B_opportunities,2024,ema20_distance,forward_12h_return,spearman,0.1203426366341322,204
B_opportunities,2024,ema50_distance,forward_12h_return,pearson,0.14127728814006216,204
B_opportunities,2024,ema50_distance,forward_12h_return,spearman,0.11263613940109266,204
B_opportunities,2024,ema_gap,forward_12h_return,pearson,0.08509284881881542,204
B_opportunities,2024,ema_gap,forward_12h_return,spearman,0.07788481246157,204
B_opportunities,2024,ema20_slope_6,forward_12h_return,pearson,0.03797831557599232,204
B_opportunities,2024,ema20_slope_6,forward_12h_return,spearman,0.0668975411863652,204
B_opportunities,2024,ema50_slope_6,forward_12h_return,pearson,0.05839905986768631,204
B_opportunities,2024,ema50_slope_6,forward_12h_return,spearman,0.06646359132382977,204
B_opportunities,2024,trend_efficiency_20,forward_12h_return,pearson,0.05038872244518697,204
B_opportunities,2024,trend_efficiency_20,forward_12h_return,spearman,0.07130488865016149,204
B_opportunities,2024,range_ratio,forward_12h_return,pearson,0.09650895885245492,204
B_opportunities,2024,range_ratio,forward_12h_return,spearman,0.05851962315624316,204
B_opportunities,2024,body_to_range,forward_12h_return,pearson,0.004101512534272914,204
B_opportunities,2024,body_to_range,forward_12h_return,spearman,0.02714094889427596,204
B_opportunities,2024,close_location,forward_12h_return,pearson,0.026617179681776466,204
B_opportunities,2024,close_location,forward_12h_return,spearman,-0.02019071204631576,204
B_opportunities,2024,natr14,forward_12h_return,pearson,0.026562972601486125,204
B_opportunities,2024,natr14,forward_12h_return,spearman,0.02910715169162703,204
B_opportunities,2024,return_std_24,forward_12h_return,pearson,0.02654631749717435,204
B_opportunities,2024,return_std_24,forward_12h_return,spearman,0.04844831120000565,204
B_opportunities,2024,return_std_168,forward_12h_return,pearson,-0.0047897861407723615,204
B_opportunities,2024,return_std_168,forward_12h_return,spearman,0.030919281085016008,204
B_opportunities,2024,volatility_percentile_720,forward_12h_return,pearson,0.07231495285286829,204
B_opportunities,2024,volatility_percentile_720,forward_12h_return,spearman,0.08089324290837796,204
B_opportunities,2024,rsi14,forward_12h_return,pearson,0.14978030362250383,204
B_opportunities,2024,rsi14,forward_12h_return,spearman,0.12167558360602442,204
B_opportunities,2024,macd_ratio,forward_12h_return,pearson,0.03990379289827452,204
B_opportunities,2024,macd_ratio,forward_12h_return,spearman,0.07797386406202515,204
B_opportunities,2024,macd_signal_ratio,forward_12h_return,pearson,-0.03525135030650914,204
B_opportunities,2024,macd_signal_ratio,forward_12h_return,spearman,-0.008602667307461252,204
B_opportunities,2024,relative_volume_24,forward_12h_return,pearson,0.12425615010240917,204
B_opportunities,2024,relative_volume_24,forward_12h_return,spearman,0.022302478602879334,204
B_opportunities,2024,volume_zscore_24,forward_12h_return,pearson,0.06776943804769626,204
B_opportunities,2024,volume_zscore_24,forward_12h_return,spearman,-0.003778332190740047,204
B_opportunities,2024,volume_trend_24_168,forward_12h_return,pearson,0.03081343980819308,204
B_opportunities,2024,volume_trend_24_168,forward_12h_return,spearman,0.028322649497141163,204
B_opportunities,2024,regime_duration,forward_12h_return,pearson,0.011353334272609114,204
B_opportunities,2024,regime_duration,forward_12h_return,spearman,-0.10387384801767716,204
B_opportunities,2024,regime_transition,forward_12h_return,pearson,0.17329028305060357,204
B_opportunities,2024,regime_transition,forward_12h_return,spearman,0.18838909128739253,204
B_opportunities,2024,hour_of_day,forward_12h_return,pearson,0.08404481110877818,204
B_opportunities,2024,hour_of_day,forward_12h_return,spearman,0.06048254898878691,204
B_opportunities,2024,day_of_week,forward_12h_return,pearson,0.013242851987545117,204
B_opportunities,2024,day_of_week,forward_12h_return,spearman,0.10752350686131126,204
B_opportunities,2024,distance_high_24,forward_12h_return,pearson,0.10234563134368255,204
B_opportunities,2024,distance_high_24,forward_12h_return,spearman,0.07221519389925861,204
B_opportunities,2024,distance_low_24,forward_12h_return,pearson,0.023716226671082724,204
B_opportunities,2024,distance_low_24,forward_12h_return,spearman,0.07096140390554877,204
B_opportunities,2024,distance_high_168,forward_12h_return,pearson,0.05166794939590655,204
B_opportunities,2024,distance_high_168,forward_12h_return,spearman,0.03154970987553979,204
B_opportunities,2024,distance_low_168,forward_12h_return,pearson,0.06820229630511115,204
B_opportunities,2024,distance_low_168,forward_12h_return,spearman,0.08117689464347556,204
B_opportunities,2024,candles_since_prior_signal,forward_12h_return,pearson,-0.0940846442939773,204
B_opportunities,2024,candles_since_prior_signal,forward_12h_return,spearman,-0.09684316670940231,204
B_opportunities,2024,return_1h,forward_12h_return,pearson,0.04056690941214441,204
B_opportunities,2024,return_1h,forward_12h_return,spearman,0.010628237838449088,204
B_opportunities,2024,return_3h,forward_12h_return,pearson,0.1586513394724747,204
B_opportunities,2024,return_3h,forward_12h_return,spearman,0.12811839622308133,204
B_opportunities,2024,return_6h,forward_12h_return,pearson,0.14473319397140408,204
B_opportunities,2024,return_6h,forward_12h_return,spearman,0.1285367973934738,204
B_opportunities,2024,return_12h,forward_12h_return,pearson,0.10637278478947644,204
B_opportunities,2024,return_12h,forward_12h_return,spearman,0.09202140065445859,204
B_opportunities,2024,return_24h,forward_12h_return,pearson,0.045962826998064775,204
B_opportunities,2024,return_24h,forward_12h_return,spearman,0.07631439455513071,204
B_opportunities,2024,return_72h,forward_12h_return,pearson,0.11867685857954827,204
B_opportunities,2024,return_72h,forward_12h_return,spearman,0.07910326451859129,204
B_opportunities,2024,return_168h,forward_12h_return,pearson,0.07658465865654647,204
B_opportunities,2024,return_168h,forward_12h_return,spearman,0.07665505226480837,204
B_opportunities,2024,volatility_ratio_24_168,forward_12h_return,pearson,0.05883625148098482,204
B_opportunities,2024,volatility_ratio_24_168,forward_12h_return,spearman,0.03420429567958386,204
B_opportunities,2024,natr_ratio_168,forward_12h_return,pearson,0.06082456076443321,204
B_opportunities,2024,natr_ratio_168,forward_12h_return,spearman,0.04688354736343655,204
B_opportunities,2024,up_fraction_24,forward_12h_return,pearson,0.1433692341192412,204
B_opportunities,2024,up_fraction_24,forward_12h_return,spearman,0.17706418502835583,204
B_opportunities,2024,volume_price_interaction,forward_12h_return,pearson,0.045578891039537835,204
B_opportunities,2024,volume_price_interaction,forward_12h_return,spearman,0.029309284689485546,204
B_opportunities,2024,range_expansion_24,forward_12h_return,pearson,0.08789485200927344,204
B_opportunities,2024,range_expansion_24,forward_12h_return,spearman,0.041314288541320646,204
B_opportunities,2024,signal_density_168,forward_12h_return,pearson,0.06702850408831933,204
B_opportunities,2024,signal_density_168,forward_12h_return,spearman,0.08670225262294999,204
B_opportunities,2024,ema20_distance,forward_24h_return,pearson,0.03402950320221812,204
B_opportunities,2024,ema20_distance,forward_24h_return,spearman,0.048608038673837915,204
B_opportunities,2024,ema50_distance,forward_24h_return,pearson,0.044206568153385084,204
B_opportunities,2024,ema50_distance,forward_24h_return,spearman,0.03707232262122679,204
B_opportunities,2024,ema_gap,forward_24h_return,pearson,0.04826937380859561,204
B_opportunities,2024,ema_gap,forward_24h_return,spearman,-0.005114106197567337,204
B_opportunities,2024,ema20_slope_6,forward_24h_return,pearson,-0.05890845764467407,204
B_opportunities,2024,ema20_slope_6,forward_24h_return,spearman,-0.041023103943006976,204
B_opportunities,2024,ema50_slope_6,forward_24h_return,pearson,-0.023212169935735934,204
B_opportunities,2024,ema50_slope_6,forward_24h_return,spearman,-0.033052278943537045,204
B_opportunities,2024,trend_efficiency_20,forward_24h_return,pearson,-0.004702413943312357,204
B_opportunities,2024,trend_efficiency_20,forward_24h_return,spearman,-0.004831402704058916,204
B_opportunities,2024,range_ratio,forward_24h_return,pearson,0.011727604451371058,204
B_opportunities,2024,range_ratio,forward_24h_return,spearman,-0.016420832420436637,204
B_opportunities,2024,body_to_range,forward_24h_return,pearson,-0.045099492116647516,204
B_opportunities,2024,body_to_range,forward_24h_return,spearman,-0.0010573110657214947,204
B_opportunities,2024,close_location,forward_24h_return,pearson,-0.004278608661086646,204
B_opportunities,2024,close_location,forward_24h_return,spearman,-0.0387912146938563,204
B_opportunities,2024,natr14,forward_24h_return,pearson,-0.07974763400507058,204
B_opportunities,2024,natr14,forward_24h_return,spearman,-0.07952590624138639,204
B_opportunities,2024,return_std_24,forward_24h_return,pearson,-0.05171510943665152,204
B_opportunities,2024,return_std_24,forward_24h_return,spearman,-0.03280491338671718,204
B_opportunities,2024,return_std_168,forward_24h_return,pearson,-0.09695248901607047,204
B_opportunities,2024,return_std_168,forward_24h_return,spearman,-0.03045140680325957,204
B_opportunities,2024,volatility_percentile_720,forward_24h_return,pearson,0.003054355419740722,204
B_opportunities,2024,volatility_percentile_720,forward_24h_return,spearman,-0.03416874604347152,204
B_opportunities,2024,rsi14,forward_24h_return,pearson,0.06880171968929691,204
B_opportunities,2024,rsi14,forward_24h_return,spearman,0.04525517524082804,204
B_opportunities,2024,macd_ratio,forward_24h_return,pearson,-0.06608993286980507,204
B_opportunities,2024,macd_ratio,forward_24h_return,spearman,-0.04292569845431865,204
B_opportunities,2024,macd_signal_ratio,forward_24h_return,pearson,-0.12550546176270785,204
B_opportunities,2024,macd_signal_ratio,forward_24h_return,spearman,-0.12879123053763136,204
B_opportunities,2024,relative_volume_24,forward_24h_return,pearson,0.0916996694029911,204
B_opportunities,2024,relative_volume_24,forward_24h_return,spearman,-0.0011887681902029105,204
B_opportunities,2024,volume_zscore_24,forward_24h_return,pearson,0.04835864357417037,204
B_opportunities,2024,volume_zscore_24,forward_24h_return,spearman,0.01113286357436162,204
B_opportunities,2024,volume_trend_24_168,forward_24h_return,pearson,0.007529262244122896,204
B_opportunities,2024,volume_trend_24_168,forward_24h_return,spearman,-0.039695811040984935,204
B_opportunities,2024,regime_duration,forward_24h_return,pearson,0.07279604958319863,204
B_opportunities,2024,regime_duration,forward_24h_return,spearman,-0.005231561231336641,204
B_opportunities,2024,regime_transition,forward_24h_return,pearson,0.15679046235130129,204
B_opportunities,2024,regime_transition,forward_24h_return,spearman,0.156722548877261,204
B_opportunities,2024,hour_of_day,forward_24h_return,pearson,0.07893682597322683,204
B_opportunities,2024,hour_of_day,forward_24h_return,spearman,0.07370704735666395,204
B_opportunities,2024,day_of_week,forward_24h_return,pearson,0.06864378058293115,204
B_opportunities,2024,day_of_week,forward_24h_return,spearman,0.13089457465500082,204
B_opportunities,2024,distance_high_24,forward_24h_return,pearson,0.09937236680085748,204
B_opportunities,2024,distance_high_24,forward_24h_return,spearman,0.05420556784530464,204
B_opportunities,2024,distance_low_24,forward_24h_return,pearson,-0.0677038650007045,204
B_opportunities,2024,distance_low_24,forward_24h_return,spearman,-0.015893590405043432,204
B_opportunities,2024,distance_high_168,forward_24h_return,pearson,0.11973573357782458,204
B_opportunities,2024,distance_high_168,forward_24h_return,spearman,0.07320606964400563,204
B_opportunities,2024,distance_low_168,forward_24h_return,pearson,0.005555652558758691,204
B_opportunities,2024,distance_low_168,forward_24h_return,spearman,-0.019827409517213106,204
B_opportunities,2024,candles_since_prior_signal,forward_24h_return,pearson,-0.06973610105260261,204
B_opportunities,2024,candles_since_prior_signal,forward_24h_return,spearman,-0.04001068742475004,204
B_opportunities,2024,return_1h,forward_24h_return,pearson,0.01169877231235357,204
B_opportunities,2024,return_1h,forward_24h_return,spearman,0.012102536557095506,204
B_opportunities,2024,return_3h,forward_24h_return,pearson,0.08196234792080875,204
B_opportunities,2024,return_3h,forward_24h_return,spearman,0.09685987094585521,204
B_opportunities,2024,return_6h,forward_24h_return,pearson,0.059952883395020376,204
B_opportunities,2024,return_6h,forward_24h_return,spearman,0.03620583641362348,204
B_opportunities,2024,return_12h,forward_24h_return,pearson,0.017754525668212076,204
B_opportunities,2024,return_12h,forward_24h_return,spearman,-0.003320352531256405,204
B_opportunities,2024,return_24h,forward_24h_return,pearson,-0.0505887989141756,204
B_opportunities,2024,return_24h,forward_24h_return,spearman,-0.022825480065869916,204
B_opportunities,2024,return_72h,forward_24h_return,pearson,0.03610865075448935,204
B_opportunities,2024,return_72h,forward_24h_return,spearman,0.00852775088168152,204
B_opportunities,2024,return_168h,forward_24h_return,pearson,0.15579275754432034,204
B_opportunities,2024,return_168h,forward_24h_return,spearman,0.10712483479514598,204
B_opportunities,2024,volatility_ratio_24_168,forward_24h_return,pearson,0.034919912355641465,204
B_opportunities,2024,volatility_ratio_24_168,forward_24h_return,spearman,-0.0071877363224516055,204
B_opportunities,2024,natr_ratio_168,forward_24h_return,pearson,-0.0009602680516557873,204
B_opportunities,2024,natr_ratio_168,forward_24h_return,spearman,-0.05128948130976528,204
B_opportunities,2024,up_fraction_24,forward_24h_return,pearson,0.06537933010484429,204
B_opportunities,2024,up_fraction_24,forward_24h_return,spearman,0.06439865846308307,204
B_opportunities,2024,volume_price_interaction,forward_24h_return,pearson,0.042452474222457896,204
B_opportunities,2024,volume_price_interaction,forward_24h_return,spearman,0.027662536839798996,204
B_opportunities,2024,range_expansion_24,forward_24h_return,pearson,0.046996028975087076,204
B_opportunities,2024,range_expansion_24,forward_24h_return,spearman,0.01873476051480306,204
B_opportunities,2024,signal_density_168,forward_24h_return,pearson,0.0643748471304218,204
B_opportunities,2024,signal_density_168,forward_24h_return,spearman,0.060416450593562064,204
B_opportunities,2024,ema20_distance,forward_48h_return,pearson,0.10949562977866756,203
B_opportunities,2024,ema20_distance,forward_48h_return,spearman,0.07797280742273012,203
B_opportunities,2024,ema50_distance,forward_48h_return,pearson,0.09565789872782127,203
B_opportunities,2024,ema50_distance,forward_48h_return,spearman,0.050260937423791646,203
B_opportunities,2024,ema_gap,forward_48h_return,pearson,0.011411152174267672,203
B_opportunities,2024,ema_gap,forward_48h_return,spearman,0.03099833309902999,203
B_opportunities,2024,ema20_slope_6,forward_48h_return,pearson,-0.024246016908633667,203
B_opportunities,2024,ema20_slope_6,forward_48h_return,spearman,0.01897139873361431,203
B_opportunities,2024,ema50_slope_6,forward_48h_return,pearson,-0.019619390441892,203
B_opportunities,2024,ema50_slope_6,forward_48h_return,spearman,0.007003279290548586,203
B_opportunities,2024,trend_efficiency_20,forward_48h_return,pearson,0.039600775735258116,203
B_opportunities,2024,trend_efficiency_20,forward_48h_return,spearman,0.01934006788102746,203
B_opportunities,2024,range_ratio,forward_48h_return,pearson,0.145119885805497,203
B_opportunities,2024,range_ratio,forward_48h_return,spearman,0.1702993249194523,203
B_opportunities,2024,body_to_range,forward_48h_return,pearson,-0.009930235882131145,203
B_opportunities,2024,body_to_range,forward_48h_return,spearman,0.0384850423610892,203
B_opportunities,2024,close_location,forward_48h_return,pearson,-0.008096505284681504,203
B_opportunities,2024,close_location,forward_48h_return,spearman,-0.04993680973063561,203
B_opportunities,2024,natr14,forward_48h_return,pearson,0.044480820105389694,203
B_opportunities,2024,natr14,forward_48h_return,spearman,0.12147863583808395,203
B_opportunities,2024,return_std_24,forward_48h_return,pearson,0.020809485830511492,203
B_opportunities,2024,return_std_24,forward_48h_return,spearman,0.08431621197471821,203
B_opportunities,2024,return_std_168,forward_48h_return,pearson,0.00894812547922119,203
B_opportunities,2024,return_std_168,forward_48h_return,spearman,0.08786662497023391,203
B_opportunities,2024,volatility_percentile_720,forward_48h_return,pearson,0.1441232270383292,203
B_opportunities,2024,volatility_percentile_720,forward_48h_return,spearman,0.1634375962881734,203
B_opportunities,2024,rsi14,forward_48h_return,pearson,0.1051722328784104,203
B_opportunities,2024,rsi14,forward_48h_return,spearman,0.04153337675117845,203
B_opportunities,2024,macd_ratio,forward_48h_return,pearson,-0.02361458919380972,203
B_opportunities,2024,macd_ratio,forward_48h_return,spearman,0.030936649156077595,203
B_opportunities,2024,macd_signal_ratio,forward_48h_return,pearson,-0.09620643244419927,203
B_opportunities,2024,macd_signal_ratio,forward_48h_return,spearman,-0.023534576001790274,203
B_opportunities,2024,relative_volume_24,forward_48h_return,pearson,0.18002107169409626,203
B_opportunities,2024,relative_volume_24,forward_48h_return,spearman,0.10049031562095648,203
B_opportunities,2024,volume_zscore_24,forward_48h_return,pearson,0.130509992155188,203
B_opportunities,2024,volume_zscore_24,forward_48h_return,spearman,0.09597591170302196,203
B_opportunities,2024,volume_trend_24_168,forward_48h_return,pearson,0.05218756124414321,203
B_opportunities,2024,volume_trend_24_168,forward_48h_return,spearman,0.056186899478125156,203
B_opportunities,2024,regime_duration,forward_48h_return,pearson,0.04599655340161806,203
B_opportunities,2024,regime_duration,forward_48h_return,spearman,-0.02819835819025366,203
B_opportunities,2024,regime_transition,forward_48h_return,pearson,0.11031608591906718,203
B_opportunities,2024,regime_transition,forward_48h_return,spearman,0.08734775535954861,203
B_opportunities,2024,hour_of_day,forward_48h_return,pearson,0.10543189363231138,203
B_opportunities,2024,hour_of_day,forward_48h_return,spearman,0.10033991294466159,203
B_opportunities,2024,day_of_week,forward_48h_return,pearson,-0.0003078641495590347,203
B_opportunities,2024,day_of_week,forward_48h_return,spearman,0.005966475419245175,203
B_opportunities,2024,distance_high_24,forward_48h_return,pearson,0.05955280279084987,203
B_opportunities,2024,distance_high_24,forward_48h_return,spearman,-0.00020513497307424164,203
B_opportunities,2024,distance_low_24,forward_48h_return,pearson,-0.027815967509373308,203
B_opportunities,2024,distance_low_24,forward_48h_return,spearman,0.04853952506232947,203
B_opportunities,2024,distance_high_168,forward_48h_return,pearson,0.027863399003114235,203
B_opportunities,2024,distance_high_168,forward_48h_return,spearman,0.04332077658649667,203
B_opportunities,2024,distance_low_168,forward_48h_return,pearson,0.011130238212841564,203
B_opportunities,2024,distance_low_168,forward_48h_return,spearman,0.047251334811835285,203
B_opportunities,2024,candles_since_prior_signal,forward_48h_return,pearson,-0.04079345433165784,203
B_opportunities,2024,candles_since_prior_signal,forward_48h_return,spearman,-0.056758309933731786,203
B_opportunities,2024,return_1h,forward_48h_return,pearson,0.06891446052859873,203
B_opportunities,2024,return_1h,forward_48h_return,spearman,0.05690989266993927,203
B_opportunities,2024,return_3h,forward_48h_return,pearson,0.18470984356253403,203
B_opportunities,2024,return_3h,forward_48h_return,spearman,0.1227625225576745,203
B_opportunities,2024,return_6h,forward_48h_return,pearson,0.15293332434578427,203
B_opportunities,2024,return_6h,forward_48h_return,spearman,0.0962671172941693,203
B_opportunities,2024,return_12h,forward_48h_return,pearson,0.0539133032645065,203
B_opportunities,2024,return_12h,forward_48h_return,spearman,0.01933863337072624,203
B_opportunities,2024,return_24h,forward_48h_return,pearson,0.03345173490680928,203
B_opportunities,2024,return_24h,forward_48h_return,spearman,0.08308970566717641,203
B_opportunities,2024,return_72h,forward_48h_return,pearson,0.02666068163442293,203
B_opportunities,2024,return_72h,forward_48h_return,spearman,0.03491884975226008,203
B_opportunities,2024,return_168h,forward_48h_return,pearson,0.010707255073043893,203
B_opportunities,2024,return_168h,forward_48h_return,spearman,0.021434452920806427,203
B_opportunities,2024,volatility_ratio_24_168,forward_48h_return,pearson,0.06642272669538893,203
B_opportunities,2024,volatility_ratio_24_168,forward_48h_return,spearman,0.04665314401622719,203
B_opportunities,2024,natr_ratio_168,forward_48h_return,pearson,0.1307985384321808,203
B_opportunities,2024,natr_ratio_168,forward_48h_return,spearman,0.14951040163419416,203
B_opportunities,2024,up_fraction_24,forward_48h_return,pearson,0.09606544246741339,203
B_opportunities,2024,up_fraction_24,forward_48h_return,spearman,0.0929416433540912,203
B_opportunities,2024,volume_price_interaction,forward_48h_return,pearson,0.082030409616514,203
B_opportunities,2024,volume_price_interaction,forward_48h_return,spearman,0.05717384256536347,203
B_opportunities,2024,range_expansion_24,forward_48h_return,pearson,0.1280638777087737,203
B_opportunities,2024,range_expansion_24,forward_48h_return,spearman,0.10897400954236254,203
B_opportunities,2024,signal_density_168,forward_48h_return,pearson,0.042267035789302174,203
B_opportunities,2024,signal_density_168,forward_48h_return,spearman,0.08143449053630956,203
