feature,count,mean,std,min,5%,25%,50%,75%,95%,max,dataset,year,pair
ema20_distance,108.0,0.007903749585529038,0.012247578656774982,-0.00935133544919664,-0.003460271959585076,0.0009727181164279064,0.004406240849272991,0.01031687468920367,0.03356698191518247,0.052693347252684486,A_portfolio,2019,BTC/USDT
ema50_distance,108.0,0.008709453320554745,0.015053881052211827,-0.017106154066478085,-0.00936687147402868,0.0006844301251078266,0.004671591145568588,0.012367724014128667,0.04500385526061306,0.061200687084072,A_portfolio,2019,BTC/USDT
ema_gap,108.0,0.0007204626047719061,0.004697315116225207,-0.012404615711260367,-0.007754397291153241,-0.0016790044723439593,0.0009858514024090467,0.0029985039981348773,0.007297449393230518,0.015523442280541477,A_portfolio,2019,BTC/USDT
ema20_slope_6,108.0,0.0039698104568159686,0.005715387680838933,-0.005577413622036009,-0.0020793820338796897,0.0006052016156093409,0.002574202281206195,0.005723895808872725,0.013153257928809945,0.02947751779416974,A_portfolio,2019,BTC/USDT
ema50_slope_6,108.0,0.0014551291149868108,0.002590686054630174,-0.004304207979130559,-0.0019930630700094043,-0.00010849547795308001,0.0011707797043312151,0.002517410769053152,0.005687884264070107,0.011155851835406239,A_portfolio,2019,BTC/USDT
trend_efficiency_20,108.0,0.2662744230558292,0.16478075354958446,0.0011411972196283403,0.023216821436844868,0.14124669263709427,0.24594105015306583,0.38644415902873896,0.5642590706452988,0.6465517241379316,A_portfolio,2019,BTC/USDT
range_ratio,108.0,0.008767275843327153,0.007261774338608011,0.0019825000000000727,0.00266987565909319,0.004380516725893065,0.0061224389207507664,0.011532271788509216,0.020095134346597626,0.05280863265545496,A_portfolio,2019,BTC/USDT
body_to_range,108.0,0.3785811788942421,0.2311891526510481,0.0006994229760441318,0.025187274001785685,0.20080174592234368,0.35967226890755877,0.5340689013811204,0.7447816591455582,0.9154576815840467,A_portfolio,2019,BTC/USDT
close_location,108.0,0.4858679495913563,0.27317244722909184,0.027793218454697392,0.10379238490428065,0.24215947381216982,0.48038277219770337,0.7378995726226292,0.9222918139961068,1.0,A_portfolio,2019,BTC/USDT
natr14,108.0,0.008603560095068264,0.0042632871351724845,0.0034282153565696797,0.003994574696262444,0.0054083453076854806,0.0076749434368042335,0.009985554613563215,0.016808211150502343,0.02465623792280358,A_portfolio,2019,BTC/USDT
return_std_24,108.0,0.005344418608145523,0.0035150634812444737,0.0014175941620378743,0.002026689229117868,0.002923187990130958,0.004193849397787672,0.006260828250158382,0.012401803627195408,0.01973761812640779,A_portfolio,2019,BTC/USDT
return_std_168,108.0,0.006367529047490593,0.0030194718869225234,0.0023505673343282045,0.00285263457326699,0.004074821711921228,0.005823128499233648,0.007771849041412569,0.012050909449030218,0.018526992176478536,A_portfolio,2019,BTC/USDT
volatility_percentile_720,108.0,0.4055555555555555,0.29273022228515094,0.001388888888888889,0.0325,0.11979166666666667,0.36944444444444446,0.659375,0.8931249999999998,0.9680555555555556,A_portfolio,2019,BTC/USDT
rsi14,108.0,57.773231273342034,9.316960431122212,42.06644052428154,44.26435008444334,52.34397860903688,56.12626351271733,61.61014011670767,74.36176700671342,84.46941718880187,A_portfolio,2019,BTC/USDT
macd_ratio,108.0,0.0027840653740937053,0.0036404335732875648,-0.0027270810292319755,-0.0011197838351603223,0.0006086237141738291,0.0018838792269845967,0.003867158371958934,0.008361866784471433,0.018586582358320745,A_portfolio,2019,BTC/USDT
macd_signal_ratio,108.0,0.0015105742163613613,0.0021493999336666863,-0.0031765144248789615,-0.0007627334050105336,0.0001342252103807136,0.0009722211454797989,0.002251905438860152,0.005791900397854983,0.009969642945938821,A_portfolio,2019,BTC/USDT
relative_volume_24,108.0,1.1875404519263097,1.0345276353588333,0.34458686404747313,0.4358301824162785,0.6364618461392368,0.8067046868474774,1.3897368153007597,3.1528286846492732,6.248417046720573,A_portfolio,2019,BTC/USDT
volume_zscore_24,108.0,0.15556334934198335,1.3386911341181824,-1.8850893781000213,-1.1347623493689747,-0.7032197243052245,-0.33377887658691324,0.5457014792981072,2.895820421674539,4.419226602112275,A_portfolio,2019,BTC/USDT
volume_trend_24_168,108.0,-0.09829142192814173,0.2689318321166152,-0.6150580593784452,-0.49796667304969466,-0.2753534343510387,-0.10652098525629294,0.016979239771499788,0.3908711867015003,1.0971507514403296,A_portfolio,2019,BTC/USDT
regime_duration,108.0,25.296296296296298,30.799398968301055,1.0,1.0,3.0,17.0,34.0,72.54999999999994,167.0,A_portfolio,2019,BTC/USDT
regime_transition,108.0,0.1388888888888889,0.3474428167388508,0.0,0.0,0.0,0.0,0.0,1.0,1.0,A_portfolio,2019,BTC/USDT
hour_of_day,108.0,10.87962962962963,7.2842392820128135,0.0,0.35000000000000053,5.0,10.0,17.0,23.0,23.0,A_portfolio,2019,BTC/USDT
day_of_week,108.0,3.138888888888889,1.9501178173530007,0.0,0.0,2.0,3.0,5.0,6.0,6.0,A_portfolio,2019,BTC/USDT
distance_high_24,108.0,-0.01158067699586263,0.009224770234296041,-0.06847741935483864,-0.028153954141091845,-0.014368365066680017,-0.009945107598988034,-0.005217511053133117,-0.002575811344331286,-0.0010143457469932171,A_portfolio,2019,BTC/USDT
distance_low_24,108.0,0.033793003783107345,0.02777306476759683,0.004562370526084214,0.007285184191711425,0.014680027203941237,0.02497377978644222,0.042136285971836496,0.0844255403009124,0.16063328878379757,A_portfolio,2019,BTC/USDT
distance_high_168,108.0,-0.05775259935664607,0.044371199631718136,-0.19187687902648531,-0.1592536305711613,-0.07774932146752828,-0.04529005336735398,-0.02254719904645705,-0.010859947174708286,-0.002849455630573039,A_portfolio,2019,BTC/USDT
distance_low_168,108.0,0.07708771589870557,0.060958364061086075,0.012033118675252918,0.020726269495830684,0.0397833606555727,0.057019679021110825,0.1003177273115693,0.2044124949626712,0.3536271512230944,A_portfolio,2019,BTC/USDT
candles_since_prior_signal,108.0,80.92592592592592,42.80464288375359,7.0,21.05,50.0,73.0,102.0,164.89999999999995,216.0,A_portfolio,2019,BTC/USDT
source_synthetic,108.0,0.0,0.0,0.0,0.0,0.0,0.0,0.0,0.0,0.0,A_portfolio,2019,BTC/USDT
return_1h,108.0,0.0010726115915028766,0.00680341229997027,-0.019551499671290218,-0.005426129419046682,-0.001320725257529659,0.00019579607367803398,0.002238562096380403,0.010301589085295914,0.05079994440642066,A_portfolio,2019,BTC/USDT
return_3h,108.0,0.0044861769799488605,0.012148416444257876,-0.01500295550250419,-0.006333715884376106,-0.0018573953541323462,0.002325759300792263,0.0054881374992812315,0.03013788132718438,0.06522443505059883,A_portfolio,2019,BTC/USDT
return_6h,108.0,0.0068195358932486025,0.01591502172366672,-0.03371742997452887,-0.008659698598853837,-0.002544928966551674,0.0028235961877829396,0.011368364621093585,0.04096459805017841,0.06279523760597239,A_portfolio,2019,BTC/USDT
return_12h,108.0,0.011398784283101442,0.01918469239650037,-0.02313346340332645,-0.009275360195623432,0.0009277830219552308,0.0059202392812743865,0.016978407807809903,0.050246753992549104,0.10016114305754598,A_portfolio,2019,BTC/USDT
return_24h,108.0,0.0172291513367641,0.02048440527835944,-0.02029808450915882,-0.0017497004836543146,0.003816218170360264,0.010528137209517952,0.02635295264263554,0.05784407413937566,0.0987360767653711,A_portfolio,2019,BTC/USDT
return_72h,108.0,0.002229596667008344,0.043823002291497826,-0.11168109162079687,-0.0688586215905333,-0.017454335258968112,0.0022520192362764924,0.01758864879032135,0.0775112080136609,0.1732265103919186,A_portfolio,2019,BTC/USDT
return_168h,108.0,0.010848774653685304,0.08764806985321257,-0.17762796064933795,-0.1348614526055175,-0.03499347327726571,0.0034768682751598057,0.04298709364668024,0.17765768474511004,0.3490618059666004,A_portfolio,2019,BTC/USDT
volatility_ratio_24_168,108.0,0.8389499065502646,0.3473355509279929,0.35992687411462115,0.45219095950022214,0.5778839239540731,0.7531624161219506,1.0227613471619987,1.5701653205121902,1.9881499759443084,A_portfolio,2019,BTC/USDT
natr_ratio_168,108.0,0.9380716198452591,0.28524766127948237,0.5684156491088814,0.5925637037763383,0.7621134293131668,0.8774558298989725,1.0799298368422492,1.3742826140441604,2.632901228995206,A_portfolio,2019,BTC/USDT
up_fraction_24,108.0,0.5408950617283951,0.07492239873417952,0.3333333333333333,0.4166666666666667,0.5,0.5416666666666666,0.5833333333333334,0.625,0.75,A_portfolio,2019,BTC/USDT
volume_price_interaction,108.0,0.004917125831786995,0.03269935058816015,-0.031118133620307655,-0.00655162305174622,-0.0010958132543853988,0.000194016929089636,0.0023363258290174786,0.016576592003882475,0.31741923860153626,A_portfolio,2019,BTC/USDT
range_expansion_24,108.0,1.088153312547306,0.8667166606502945,0.32688487550183765,0.4834871474488313,0.645454149489961,0.820289302331805,1.1917301216800944,2.4447170096428925,6.729967369928698,A_portfolio,2019,BTC/USDT
signal_density_168,108.0,0.015432098765432096,0.004231490549246975,0.005952380952380952,0.011904761904761904,0.011904761904761904,0.017857142857142856,0.017857142857142856,0.023809523809523808,0.023809523809523808,A_portfolio,2019,BTC/USDT
ema20_distance,115.0,0.010041869456957033,0.013036218150425724,-0.011703498342060747,-0.004400530035526695,0.0011123543466771135,0.006597288875989316,0.01786344552359631,0.03812591632526976,0.05558621635440275,A_portfolio,2019,ETH/USDT
ema50_distance,115.0,0.011075270263966621,0.016602926253618883,-0.024815299559504678,-0.009217366884972511,-0.0007061476669187328,0.008196559386038471,0.02077197560781119,0.044873514342456455,0.05614771307903088,A_portfolio,2019,ETH/USDT
ema_gap,115.0,0.0009115547294819236,0.006076873392224201,-0.01594742045586766,-0.009227546598161392,-0.00200017920550403,0.0006251745851109554,0.00430961419669168,0.009165443329718144,0.018373103759398726,A_portfolio,2019,ETH/USDT
ema20_slope_6,115.0,0.005367177826551005,0.006778643698231631,-0.009665763442733843,-0.003018575253512945,0.0010528465025234635,0.0033885131687219072,0.008753806321552426,0.018761068383690738,0.033855028919244745,A_portfolio,2019,ETH/USDT
ema50_slope_6,115.0,0.001953592984747693,0.003453495933469149,-0.006812156508195666,-0.00288762510179662,-0.00020012674831271227,0.0015258817815837489,0.003655836357914999,0.007728272370112066,0.013294394592021863,A_portfolio,2019,ETH/USDT
trend_efficiency_20,115.0,0.2665055476840104,0.1622019474978403,0.0059078377313905315,0.03344239074838014,0.13017776825872923,0.24745034889962392,0.385443042558536,0.54991240304387,0.6780905752754007,A_portfolio,2019,ETH/USDT
range_ratio,115.0,0.010220831777672058,0.007202210164682874,0.002678697307204454,0.003442852896317775,0.00508038097429098,0.008315288003464772,0.012721124779950467,0.023898963511434897,0.043798219584569704,A_portfolio,2019,ETH/USDT
body_to_range,115.0,0.40930847352555205,0.22967898129555253,0.0,0.061362179487186995,0.2386440677966145,0.3931777378815133,0.5735976789168049,0.7909903082081682,0.8859315589353567,A_portfolio,2019,ETH/USDT
close_location,115.0,0.4681896064319228,0.2647065068833273,0.040000000000001514,0.10240384615384006,0.23090909090909315,0.4512820512820483,0.7342301261589927,0.8714956011730269,0.984790874524707,A_portfolio,2019,ETH/USDT
natr14,115.0,0.010485358905765772,0.004043558804240092,0.00471687496198765,0.005552299148090231,0.00746239856270026,0.00963556443921285,0.012592166003525331,0.01859421109309017,0.02489051178291534,A_portfolio,2019,ETH/USDT
return_std_24,115.0,0.006471743268510194,0.003200007499538839,0.0025949346484917765,0.002796234887614415,0.004264448706167156,0.00561551444514168,0.00785403009418761,0.012216414504932322,0.021281919155007812,A_portfolio,2019,ETH/USDT
return_std_168,115.0,0.008062889523655421,0.003185331766051607,0.003343821989804166,0.003932914574819577,0.005619258023431443,0.0075351157841305255,0.009631403738387487,0.013806743743145387,0.017616273211179347,A_portfolio,2019,ETH/USDT
volatility_percentile_720,115.0,0.4059541062801933,0.3087718794623669,0.001388888888888889,0.008888888888888889,0.10486111111111111,0.3458333333333333,0.6756944444444444,0.9156944444444444,0.9694444444444444,A_portfolio,2019,ETH/USDT
rsi14,115.0,58.15394032874288,9.509008964035235,41.79950379216214,44.21234826076223,51.22531273552633,57.075637766108805,65.09264391053716,74.586768882267,79.04337208922409,A_portfolio,2019,ETH/USDT
macd_ratio,115.0,0.0036447521653082764,0.004245045267078713,-0.00675926135764192,-0.001774689737187326,0.0008448537151965248,0.0028027048623568743,0.006101938348104047,0.011440325340356102,0.020167487727331266,A_portfolio,2019,ETH/USDT
macd_signal_ratio,115.0,0.0019121584905099213,0.0026420613070063945,-0.005048941989651765,-0.0017325862825847771,0.0003704749881525935,0.0015158388480098752,0.003234288987101005,0.006501127656403649,0.01171425296336406,A_portfolio,2019,ETH/USDT
relative_volume_24,115.0,1.0994837699425524,0.8700776669746911,0.21320527322660277,0.34297865444502873,0.5598224530342735,0.8125986694842784,1.2824415067581056,2.3262023887619114,5.871771482322297,A_portfolio,2019,ETH/USDT
volume_zscore_24,115.0,0.0662967612186002,1.0793594585528052,-1.537152309678175,-1.109707484676487,-0.6184538056230617,-0.34084303320172304,0.5136653725854617,2.0531308498018777,4.455390387590749,A_portfolio,2019,ETH/USDT
volume_trend_24_168,115.0,-0.1424199844388188,0.27095641528705267,-0.630225040689648,-0.4763127028300927,-0.30290602261584665,-0.19163802711990596,-0.0350598528194796,0.2675802592658683,1.4299945040933841,A_portfolio,2019,ETH/USDT
regime_duration,115.0,22.817391304347826,23.09081332048913,1.0,1.0,3.0,17.0,30.0,71.3,93.0,A_portfolio,2019,ETH/USDT
regime_transition,115.0,0.12173913043478261,0.32841528286116795,0.0,0.0,0.0,0.0,0.0,1.0,1.0,A_portfolio,2019,ETH/USDT
hour_of_day,115.0,10.539130434782608,7.340451437575137,0.0,0.0,4.0,9.0,17.0,22.299999999999997,23.0,A_portfolio,2019,ETH/USDT
day_of_week,115.0,3.1043478260869564,2.027763062058902,0.0,0.0,1.0,3.0,5.0,6.0,6.0,A_portfolio,2019,ETH/USDT
distance_high_24,115.0,-0.014922747901195488,0.00968626061314472,-0.04886186698302075,-0.030808059331361527,-0.019128091894982546,-0.013130193905817156,-0.007922769006001973,-0.0029259584336152724,-0.00043172566917470956,A_portfolio,2019,ETH/USDT
distance_low_24,115.0,0.04149088308620143,0.027251550778615876,0.003210975698752172,0.011414906196622178,0.023219862720476603,0.0322210065645514,0.05786159875164021,0.09279275077986462,0.1331317764804003,A_portfolio,2019,ETH/USDT
distance_high_168,115.0,-0.0747988829665773,0.051929135733575195,-0.2208322878956236,-0.17991704221466015,-0.10050359521709773,-0.05965707178393753,-0.03552721263305719,-0.01483832520074369,-0.004028021015761829,A_portfolio,2019,ETH/USDT
distance_low_168,115.0,0.09620885190307492,0.06694377293129868,0.017595518529158305,0.028565605088362922,0.04872938973182239,0.0727576335877862,0.12291420311137335,0.2242192579808218,0.39640883977900554,A_portfolio,2019,ETH/USDT
candles_since_prior_signal,115.0,76.02608695652174,39.873365526544475,4.0,11.100000000000001,47.5,71.0,104.0,138.6,192.0,A_portfolio,2019,ETH/USDT
source_synthetic,115.0,0.0,0.0,0.0,0.0,0.0,0.0,0.0,0.0,0.0,A_portfolio,2019,ETH/USDT
return_1h,115.0,0.0006619568535932833,0.006782286917958243,-0.016309639727361214,-0.007583616251107472,-0.002696084708152191,-0.0002945291215668,0.003028746201389043,0.013525868086685228,0.03611543822251373,A_portfolio,2019,ETH/USDT
return_3h,115.0,0.005652077300109835,0.013007207510072422,-0.01404180628689955,-0.00898754963551096,-0.0027261980916190587,0.0026706062844479295,0.0091463081262676,0.02969530754985967,0.07498298741068399,A_portfolio,2019,ETH/USDT
return_6h,115.0,0.009077594395429373,0.01748666106711003,-0.04154213986849975,-0.012438085158374846,-0.0005712030187950412,0.005013561272293909,0.016707085621524453,0.039833349420141065,0.0710482062780271,A_portfolio,2019,ETH/USDT
return_12h,115.0,0.014916503544277142,0.022764677044291505,-0.024421093597976173,-0.012192705811625393,-0.0020786655219363626,0.010342307908492998,0.02597209600120265,0.06016217596988625,0.09732906906387773,A_portfolio,2019,ETH/USDT
return_24h,115.0,0.023600868486984925,0.02316433969045324,-0.024610894941634154,-0.004223868625421012,0.008833498052820632,0.01853255253186359,0.03502226566989286,0.06881688290889856,0.11388962007545844,A_portfolio,2019,ETH/USDT
return_72h,115.0,0.0031448032043374405,0.0543015236635906,-0.1416618911174785,-0.08856210860789601,-0.019907412550603187,-0.00029088793542286773,0.025409525490024287,0.09763712929274512,0.15993992866529005,A_portfolio,2019,ETH/USDT
return_168h,115.0,-0.0028920650519531545,0.09386177001398542,-0.20290785671696565,-0.1444046361977308,-0.06479327369529392,-0.009641743075905151,0.04723839804102392,0.1584661349178348,0.3049202333625898,A_portfolio,2019,ETH/USDT
volatility_ratio_24_168,115.0,0.8238190867092283,0.2757196292839691,0.1935092177079837,0.4620314694350773,0.6403725589548837,0.7739776165317772,0.9862125798975399,1.4125703713105977,1.577717828417034,A_portfolio,2019,ETH/USDT
natr_ratio_168,115.0,0.9121721872082625,0.2469603527127929,0.5545291740828759,0.6055688883414071,0.7275803960484009,0.8887373189160945,1.0684322501009995,1.2874565471849813,2.239979613168745,A_portfolio,2019,ETH/USDT
up_fraction_24,115.0,0.5369565217391304,0.0733752740478476,0.2916666666666667,0.4166666666666667,0.5,0.5416666666666666,0.5833333333333334,0.625,0.7083333333333334,A_portfolio,2019,ETH/USDT
volume_price_interaction,115.0,0.002887858324052145,0.01638922984437446,-0.031167685882249777,-0.008870863831573195,-0.002011265347407109,-0.0003098013567097997,0.002534762987652694,0.029673954431068766,0.10829780255580088,A_portfolio,2019,ETH/USDT
range_expansion_24,115.0,1.0409158375904872,0.7454634396045847,0.33747089804375946,0.40505903665660337,0.593300851108622,0.8312460906961531,1.2217798350296079,2.3168901086092912,5.116498101980903,A_portfolio,2019,ETH/USDT
signal_density_168,115.0,0.016459627329192546,0.004752133012612463,0.005952380952380952,0.011904761904761904,0.011904761904761904,0.017857142857142856,0.017857142857142856,0.023809523809523808,0.02976190476190476,A_portfolio,2019,ETH/USDT
ema20_distance,108.0,0.007413570455897465,0.010395856137412292,-0.02274682235772496,-0.006768830622134719,0.0011200965653840878,0.004883218216874763,0.013162759433082871,0.026383941140830636,0.04017443311587532,A_portfolio,2020,BTC/USDT
ema50_distance,108.0,0.008337176874293918,0.014882240046232476,-0.05809508443551126,-0.013116423187553343,0.0011075548870101426,0.007169118690986354,0.01747537211456318,0.03189762268233536,0.05234224213790939,A_portfolio,2020,BTC/USDT
ema_gap,108.0,0.0007973724789823279,0.0072815054593186905,-0.05377998312945198,-0.00965781094217869,-0.0007063057691501125,0.0016553164965471014,0.00415139705134917,0.008202739952045401,0.013274966985263575,A_portfolio,2020,BTC/USDT
ema20_slope_6,108.0,0.0035570287904708657,0.005075562398421823,-0.00738222214249884,-0.004801788537992229,0.0009483313441627783,0.0026872068177691277,0.005915922072360136,0.012629911391438705,0.0220807393115261,A_portfolio,2020,BTC/USDT
ema50_slope_6,108.0,0.0013596275342422134,0.0030955222833252407,-0.015883374616044388,-0.0031217031377511356,0.0001678229909351514,0.0015495719488837212,0.0027046834237535178,0.005693194267735989,0.010138362882078145,A_portfolio,2020,BTC/USDT
trend_efficiency_20,108.0,0.26654141418976285,0.16874572944795668,0.00027160382055810387,0.01759296975635849,0.1361101564126502,0.2523369243945052,0.3760454640358044,0.5633801000918799,0.668122106372565,A_portfolio,2020,BTC/USDT
range_ratio,108.0,0.00873812953149823,0.005873369572494622,0.0015413487839621711,0.0027249257832319693,0.004958492277229152,0.007108271879355142,0.010565939684257942,0.018344183042066132,0.03361344537815126,A_portfolio,2020,BTC/USDT
body_to_range,108.0,0.4112847281603077,0.25536905936283594,0.002237521514616159,0.03582764351732204,0.20185493692910422,0.37409111572004605,0.611761402599059,0.8197829478027898,0.9443423671719527,A_portfolio,2020,BTC/USDT
close_location,108.0,0.56360442457957,0.2786102765893858,0.03107826416526859,0.1363944434479172,0.3380679809560319,0.5797618692752486,0.8131507778790747,0.9511894830078326,0.9982837071924632,A_portfolio,2020,BTC/USDT
natr14,108.0,0.00909385103297384,0.006223704737948736,0.002575243953523054,0.003656613765583077,0.005687526697077847,0.007543778511534974,0.010572631103516753,0.022498157271484496,0.04496036080074833,A_portfolio,2020,BTC/USDT
return_std_24,108.0,0.005601194969464042,0.0047199856865919616,0.001209435490969921,0.001929504773503711,0.003047704891163208,0.004334114227696683,0.006321898067227216,0.012673197952754234,0.03648190559895041,A_portfolio,2020,BTC/USDT
return_std_168,108.0,0.007163160111893154,0.005885005453245743,0.0016590163168790652,0.002902793273448414,0.004333845010306228,0.005872846351539996,0.007643515862872359,0.015280764436950882,0.035201328551682266,A_portfolio,2020,BTC/USDT
volatility_percentile_720,108.0,0.4225823045267489,0.307232627995748,0.002777777777777778,0.029166666666666667,0.14618055555555554,0.35416666666666663,0.6982638888888888,0.8931249999999998,0.9847222222222223,A_portfolio,2020,BTC/USDT
rsi14,108.0,58.44170260696625,9.359246258928259,40.51693752810805,42.59992377212236,51.78763996453878,58.004487454792454,65.509703908708,74.81684155621298,81.5276082032496,A_portfolio,2020,BTC/USDT
macd_ratio,108.0,0.00260699563406204,0.0035438518040501925,-0.008748231593680761,-0.0013056040696944838,0.0007501255906778016,0.0020107431778602003,0.004136406823255769,0.009737674305097924,0.01645374920967513,A_portfolio,2020,BTC/USDT
macd_signal_ratio,108.0,0.0014370779617857317,0.00240290938324694,-0.009736920718645799,-0.0012522813728361943,0.0004065763819373086,0.0011579146255840422,0.00228802001919753,0.006172068225968872,0.009583478766659489,A_portfolio,2020,BTC/USDT
relative_volume_24,108.0,1.1594095423035038,0.8101864839342382,0.33904059849065854,0.44018852472588865,0.6625962114376982,0.9342160085187249,1.3466289536636329,2.6018223682760597,5.591256933659322,A_portfolio,2020,BTC/USDT
volume_zscore_24,108.0,0.24690862429521074,1.3063729436015448,-1.52836632187259,-1.0052430856372876,-0.6662623814816846,-0.16793378989262608,0.7384944958107426,3.2806303274715742,4.265543122263062,A_portfolio,2020,BTC/USDT
volume_trend_24_168,108.0,-0.1388920049144406,0.24909987825760835,-0.5108728171494761,-0.4393018648038774,-0.3093491372888939,-0.19190431591907753,-0.010984752844620721,0.27535929162626543,1.1454482735676255,A_portfolio,2020,BTC/USDT
regime_duration,108.0,27.00925925925926,43.74661436734335,1.0,1.0,3.0,10.0,35.0,86.5999999999998,281.0,A_portfolio,2020,BTC/USDT
regime_transition,108.0,0.14814814814814814,0.3569029506249042,0.0,0.0,0.0,0.0,0.0,1.0,1.0,A_portfolio,2020,BTC/USDT
hour_of_day,108.0,10.027777777777779,6.670423396352316,0.0,0.35000000000000053,4.0,10.5,14.25,21.64999999999999,23.0,A_portfolio,2020,BTC/USDT
day_of_week,108.0,2.935185185185185,2.074649607385144,0.0,0.0,1.0,3.0,5.0,6.0,6.0,A_portfolio,2020,BTC/USDT
distance_high_24,108.0,-0.011090636199259808,0.015577663262493604,-0.11719191919191918,-0.03648235385582922,-0.013450245496565344,-0.005992810286915284,-0.0029871476257898044,-0.000716496436175749,-3.0714285714328327e-05,A_portfolio,2020,BTC/USDT
distance_low_24,108.0,0.03438094738825254,0.025818977910086104,0.003832293832293887,0.007815996991472174,0.018143212881397752,0.029260312891072116,0.04414565267731857,0.08108365162268986,0.15694444444444455,A_portfolio,2020,BTC/USDT
distance_high_168,108.0,-0.054695010702294315,0.06939441424675123,-0.4155888114932521,-0.1485288468610671,-0.06512758925352236,-0.03119760932312754,-0.01836805200900052,-0.006904648499531863,-0.0016913511558095395,A_portfolio,2020,BTC/USDT
distance_low_168,108.0,0.09894105733753807,0.08849093949238919,0.00975722262685097,0.018594479382107443,0.040544849755864865,0.07082729282452782,0.13195118682345874,0.2955290170627931,0.4210273047198272,A_portfolio,2020,BTC/USDT
candles_since_prior_signal,108.0,81.76851851851852,50.72697792470476,3.0,11.350000000000001,51.0,75.0,99.0,177.59999999999997,270.0,A_portfolio,2020,BTC/USDT
source_synthetic,108.0,0.0,0.0,0.0,0.0,0.0,0.0,0.0,0.0,0.0,A_portfolio,2020,BTC/USDT
return_1h,108.0,0.001525570730549932,0.005260434697012478,-0.011648546494520184,-0.0055830463132218065,-0.001456366014554178,0.0005428432367149405,0.003855971973244998,0.013182302582468951,0.019568319226118458,A_portfolio,2020,BTC/USDT
return_3h,108.0,0.0046991850317671,0.00987868428579672,-0.030414901271084704,-0.007797303819455713,-0.0004921062838529611,0.0030091949062729384,0.008899091213883659,0.02351139601867403,0.038822332173587215,A_portfolio,2020,BTC/USDT
return_6h,108.0,0.006098704545849688,0.012314233579685004,-0.03578594892309839,-0.009513785641325045,-0.0011942168015707244,0.004980794335900485,0.01130052487173494,0.027764272216803946,0.04521029063131099,A_portfolio,2020,BTC/USDT
return_12h,108.0,0.012025491267142556,0.019378854129583,-0.0322483554113725,-0.00912439229711442,0.0007311111131514947,0.008914622409467277,0.02087259888524623,0.047057521047261464,0.09941963288326305,A_portfolio,2020,BTC/USDT
return_24h,108.0,0.016741319293663563,0.019470894292000614,-0.030149956230734798,-0.005389397868727918,0.002965490319177533,0.014019737268334276,0.026512988364089163,0.04805337740493213,0.09785996260128815,A_portfolio,2020,BTC/USDT
return_72h,108.0,0.005138982359864969,0.053099175179927446,-0.3112456805104118,-0.08231551500141515,-0.013899925154200965,0.009597657623727773,0.028757766848888255,0.07557620087707499,0.16590353294900861,A_portfolio,2020,BTC/USDT
return_168h,108.0,0.022055266579974492,0.10904496124715952,-0.41082177741982917,-0.11888155646419775,-0.02359774384787916,0.014906831640651541,0.09181608205155756,0.1687396072600202,0.30975968532349407,A_portfolio,2020,BTC/USDT
volatility_ratio_24_168,108.0,0.8042110864914451,0.28581957320756507,0.35261237200949164,0.4237068329525156,0.6110256705075888,0.7644800231893137,0.9459012139560141,1.2513003436428514,2.1737449493458953,A_portfolio,2020,BTC/USDT
natr_ratio_168,108.0,0.8937303967695328,0.2319013819657414,0.46465019707357486,0.6011643341635683,0.7635353531858067,0.8509330207631436,0.9596187101684756,1.3410172662208786,1.7815123830994573,A_portfolio,2020,BTC/USDT
up_fraction_24,108.0,0.5408950617283951,0.07621069401289833,0.375,0.4166666666666667,0.5,0.5416666666666666,0.5833333333333334,0.6666666666666666,0.75,A_portfolio,2020,BTC/USDT
volume_price_interaction,108.0,0.003942516596840105,0.01458028653023257,-0.011973844640120511,-0.006114181792176297,-0.001038384927665453,0.00043031898994642633,0.004577415313707164,0.020169664640398818,0.10941150055309384,A_portfolio,2020,BTC/USDT
range_expansion_24,108.0,1.0710015794721375,0.6532916556124966,0.3891001092959948,0.47263411057801574,0.684659522495805,0.8477538795708534,1.2913563823666947,2.411120557942207,3.9029259058629493,A_portfolio,2020,BTC/USDT
signal_density_168,108.0,0.016313932980599643,0.0051706506271030185,0.005952380952380952,0.005952380952380952,0.011904761904761904,0.017857142857142856,0.017857142857142856,0.023809523809523808,0.02976190476190476,A_portfolio,2020,BTC/USDT
ema20_distance,102.0,0.011793231206124315,0.012637004131370652,-0.01256613970776177,-0.004813763351407962,0.0021973065317082985,0.009332999237239403,0.019771693341822383,0.03253681947193294,0.06434398060167323,A_portfolio,2020,ETH/USDT
ema50_distance,102.0,0.01302145314187317,0.017866532722882977,-0.06232530352544874,-0.008714337959982544,0.0015406351146737829,0.010608228687275623,0.025129555675617088,0.0394500803030223,0.08024408745543532,A_portfolio,2020,ETH/USDT
ema_gap,102.0,0.001044424245044527,0.008362821523503485,-0.059327833894355614,-0.00978255439959421,-0.0014308329226320254,0.0017675994048198126,0.004684657313871535,0.010412931704687715,0.01663501353826318,A_portfolio,2020,ETH/USDT
ema20_slope_6,102.0,0.006143994381117996,0.006349212102525567,-0.005920684786027586,-0.0013975850992480553,0.0018699969036856667,0.005722986680844144,0.00851109429370095,0.01563166505913413,0.041102788701749216,A_portfolio,2020,ETH/USDT
ema50_slope_6,102.0,0.0022516421723718185,0.003540231148684073,-0.015496630649451393,-0.0024304529828235387,0.0005657764357835937,0.0022065323022669725,0.004130968542824021,0.0066153192175990565,0.017269620675984143,A_portfolio,2020,ETH/USDT
trend_efficiency_20,102.0,0.29916202993849117,0.15837983550326315,0.0036275695284161066,0.021494919985437098,0.19640269349924458,0.3040824070354009,0.4101737759421427,0.5597101553509777,0.6471885336273413,A_portfolio,2020,ETH/USDT
range_ratio,102.0,0.011229886034075622,0.007419095558350443,0.002100660207493701,0.0032048188700341115,0.006464268668411331,0.009609641755826525,0.01388635549142275,0.022294705950075402,0.0455564242898098,A_portfolio,2020,ETH/USDT
body_to_range,102.0,0.414335277869884,0.24944396438731414,0.006741573033714525,0.041064533921677616,0.20708333333333678,0.3842184601113281,0.6105186606424519,0.8467704049376236,0.9411764705882869,A_portfolio,2020,ETH/USDT
close_location,102.0,0.5706024235199921,0.2702103206354946,0.044117647058784806,0.15602860174845026,0.3218359289317837,0.5956627680311921,0.782398510689403,0.9475855398958373,0.9976580796252882,A_portfolio,2020,ETH/USDT
natr14,102.0,0.01143869057525795,0.00585428228865114,0.0035975722024754104,0.005280619131160039,0.008483993444754883,0.010470383476281458,0.013234649902223918,0.02018112896536342,0.048661756203788695,A_portfolio,2020,ETH/USDT
return_std_24,102.0,0.006824726162585636,0.003569315878675722,0.0011436343829071267,0.0026908735019190184,0.004900412092685734,0.006130346906453244,0.00792683066141836,0.012244850524239697,0.02538551994936559,A_portfolio,2020,ETH/USDT
return_std_168,102.0,0.008879676553939985,0.005266278909018193,0.003181175564796504,0.004499991295554729,0.006311476687719506,0.007550731908966759,0.009808299987677287,0.0153245541659597,0.03564994336564935,A_portfolio,2020,ETH/USDT
volatility_percentile_720,102.0,0.408973311546841,0.29205901576822474,0.001388888888888889,0.006944444444444444,0.13472222222222222,0.3729166666666667,0.6479166666666667,0.881875,0.9333333333333333,A_portfolio,2020,ETH/USDT
rsi14,102.0,59.32041034757711,8.511238530829491,38.089435080529064,47.41376557938387,52.640234057215274,59.30046590882925,64.68648230450475,73.47826601910296,80.69580943000912,A_portfolio,2020,ETH/USDT
macd_ratio,102.0,0.004131804987809284,0.0038080862788629844,-0.004540394277478397,-0.0006705751484979065,0.0013888309191835647,0.004113034964702377,0.005814155084058039,0.010101357859948418,0.019171671194811522,A_portfolio,2020,ETH/USDT
macd_signal_ratio,102.0,0.002162451185479567,0.002269439690306318,-0.005297959627521803,-0.0009731075768559727,0.0008108344973848261,0.002204263014359149,0.003309934231621097,0.005788618529773624,0.009278343944636159,A_portfolio,2020,ETH/USDT
relative_volume_24,102.0,1.1491111761604864,0.784991962624984,0.36693388682392775,0.44441336503302675,0.6834948357214257,0.8717848163881446,1.3999590429556605,3.022360237677733,5.181128637033934,A_portfolio,2020,ETH/USDT
volume_zscore_24,102.0,0.1598803786337949,1.2427012345265078,-1.9950369865478932,-1.0812303668861352,-0.6614267040080457,-0.19350235686444753,0.7666765943221638,2.873817600198933,4.264004341065308,A_portfolio,2020,ETH/USDT
volume_trend_24_168,102.0,-0.15732666956632763,0.25728926139833547,-0.5832443946758674,-0.4746678174171758,-0.3515506260747967,-0.19926011841530117,-0.0062658430590046554,0.2571398877578634,0.5938216248115433,A_portfolio,2020,ETH/USDT
regime_duration,102.0,25.137254901960784,43.913515187834875,1.0,1.0,2.25,10.0,28.0,98.39999999999964,299.0,A_portfolio,2020,ETH/USDT
regime_transition,102.0,0.18627450980392157,0.3912506516456217,0.0,0.0,0.0,0.0,0.0,1.0,1.0,A_portfolio,2020,ETH/USDT
hour_of_day,102.0,10.794117647058824,6.851086833335519,0.0,0.0,5.0,10.5,16.75,21.0,23.0,A_portfolio,2020,ETH/USDT
day_of_week,102.0,2.9607843137254903,1.9696789135099562,0.0,0.0,1.0,3.0,5.0,6.0,6.0,A_portfolio,2020,ETH/USDT
distance_high_24,102.0,-0.011619616569943578,0.010432406278071545,-0.07860824742268058,-0.029959279373109188,-0.014891624036363793,-0.008846017060597622,-0.0052966152098599395,-0.001155402697938021,-2.5251249936797393e-05,A_portfolio,2020,ETH/USDT
distance_low_24,102.0,0.04728023602824443,0.028558472722296467,0.004989007272112156,0.01061950107819264,0.026689518408371804,0.044224462889157046,0.05996192497943431,0.1022071803286839,0.1585653610193487,A_portfolio,2020,ETH/USDT
distance_high_168,102.0,-0.0683788839338387,0.07760866904281137,-0.4891438097884333,-0.19304326608681988,-0.07901603567219664,-0.04411546601574523,-0.02998600340420271,-0.007039839541748715,-0.00025510204081635734,A_portfolio,2020,ETH/USDT
distance_low_168,102.0,0.12476230954806979,0.08954026145668093,0.014085731675506308,0.03555908640794922,0.0660235109406544,0.09115572208917466,0.16245386545239038,0.3064632426990511,0.49651162790697656,A_portfolio,2020,ETH/USDT
candles_since_prior_signal,102.0,86.53921568627452,45.90943982151489,3.0,23.300000000000004,58.5,80.0,113.5,155.84999999999997,271.0,A_portfolio,2020,ETH/USDT
source_synthetic,102.0,0.0,0.0,0.0,0.0,0.0,0.0,0.0,0.0,0.0,A_portfolio,2020,ETH/USDT
return_1h,102.0,0.0026743061480993553,0.00775118412776898,-0.01574208992506243,-0.006528801862519828,-0.0012449803051699238,0.00121519037445883,0.005418983288257073,0.014186315210240736,0.04028847196616425,A_portfolio,2020,ETH/USDT
return_3h,102.0,0.005458396111193602,0.012266513167125938,-0.026327734906945177,-0.012368440922438426,-0.002660696106955296,0.003593124093901001,0.013665720265743253,0.02388704725456169,0.04408163265306109,A_portfolio,2020,ETH/USDT
return_6h,102.0,0.01160335058680716,0.018532381401981098,-0.025356133329601738,-0.011912670896281414,0.0009095315619827571,0.009761738772624318,0.022521453131775948,0.03862304451770481,0.1062117798519473,A_portfolio,2020,ETH/USDT
return_12h,102.0,0.01795035251303233,0.022213172772808706,-0.03262176788935656,-0.008268102717811759,0.005284320256121078,0.016560358944965436,0.027540097541618624,0.05048487362754909,0.1343234323432343,A_portfolio,2020,ETH/USDT
return_24h,102.0,0.027440423019736725,0.023547899412930832,-0.01853122855181888,-0.0037065635178661106,0.009949329861834222,0.025880594540888868,0.039092058472995406,0.06970921473488406,0.10378664495113998,A_portfolio,2020,ETH/USDT
return_72h,102.0,0.004125455341327681,0.06548426118573994,-0.34660100522922277,-0.0908987373683575,-0.026444909579323023,0.0033658467953548987,0.034967384211557095,0.1072799129647936,0.20789714044825391,A_portfolio,2020,ETH/USDT
return_168h,102.0,0.025931919069466968,0.1255880878719741,-0.47186999876892777,-0.1462877732942112,-0.037579426096849,0.019403918457576497,0.09473608187033461,0.221425464035884,0.3123491634965434,A_portfolio,2020,ETH/USDT
volatility_ratio_24_168,102.0,0.8044300904111535,0.26649565928273833,0.2798161034056121,0.43804413019203,0.6063774039344508,0.7764517609189779,0.9796041632414124,1.2041236363862744,1.6610441110172487,A_portfolio,2020,ETH/USDT
natr_ratio_168,102.0,0.882541407759539,0.21963821536904982,0.4131488179250515,0.5666088871921868,0.7221282325269537,0.857666436244384,1.0254926622001888,1.3131962159592,1.533651027264712,A_portfolio,2020,ETH/USDT
up_fraction_24,102.0,0.5535130718954248,0.06872279214108624,0.375,0.4583333333333333,0.5,0.5416666666666666,0.5833333333333334,0.6666666666666666,0.7083333333333334,A_portfolio,2020,ETH/USDT
volume_price_interaction,102.0,0.006293417941418299,0.024236906997433815,-0.029510690579603233,-0.006001894064572465,-0.0010082846069842891,0.0008404255071919745,0.006743707244575392,0.024744742589716914,0.20873975584623247,A_portfolio,2020,ETH/USDT
range_expansion_24,102.0,1.0103138805174363,0.6236961429953723,0.40589860485820023,0.5172241763398595,0.6578365252103154,0.858301472105599,1.1646062632624303,1.7808291196680963,5.348551703608624,A_portfolio,2020,ETH/USDT
signal_density_168,102.0,0.015989729225023338,0.00536207746935073,0.005952380952380952,0.011904761904761904,0.011904761904761904,0.017857142857142856,0.017857142857142856,0.023809523809523808,0.03571428571428571,A_portfolio,2020,ETH/USDT
ema20_distance,98.0,0.013559863296529844,0.01738428910458121,-0.012738475261412363,-0.007227980339105788,0.0010050700696691561,0.011926185506881626,0.022370336943911162,0.03887899478484224,0.0893727922778691,A_portfolio,2021,BTC/USDT
ema50_distance,98.0,0.014829926808543484,0.022479681101772692,-0.03210753940052524,-0.014561813334389549,0.0015401287228285487,0.012234116625633562,0.026583580135965623,0.05141875350028679,0.10896146128428774,A_portfolio,2021,BTC/USDT
ema_gap,98.0,0.0010467130799263833,0.007043152547099926,-0.02034243963811327,-0.01011973430786179,-0.0029007805185689494,0.0013287651534368288,0.006016514165383087,0.01204096898309554,0.01827440692339025,A_portfolio,2021,BTC/USDT
ema20_slope_6,98.0,0.008110139370120846,0.00808122723040973,-0.004087934617194033,-0.0028077130706204542,0.0026717088335901362,0.00673138523867689,0.012964944869443051,0.022876133209142342,0.03246820210869439,A_portfolio,2021,BTC/USDT
ema50_slope_6,98.0,0.0028832697604803206,0.004040077486986467,-0.005931418724159254,-0.003341889434215267,9.725361020446188e-05,0.0026859161664096742,0.005537051760802103,0.00999538466866355,0.014365606208340154,A_portfolio,2021,BTC/USDT
trend_efficiency_20,98.0,0.28269130417148003,0.17469024017109896,0.001182463161724934,0.03189596294585637,0.14450443708493707,0.2587740368081116,0.40694942371769516,0.5873409128995992,0.7715707391650688,A_portfolio,2021,BTC/USDT
range_ratio,98.0,0.012852871362655494,0.00894905510836055,0.0037237772683136024,0.004395030578469293,0.006680634402731438,0.01015031337781815,0.01604845090953609,0.028544728355705987,0.0569337641593471,A_portfolio,2021,BTC/USDT
body_to_range,98.0,0.393715392316746,0.24566503915050952,0.014094488188983253,0.052231622349630906,0.17178861133452458,0.36605143653871774,0.6088277156252474,0.8120595146734267,0.9402049067352722,A_portfolio,2021,BTC/USDT
close_location,98.0,0.49023746424066117,0.2681981315238197,0.00963620155367503,0.10435078916410369,0.2602879895814274,0.4614541456293192,0.7031223579261874,0.9354142834266264,0.9999547695508524,A_portfolio,2021,BTC/USDT
natr14,98.0,0.013032855421652986,0.00558494465132386,0.005734976183569607,0.00749414557347733,0.009542597201286269,0.01157577318806792,0.014574521760215498,0.024713160673464997,0.0379601607259416,A_portfolio,2021,BTC/USDT
return_std_24,98.0,0.008202989108462198,0.0037803472265402925,0.003265300466370539,0.004414237547513309,0.005788904144642207,0.007224049268147745,0.00958461730252565,0.017221755287559877,0.022325894767269247,A_portfolio,2021,BTC/USDT
return_std_168,98.0,0.008668052534686553,0.0031895966213407252,0.004663886035857558,0.005499883670002698,0.006418567963918431,0.00774914261245508,0.010147089818598659,0.015119574025341182,0.02013669050338765,A_portfolio,2021,BTC/USDT
volatility_percentile_720,98.0,0.46425736961451247,0.29846169914909293,0.001388888888888889,0.022361111111111116,0.20069444444444445,0.4243055555555556,0.7451388888888889,0.9277777777777778,0.9763888888888889,A_portfolio,2021,BTC/USDT
rsi14,98.0,59.260603728573216,9.5869971501434,41.095980737289665,44.98059092976549,50.50273464318998,58.75807594338779,67.08222155145259,73.65114279113274,82.48567156915291,A_portfolio,2021,BTC/USDT
macd_ratio,98.0,0.005228283015757866,0.004952254445810284,-0.003968666146359443,-0.0017544815682100632,0.0017632283066317856,0.004797350503438538,0.00864019872598863,0.014134850982872683,0.02040319812600971,A_portfolio,2021,BTC/USDT
macd_signal_ratio,98.0,0.002675476825595485,0.002892145698380254,-0.0037598712722984014,-0.0021178064789617638,0.0006513290433121675,0.002618421199420571,0.004583922316569202,0.007668252191278943,0.011812600680997884,A_portfolio,2021,BTC/USDT
relative_volume_24,98.0,1.1016375270247736,0.677170993392828,0.3863086373188229,0.4850440445368353,0.6539243120174701,0.9167612175162221,1.3402311099326734,2.538325497342619,4.475192715079413,A_portfolio,2021,BTC/USDT
volume_zscore_24,98.0,0.10409800535417894,1.2745277826219212,-2.090472564198848,-1.4339459673708188,-0.6864741284503444,-0.21577656688716418,0.6842689608386228,2.776756374375737,3.944899047892892,A_portfolio,2021,BTC/USDT
volume_trend_24_168,98.0,-0.08540016116256488,0.21110819931948277,-0.4962983981284429,-0.3581343480416318,-0.24664597918227357,-0.10574448651278545,0.031662558100179095,0.2771934226834332,0.8689523857427763,A_portfolio,2021,BTC/USDT
regime_duration,98.0,38.66326530612245,71.78546845992827,1.0,1.0,4.0,11.0,33.0,186.24999999999955,380.0,A_portfolio,2021,BTC/USDT
regime_transition,98.0,0.08163265306122448,0.27521198531482965,0.0,0.0,0.0,0.0,0.0,1.0,1.0,A_portfolio,2021,BTC/USDT
hour_of_day,98.0,12.76530612244898,6.972406616731005,0.0,2.8500000000000005,6.0,13.0,19.0,22.14999999999999,23.0,A_portfolio,2021,BTC/USDT
day_of_week,98.0,2.7244897959183674,2.0797532181363283,0.0,0.0,1.0,2.5,4.0,6.0,6.0,A_portfolio,2021,BTC/USDT
distance_high_24,98.0,-0.015226673973637994,0.01167313391784294,-0.06388691711259153,-0.033416679191566344,-0.02021481854386914,-0.012817771349986185,-0.006538038878924818,-0.0028477167096143787,-0.0011117232935414778,A_portfolio,2021,BTC/USDT
distance_low_24,98.0,0.0561608402387832,0.03704374494918925,0.0065236920910438645,0.013910153215755006,0.03147246788541447,0.047153732223378486,0.07086198123522486,0.14390520376386134,0.17621524040965109,A_portfolio,2021,BTC/USDT
distance_high_168,98.0,-0.06838198881544012,0.05272742859229704,-0.22318299244410766,-0.1732831146257448,-0.09953940268504696,-0.05922382746715604,-0.024686669710012543,-0.004666169617499501,-0.001363823315982171,A_portfolio,2021,BTC/USDT
distance_low_168,98.0,0.1129801089835789,0.07675061482352456,0.01898336448598137,0.03392037542856555,0.054592903721581154,0.08835105875070304,0.1423173737415468,0.2739364492151633,0.3330956666666667,A_portfolio,2021,BTC/USDT
candles_since_prior_signal,98.0,89.66326530612245,46.0703057254912,5.0,25.85,60.25,85.0,111.25,166.89999999999995,267.0,A_portfolio,2021,BTC/USDT
source_synthetic,98.0,0.0,0.0,0.0,0.0,0.0,0.0,0.0,0.0,0.0,A_portfolio,2021,BTC/USDT
return_1h,98.0,0.00031986181471094785,0.008894329465800724,-0.016480389675968543,-0.012869222945503089,-0.003817540283123866,-0.00037673094910273264,0.0027463070070471995,0.014456304550686633,0.04249667994687911,A_portfolio,2021,BTC/USDT
return_3h,98.0,0.005296399128259487,0.018017059535498425,-0.020913536035783054,-0.01430877525938372,-0.005466195407028418,0.00026911760601899815,0.013947057652079375,0.04316668612275833,0.10490428449527545,A_portfolio,2021,BTC/USDT
return_6h,98.0,0.012412889408904946,0.02506612233032762,-0.03722122065951905,-0.02196151797929574,-0.001601375797815191,0.009528812230265693,0.023735191011302836,0.05270176493965366,0.11189042709987773,A_portfolio,2021,BTC/USDT
return_12h,98.0,0.02328862298661053,0.02818182142377821,-0.0415195827942898,-0.011086749163020248,0.00566903579842809,0.01883838601064225,0.0373687297327473,0.071602705059953,0.13882009987189226,A_portfolio,2021,BTC/USDT
return_24h,98.0,0.03146265852859192,0.029226591399846003,-0.021071824937789918,-0.0040574874730323895,0.014026355314566918,0.02624520125724228,0.04542460424431616,0.09052870956564939,0.15883053634023026,A_portfolio,2021,BTC/USDT
return_72h,98.0,-0.0028292019851432165,0.059404828541063874,-0.15559857578469516,-0.10607221192841326,-0.03602275320684681,-0.005361461911718934,0.034501083357245665,0.08356889506973404,0.1486284503358608,A_portfolio,2021,BTC/USDT
return_168h,98.0,0.007446587224947779,0.10381966970659737,-0.18885387944016885,-0.13735701090287852,-0.06615774202117575,0.0006907473485406324,0.0491620997908056,0.2351834277360725,0.32011535518008616,A_portfolio,2021,BTC/USDT
volatility_ratio_24_168,98.0,0.9472759165807313,0.23721508418572518,0.5158930497463995,0.624190640783204,0.7808439248766289,0.940221880270748,1.0973387834958501,1.303973488341359,1.8561030691667093,A_portfolio,2021,BTC/USDT
natr_ratio_168,98.0,0.9631210685122598,0.19154547245737483,0.6504817371497642,0.6931926100750397,0.8308097339639093,0.924419423560769,1.067125160472426,1.3161479195927588,1.5446471270380682,A_portfolio,2021,BTC/USDT
up_fraction_24,98.0,0.5471938775510204,0.07391777301278275,0.375,0.4166666666666667,0.5,0.5416666666666666,0.5833333333333334,0.6666666666666666,0.7083333333333334,A_portfolio,2021,BTC/USDT
volume_price_interaction,98.0,0.0028417630969945727,0.02364468434771796,-0.055557877839342705,-0.015124306011785238,-0.0036821999902917303,-0.0004668455211424196,0.0018606112216392728,0.03683287687261921,0.19018083251333479,A_portfolio,2021,BTC/USDT
range_expansion_24,98.0,1.0081576789148348,0.6352031645806467,0.33976595859996805,0.48331782343828705,0.622384791979973,0.8108655098179833,1.1628988463710925,2.12086077067169,4.716329249740798,A_portfolio,2021,BTC/USDT
signal_density_168,98.0,0.015184645286686099,0.004844223509010174,0.005952380952380952,0.011011904761904764,0.011904761904761904,0.011904761904761904,0.017857142857142856,0.023809523809523808,0.02976190476190476,A_portfolio,2021,BTC/USDT
ema20_distance,105.0,0.01479917055511845,0.018623937305251095,-0.04356133911989346,-0.013363707285327764,0.003188235548131413,0.013157497015946928,0.030044631888323403,0.04174412407936487,0.08368025640644516,A_portfolio,2021,ETH/USDT
ema50_distance,105.0,0.016947502909222617,0.02302648710950449,-0.05303309004974954,-0.017204874892163845,0.0017694224895872246,0.01668052441072243,0.03339318492226706,0.051393582204521324,0.08339970482720349,A_portfolio,2021,ETH/USDT
ema_gap,105.0,0.0019075551954263821,0.008160029493199546,-0.023512023588229285,-0.012762014905923822,-0.0020142777672826823,0.0033788641446408528,0.007035630461553481,0.014664104224094716,0.01932944428412324,A_portfolio,2021,ETH/USDT
ema20_slope_6,105.0,0.009248299190957324,0.009474996201268477,-0.01305671858974744,-0.004303007967966388,0.0035533454832452627,0.007559147291418489,0.014706792258432744,0.025069460749383585,0.04611131011680669,A_portfolio,2021,ETH/USDT
ema50_slope_6,105.0,0.0035040233474496457,0.004424442176481958,-0.009214129995314235,-0.003168407850016619,0.0006109620924348302,0.0031699068945036935,0.0063661710035489705,0.011475634679696967,0.013855439808326597,A_portfolio,2021,ETH/USDT
trend_efficiency_20,105.0,0.2966611940049278,0.15441920587512517,0.040106297422986846,0.05846075818334338,0.17554858934169304,0.2994039431453446,0.40536456365697043,0.5770978295779058,0.6981629069296229,A_portfolio,2021,ETH/USDT
range_ratio,105.0,0.015583246661390627,0.009199264029669441,0.003666189584938817,0.006051241610032851,0.009545272681249993,0.013060935183704431,0.018970730189627503,0.03603972896984089,0.057170996446183085,A_portfolio,2021,ETH/USDT
body_to_range,105.0,0.4493929565561495,0.23568335634497337,0.004141739530599083,0.07526446865501923,0.2846091205211829,0.41370174110523317,0.6307870370370364,0.8293617670604484,0.9532432833605515,A_portfolio,2021,ETH/USDT
close_location,105.0,0.5574856790666569,0.28494742764047337,0.024469567910793383,0.11529294309299708,0.3069450186027258,0.5614633390172087,0.836698271054095,0.9472314699172374,0.9990460290961134,A_portfolio,2021,ETH/USDT
natr14,105.0,0.016309993129923477,0.0073101032951610615,0.006243588917433945,0.009156969035575967,0.011527871038764804,0.01446638690616376,0.019047935466151487,0.028675236074699507,0.051846833590763496,A_portfolio,2021,ETH/USDT
return_std_24,105.0,0.010226008015096568,0.004647651157352703,0.002107429682780778,0.004935453004649367,0.0071413814032060775,0.009132344052598801,0.012228211277000533,0.019259554161292988,0.02752700754844192,A_portfolio,2021,ETH/USDT
return_std_168,105.0,0.01137939728414235,0.004655680956922581,0.004907735758178144,0.00638295965216515,0.007997268873463574,0.009666903270783098,0.013708413540483135,0.020311702182770244,0.030372296609265707,A_portfolio,2021,ETH/USDT
volatility_percentile_720,105.0,0.4271031746031746,0.30936827696883906,0.001388888888888889,0.020555555555555556,0.15416666666666667,0.3527777777777778,0.7472222222222222,0.9277777777777777,0.9638888888888889,A_portfolio,2021,ETH/USDT
rsi14,105.0,58.67588881428937,9.13348542191453,25.337118183258447,43.9485167379545,52.12251676421177,59.2376338756007,64.90585645432773,71.80414651352238,76.44556659284127,A_portfolio,2021,ETH/USDT
macd_ratio,105.0,0.006209803066851872,0.00567950360367087,-0.00749030555890948,-0.002081105241208164,0.002701570363170939,0.005725424205979704,0.009824541881231745,0.015533657243283924,0.028573407223681454,A_portfolio,2021,ETH/USDT
macd_signal_ratio,105.0,0.0035282859044925723,0.0032688495001600916,-0.0066218088743937855,-0.001099879922991343,0.0016471762850713964,0.003483767414437954,0.005501928522892335,0.008641626762831303,0.01416045216659245,A_portfolio,2021,ETH/USDT
relative_volume_24,105.0,1.0537330205430127,0.5267851756104783,0.3508128333912377,0.491565021498367,0.7035687691617399,0.9207519206148875,1.220228323354492,1.9436552506790044,3.144707935302001,A_portfolio,2021,ETH/USDT
volume_zscore_24,105.0,0.05228893072053015,1.072148850502997,-1.5719047954638068,-1.3237032953174621,-0.6697892515844122,-0.1692317733415859,0.4149045688292044,2.101203854968724,3.834611602214091,A_portfolio,2021,ETH/USDT
volume_trend_24_168,105.0,-0.11685914081947327,0.20906825105451718,-0.49736579153649363,-0.4040451157125736,-0.2822111650715712,-0.13224750065108715,0.02222308961836683,0.22821713362027637,0.7356658024905784,A_portfolio,2021,ETH/USDT
regime_duration,105.0,92.83809523809524,157.80971524943018,1.0,1.0,4.0,15.0,80.0,467.1999999999997,677.0,A_portfolio,2021,ETH/USDT
regime_transition,105.0,0.12380952380952381,0.3309438162646485,0.0,0.0,0.0,0.0,0.0,1.0,1.0,A_portfolio,2021,ETH/USDT
hour_of_day,105.0,12.457142857142857,7.6736669744760775,0.0,0.20000000000000018,6.0,12.0,20.0,23.0,23.0,A_portfolio,2021,ETH/USDT
day_of_week,105.0,2.857142857142857,2.1096325392232296,0.0,0.0,1.0,3.0,5.0,6.0,6.0,A_portfolio,2021,ETH/USDT
distance_high_24,105.0,-0.016895922086884077,0.016401016660836248,-0.08480722074398706,-0.04769840156207865,-0.02249214592032056,-0.012352239170013157,-0.0054851603027469276,-0.001356972439957627,-0.0005426863888325917,A_portfolio,2021,ETH/USDT
distance_low_24,105.0,0.0730147553222853,0.05358927520803923,0.01171309044549984,0.02544118879832227,0.047248407643312174,0.060052884615384494,0.08823148813803017,0.14691988619743784,0.40315489894373946,A_portfolio,2021,ETH/USDT
distance_high_168,105.0,-0.07819122154622911,0.06685484000098217,-0.31971753171177686,-0.2087948676093499,-0.11525019179950557,-0.057218798151001504,-0.028797042292650676,-0.007284019692795273,-0.0013282587039259441,A_portfolio,2021,ETH/USDT
distance_low_168,105.0,0.16643837332711794,0.11622494664841798,0.020503993215962746,0.041264010223076,0.08715427657873698,0.13258167248818564,0.22899364357630025,0.3349547712352414,0.6756374928312656,A_portfolio,2021,ETH/USDT
candles_since_prior_signal,105.0,83.72380952380952,46.88621563015313,2.0,18.0,54.0,78.0,103.0,168.39999999999998,237.0,A_portfolio,2021,ETH/USDT
source_synthetic,105.0,0.0,0.0,0.0,0.0,0.0,0.0,0.0,0.0,0.0,A_portfolio,2021,ETH/USDT
return_1h,105.0,0.001578443515333968,0.010503672877061684,-0.023727587262422634,-0.012909908624229294,-0.005124622568969173,0.0007461415811391703,0.006278897852548093,0.018008791140580183,0.04886911168741115,A_portfolio,2021,ETH/USDT
return_3h,105.0,0.004308280394638641,0.015415237008718389,-0.04882738769346917,-0.019517474549824044,-0.0024288647970779342,0.0038854051395549316,0.013820636258207841,0.02942669002080471,0.043883153733174085,A_portfolio,2021,ETH/USDT
return_6h,105.0,0.012564706134732418,0.026310834115792717,-0.06381965852157612,-0.02818585465919425,-0.002433784798949179,0.008158186446544535,0.028310090237899876,0.05804615365855529,0.07340041456751822,A_portfolio,2021,ETH/USDT
return_12h,105.0,0.024442289130437875,0.03107653981415335,-0.05808343360474766,-0.02749700435113298,0.0026056531344087475,0.024075943071949713,0.0473977314606282,0.07203214945082004,0.12034381307357989,A_portfolio,2021,ETH/USDT
return_24h,105.0,0.0416706303696071,0.04391055953310931,-0.03797131807927823,-0.004473967150075597,0.018249088439265204,0.032180449700547564,0.05387205387205407,0.10606768697323238,0.30168093594513423,A_portfolio,2021,ETH/USDT
return_72h,105.0,-0.002824639495982133,0.06848868598845256,-0.18196656329423833,-0.11434779311652367,-0.04966416756271075,-0.0029178671710617943,0.03498889216859058,0.10531751454735164,0.17454682881399397,A_portfolio,2021,ETH/USDT
return_168h,105.0,0.03570726900663197,0.14406691383260095,-0.2841320245775367,-0.1584348073109445,-0.05011642389126547,0.029474256894358675,0.10039745342061734,0.2581907835015111,0.6640227809417976,A_portfolio,2021,ETH/USDT
volatility_ratio_24_168,105.0,0.9084798450676881,0.21528529247878106,0.3780937086647156,0.5540944947347782,0.79171935696941,0.8912457340275074,1.0594443173743715,1.250549405415104,1.6215283049066618,A_portfolio,2021,ETH/USDT
natr_ratio_168,105.0,0.9260060824270584,0.19272375252751942,0.5830023473019229,0.687120875805957,0.7670263924370943,0.8989703815669066,1.0424735415512782,1.3101643634666365,1.4741902816294512,A_portfolio,2021,ETH/USDT
up_fraction_24,105.0,0.559126984126984,0.08585545372111747,0.2916666666666667,0.38333333333333336,0.5,0.5416666666666666,0.625,0.6666666666666666,0.7083333333333334,A_portfolio,2021,ETH/USDT
volume_price_interaction,105.0,0.0026456107215707568,0.015305240508575508,-0.04295675506141034,-0.013629953982026804,-0.004314917180126753,0.0007578864615802397,0.004985911347019414,0.034572114279485124,0.05687330160205392,A_portfolio,2021,ETH/USDT
range_expansion_24,105.0,0.9741723133719246,0.4497458926325803,0.4023205238178052,0.5010988176990134,0.6670808758923936,0.8316035225469526,1.1460564310145627,1.8979760780853228,2.7053349395973916,A_portfolio,2021,ETH/USDT
signal_density_168,105.0,0.016043083900226754,0.005959462907238301,0.005952380952380952,0.0071428571428571435,0.011904761904761904,0.017857142857142856,0.017857142857142856,0.023809523809523808,0.041666666666666664,A_portfolio,2021,ETH/USDT
ema20_distance,106.0,0.007281284161380846,0.009998786865690702,-0.007048884979781622,-0.003343638444280761,0.0006451612285894859,0.004610535949619354,0.011114628340128885,0.025214807609807988,0.05204132433278885,A_portfolio,2022,BTC/USDT
ema50_distance,106.0,0.00740082539166365,0.012326138748476323,-0.01767730209902496,-0.006134152674644816,-0.000547893545625483,0.005240885491794245,0.013678645580013027,0.024500614495489348,0.06084433426597857,A_portfolio,2022,BTC/USDT
ema_gap,106.0,6.833236239745376e-05,0.00426689075430789,-0.01630592354859011,-0.005448396852310988,-0.001942472631120433,0.0005113818436886604,0.001986301732427016,0.006025621409500812,0.012369076611979495,A_portfolio,2022,BTC/USDT
ema20_slope_6,106.0,0.003996276681852864,0.005731965575446378,-0.0035734845449542085,-0.001021225878993115,0.00040612075276585946,0.0026218747368250694,0.005813196830660838,0.012828596048090002,0.03314635320294168,A_portfolio,2022,BTC/USDT
ema50_slope_6,106.0,0.001297526396457999,0.002639507239967278,-0.005001307911165598,-0.001657516135507603,-0.00022458790886906166,0.0007048971538087256,0.0022188949109643308,0.005748800953682354,0.014177776405768672,A_portfolio,2022,BTC/USDT
trend_efficiency_20,106.0,0.27580051451533566,0.1563468854627794,0.0046692857602869545,0.03799192904017948,0.1606270898947455,0.2682540311672099,0.3589773502229323,0.565514497998536,0.6183942623401913,A_portfolio,2022,BTC/USDT
range_ratio,106.0,0.008727489883915421,0.006310196535567132,0.001054274225189437,0.00238881348048141,0.0048420093891639645,0.006621031584057439,0.01148235251767114,0.021236879444712524,0.032279818095454174,A_portfolio,2022,BTC/USDT
body_to_range,106.0,0.42923165259873586,0.22012703570172407,0.012018563325528035,0.11597842150615909,0.24338447980831407,0.41024871590635,0.5954082949517335,0.8005340863676801,0.9520202020202023,A_portfolio,2022,BTC/USDT
close_location,106.0,0.5177855943456063,0.2954859106461469,0.0,0.05695675016288081,0.2431745325427067,0.5646648644325974,0.7832395628133485,0.9161554607409309,0.9945571079761274,A_portfolio,2022,BTC/USDT
natr14,106.0,0.008608319664383777,0.004557921708949172,0.002053765472925956,0.0029683910381502776,0.005437368253389747,0.007837145901563269,0.010119643667810412,0.016326083654000893,0.025753403030958015,A_portfolio,2022,BTC/USDT
return_std_24,106.0,0.005707861703115249,0.003566939808882655,0.0010364986821732112,0.001713935472230122,0.003521350328246615,0.005089784123428743,0.006535379205544568,0.013797326251604186,0.018897526533732337,A_portfolio,2022,BTC/USDT
return_std_168,106.0,0.006224403166421822,0.0027717537771909614,0.0016126207955602747,0.0025828323125378122,0.004668182827794814,0.00563499528272679,0.007123932439717208,0.012583179808372239,0.015338828569343193,A_portfolio,2022,BTC/USDT
volatility_percentile_720,106.0,0.40728511530398326,0.30186283604601283,0.001388888888888889,0.03333333333333333,0.128125,0.3298611111111111,0.6631944444444444,0.9138888888888889,0.9583333333333334,A_portfolio,2022,BTC/USDT
rsi14,106.0,57.11337666938519,8.148789641471415,41.525494734687136,45.93491026948804,51.0878033508357,56.31835678879079,62.26541862543643,72.67821582452758,83.07796029648296,A_portfolio,2022,BTC/USDT
macd_ratio,106.0,0.0029404165011752007,0.0036282205724097057,-0.002069359184821942,-0.0010247076476264437,0.0005289335536448706,0.0021876359693720673,0.003960081172365077,0.008709916567186008,0.018065357390291862,A_portfolio,2022,BTC/USDT
macd_signal_ratio,106.0,0.0017534184028168967,0.0023782903894151394,-0.003116598326285947,-0.0009356012290628045,0.00012583865576688613,0.0013011489689614888,0.002604895993255705,0.006013415589930807,0.011188817287229187,A_portfolio,2022,BTC/USDT
relative_volume_24,106.0,1.1285098566411274,0.7599490937770249,0.27148176178460154,0.3682400824253088,0.6709200973861488,0.9643634847166518,1.3006880140812491,2.4764014655850257,4.7376220713472845,A_portfolio,2022,BTC/USDT
volume_zscore_24,106.0,0.25122570908740904,1.3514898402957063,-2.4100237906804227,-1.0398965234165591,-0.690981214616358,-0.09851817215556244,0.8745998663648085,3.1227946782149703,4.335835262462218,A_portfolio,2022,BTC/USDT
volume_trend_24_168,106.0,-0.04587809788005938,0.31139841884891717,-0.6673721291421744,-0.5608795537309081,-0.26829343736096206,-0.03672507333114006,0.1503122978526662,0.4423274367550133,0.9672691265050943,A_portfolio,2022,BTC/USDT
regime_duration,106.0,19.20754716981132,19.496870069263785,1.0,1.0,3.25,16.0,24.0,59.0,90.0,A_portfolio,2022,BTC/USDT
regime_transition,106.0,0.11320754716981132,0.3183515492264469,0.0,0.0,0.0,0.0,0.0,1.0,1.0,A_portfolio,2022,BTC/USDT
hour_of_day,106.0,12.075471698113208,6.766441159565198,0.0,2.0,7.0,11.0,17.0,23.0,23.0,A_portfolio,2022,BTC/USDT
day_of_week,106.0,3.141509433962264,2.0996084861583717,0.0,0.0,1.0,3.0,5.0,6.0,6.0,A_portfolio,2022,BTC/USDT
distance_high_24,106.0,-0.011627128509588861,0.011051989779142811,-0.07065901469284142,-0.03224332569304941,-0.01358953598713919,-0.00906548579408295,-0.005459229026251039,-0.0020213778886203904,-0.0004153029596397628,A_portfolio,2022,BTC/USDT
distance_low_24,106.0,0.035825723526071766,0.02580602129614333,0.0029712411938498384,0.006776244651863383,0.018027506423861084,0.032006505014556375,0.04512814231975021,0.0875093868870575,0.15226879564553375,A_portfolio,2022,BTC/USDT
distance_high_168,106.0,-0.06329596514954874,0.053268651237539474,-0.2903267100977198,-0.16629013440373783,-0.08065776399012725,-0.04863360556337887,-0.027807265603304238,-0.011843549134394976,-0.001363863170150359,A_portfolio,2022,BTC/USDT
distance_low_168,106.0,0.05976620659595143,0.041519921918122045,0.009016521381593812,0.016376807293656426,0.031597812935482916,0.049054648594002104,0.0695743219811516,0.14409544313174988,0.2291795862068966,A_portfolio,2022,BTC/USDT
candles_since_prior_signal,106.0,82.72641509433963,52.29541234888909,5.0,25.25,49.0,68.0,95.0,199.75,231.0,A_portfolio,2022,BTC/USDT
source_synthetic,106.0,0.0,0.0,0.0,0.0,0.0,0.0,0.0,0.0,0.0,A_portfolio,2022,BTC/USDT
return_1h,106.0,0.0014450135122271216,0.006048732369544149,-0.016213004470254755,-0.005808503535663784,-0.0021191276766812095,0.0007782460642135058,0.002859083662336559,0.01267610733061253,0.02340161864376933,A_portfolio,2022,BTC/USDT
return_3h,106.0,0.003648742957060557,0.0102810300083653,-0.031086327032020522,-0.006951761913862042,-0.002336611082309148,0.0014132317564844454,0.007363046585145416,0.02480199019529744,0.03672971367009725,A_portfolio,2022,BTC/USDT
return_6h,106.0,0.0055258429784505675,0.014494418932756959,-0.029709535954951516,-0.008990818664164985,-0.0023106364549405622,0.001865318017484241,0.010654082535303366,0.02630582946979232,0.08754529307282422,A_portfolio,2022,BTC/USDT
return_12h,106.0,0.01077007716561797,0.01865132673006551,-0.027725364723206525,-0.009281303561092358,-0.0008979360010632209,0.006143351795959817,0.01897877181369484,0.0426581112961934,0.0777587529643331,A_portfolio,2022,BTC/USDT
return_24h,106.0,0.021454237507200973,0.021415317488566187,-0.01057395317505272,-0.003364494248996208,0.007356977978228818,0.016730250815058745,0.031734281156833355,0.0656295944395004,0.10915269291654428,A_portfolio,2022,BTC/USDT
return_72h,106.0,-0.002401569324217625,0.03642024855904968,-0.16285758329632993,-0.06714232213702512,-0.017546452487777836,0.00026752469445834315,0.018544867383208874,0.05094440940727918,0.07477072719861,A_portfolio,2022,BTC/USDT
return_168h,106.0,-0.02244498114161501,0.07290755120165382,-0.2859205842434277,-0.15069773598106073,-0.04978492513158278,-0.01118426943203521,0.01767290558791529,0.08374670047648852,0.20403827066984492,A_portfolio,2022,BTC/USDT
volatility_ratio_24_168,106.0,0.9038411521699977,0.3313004127716288,0.31352279880971945,0.43489183401481146,0.6350589906278602,0.8811045351473855,1.0723486651509204,1.4734833642732215,2.095089967884101,A_portfolio,2022,BTC/USDT
natr_ratio_168,106.0,0.9273448568131586,0.2837120753278327,0.417638157098696,0.5578586031036562,0.7176703499445738,0.9003477421807675,1.0751001378314773,1.3934096115638364,2.0318779301437595,A_portfolio,2022,BTC/USDT
up_fraction_24,106.0,0.5475628930817611,0.06617844024966445,0.3333333333333333,0.4583333333333333,0.5,0.5416666666666666,0.5833333333333334,0.625,0.6666666666666666,A_portfolio,2022,BTC/USDT
volume_price_interaction,106.0,0.003480903223523649,0.014104718768261925,-0.026293338544696274,-0.005901440361644767,-0.0016664998837136846,0.0006002507822219321,0.0025199767919879957,0.029403373305784596,0.09389638391421748,A_portfolio,2022,BTC/USDT
range_expansion_24,106.0,1.0729135326350405,0.7541629392100098,0.2130676696565954,0.4187997767440422,0.582220281065873,0.8298192041519546,1.3017235258882913,2.5349770420455586,4.284522564677442,A_portfolio,2022,BTC/USDT
signal_density_168,106.0,0.01594788858939802,0.005544236716917499,0.005952380952380952,0.005952380952380952,0.011904761904761904,0.017857142857142856,0.017857142857142856,0.023809523809523808,0.02976190476190476,A_portfolio,2022,BTC/USDT
ema20_distance,107.0,0.011989757401078419,0.015115793572684394,-0.010271530693459652,-0.004364997798822233,0.0017604010872906972,0.0097697717590699,0.01759965594253121,0.034858668399398184,0.09593036147859424,A_portfolio,2022,ETH/USDT
ema50_distance,107.0,0.012106519150259601,0.017750487150124884,-0.020618360174764816,-0.011142841320364394,0.0006202963559825969,0.009526366469481351,0.021476783071849637,0.037527438985406954,0.10404618272356259,A_portfolio,2022,ETH/USDT
ema_gap,107.0,3.311523786910558e-05,0.0064873867161803905,-0.02628286483980514,-0.011159197645292128,-0.0028012350282237706,0.0006863978496871431,0.0039484169127552305,0.00958441317325068,0.013846420954096881,A_portfolio,2022,ETH/USDT
ema20_slope_6,107.0,0.006215946037606077,0.007596425671957811,-0.006055005624729604,-0.0028189355488482336,0.0016454567806950537,0.00468407337873078,0.009114540755637002,0.020397219514438483,0.04159372582809184,A_portfolio,2022,ETH/USDT
ema50_slope_6,107.0,0.0019853065503504935,0.0036462598019127855,-0.008676855994962707,-0.0029408399423042405,-0.00017574597228225963,0.0016253170892046587,0.0038248910467992836,0.007305447556720022,0.014726215736504455,A_portfolio,2022,ETH/USDT
trend_efficiency_20,107.0,0.2843089790069229,0.1715465570794876,0.0007079646017732948,0.03089573779542672,0.1600574487390617,0.24932389315992698,0.4073178565238599,0.6009000148406844,0.7283395404398852,A_portfolio,2022,ETH/USDT
range_ratio,107.0,0.011395589064595507,0.009180020908626314,0.0018615407324793604,0.002828505640347896,0.005036568922878432,0.008964015543566278,0.01488403476994686,0.029182620238681574,0.05302433128382991,A_portfolio,2022,ETH/USDT
body_to_range,107.0,0.4579072695629396,0.25463909529772816,0.005537098560349355,0.08642217637228541,0.24255685283610123,0.4676584734799483,0.6310198336796099,0.8671422505702397,0.9600000000000027,A_portfolio,2022,ETH/USDT
close_location,107.0,0.5502043833670878,0.2568117174440264,0.0007524454477043591,0.08062854355909918,0.358203543098376,0.5577751664708235,0.7355867595552136,0.9145965640775016,1.0,A_portfolio,2022,ETH/USDT
natr14,107.0,0.011690184419752838,0.006065081583208516,0.00241087873441796,0.004733600407324359,0.007699693157165897,0.010585833112175203,0.014139605959557478,0.02160151283710152,0.03476973872274368,A_portfolio,2022,ETH/USDT
return_std_24,107.0,0.0077517346635393005,0.0046238517439815986,0.0013044868972499838,0.0025677912025395735,0.0047415676675854074,0.006631950292205356,0.009530345077041967,0.015305968157870855,0.027247236778402965,A_portfolio,2022,ETH/USDT
return_std_168,107.0,0.008305723683428558,0.003700301411738766,0.002469641683467283,0.004168913371209643,0.005831757675397377,0.007708842697597628,0.009456175092000111,0.016970763169598592,0.021966697946868126,A_portfolio,2022,ETH/USDT
volatility_percentile_720,107.0,0.42685617860851505,0.3009046012933429,0.001388888888888889,0.015972222222222228,0.14583333333333331,0.4013888888888889,0.6756944444444445,0.9209722222222221,0.9847222222222223,A_portfolio,2022,ETH/USDT
rsi14,107.0,58.2106135248111,7.99469386288113,42.563861339339,46.515208613260235,52.40227184759267,57.53760532139706,64.00183888862674,73.1960141524194,75.69768882608008,A_portfolio,2022,ETH/USDT
macd_ratio,107.0,0.004462119806474831,0.005027840649412234,-0.0042017532667693895,-0.0016492538478080484,0.0013797215770431095,0.0030558303031292203,0.00631257506306185,0.012760335859680975,0.025736901294622395,A_portfolio,2022,ETH/USDT
macd_signal_ratio,107.0,0.0025262635373437116,0.0032232744441189494,-0.005853659321819745,-0.0018349952477248277,0.0004527689923506749,0.0019178394785912612,0.003635413192423458,0.009271115484972187,0.012773294918531974,A_portfolio,2022,ETH/USDT
relative_volume_24,107.0,1.054468821896448,0.7762520419351673,0.27332246584887665,0.4543130129411863,0.6139787462188535,0.8337162189643935,1.2208860671750286,2.339283620976956,5.038529139966058,A_portfolio,2022,ETH/USDT
volume_zscore_24,107.0,0.03961655792082186,1.123438138629017,-1.2788586117676926,-1.048968145616331,-0.6974846479363559,-0.33342944397277335,0.44051798213793064,2.2288633328425136,4.364705150571459,A_portfolio,2022,ETH/USDT
volume_trend_24_168,107.0,-0.07651390366829959,0.34567339842662964,-0.6528086906353376,-0.559561202832979,-0.3374273134019183,-0.11418320587827668,0.11072424310368834,0.4843207475944639,1.3658281158101344,A_portfolio,2022,ETH/USDT
regime_duration,107.0,27.925233644859812,44.01344154348191,1.0,2.0,4.0,13.0,31.5,106.59999999999991,299.0,A_portfolio,2022,ETH/USDT
regime_transition,107.0,0.04672897196261682,0.21205097153765953,0.0,0.0,0.0,0.0,0.0,0.0,1.0,A_portfolio,2022,ETH/USDT
hour_of_day,107.0,10.785046728971963,6.960844718560313,0.0,0.0,5.0,10.0,16.0,22.0,23.0,A_portfolio,2022,ETH/USDT
day_of_week,107.0,2.8878504672897196,2.06647591188723,0.0,0.0,1.0,3.0,5.0,6.0,6.0,A_portfolio,2022,ETH/USDT
distance_high_24,107.0,-0.013335859119012031,0.011024863644423715,-0.06709862066224104,-0.03647420218268511,-0.01684606480457268,-0.010544801869129872,-0.005960961492298578,-0.0026898201461208714,-0.001225735826947849,A_portfolio,2022,ETH/USDT
distance_low_24,107.0,0.052005811069106525,0.042177098594165865,0.003548230412697917,0.010286385173990987,0.02373601051910601,0.0393726474278544,0.06679673783516571,0.1260842287354536,0.2672201380718773,A_portfolio,2022,ETH/USDT
distance_high_168,107.0,-0.08436333106613908,0.07074924250083994,-0.3598199672667758,-0.2178276571578625,-0.12532896682240235,-0.06434702353484079,-0.026277868412515393,-0.01009544819950548,-0.003429488586135343,A_portfolio,2022,ETH/USDT
distance_low_168,107.0,0.09388814966624633,0.06487202827362587,0.014182175334021885,0.025189684068557018,0.051163342302797066,0.07379550690110048,0.1213262671076848,0.23424482327856058,0.3188294994370977,A_portfolio,2022,ETH/USDT
candles_since_prior_signal,107.0,81.89719626168224,49.515184364303124,3.0,21.6,52.0,70.0,92.5,174.7,269.0,A_portfolio,2022,ETH/USDT
source_synthetic,107.0,0.0,0.0,0.0,0.0,0.0,0.0,0.0,0.0,0.0,A_portfolio,2022,ETH/USDT
return_1h,107.0,0.002469719107829645,0.009636488086479515,-0.02340563789955752,-0.006440090735434466,-0.0022363489680952697,0.000413917773967043,0.0053488495966549365,0.022323471717069537,0.038237579227152096,A_portfolio,2022,ETH/USDT
return_3h,107.0,0.007145962835131597,0.015441396439885471,-0.0143596319878323,-0.007821198498687043,-0.0023596695567351667,0.002061107294245801,0.013662354738204985,0.0349509202083869,0.0898001259950747,A_portfolio,2022,ETH/USDT
return_6h,107.0,0.008629314387926365,0.017759226800618637,-0.03702700706565887,-0.01159511202190111,-0.0026949529468310307,0.003530539163766555,0.020208356905421,0.03480984843728147,0.10045107564191547,A_portfolio,2022,ETH/USDT
return_12h,107.0,0.018426119417195637,0.028404897926134428,-0.024164916030909422,-0.011746008436757592,0.00010439438837389625,0.011991979934589114,0.030435852727053403,0.06723865571828487,0.1792641864116178,A_portfolio,2022,ETH/USDT
return_24h,107.0,0.03466744849262589,0.03898258696606124,-0.010433601803923054,-0.0003766230484908754,0.010125656513178205,0.025971389173230053,0.04824457727586273,0.0930916192295003,0.26263754492673486,A_portfolio,2022,ETH/USDT
return_72h,107.0,-0.003722901785050222,0.04881844419551184,-0.15866446616732255,-0.09415711583268763,-0.02777338889839931,0.001088959624727881,0.027846058714720123,0.06479507675809801,0.1046664211471009,A_portfolio,2022,ETH/USDT
return_168h,107.0,-0.022477243416322724,0.10957955605104568,-0.3538342088743516,-0.20990631060981596,-0.0796826492909169,-0.01703106462313264,0.03033334116133035,0.15631593056246043,0.31589977450101014,A_portfolio,2022,ETH/USDT
volatility_ratio_24_168,107.0,0.9199677438950379,0.32196277706820803,0.3656927667143278,0.480134323761666,0.679654404890094,0.8832094929666093,1.1000481079858933,1.4624652378408594,2.0481227363212007,A_portfolio,2022,ETH/USDT
natr_ratio_168,107.0,0.9429785688664575,0.27388371629699587,0.42205665298752304,0.5752283116991878,0.7387303175444202,0.9244414166561287,1.1179541435725349,1.3934504844312599,1.9203862431990577,A_portfolio,2022,ETH/USDT
up_fraction_24,107.0,0.5432242990654206,0.06913787421786012,0.3333333333333333,0.4166666666666667,0.5,0.5416666666666666,0.5833333333333334,0.625,0.7083333333333334,A_portfolio,2022,ETH/USDT
volume_price_interaction,107.0,0.005521242991434794,0.02505859837765261,-0.06657332613723627,-0.006227660334444268,-0.0014726806403722672,0.00034508996147396157,0.0037427103184450453,0.0327879770222119,0.14614237633512633,A_portfolio,2022,ETH/USDT
range_expansion_24,107.0,0.9573825180951311,0.6149819093103835,0.3550278006341118,0.38749299016369637,0.608966059406135,0.7927643971371187,1.0911579918036627,2.02894662388662,4.151717443309587,A_portfolio,2022,ETH/USDT
signal_density_168,107.0,0.016688918558077432,0.00608781527243543,0.005952380952380952,0.005952380952380952,0.011904761904761904,0.017857142857142856,0.017857142857142856,0.02976190476190476,0.041666666666666664,A_portfolio,2022,ETH/USDT
ema20_distance,115.0,0.006352678095821062,0.009126244263213897,-0.013536415095536825,-0.002044470374945306,0.0008510602128649625,0.00309105704647461,0.009318426231634147,0.025464069960360252,0.05035009454341832,A_portfolio,2023,BTC/USDT
ema50_distance,115.0,0.007361794564775976,0.011294078558145262,-0.01803525210305057,-0.0044478485217421485,-1.562216456263421e-05,0.003652159973106528,0.012163787663585057,0.027906841820669957,0.053177978305301465,A_portfolio,2023,BTC/USDT
ema_gap,115.0,0.0009534297173045123,0.0034964732466491117,-0.01180011947180033,-0.004148237122858712,-0.0006601527306648667,0.0007247130466323027,0.002658453992182476,0.005415705461567332,0.01393009856595917,A_portfolio,2023,BTC/USDT
ema20_slope_6,115.0,0.002964726196291532,0.0037842997500384355,-0.0062851717449503575,-0.0007076610291813946,0.0005299954690379804,0.0018751211346514918,0.004656789282763585,0.010292163033109668,0.01666848984145819,A_portfolio,2023,BTC/USDT
ema50_slope_6,115.0,0.0011977096979083114,0.001924474724951617,-0.003577327298896704,-0.0009206281462667554,-7.496665307382688e-05,0.0006401735610817028,0.0023371903475380984,0.004746592370884128,0.008112749568260691,A_portfolio,2023,BTC/USDT
trend_efficiency_20,115.0,0.2807205047403322,0.1626081128079207,0.004960897727520825,0.061876228964340405,0.16077692647307987,0.2647333644797436,0.3931099695612047,0.6064163538696291,0.7839444499950048,A_portfolio,2023,BTC/USDT
range_ratio,115.0,0.006391799562474649,0.007293862872471418,0.00022663817436318763,0.0011920922413802056,0.0024316256506294954,0.004451380125803849,0.007087308993007881,0.01675982190397924,0.059653652349426364,A_portfolio,2023,BTC/USDT
body_to_range,115.0,0.468812607724409,0.2525372375400049,0.000743218134471114,0.06769331777218474,0.2580174111176194,0.4671714440237788,0.6602564875231431,0.8716605055642787,0.9684572219612833,A_portfolio,2023,BTC/USDT
close_location,115.0,0.5523227561694639,0.2853795470406077,5.523336094117277e-05,0.06990462865460614,0.32822964492612533,0.5884137094328259,0.7991565299736474,0.9705611019795989,1.0,A_portfolio,2023,BTC/USDT
natr14,115.0,0.00518758224345674,0.0024424857711675446,0.001017511384105987,0.0017851000821699704,0.003258467083310607,0.005015764126922831,0.006594023964291923,0.009984725675794538,0.011632197852738384,A_portfolio,2023,BTC/USDT
return_std_24,115.0,0.0033329759078199643,0.0019096415135251622,0.0005150827715927967,0.000818331658020702,0.002062402171976915,0.003103296264765251,0.004377437925075303,0.006462011741185529,0.011453835567519482,A_portfolio,2023,BTC/USDT
return_std_168,115.0,0.00421116111763972,0.0015116885145281262,0.0015983603880811632,0.0023116834453734162,0.003172598464326524,0.003928510587643686,0.005012321930685575,0.007464957062550377,0.008772964791774852,A_portfolio,2023,BTC/USDT
volatility_percentile_720,115.0,0.41839371980676326,0.2984300978690364,0.001388888888888889,0.01152777777777778,0.18541666666666667,0.38333333333333336,0.6770833333333333,0.9341666666666667,0.95,A_portfolio,2023,BTC/USDT
rsi14,115.0,58.898938179354886,10.023894617618753,37.451035739719465,43.460928038944346,52.4387332595805,56.93209177005409,65.86294321969744,77.00133498388996,89.42802827416168,A_portfolio,2023,BTC/USDT
macd_ratio,115.0,0.0020335197623581056,0.002471748004791217,-0.0028315028532750934,-0.0005530865163074145,0.0002798519685691726,0.0011223653974660657,0.00329354265320805,0.006776233213861438,0.011308979941643107,A_portfolio,2023,BTC/USDT
macd_signal_ratio,115.0,0.0010482218836523997,0.001465350430277103,-0.0025244936589412076,-0.0005258540752705167,5.42203364289349e-05,0.0006601320036183995,0.0016343065621899576,0.00399784956745679,0.006899145290118841,A_portfolio,2023,BTC/USDT
relative_volume_24,115.0,1.4427624785440534,1.625179841530264,0.32649514986725214,0.45377585598286685,0.6449484647636947,0.8896629883937179,1.3475018138584922,4.020777106547953,13.105606052990979,A_portfolio,2023,BTC/USDT
volume_zscore_24,115.0,0.39472620706776246,1.5529150726386944,-1.7454756528276612,-1.0337352328948042,-0.6524689905330707,-0.18620313996889604,0.5554200197691777,3.990290936983138,4.675907088307526,A_portfolio,2023,BTC/USDT
volume_trend_24_168,115.0,-0.16787770485204312,0.3369048736904118,-0.7663570807232212,-0.6286130160362907,-0.4388581217850824,-0.15899558421040116,0.028871452856945923,0.33915893779445105,0.8803259157625358,A_portfolio,2023,BTC/USDT
regime_duration,115.0,19.156521739130437,19.17444905512296,1.0,1.0,3.0,12.0,30.0,49.599999999999994,89.0,A_portfolio,2023,BTC/USDT
regime_transition,115.0,0.1391304347826087,0.3475971786810158,0.0,0.0,0.0,0.0,0.0,1.0,1.0,A_portfolio,2023,BTC/USDT
hour_of_day,115.0,12.365217391304348,6.933683908287553,0.0,1.0,6.0,13.0,18.0,22.0,23.0,A_portfolio,2023,BTC/USDT
day_of_week,115.0,3.4608695652173913,2.0912807983564448,0.0,0.0,2.0,4.0,5.5,6.0,6.0,A_portfolio,2023,BTC/USDT
distance_high_24,115.0,-0.0073935509928140805,0.005491800071176405,-0.03402414430484413,-0.018293399196765703,-0.009664923853065222,-0.006330212224770926,-0.00333149083307277,-0.000885488036090121,-0.00030614624137281776,A_portfolio,2023,BTC/USDT
distance_low_24,115.0,0.02155936297875029,0.015781153242008298,0.0016544390427191136,0.003852232093487085,0.008770092159950837,0.017814498933901968,0.030171952591515283,0.05414181799350746,0.06843156606716416,A_portfolio,2023,BTC/USDT
distance_high_168,115.0,-0.03236414715620389,0.02258349033659136,-0.12066951964147887,-0.0795679121753341,-0.04056671985608806,-0.027596774193548335,-0.016448858292039348,-0.004663906702206767,-0.00032956247740079103,A_portfolio,2023,BTC/USDT
distance_low_168,115.0,0.05558884945642237,0.05494257307008772,0.006684375728632785,0.01214403695775057,0.021854383956333323,0.03646677966101697,0.0661020196639226,0.15625126570421385,0.3613507768445965,A_portfolio,2023,BTC/USDT
candles_since_prior_signal,115.0,76.10434782608695,47.609591749400906,2.0,11.7,47.5,66.0,94.5,158.09999999999997,319.0,A_portfolio,2023,BTC/USDT
source_synthetic,115.0,0.0,0.0,0.0,0.0,0.0,0.0,0.0,0.0,0.0,A_portfolio,2023,BTC/USDT
return_1h,115.0,0.0017156936908815001,0.007231790035877269,-0.012602846395327383,-0.004662850190842782,-0.0010794610569365148,0.0005950900977531592,0.0028405683858619968,0.010526926774061682,0.05527521879318287,A_portfolio,2023,BTC/USDT
return_3h,115.0,0.003864433385778941,0.009086851945668157,-0.01031310403940311,-0.003406064186977431,-0.0010599221805361325,0.001282439556492987,0.004776638392550825,0.02070668640449777,0.05838105449162767,A_portfolio,2023,BTC/USDT
return_6h,115.0,0.00599600916651479,0.01149932105351716,-0.02033771549378449,-0.005379531786753822,-0.0003296652658372201,0.0018489549482516576,0.009959640119979185,0.030686479825897804,0.05916067810557912,A_portfolio,2023,BTC/USDT
return_12h,115.0,0.009599152596304755,0.013959704359602719,-0.03093766873127135,-0.0038360800666651486,0.0006745105776555516,0.004245335216166657,0.015574175224062348,0.039508754599104315,0.05314523941866378,A_portfolio,2023,BTC/USDT
return_24h,115.0,0.013044943880847685,0.01402153424852907,-0.006466665621865597,-0.001760817852008889,0.0029107122271685437,0.008015404424132067,0.01855008344076814,0.04343932984408818,0.057488210447552035,A_portfolio,2023,BTC/USDT
return_72h,115.0,0.004092763321704801,0.03216518448751076,-0.0855224887852879,-0.043050654650937784,-0.007957519756342735,0.004879777327340573,0.016094835406560204,0.04314192716185425,0.15388891741371968,A_portfolio,2023,BTC/USDT
return_168h,115.0,0.019394741116741224,0.06870625592580476,-0.11227546386088771,-0.06798708356954,-0.015437337015095254,0.004825805248683146,0.033757201589946995,0.14655215580191114,0.35979285393228144,A_portfolio,2023,BTC/USDT
volatility_ratio_24_168,115.0,0.7947320586719142,0.3612026994127656,0.14252932079009137,0.29404272731127074,0.5329861936931142,0.7727350688517558,1.000729990317483,1.3595864057660954,2.2528891794795567,A_portfolio,2023,BTC/USDT
natr_ratio_168,115.0,0.8981451786448001,0.3187344180031954,0.2549916013080958,0.4887735916446684,0.679767829266197,0.8811540917377062,1.0539129050339602,1.4961399002585258,1.8986490081636884,A_portfolio,2023,BTC/USDT
up_fraction_24,115.0,0.5420289855072464,0.06991702915124506,0.375,0.4166666666666667,0.5,0.5416666666666666,0.5833333333333334,0.6666666666666666,0.7083333333333334,A_portfolio,2023,BTC/USDT
volume_price_interaction,115.0,0.011338528091363752,0.07172625397222977,-0.03737097260160403,-0.007705566817089541,-0.000806352198791828,0.0003861945513152313,0.0021589586471519994,0.03630604796357147,0.7244152419963381,A_portfolio,2023,BTC/USDT
range_expansion_24,115.0,1.3639192046267627,1.3728711182246371,0.17910324213307635,0.406628479649759,0.5946912457818585,0.9299193240087896,1.5269287315010955,3.7694303296360276,11.069440629431256,A_portfolio,2023,BTC/USDT
signal_density_168,115.0,0.01744306418219461,0.0058322111136892806,0.005952380952380952,0.011904761904761904,0.011904761904761904,0.017857142857142856,0.023809523809523808,0.02976190476190476,0.02976190476190476,A_portfolio,2023,BTC/USDT
ema20_distance,102.0,0.006602897237522307,0.00892338782379465,-0.006550828493674943,-0.001613844917216972,0.0009170604476231858,0.0034203566190625923,0.00993059347157077,0.022573375274935765,0.040303538039224485,A_portfolio,2023,ETH/USDT
ema50_distance,102.0,0.00747227195644645,0.011167123052040684,-0.01398107229776746,-0.0034815768850685936,0.0006349772398940856,0.003884473033546998,0.013581411899859674,0.030725368926428315,0.04630573873799526,A_portfolio,2023,ETH/USDT
ema_gap,102.0,0.0008142715779575387,0.003360543114765537,-0.010383598979197045,-0.005349879122682198,-0.0009122646378000112,0.000722681708850737,0.0026931685758557794,0.005939153231498127,0.011333945202991587,A_portfolio,2023,ETH/USDT
ema20_slope_6,102.0,0.003330010111999234,0.003996089706452891,-0.0038533567195420115,-0.0005785405912007434,0.0005429692669976505,0.0016487347913890504,0.005652586853625019,0.01064549152784556,0.01706879884537238,A_portfolio,2023,ETH/USDT
ema50_slope_6,102.0,0.00127937920826281,0.0019755369764029827,-0.0037191614940896844,-0.0012027029399992836,-3.1551500351001405e-06,0.000756527166593024,0.0024990149253588667,0.00477259572255798,0.0071882398164282435,A_portfolio,2023,ETH/USDT
trend_efficiency_20,102.0,0.270520286893599,0.16383915904416024,0.006136014999146087,0.0636930319236871,0.1371741191059011,0.2547382352168146,0.3806194689368223,0.5062164551588921,0.7886490632190225,A_portfolio,2023,ETH/USDT
range_ratio,102.0,0.006724205036538116,0.006927390008799381,0.0005227505390865133,0.0013003050137005516,0.002621016943060161,0.004307668191414468,0.008935727126854889,0.016691282744542204,0.0529783241443818,A_portfolio,2023,ETH/USDT
body_to_range,102.0,0.41751217430174437,0.25799639073559033,0.00452488687782433,0.059464487907780285,0.2052061925800853,0.3808664698253301,0.63559218559219,0.8360124212769507,0.9916201117317881,A_portfolio,2023,ETH/USDT
close_location,102.0,0.47066758916093304,0.29247602750349594,0.0,0.050963613937707056,0.2478571428571232,0.4345744982156601,0.7179516128362962,0.9373976486994595,1.0,A_portfolio,2023,ETH/USDT
natr14,102.0,0.006064481283442997,0.0024112125084388703,0.0014903095327402748,0.002681084840171312,0.004315806605912876,0.005822524527877808,0.007577219469098483,0.010149191010428266,0.012384377855323937,A_portfolio,2023,ETH/USDT
return_std_24,102.0,0.003951241033486032,0.0018894878586947757,0.0009607277615405553,0.0013894474633207917,0.0026257265864752946,0.003491017625086187,0.004918978790156293,0.007276420589530907,0.009561032842390169,A_portfolio,2023,ETH/USDT
return_std_168,102.0,0.004728722945902462,0.0014450856357286208,0.0019072389583270838,0.00252969571263259,0.0035347697065793646,0.004840961472270247,0.0057516270415825365,0.007143115683363055,0.008236643544049833,A_portfolio,2023,ETH/USDT
volatility_percentile_720,102.0,0.44742647058823537,0.3044186643587814,0.001388888888888889,0.008472222222222225,0.18402777777777776,0.4361111111111111,0.7225694444444444,0.9163888888888888,0.9638888888888889,A_portfolio,2023,ETH/USDT
rsi14,102.0,58.11112910373732,8.819294959391621,40.12596023683657,46.57616838047824,52.37750192419831,56.272708505916356,63.83214924167521,73.69253482875506,85.18735661438745,A_portfolio,2023,ETH/USDT
macd_ratio,102.0,0.0023821766316614863,0.002558393842725715,-0.002659533066461233,-0.0003606836271042303,0.00048056008480141995,0.0015039746357236265,0.004042847451557963,0.007783596959200486,0.010666666640427942,A_portfolio,2023,ETH/USDT
macd_signal_ratio,102.0,0.0013204267981732653,0.0015345347938121444,-0.0017563176882746231,-0.0005800119888019894,0.0002857931591680982,0.000822487134880778,0.0020420509358137925,0.0045430537310044965,0.005853056884221358,A_portfolio,2023,ETH/USDT
relative_volume_24,102.0,1.3034301083452113,1.4768591572474306,0.18941434256732395,0.3574129228734141,0.5416466898964065,0.8535266339875436,1.4882134488214707,3.5972720853544495,11.615573460146788,A_portfolio,2023,ETH/USDT
volume_zscore_24,102.0,0.28432291934168546,1.3682554775599949,-1.3004211657107714,-1.083749231002698,-0.67362660916228,-0.22725572865613042,0.7070471972099583,3.427633645254485,4.630070589138178,A_portfolio,2023,ETH/USDT
volume_trend_24_168,102.0,-0.12145343537684719,0.31079381643582504,-0.6929622153451305,-0.5697558154905812,-0.3361060896619464,-0.13111046595994746,0.035541525475999924,0.4081641726333926,1.0970662813248317,A_portfolio,2023,ETH/USDT
regime_duration,102.0,17.852941176470587,18.767149020374443,1.0,1.0,3.0,11.5,26.75,51.799999999999955,117.0,A_portfolio,2023,ETH/USDT
regime_transition,102.0,0.11764705882352941,0.3237808098282634,0.0,0.0,0.0,0.0,0.0,1.0,1.0,A_portfolio,2023,ETH/USDT
hour_of_day,102.0,11.794117647058824,6.998356575532526,0.0,1.0,5.25,12.0,17.0,22.94999999999999,23.0,A_portfolio,2023,ETH/USDT
day_of_week,102.0,3.1862745098039214,2.0427626030968797,0.0,0.0,1.0,3.0,5.0,6.0,6.0,A_portfolio,2023,ETH/USDT
distance_high_24,102.0,-0.009099956985074044,0.005979456467981166,-0.03251355013550139,-0.020693735626744456,-0.01190153159970736,-0.007431919518763486,-0.005188434428804789,-0.0022698161236041304,-0.0007767136244338779,A_portfolio,2023,ETH/USDT
distance_low_24,102.0,0.025628153057115206,0.016543093504680813,0.0034094634466179663,0.004956797939844216,0.012873994330653338,0.021734792501768796,0.0349558486002981,0.0534428877667406,0.08624480708760829,A_portfolio,2023,ETH/USDT
distance_high_168,102.0,-0.03857816520488037,0.026735422814373234,-0.12471866040326118,-0.09732862825634714,-0.050496331216705104,-0.034207499794756735,-0.02083546710826356,-0.006466025363649012,-0.0024092221363802846,A_portfolio,2023,ETH/USDT
distance_low_168,102.0,0.05818055593603743,0.042641223297887124,0.010761936266401984,0.01451172294430736,0.027173923083225915,0.04941999454818047,0.07344585874470988,0.14473602258345017,0.2450470991457112,A_portfolio,2023,ETH/USDT
candles_since_prior_signal,102.0,85.0,48.20069429679483,8.0,27.150000000000002,52.25,71.5,111.0,166.84999999999997,274.0,A_portfolio,2023,ETH/USDT
source_synthetic,102.0,0.0,0.0,0.0,0.0,0.0,0.0,0.0,0.0,0.0,A_portfolio,2023,ETH/USDT
return_1h,102.0,0.0012322997382912732,0.006419668421229704,-0.0114276555200028,-0.003979214031122491,-0.0012881216446500587,0.00012225733983628473,0.002257189508873658,0.011702615245981126,0.046161233073201524,A_portfolio,2023,ETH/USDT
return_3h,102.0,0.0037394154105157246,0.009437144048138446,-0.010979184924529206,-0.006678402425774853,-0.0010971947905047685,0.0016571099742942463,0.004901201354774343,0.022446440765348397,0.048142442196795754,A_portfolio,2023,ETH/USDT
return_6h,102.0,0.005675657570586116,0.011420746947438111,-0.010959563367495373,-0.0060193900223584505,-0.0010513658922504665,0.0015179869564589943,0.007233895616905683,0.028492246905511026,0.04608493776740574,A_portfolio,2023,ETH/USDT
return_12h,102.0,0.009880696986026926,0.015139502424523825,-0.02077747529674756,-0.008607699354190552,5.8762275612522785e-05,0.005465065855313367,0.018275411528231866,0.035012797161681826,0.06513235777334647,A_portfolio,2023,ETH/USDT
return_24h,102.0,0.015184619361320602,0.014128399137119368,-0.011538943221795939,0.00047139438230641177,0.00472415147717975,0.01132727715841797,0.023227427066674966,0.04338934529312973,0.06461481704765792,A_portfolio,2023,ETH/USDT
return_72h,102.0,0.003220774219635851,0.0299447283627096,-0.08483776491774497,-0.03943520037625187,-0.01084158177654826,-0.0007834042661475915,0.01827924597271824,0.052548095290720805,0.10332607463532484,A_portfolio,2023,ETH/USDT
return_168h,102.0,0.01315594645814394,0.06121987525265885,-0.10933032427108336,-0.08223933499575824,-0.02024007977708392,0.007833867731931288,0.04160789247811081,0.11726136307775285,0.1949486589608349,A_portfolio,2023,ETH/USDT
volatility_ratio_24_168,102.0,0.8406686817605427,0.32222863006157126,0.20590680107469686,0.4380611830051364,0.6312919523114958,0.7687597566812601,1.0832491024237345,1.3913312505112088,1.9100148509590675,A_portfolio,2023,ETH/USDT
natr_ratio_168,102.0,0.9320158974937557,0.27290261053958126,0.3852391982093026,0.5310361082795193,0.7581479813267686,0.8984333584484183,1.085341621770378,1.4450077441197589,1.8317888462952256,A_portfolio,2023,ETH/USDT
up_fraction_24,102.0,0.5437091503267975,0.07448425785303749,0.375,0.4166666666666667,0.5,0.5416666666666666,0.5833333333333334,0.6666666666666666,0.7916666666666666,A_portfolio,2023,ETH/USDT
volume_price_interaction,102.0,0.008915203835260644,0.055300578496863304,-0.024932650409147838,-0.007692790951944458,-0.0011765682790774745,5.3723071801571044e-05,0.0018694387573022003,0.02907882206962767,0.5361891937727298,A_portfolio,2023,ETH/USDT
range_expansion_24,102.0,1.1063711214693417,1.088059020716351,0.29833517184354724,0.3303214483438381,0.5253531733474577,0.7500831800878116,1.3466966020856723,2.6167021687723264,9.457456450997077,A_portfolio,2023,ETH/USDT
signal_density_168,102.0,0.016048085901027073,0.00472264102775184,0.005952380952380952,0.011904761904761904,0.011904761904761904,0.017857142857142856,0.017857142857142856,0.023809523809523808,0.02976190476190476,A_portfolio,2023,ETH/USDT
ema20_distance,106.0,0.007819462341943053,0.010602612127872384,-0.013963168162928974,-0.006119289833442898,0.0006902244230940768,0.005219290393062126,0.015542182470480226,0.029202215603451875,0.036015257207659745,A_portfolio,2024,BTC/USDT
ema50_distance,106.0,0.009124064509259528,0.012888723741826676,-0.016869632972499105,-0.010183246603021168,0.00035462726498741715,0.006614701370481368,0.018584959275649404,0.034730581126484694,0.04166585688511426,A_portfolio,2024,BTC/USDT
ema_gap,106.0,0.0012316737986141054,0.00399065524107756,-0.01106292176967341,-0.005233698682997868,-0.0014668892590956931,0.0008891395518006542,0.0037088528878880677,0.007380707703297937,0.010797131454757603,A_portfolio,2024,BTC/USDT
ema20_slope_6,106.0,0.004216309342293864,0.004843271396552177,-0.005352419811596731,-0.0016027632408819326,0.001115132441667721,0.0036010339352275933,0.0068781045265038365,0.012356240427805532,0.026798171012601957,A_portfolio,2024,BTC/USDT
ema50_slope_6,106.0,0.001677221059129873,0.002253383565669327,-0.0032314173013234804,-0.0019081478508364558,0.0002612925055370807,0.0014618710661113976,0.002898649530241826,0.005440493065491936,0.010003211273136081,A_portfolio,2024,BTC/USDT
trend_efficiency_20,106.0,0.2795104874958996,0.19158672489351303,0.00616707664297407,0.035110000668172436,0.12447006691510873,0.2412194856903328,0.4251478262466748,0.5835235213748634,0.7592954799311264,A_portfolio,2024,BTC/USDT
range_ratio,106.0,0.007535033257108283,0.005397757208417769,0.000982434323021873,0.002464002627340341,0.0038503502596907184,0.0057550602614166585,0.009406347660248535,0.01800408288202986,0.031062459427465924,A_portfolio,2024,BTC/USDT
body_to_range,106.0,0.4524202235520202,0.2412848297166519,0.04008393025107379,0.08754328779112062,0.2646721996698079,0.432670391652653,0.6104298225316037,0.8797416891741651,0.9803265306122164,A_portfolio,2024,BTC/USDT
close_location,106.0,0.5170470407313721,0.30053091266103055,0.004816326530583735,0.027397597605280263,0.27733851994261366,0.5217092692363274,0.7667176355002514,0.9828586827373244,1.0,A_portfolio,2024,BTC/USDT
natr14,106.0,0.0072501713624284125,0.0028647597927482413,0.0024026809408370536,0.00304027635557955,0.005625404592352856,0.006747488354643375,0.00855405267737157,0.011706388778629333,0.017988550828632596,A_portfolio,2024,BTC/USDT
return_std_24,106.0,0.004842955446640723,0.002185994147866582,0.0011145008010233202,0.001544415677349839,0.003605528889150478,0.004710354164394933,0.005993024473034088,0.008953559299129395,0.012922437446468395,A_portfolio,2024,BTC/USDT
return_std_168,106.0,0.005417267496349875,0.0015761978929071932,0.0033142567407094766,0.003498865530932999,0.004404838981230345,0.0049465433265059675,0.006003103649482658,0.008361917018535673,0.010935062087332569,A_portfolio,2024,BTC/USDT
volatility_percentile_720,106.0,0.46255241090146754,0.2860393733283469,0.001388888888888889,0.020833333333333332,0.24861111111111112,0.4472222222222222,0.7006944444444445,0.920138888888889,0.9819444444444444,A_portfolio,2024,BTC/USDT
rsi14,106.0,58.666076413592855,10.02552077457861,36.02219613241429,42.263756182182135,51.70140675068876,58.26187182051274,66.48842300736102,75.73250427397554,82.86544417607581,A_portfolio,2024,BTC/USDT
macd_ratio,106.0,0.0029154000082517177,0.002936553170272262,-0.002960496345824932,-0.0014471457542482944,0.0009037592840002289,0.0025017816481212587,0.004670246938929796,0.008072843113263652,0.015446584704163869,A_portfolio,2024,BTC/USDT
macd_signal_ratio,106.0,0.001619264749974106,0.001602733595284422,-0.0018608325267761646,-0.0005258783378896038,0.0003813858284416571,0.0015327868035079292,0.002603095397189726,0.004389761825649568,0.007775987087370986,A_portfolio,2024,BTC/USDT
relative_volume_24,106.0,1.261917962957242,0.9769538645615214,0.32737009112298665,0.38765254912133507,0.5846518330305428,0.9756118686106883,1.5012797339317272,3.3716381038416743,5.335433127210276,A_portfolio,2024,BTC/USDT
volume_zscore_24,106.0,0.28881779703813837,1.3213046202054735,-1.5037152166594692,-1.062814194575778,-0.7203292041152826,-0.04724039718292152,0.7815202092770739,3.2941378809572295,4.287179810988307,A_portfolio,2024,BTC/USDT
volume_trend_24_168,106.0,-0.12290065000969816,0.3192982650719924,-0.8377951263633324,-0.6510994893272335,-0.3320015223962492,-0.05684646528224496,0.12422088047373259,0.2899389354671155,0.7207415310578273,A_portfolio,2024,BTC/USDT
regime_duration,106.0,17.5188679245283,16.37142175056189,1.0,1.0,4.0,13.5,28.0,47.75,81.0,A_portfolio,2024,BTC/USDT
regime_transition,106.0,0.12264150943396226,0.3295835810947257,0.0,0.0,0.0,0.0,0.0,1.0,1.0,A_portfolio,2024,BTC/USDT
hour_of_day,106.0,12.10377358490566,6.769580763952561,0.0,1.0,7.0,13.0,17.0,22.75,23.0,A_portfolio,2024,BTC/USDT
day_of_week,106.0,3.047169811320755,2.0811264141906105,0.0,0.0,1.0,3.0,5.0,6.0,6.0,A_portfolio,2024,BTC/USDT
distance_high_24,106.0,-0.009342931846577644,0.007775347809287759,-0.032795303479867144,-0.025790742954896584,-0.01216708505076361,-0.00699975115450463,-0.0034005805630897556,-0.0012991344421214024,-1.684919966882248e-07,A_portfolio,2024,BTC/USDT
distance_low_24,106.0,0.03077960109837422,0.02002002284477926,0.000735794885278418,0.005887226619597008,0.014678483658190467,0.026105396963147176,0.04425513553981236,0.06183024239098234,0.11322089675030855,A_portfolio,2024,BTC/USDT
distance_high_168,106.0,-0.04114480375962015,0.032134765301138735,-0.15622092337923377,-0.10332300057866217,-0.05710235347580192,-0.03280477306672591,-0.015618867127192598,-0.00467546336203406,-0.0010068639272794444,A_portfolio,2024,BTC/USDT
distance_low_168,106.0,0.07481167849308439,0.04944485666588475,0.014813672337210981,0.017490669337933973,0.03738568037282658,0.06712583542602002,0.09817469314650612,0.1894989093850053,0.24683979591836747,A_portfolio,2024,BTC/USDT
candles_since_prior_signal,106.0,82.97169811320755,47.18342274412544,3.0,22.5,53.0,71.0,101.0,181.0,248.0,A_portfolio,2024,BTC/USDT
source_synthetic,106.0,0.0,0.0,0.0,0.0,0.0,0.0,0.0,0.0,0.0,A_portfolio,2024,BTC/USDT
return_1h,106.0,0.0010646704304015657,0.005960073701313566,-0.022665323046933028,-0.004797772077252266,-0.001771669276025678,0.00040120609708682586,0.003170041681751723,0.01011570123331923,0.028908931940063498,A_portfolio,2024,BTC/USDT
return_3h,106.0,0.003749463753392354,0.011551184876438754,-0.02663689151643489,-0.011767358704422748,-0.002856009434205664,0.0004505689027324289,0.009581035889151046,0.02869934961867021,0.042213221156192304,A_portfolio,2024,BTC/USDT
return_6h,106.0,0.00776714739989671,0.014089519605917486,-0.024484908055729337,-0.011571229272677092,-0.001096728177376688,0.0037251050968324373,0.01783162957936174,0.03278136082974015,0.048144335744228606,A_portfolio,2024,BTC/USDT
return_12h,106.0,0.011851573969373337,0.015774419270404294,-0.021584050895971818,-0.010983200439119045,0.0006179052286579556,0.009352441614378537,0.023275884280562154,0.03847529283573908,0.05619967007029936,A_portfolio,2024,BTC/USDT
return_24h,106.0,0.01733521519401026,0.016508511612430343,-0.012209634800523617,-0.003895793909314743,0.003655420696501155,0.013552923412131546,0.02948209223244075,0.047064359516295284,0.0699980800259119,A_portfolio,2024,BTC/USDT
return_72h,106.0,0.007217987003967723,0.03689906690918691,-0.07422816677200084,-0.059409624904204816,-0.011407652767243343,0.005084781683016737,0.031052685822635484,0.06469636651344013,0.10479475587703435,A_portfolio,2024,BTC/USDT
return_168h,106.0,0.015301507717991797,0.06906779464411827,-0.1481517838359635,-0.08148992348523665,-0.03959985564620508,0.017008461414210307,0.056898564908588634,0.10854788816584043,0.2294599475998711,A_portfolio,2024,BTC/USDT
volatility_ratio_24_168,106.0,0.894094342756374,0.311519166323248,0.23237400342561762,0.34028699331908097,0.7120761848246729,0.9287074938395616,1.1028811860945416,1.3859916945365116,1.5573384831216888,A_portfolio,2024,BTC/USDT
natr_ratio_168,106.0,0.9457492965673575,0.26130745713951053,0.4090263480002221,0.48903328028394766,0.7678990280052077,0.9893255068903517,1.1209574675142697,1.3619148638366498,1.6287700729810017,A_portfolio,2024,BTC/USDT
up_fraction_24,106.0,0.551493710691824,0.0787534929922514,0.375,0.4166666666666667,0.5,0.5416666666666666,0.625,0.6666666666666666,0.75,A_portfolio,2024,BTC/USDT
volume_price_interaction,106.0,0.003958718444998381,0.015980701558451767,-0.05780362525306731,-0.006433773746395725,-0.0013645491122881717,0.000246214863635243,0.0037483699809911456,0.04098268259495794,0.07938982216488213,A_portfolio,2024,BTC/USDT
range_expansion_24,106.0,1.1022048812269025,0.6792493825340451,0.2070668337434169,0.42130889228030194,0.6339506784282583,0.8913436932417707,1.328181998038659,2.4390449702798556,3.478330200029173,A_portfolio,2024,BTC/USDT
signal_density_168,106.0,0.015554806828391733,0.005232600880337743,0.005952380952380952,0.005952380952380952,0.011904761904761904,0.017857142857142856,0.017857142857142856,0.023809523809523808,0.02976190476190476,A_portfolio,2024,BTC/USDT
ema20_distance,99.0,0.010389784734650154,0.012124095748200137,-0.00677965539856451,-0.003017451663855619,0.0022726803665640283,0.007383079448423979,0.016653403300719738,0.03518086092945562,0.06347800647286062,A_portfolio,2024,ETH/USDT
ema50_distance,99.0,0.010987320755331091,0.014559747422700931,-0.011689076786583152,-0.004728682788766557,0.0008576043597026128,0.007932693884449948,0.01756780926571433,0.043988493727998464,0.07199607037093192,A_portfolio,2024,ETH/USDT
ema_gap,99.0,0.0005243695645881142,0.004900421661974647,-0.021438742569059362,-0.007534006068539718,-0.002173145289825531,0.001277564057846905,0.003439673093587066,0.0074038274294417694,0.012007620614929779,A_portfolio,2024,ETH/USDT
ema20_slope_6,99.0,0.00475405931192597,0.005658278983176041,-0.006592852222223722,-0.002206587217076772,0.001122486211431184,0.004011247179673161,0.00708397144913453,0.015906535566895783,0.028211010024194128,A_portfolio,2024,ETH/USDT
ema50_slope_6,99.0,0.0016249494462823827,0.002645629387897804,-0.004867710974206352,-0.002468882234869929,-0.00018098443747482929,0.0014611445442556104,0.0028664989715456723,0.006909533828339607,0.00990329132175738,A_portfolio,2024,ETH/USDT
trend_efficiency_20,99.0,0.27871329410129064,0.15921135953586227,0.038210710021126984,0.06442506967232765,0.14137824248622965,0.26404494382022453,0.37926769969428153,0.561527651492392,0.7788140827671404,A_portfolio,2024,ETH/USDT
range_ratio,99.0,0.008951929282581006,0.005817778026922642,0.0015424882816509056,0.0030251619925614386,0.0048692939117881764,0.007739911470196296,0.011271630858340455,0.022050810891548707,0.03458010294212591,A_portfolio,2024,ETH/USDT
body_to_range,99.0,0.45560648280449817,0.2536509865223081,0.0030346304891123318,0.05181490623998751,0.27799137172329524,0.4741224698949499,0.6694161806997009,0.8046350446195699,0.9787587735500537,A_portfolio,2024,ETH/USDT
close_location,99.0,0.544519588909818,0.27478579846085666,0.0003736920777191188,0.1089092157380586,0.303859775565612,0.5767867139391635,0.7828215454316614,0.931015809973168,0.996100053792362,A_portfolio,2024,ETH/USDT
natr14,99.0,0.008740938462147577,0.003300462053674628,0.0032946252982945625,0.004839169014581545,0.0065542850276156936,0.007983570092524117,0.009953396248986964,0.014628476093247036,0.02231970806709152,A_portfolio,2024,ETH/USDT
return_std_24,99.0,0.0059029462465063805,0.00281073042631944,0.0017595887110632869,0.002692396746033318,0.00419134896586304,0.005181086050357985,0.007045863051549597,0.011401526302218447,0.01678010166345566,A_portfolio,2024,ETH/USDT
return_std_168,99.0,0.006660171224946071,0.0022041641880654684,0.0035411947211606643,0.004381472079767808,0.005186446708331072,0.006022551722518537,0.007453588856435519,0.010593223047974101,0.014654581476231028,A_portfolio,2024,ETH/USDT
volatility_percentile_720,99.0,0.45019640852974185,0.29311143423944663,0.001388888888888889,0.010833333333333335,0.19583333333333336,0.4152777777777778,0.7180555555555556,0.8991666666666664,0.9805555555555555,A_portfolio,2024,ETH/USDT
rsi14,99.0,59.077304228345604,8.44334320337565,43.84655260656299,47.454343537996216,53.051070077261215,57.31641368221154,64.74062600023169,76.34582017368872,81.26705896629115,A_portfolio,2024,ETH/USDT
macd_ratio,99.0,0.0032879779462306508,0.003483785165152113,-0.00361997785619909,-0.0011116684367139702,0.0010292616491967249,0.00284316579886281,0.004524335518466113,0.010339411934863738,0.017145507137417675,A_portfolio,2024,ETH/USDT
macd_signal_ratio,99.0,0.001654701219499937,0.00190839340282535,-0.0023895471280554192,-0.0007777416145308262,0.0004162055139418968,0.0014116296680671571,0.002431945454525497,0.005371219360427641,0.008975389224343202,A_portfolio,2024,ETH/USDT
relative_volume_24,99.0,1.2214766090768503,0.8646422658391911,0.17931393323382927,0.35457083474842205,0.6200179374366017,0.8725283139189591,1.671628553982031,2.728464153548972,4.257428686122444,A_portfolio,2024,ETH/USDT
volume_zscore_24,99.0,0.305034743008847,1.2649224490800937,-1.62104476325551,-1.0449558704522075,-0.6099578165970938,-0.2095797923863707,1.2347239355585686,2.747756858267817,4.1526052893539305,A_portfolio,2024,ETH/USDT
volume_trend_24_168,99.0,-0.1211110227062925,0.304414583073038,-0.7972489200851911,-0.5845397036648892,-0.35820554452518544,-0.0891560492379525,0.07312914545792482,0.3345737352598496,0.5414975866234037,A_portfolio,2024,ETH/USDT
regime_duration,99.0,20.87878787878788,20.419215003836772,1.0,1.0,3.5,15.0,35.5,57.0,95.0,A_portfolio,2024,ETH/USDT
regime_transition,99.0,0.09090909090909091,0.28894279819853225,0.0,0.0,0.0,0.0,0.0,1.0,1.0,A_portfolio,2024,ETH/USDT
hour_of_day,99.0,12.666666666666666,6.521549834579046,0.0,2.0,8.0,14.0,19.0,21.099999999999994,22.0,A_portfolio,2024,ETH/USDT
day_of_week,99.0,3.01010101010101,2.1261009128763533,0.0,0.0,1.0,3.0,5.0,6.0,6.0,A_portfolio,2024,ETH/USDT
distance_high_24,99.0,-0.009236263415514527,0.007265287459817475,-0.03381343918344204,-0.025408026718606123,-0.0130813793722237,-0.007590443450765649,-0.0036293567391852966,-0.0016194103456003699,-9.074892900617915e-05,A_portfolio,2024,ETH/USDT
distance_low_24,99.0,0.03890434753086262,0.026327063844216896,0.003790461348657681,0.01180702755447154,0.021572803028854892,0.03267857142857156,0.04958847896777041,0.09058764002740707,0.15043054937576894,A_portfolio,2024,ETH/USDT
distance_high_168,99.0,-0.056424122103550675,0.04590917247932863,-0.24447462686567156,-0.134356909373752,-0.08829382276183284,-0.04159866965430736,-0.02240328820920029,-0.004639309988123897,-0.0018196112245285612,A_portfolio,2024,ETH/USDT
distance_low_168,99.0,0.08564635849218423,0.053092787893179186,0.016321028618830224,0.02768306641271956,0.05142585358392393,0.06846832387028612,0.11262224586087288,0.20121743249644705,0.2606679298910468,A_portfolio,2024,ETH/USDT
candles_since_prior_signal,99.0,89.46464646464646,51.299105520171175,6.0,32.9,53.0,75.0,115.5,189.39999999999998,250.0,A_portfolio,2024,ETH/USDT
source_synthetic,99.0,0.0,0.0,0.0,0.0,0.0,0.0,0.0,0.0,0.0,A_portfolio,2024,ETH/USDT
return_1h,99.0,0.001761443857487661,0.0062059193688979615,-0.01974467693405213,-0.007534660366196766,-0.0013010876457988374,0.001292286632239792,0.005427645979834472,0.010859161589412596,0.021818867900393668,A_portfolio,2024,ETH/USDT
return_3h,99.0,0.007319205246454003,0.013363288562461481,-0.018533340693309697,-0.010028085990006706,-0.0003468949615122452,0.005270661424806811,0.01198343974281979,0.029263749418102152,0.06906791838298698,A_portfolio,2024,ETH/USDT
return_6h,99.0,0.010446469876144409,0.01512843611129424,-0.02179205396022843,-0.006941297228307285,0.0012061488625125794,0.006883115132066742,0.018412143741997622,0.038749662450175366,0.06725491071143952,A_portfolio,2024,ETH/USDT
return_12h,99.0,0.014872131653397055,0.019305146778471602,-0.016214276393057503,-0.008388265795514514,0.0017768114083316355,0.011837552358404668,0.02185120154758413,0.05483113231889901,0.08734483900930812,A_portfolio,2024,ETH/USDT
return_24h,99.0,0.021839065614173366,0.019860829339216703,-0.008075525219395363,0.002302805502607797,0.008372186863508269,0.01695178375745776,0.0299507426821507,0.059654228848037415,0.10005673891991274,A_portfolio,2024,ETH/USDT
return_72h,99.0,0.0030447389671482018,0.04299975382768193,-0.1377661042239413,-0.071768550685548,-0.019836250487221874,0.004639729737902831,0.027444179857432194,0.0773743926589606,0.10335468287261573,A_portfolio,2024,ETH/USDT
return_168h,99.0,0.0004117823238552863,0.07958696480983696,-0.2351271962430418,-0.11615321416225298,-0.052736846018113626,-0.005673172216282829,0.055097526099366245,0.13550353911069232,0.2044914719090678,A_portfolio,2024,ETH/USDT
volatility_ratio_24_168,99.0,0.8958576443965788,0.30697412116018113,0.26043178612106266,0.43565949646399826,0.6927716191038906,0.8752928655652863,1.1233045685788443,1.4275927891655995,1.7995739669222326,A_portfolio,2024,ETH/USDT
natr_ratio_168,99.0,0.9332160971306536,0.2549099433101053,0.4188960936142108,0.5659950951552323,0.7471012584820137,0.9390051160341353,1.082792376336579,1.3565114154919262,1.84639613366731,A_portfolio,2024,ETH/USDT
up_fraction_24,99.0,0.5408249158249158,0.06410352213207743,0.375,0.4583333333333333,0.5,0.5416666666666666,0.5833333333333334,0.6666666666666666,0.7083333333333334,A_portfolio,2024,ETH/USDT
volume_price_interaction,99.0,0.003960213119226823,0.015613255211904448,-0.07161713527298473,-0.007559752456122579,-0.0006330247666553585,0.0009579255821488648,0.0056152161975736815,0.028222495428901928,0.07649602787873024,A_portfolio,2024,ETH/USDT
range_expansion_24,99.0,1.053116508452184,0.5863280218789301,0.29298064487014597,0.4079544883735618,0.6292825064314926,0.9197128203578212,1.291245633777166,2.1487046285805107,3.1352529768873745,A_portfolio,2024,ETH/USDT
signal_density_168,99.0,0.014670514670514667,0.004833727917023251,0.005952380952380952,0.005952380952380952,0.011904761904761904,0.017857142857142856,0.017857142857142856,0.023809523809523808,0.023809523809523808,A_portfolio,2024,ETH/USDT
ema20_distance,108.0,0.007903749585529038,0.012247578656774982,-0.00935133544919664,-0.003460271959585076,0.0009727181164279064,0.004406240849272991,0.01031687468920367,0.03356698191518247,0.052693347252684486,B_opportunities,2019,BTC/USDT
ema50_distance,108.0,0.008709453320554745,0.015053881052211827,-0.017106154066478085,-0.00936687147402868,0.0006844301251078266,0.004671591145568588,0.012367724014128667,0.04500385526061306,0.061200687084072,B_opportunities,2019,BTC/USDT
ema_gap,108.0,0.0007204626047719061,0.004697315116225207,-0.012404615711260367,-0.007754397291153241,-0.0016790044723439593,0.0009858514024090467,0.0029985039981348773,0.007297449393230518,0.015523442280541477,B_opportunities,2019,BTC/USDT
ema20_slope_6,108.0,0.0039698104568159686,0.005715387680838933,-0.005577413622036009,-0.0020793820338796897,0.0006052016156093409,0.002574202281206195,0.005723895808872725,0.013153257928809945,0.02947751779416974,B_opportunities,2019,BTC/USDT
ema50_slope_6,108.0,0.0014551291149868108,0.002590686054630174,-0.004304207979130559,-0.0019930630700094043,-0.00010849547795308001,0.0011707797043312151,0.002517410769053152,0.005687884264070107,0.011155851835406239,B_opportunities,2019,BTC/USDT
trend_efficiency_20,108.0,0.2662744230558292,0.16478075354958446,0.0011411972196283403,0.023216821436844868,0.14124669263709427,0.24594105015306583,0.38644415902873896,0.5642590706452988,0.6465517241379316,B_opportunities,2019,BTC/USDT
range_ratio,108.0,0.008767275843327153,0.007261774338608011,0.0019825000000000727,0.00266987565909319,0.004380516725893065,0.0061224389207507664,0.011532271788509216,0.020095134346597626,0.05280863265545496,B_opportunities,2019,BTC/USDT
body_to_range,108.0,0.3785811788942421,0.2311891526510481,0.0006994229760441318,0.025187274001785685,0.20080174592234368,0.35967226890755877,0.5340689013811204,0.7447816591455582,0.9154576815840467,B_opportunities,2019,BTC/USDT
close_location,108.0,0.4858679495913563,0.27317244722909184,0.027793218454697392,0.10379238490428065,0.24215947381216982,0.48038277219770337,0.7378995726226292,0.9222918139961068,1.0,B_opportunities,2019,BTC/USDT
natr14,108.0,0.008603560095068264,0.0042632871351724845,0.0034282153565696797,0.003994574696262444,0.0054083453076854806,0.0076749434368042335,0.009985554613563215,0.016808211150502343,0.02465623792280358,B_opportunities,2019,BTC/USDT
return_std_24,108.0,0.005344418608145523,0.0035150634812444737,0.0014175941620378743,0.002026689229117868,0.002923187990130958,0.004193849397787672,0.006260828250158382,0.012401803627195408,0.01973761812640779,B_opportunities,2019,BTC/USDT
return_std_168,108.0,0.006367529047490593,0.0030194718869225234,0.0023505673343282045,0.00285263457326699,0.004074821711921228,0.005823128499233648,0.007771849041412569,0.012050909449030218,0.018526992176478536,B_opportunities,2019,BTC/USDT
volatility_percentile_720,108.0,0.4055555555555555,0.29273022228515094,0.001388888888888889,0.0325,0.11979166666666667,0.36944444444444446,0.659375,0.8931249999999998,0.9680555555555556,B_opportunities,2019,BTC/USDT
rsi14,108.0,57.773231273342034,9.316960431122212,42.06644052428154,44.26435008444334,52.34397860903688,56.12626351271733,61.61014011670767,74.36176700671342,84.46941718880187,B_opportunities,2019,BTC/USDT
macd_ratio,108.0,0.0027840653740937053,0.0036404335732875648,-0.0027270810292319755,-0.0011197838351603223,0.0006086237141738291,0.0018838792269845967,0.003867158371958934,0.008361866784471433,0.018586582358320745,B_opportunities,2019,BTC/USDT
macd_signal_ratio,108.0,0.0015105742163613613,0.0021493999336666863,-0.0031765144248789615,-0.0007627334050105336,0.0001342252103807136,0.0009722211454797989,0.002251905438860152,0.005791900397854983,0.009969642945938821,B_opportunities,2019,BTC/USDT
relative_volume_24,108.0,1.1875404519263097,1.0345276353588333,0.34458686404747313,0.4358301824162785,0.6364618461392368,0.8067046868474774,1.3897368153007597,3.1528286846492732,6.248417046720573,B_opportunities,2019,BTC/USDT
volume_zscore_24,108.0,0.15556334934198335,1.3386911341181824,-1.8850893781000213,-1.1347623493689747,-0.7032197243052245,-0.33377887658691324,0.5457014792981072,2.895820421674539,4.419226602112275,B_opportunities,2019,BTC/USDT
volume_trend_24_168,108.0,-0.09829142192814173,0.2689318321166152,-0.6150580593784452,-0.49796667304969466,-0.2753534343510387,-0.10652098525629294,0.016979239771499788,0.3908711867015003,1.0971507514403296,B_opportunities,2019,BTC/USDT
regime_duration,108.0,25.296296296296298,30.799398968301055,1.0,1.0,3.0,17.0,34.0,72.54999999999994,167.0,B_opportunities,2019,BTC/USDT
regime_transition,108.0,0.1388888888888889,0.3474428167388508,0.0,0.0,0.0,0.0,0.0,1.0,1.0,B_opportunities,2019,BTC/USDT
hour_of_day,108.0,10.87962962962963,7.2842392820128135,0.0,0.35000000000000053,5.0,10.0,17.0,23.0,23.0,B_opportunities,2019,BTC/USDT
day_of_week,108.0,3.138888888888889,1.9501178173530007,0.0,0.0,2.0,3.0,5.0,6.0,6.0,B_opportunities,2019,BTC/USDT
distance_high_24,108.0,-0.01158067699586263,0.009224770234296041,-0.06847741935483864,-0.028153954141091845,-0.014368365066680017,-0.009945107598988034,-0.005217511053133117,-0.002575811344331286,-0.0010143457469932171,B_opportunities,2019,BTC/USDT
distance_low_24,108.0,0.033793003783107345,0.02777306476759683,0.004562370526084214,0.007285184191711425,0.014680027203941237,0.02497377978644222,0.042136285971836496,0.0844255403009124,0.16063328878379757,B_opportunities,2019,BTC/USDT
distance_high_168,108.0,-0.05775259935664607,0.044371199631718136,-0.19187687902648531,-0.1592536305711613,-0.07774932146752828,-0.04529005336735398,-0.02254719904645705,-0.010859947174708286,-0.002849455630573039,B_opportunities,2019,BTC/USDT
distance_low_168,108.0,0.07708771589870557,0.060958364061086075,0.012033118675252918,0.020726269495830684,0.0397833606555727,0.057019679021110825,0.1003177273115693,0.2044124949626712,0.3536271512230944,B_opportunities,2019,BTC/USDT
candles_since_prior_signal,108.0,80.92592592592592,42.80464288375359,7.0,21.05,50.0,73.0,102.0,164.89999999999995,216.0,B_opportunities,2019,BTC/USDT
source_synthetic,108.0,0.0,0.0,0.0,0.0,0.0,0.0,0.0,0.0,0.0,B_opportunities,2019,BTC/USDT
return_1h,108.0,0.0010726115915028766,0.00680341229997027,-0.019551499671290218,-0.005426129419046682,-0.001320725257529659,0.00019579607367803398,0.002238562096380403,0.010301589085295914,0.05079994440642066,B_opportunities,2019,BTC/USDT
return_3h,108.0,0.0044861769799488605,0.012148416444257876,-0.01500295550250419,-0.006333715884376106,-0.0018573953541323462,0.002325759300792263,0.0054881374992812315,0.03013788132718438,0.06522443505059883,B_opportunities,2019,BTC/USDT
return_6h,108.0,0.0068195358932486025,0.01591502172366672,-0.03371742997452887,-0.008659698598853837,-0.002544928966551674,0.0028235961877829396,0.011368364621093585,0.04096459805017841,0.06279523760597239,B_opportunities,2019,BTC/USDT
return_12h,108.0,0.011398784283101442,0.01918469239650037,-0.02313346340332645,-0.009275360195623432,0.0009277830219552308,0.0059202392812743865,0.016978407807809903,0.050246753992549104,0.10016114305754598,B_opportunities,2019,BTC/USDT
return_24h,108.0,0.0172291513367641,0.02048440527835944,-0.02029808450915882,-0.0017497004836543146,0.003816218170360264,0.010528137209517952,0.02635295264263554,0.05784407413937566,0.0987360767653711,B_opportunities,2019,BTC/USDT
return_72h,108.0,0.002229596667008344,0.043823002291497826,-0.11168109162079687,-0.0688586215905333,-0.017454335258968112,0.0022520192362764924,0.01758864879032135,0.0775112080136609,0.1732265103919186,B_opportunities,2019,BTC/USDT
return_168h,108.0,0.010848774653685304,0.08764806985321257,-0.17762796064933795,-0.1348614526055175,-0.03499347327726571,0.0034768682751598057,0.04298709364668024,0.17765768474511004,0.3490618059666004,B_opportunities,2019,BTC/USDT
volatility_ratio_24_168,108.0,0.8389499065502646,0.3473355509279929,0.35992687411462115,0.45219095950022214,0.5778839239540731,0.7531624161219506,1.0227613471619987,1.5701653205121902,1.9881499759443084,B_opportunities,2019,BTC/USDT
natr_ratio_168,108.0,0.9380716198452591,0.28524766127948237,0.5684156491088814,0.5925637037763383,0.7621134293131668,0.8774558298989725,1.0799298368422492,1.3742826140441604,2.632901228995206,B_opportunities,2019,BTC/USDT
up_fraction_24,108.0,0.5408950617283951,0.07492239873417952,0.3333333333333333,0.4166666666666667,0.5,0.5416666666666666,0.5833333333333334,0.625,0.75,B_opportunities,2019,BTC/USDT
volume_price_interaction,108.0,0.004917125831786995,0.03269935058816015,-0.031118133620307655,-0.00655162305174622,-0.0010958132543853988,0.000194016929089636,0.0023363258290174786,0.016576592003882475,0.31741923860153626,B_opportunities,2019,BTC/USDT
range_expansion_24,108.0,1.088153312547306,0.8667166606502945,0.32688487550183765,0.4834871474488313,0.645454149489961,0.820289302331805,1.1917301216800944,2.4447170096428925,6.729967369928698,B_opportunities,2019,BTC/USDT
signal_density_168,108.0,0.015432098765432096,0.004231490549246975,0.005952380952380952,0.011904761904761904,0.011904761904761904,0.017857142857142856,0.017857142857142856,0.023809523809523808,0.023809523809523808,B_opportunities,2019,BTC/USDT
ema20_distance,115.0,0.010041869456957033,0.013036218150425724,-0.011703498342060747,-0.004400530035526695,0.0011123543466771135,0.006597288875989316,0.01786344552359631,0.03812591632526976,0.05558621635440275,B_opportunities,2019,ETH/USDT
ema50_distance,115.0,0.011075270263966621,0.016602926253618883,-0.024815299559504678,-0.009217366884972511,-0.0007061476669187328,0.008196559386038471,0.02077197560781119,0.044873514342456455,0.05614771307903088,B_opportunities,2019,ETH/USDT
ema_gap,115.0,0.0009115547294819236,0.006076873392224201,-0.01594742045586766,-0.009227546598161392,-0.00200017920550403,0.0006251745851109554,0.00430961419669168,0.009165443329718144,0.018373103759398726,B_opportunities,2019,ETH/USDT
ema20_slope_6,115.0,0.005367177826551005,0.006778643698231631,-0.009665763442733843,-0.003018575253512945,0.0010528465025234635,0.0033885131687219072,0.008753806321552426,0.018761068383690738,0.033855028919244745,B_opportunities,2019,ETH/USDT
ema50_slope_6,115.0,0.001953592984747693,0.003453495933469149,-0.006812156508195666,-0.00288762510179662,-0.00020012674831271227,0.0015258817815837489,0.003655836357914999,0.007728272370112066,0.013294394592021863,B_opportunities,2019,ETH/USDT
trend_efficiency_20,115.0,0.2665055476840104,0.1622019474978403,0.0059078377313905315,0.03344239074838014,0.13017776825872923,0.24745034889962392,0.385443042558536,0.54991240304387,0.6780905752754007,B_opportunities,2019,ETH/USDT
range_ratio,115.0,0.010220831777672058,0.007202210164682874,0.002678697307204454,0.003442852896317775,0.00508038097429098,0.008315288003464772,0.012721124779950467,0.023898963511434897,0.043798219584569704,B_opportunities,2019,ETH/USDT
body_to_range,115.0,0.40930847352555205,0.22967898129555253,0.0,0.061362179487186995,0.2386440677966145,0.3931777378815133,0.5735976789168049,0.7909903082081682,0.8859315589353567,B_opportunities,2019,ETH/USDT
close_location,115.0,0.4681896064319228,0.2647065068833273,0.040000000000001514,0.10240384615384006,0.23090909090909315,0.4512820512820483,0.7342301261589927,0.8714956011730269,0.984790874524707,B_opportunities,2019,ETH/USDT
natr14,115.0,0.010485358905765772,0.004043558804240092,0.00471687496198765,0.005552299148090231,0.00746239856270026,0.00963556443921285,0.012592166003525331,0.01859421109309017,0.02489051178291534,B_opportunities,2019,ETH/USDT
return_std_24,115.0,0.006471743268510194,0.003200007499538839,0.0025949346484917765,0.002796234887614415,0.004264448706167156,0.00561551444514168,0.00785403009418761,0.012216414504932322,0.021281919155007812,B_opportunities,2019,ETH/USDT
return_std_168,115.0,0.008062889523655421,0.003185331766051607,0.003343821989804166,0.003932914574819577,0.005619258023431443,0.0075351157841305255,0.009631403738387487,0.013806743743145387,0.017616273211179347,B_opportunities,2019,ETH/USDT
volatility_percentile_720,115.0,0.4059541062801933,0.3087718794623669,0.001388888888888889,0.008888888888888889,0.10486111111111111,0.3458333333333333,0.6756944444444444,0.9156944444444444,0.9694444444444444,B_opportunities,2019,ETH/USDT
rsi14,115.0,58.15394032874288,9.509008964035235,41.79950379216214,44.21234826076223,51.22531273552633,57.075637766108805,65.09264391053716,74.586768882267,79.04337208922409,B_opportunities,2019,ETH/USDT
macd_ratio,115.0,0.0036447521653082764,0.004245045267078713,-0.00675926135764192,-0.001774689737187326,0.0008448537151965248,0.0028027048623568743,0.006101938348104047,0.011440325340356102,0.020167487727331266,B_opportunities,2019,ETH/USDT
macd_signal_ratio,115.0,0.0019121584905099213,0.0026420613070063945,-0.005048941989651765,-0.0017325862825847771,0.0003704749881525935,0.0015158388480098752,0.003234288987101005,0.006501127656403649,0.01171425296336406,B_opportunities,2019,ETH/USDT
relative_volume_24,115.0,1.0994837699425524,0.8700776669746911,0.21320527322660277,0.34297865444502873,0.5598224530342735,0.8125986694842784,1.2824415067581056,2.3262023887619114,5.871771482322297,B_opportunities,2019,ETH/USDT
volume_zscore_24,115.0,0.0662967612186002,1.0793594585528052,-1.537152309678175,-1.109707484676487,-0.6184538056230617,-0.34084303320172304,0.5136653725854617,2.0531308498018777,4.455390387590749,B_opportunities,2019,ETH/USDT
volume_trend_24_168,115.0,-0.1424199844388188,0.27095641528705267,-0.630225040689648,-0.4763127028300927,-0.30290602261584665,-0.19163802711990596,-0.0350598528194796,0.2675802592658683,1.4299945040933841,B_opportunities,2019,ETH/USDT
regime_duration,115.0,22.817391304347826,23.09081332048913,1.0,1.0,3.0,17.0,30.0,71.3,93.0,B_opportunities,2019,ETH/USDT
regime_transition,115.0,0.12173913043478261,0.32841528286116795,0.0,0.0,0.0,0.0,0.0,1.0,1.0,B_opportunities,2019,ETH/USDT
hour_of_day,115.0,10.539130434782608,7.340451437575137,0.0,0.0,4.0,9.0,17.0,22.299999999999997,23.0,B_opportunities,2019,ETH/USDT
day_of_week,115.0,3.1043478260869564,2.027763062058902,0.0,0.0,1.0,3.0,5.0,6.0,6.0,B_opportunities,2019,ETH/USDT
distance_high_24,115.0,-0.014922747901195488,0.00968626061314472,-0.04886186698302075,-0.030808059331361527,-0.019128091894982546,-0.013130193905817156,-0.007922769006001973,-0.0029259584336152724,-0.00043172566917470956,B_opportunities,2019,ETH/USDT
distance_low_24,115.0,0.04149088308620143,0.027251550778615876,0.003210975698752172,0.011414906196622178,0.023219862720476603,0.0322210065645514,0.05786159875164021,0.09279275077986462,0.1331317764804003,B_opportunities,2019,ETH/USDT
distance_high_168,115.0,-0.0747988829665773,0.051929135733575195,-0.2208322878956236,-0.17991704221466015,-0.10050359521709773,-0.05965707178393753,-0.03552721263305719,-0.01483832520074369,-0.004028021015761829,B_opportunities,2019,ETH/USDT
distance_low_168,115.0,0.09620885190307492,0.06694377293129868,0.017595518529158305,0.028565605088362922,0.04872938973182239,0.0727576335877862,0.12291420311137335,0.2242192579808218,0.39640883977900554,B_opportunities,2019,ETH/USDT
candles_since_prior_signal,115.0,76.02608695652174,39.873365526544475,4.0,11.100000000000001,47.5,71.0,104.0,138.6,192.0,B_opportunities,2019,ETH/USDT
source_synthetic,115.0,0.0,0.0,0.0,0.0,0.0,0.0,0.0,0.0,0.0,B_opportunities,2019,ETH/USDT
return_1h,115.0,0.0006619568535932833,0.006782286917958243,-0.016309639727361214,-0.007583616251107472,-0.002696084708152191,-0.0002945291215668,0.003028746201389043,0.013525868086685228,0.03611543822251373,B_opportunities,2019,ETH/USDT
return_3h,115.0,0.005652077300109835,0.013007207510072422,-0.01404180628689955,-0.00898754963551096,-0.0027261980916190587,0.0026706062844479295,0.0091463081262676,0.02969530754985967,0.07498298741068399,B_opportunities,2019,ETH/USDT
return_6h,115.0,0.009077594395429373,0.01748666106711003,-0.04154213986849975,-0.012438085158374846,-0.0005712030187950412,0.005013561272293909,0.016707085621524453,0.039833349420141065,0.0710482062780271,B_opportunities,2019,ETH/USDT
return_12h,115.0,0.014916503544277142,0.022764677044291505,-0.024421093597976173,-0.012192705811625393,-0.0020786655219363626,0.010342307908492998,0.02597209600120265,0.06016217596988625,0.09732906906387773,B_opportunities,2019,ETH/USDT
return_24h,115.0,0.023600868486984925,0.02316433969045324,-0.024610894941634154,-0.004223868625421012,0.008833498052820632,0.01853255253186359,0.03502226566989286,0.06881688290889856,0.11388962007545844,B_opportunities,2019,ETH/USDT
return_72h,115.0,0.0031448032043374405,0.0543015236635906,-0.1416618911174785,-0.08856210860789601,-0.019907412550603187,-0.00029088793542286773,0.025409525490024287,0.09763712929274512,0.15993992866529005,B_opportunities,2019,ETH/USDT
return_168h,115.0,-0.0028920650519531545,0.09386177001398542,-0.20290785671696565,-0.1444046361977308,-0.06479327369529392,-0.009641743075905151,0.04723839804102392,0.1584661349178348,0.3049202333625898,B_opportunities,2019,ETH/USDT
volatility_ratio_24_168,115.0,0.8238190867092283,0.2757196292839691,0.1935092177079837,0.4620314694350773,0.6403725589548837,0.7739776165317772,0.9862125798975399,1.4125703713105977,1.577717828417034,B_opportunities,2019,ETH/USDT
natr_ratio_168,115.0,0.9121721872082625,0.2469603527127929,0.5545291740828759,0.6055688883414071,0.7275803960484009,0.8887373189160945,1.0684322501009995,1.2874565471849813,2.239979613168745,B_opportunities,2019,ETH/USDT
up_fraction_24,115.0,0.5369565217391304,0.0733752740478476,0.2916666666666667,0.4166666666666667,0.5,0.5416666666666666,0.5833333333333334,0.625,0.7083333333333334,B_opportunities,2019,ETH/USDT
volume_price_interaction,115.0,0.002887858324052145,0.01638922984437446,-0.031167685882249777,-0.008870863831573195,-0.002011265347407109,-0.0003098013567097997,0.002534762987652694,0.029673954431068766,0.10829780255580088,B_opportunities,2019,ETH/USDT
range_expansion_24,115.0,1.0409158375904872,0.7454634396045847,0.33747089804375946,0.40505903665660337,0.593300851108622,0.8312460906961531,1.2217798350296079,2.3168901086092912,5.116498101980903,B_opportunities,2019,ETH/USDT
signal_density_168,115.0,0.016459627329192546,0.004752133012612463,0.005952380952380952,0.011904761904761904,0.011904761904761904,0.017857142857142856,0.017857142857142856,0.023809523809523808,0.02976190476190476,B_opportunities,2019,ETH/USDT
ema20_distance,108.0,0.007413570455897465,0.010395856137412292,-0.02274682235772496,-0.006768830622134719,0.0011200965653840878,0.004883218216874763,0.013162759433082871,0.026383941140830636,0.04017443311587532,B_opportunities,2020,BTC/USDT
ema50_distance,108.0,0.008337176874293918,0.014882240046232476,-0.05809508443551126,-0.013116423187553343,0.0011075548870101426,0.007169118690986354,0.01747537211456318,0.03189762268233536,0.05234224213790939,B_opportunities,2020,BTC/USDT
ema_gap,108.0,0.0007973724789823279,0.0072815054593186905,-0.05377998312945198,-0.00965781094217869,-0.0007063057691501125,0.0016553164965471014,0.00415139705134917,0.008202739952045401,0.013274966985263575,B_opportunities,2020,BTC/USDT
ema20_slope_6,108.0,0.0035570287904708657,0.005075562398421823,-0.00738222214249884,-0.004801788537992229,0.0009483313441627783,0.0026872068177691277,0.005915922072360136,0.012629911391438705,0.0220807393115261,B_opportunities,2020,BTC/USDT
ema50_slope_6,108.0,0.0013596275342422134,0.0030955222833252407,-0.015883374616044388,-0.0031217031377511356,0.0001678229909351514,0.0015495719488837212,0.0027046834237535178,0.005693194267735989,0.010138362882078145,B_opportunities,2020,BTC/USDT
trend_efficiency_20,108.0,0.26654141418976285,0.16874572944795668,0.00027160382055810387,0.01759296975635849,0.1361101564126502,0.2523369243945052,0.3760454640358044,0.5633801000918799,0.668122106372565,B_opportunities,2020,BTC/USDT
range_ratio,108.0,0.00873812953149823,0.005873369572494622,0.0015413487839621711,0.0027249257832319693,0.004958492277229152,0.007108271879355142,0.010565939684257942,0.018344183042066132,0.03361344537815126,B_opportunities,2020,BTC/USDT
body_to_range,108.0,0.4112847281603077,0.25536905936283594,0.002237521514616159,0.03582764351732204,0.20185493692910422,0.37409111572004605,0.611761402599059,0.8197829478027898,0.9443423671719527,B_opportunities,2020,BTC/USDT
close_location,108.0,0.56360442457957,0.2786102765893858,0.03107826416526859,0.1363944434479172,0.3380679809560319,0.5797618692752486,0.8131507778790747,0.9511894830078326,0.9982837071924632,B_opportunities,2020,BTC/USDT
natr14,108.0,0.00909385103297384,0.006223704737948736,0.002575243953523054,0.003656613765583077,0.005687526697077847,0.007543778511534974,0.010572631103516753,0.022498157271484496,0.04496036080074833,B_opportunities,2020,BTC/USDT
return_std_24,108.0,0.005601194969464042,0.0047199856865919616,0.001209435490969921,0.001929504773503711,0.003047704891163208,0.004334114227696683,0.006321898067227216,0.012673197952754234,0.03648190559895041,B_opportunities,2020,BTC/USDT
return_std_168,108.0,0.007163160111893154,0.005885005453245743,0.0016590163168790652,0.002902793273448414,0.004333845010306228,0.005872846351539996,0.007643515862872359,0.015280764436950882,0.035201328551682266,B_opportunities,2020,BTC/USDT
volatility_percentile_720,108.0,0.4225823045267489,0.307232627995748,0.002777777777777778,0.029166666666666667,0.14618055555555554,0.35416666666666663,0.6982638888888888,0.8931249999999998,0.9847222222222223,B_opportunities,2020,BTC/USDT
rsi14,108.0,58.44170260696625,9.359246258928259,40.51693752810805,42.59992377212236,51.78763996453878,58.004487454792454,65.509703908708,74.81684155621298,81.5276082032496,B_opportunities,2020,BTC/USDT
macd_ratio,108.0,0.00260699563406204,0.0035438518040501925,-0.008748231593680761,-0.0013056040696944838,0.0007501255906778016,0.0020107431778602003,0.004136406823255769,0.009737674305097924,0.01645374920967513,B_opportunities,2020,BTC/USDT
macd_signal_ratio,108.0,0.0014370779617857317,0.00240290938324694,-0.009736920718645799,-0.0012522813728361943,0.0004065763819373086,0.0011579146255840422,0.00228802001919753,0.006172068225968872,0.009583478766659489,B_opportunities,2020,BTC/USDT
relative_volume_24,108.0,1.1594095423035038,0.8101864839342382,0.33904059849065854,0.44018852472588865,0.6625962114376982,0.9342160085187249,1.3466289536636329,2.6018223682760597,5.591256933659322,B_opportunities,2020,BTC/USDT
volume_zscore_24,108.0,0.24690862429521074,1.3063729436015448,-1.52836632187259,-1.0052430856372876,-0.6662623814816846,-0.16793378989262608,0.7384944958107426,3.2806303274715742,4.265543122263062,B_opportunities,2020,BTC/USDT
volume_trend_24_168,108.0,-0.1388920049144406,0.24909987825760835,-0.5108728171494761,-0.4393018648038774,-0.3093491372888939,-0.19190431591907753,-0.010984752844620721,0.27535929162626543,1.1454482735676255,B_opportunities,2020,BTC/USDT
regime_duration,108.0,27.00925925925926,43.74661436734335,1.0,1.0,3.0,10.0,35.0,86.5999999999998,281.0,B_opportunities,2020,BTC/USDT
regime_transition,108.0,0.14814814814814814,0.3569029506249042,0.0,0.0,0.0,0.0,0.0,1.0,1.0,B_opportunities,2020,BTC/USDT
hour_of_day,108.0,10.027777777777779,6.670423396352316,0.0,0.35000000000000053,4.0,10.5,14.25,21.64999999999999,23.0,B_opportunities,2020,BTC/USDT
day_of_week,108.0,2.935185185185185,2.074649607385144,0.0,0.0,1.0,3.0,5.0,6.0,6.0,B_opportunities,2020,BTC/USDT
distance_high_24,108.0,-0.011090636199259808,0.015577663262493604,-0.11719191919191918,-0.03648235385582922,-0.013450245496565344,-0.005992810286915284,-0.0029871476257898044,-0.000716496436175749,-3.0714285714328327e-05,B_opportunities,2020,BTC/USDT
distance_low_24,108.0,0.03438094738825254,0.025818977910086104,0.003832293832293887,0.007815996991472174,0.018143212881397752,0.029260312891072116,0.04414565267731857,0.08108365162268986,0.15694444444444455,B_opportunities,2020,BTC/USDT
distance_high_168,108.0,-0.054695010702294315,0.06939441424675123,-0.4155888114932521,-0.1485288468610671,-0.06512758925352236,-0.03119760932312754,-0.01836805200900052,-0.006904648499531863,-0.0016913511558095395,B_opportunities,2020,BTC/USDT
distance_low_168,108.0,0.09894105733753807,0.08849093949238919,0.00975722262685097,0.018594479382107443,0.040544849755864865,0.07082729282452782,0.13195118682345874,0.2955290170627931,0.4210273047198272,B_opportunities,2020,BTC/USDT
candles_since_prior_signal,108.0,81.76851851851852,50.72697792470476,3.0,11.350000000000001,51.0,75.0,99.0,177.59999999999997,270.0,B_opportunities,2020,BTC/USDT
source_synthetic,108.0,0.0,0.0,0.0,0.0,0.0,0.0,0.0,0.0,0.0,B_opportunities,2020,BTC/USDT
return_1h,108.0,0.001525570730549932,0.005260434697012478,-0.011648546494520184,-0.0055830463132218065,-0.001456366014554178,0.0005428432367149405,0.003855971973244998,0.013182302582468951,0.019568319226118458,B_opportunities,2020,BTC/USDT
return_3h,108.0,0.0046991850317671,0.00987868428579672,-0.030414901271084704,-0.007797303819455713,-0.0004921062838529611,0.0030091949062729384,0.008899091213883659,0.02351139601867403,0.038822332173587215,B_opportunities,2020,BTC/USDT
return_6h,108.0,0.006098704545849688,0.012314233579685004,-0.03578594892309839,-0.009513785641325045,-0.0011942168015707244,0.004980794335900485,0.01130052487173494,0.027764272216803946,0.04521029063131099,B_opportunities,2020,BTC/USDT
return_12h,108.0,0.012025491267142556,0.019378854129583,-0.0322483554113725,-0.00912439229711442,0.0007311111131514947,0.008914622409467277,0.02087259888524623,0.047057521047261464,0.09941963288326305,B_opportunities,2020,BTC/USDT
return_24h,108.0,0.016741319293663563,0.019470894292000614,-0.030149956230734798,-0.005389397868727918,0.002965490319177533,0.014019737268334276,0.026512988364089163,0.04805337740493213,0.09785996260128815,B_opportunities,2020,BTC/USDT
return_72h,108.0,0.005138982359864969,0.053099175179927446,-0.3112456805104118,-0.08231551500141515,-0.013899925154200965,0.009597657623727773,0.028757766848888255,0.07557620087707499,0.16590353294900861,B_opportunities,2020,BTC/USDT
return_168h,108.0,0.022055266579974492,0.10904496124715952,-0.41082177741982917,-0.11888155646419775,-0.02359774384787916,0.014906831640651541,0.09181608205155756,0.1687396072600202,0.30975968532349407,B_opportunities,2020,BTC/USDT
volatility_ratio_24_168,108.0,0.8042110864914451,0.28581957320756507,0.35261237200949164,0.4237068329525156,0.6110256705075888,0.7644800231893137,0.9459012139560141,1.2513003436428514,2.1737449493458953,B_opportunities,2020,BTC/USDT
natr_ratio_168,108.0,0.8937303967695328,0.2319013819657414,0.46465019707357486,0.6011643341635683,0.7635353531858067,0.8509330207631436,0.9596187101684756,1.3410172662208786,1.7815123830994573,B_opportunities,2020,BTC/USDT
up_fraction_24,108.0,0.5408950617283951,0.07621069401289833,0.375,0.4166666666666667,0.5,0.5416666666666666,0.5833333333333334,0.6666666666666666,0.75,B_opportunities,2020,BTC/USDT
volume_price_interaction,108.0,0.003942516596840105,0.01458028653023257,-0.011973844640120511,-0.006114181792176297,-0.001038384927665453,0.00043031898994642633,0.004577415313707164,0.020169664640398818,0.10941150055309384,B_opportunities,2020,BTC/USDT
range_expansion_24,108.0,1.0710015794721375,0.6532916556124966,0.3891001092959948,0.47263411057801574,0.684659522495805,0.8477538795708534,1.2913563823666947,2.411120557942207,3.9029259058629493,B_opportunities,2020,BTC/USDT
signal_density_168,108.0,0.016313932980599643,0.0051706506271030185,0.005952380952380952,0.005952380952380952,0.011904761904761904,0.017857142857142856,0.017857142857142856,0.023809523809523808,0.02976190476190476,B_opportunities,2020,BTC/USDT
ema20_distance,102.0,0.011793231206124315,0.012637004131370652,-0.01256613970776177,-0.004813763351407962,0.0021973065317082985,0.009332999237239403,0.019771693341822383,0.03253681947193294,0.06434398060167323,B_opportunities,2020,ETH/USDT
ema50_distance,102.0,0.01302145314187317,0.017866532722882977,-0.06232530352544874,-0.008714337959982544,0.0015406351146737829,0.010608228687275623,0.025129555675617088,0.0394500803030223,0.08024408745543532,B_opportunities,2020,ETH/USDT
ema_gap,102.0,0.001044424245044527,0.008362821523503485,-0.059327833894355614,-0.00978255439959421,-0.0014308329226320254,0.0017675994048198126,0.004684657313871535,0.010412931704687715,0.01663501353826318,B_opportunities,2020,ETH/USDT
ema20_slope_6,102.0,0.006143994381117996,0.006349212102525567,-0.005920684786027586,-0.0013975850992480553,0.0018699969036856667,0.005722986680844144,0.00851109429370095,0.01563166505913413,0.041102788701749216,B_opportunities,2020,ETH/USDT
ema50_slope_6,102.0,0.0022516421723718185,0.003540231148684073,-0.015496630649451393,-0.0024304529828235387,0.0005657764357835937,0.0022065323022669725,0.004130968542824021,0.0066153192175990565,0.017269620675984143,B_opportunities,2020,ETH/USDT
trend_efficiency_20,102.0,0.29916202993849117,0.15837983550326315,0.0036275695284161066,0.021494919985437098,0.19640269349924458,0.3040824070354009,0.4101737759421427,0.5597101553509777,0.6471885336273413,B_opportunities,2020,ETH/USDT
range_ratio,102.0,0.011229886034075622,0.007419095558350443,0.002100660207493701,0.0032048188700341115,0.006464268668411331,0.009609641755826525,0.01388635549142275,0.022294705950075402,0.0455564242898098,B_opportunities,2020,ETH/USDT
body_to_range,102.0,0.414335277869884,0.24944396438731414,0.006741573033714525,0.041064533921677616,0.20708333333333678,0.3842184601113281,0.6105186606424519,0.8467704049376236,0.9411764705882869,B_opportunities,2020,ETH/USDT
close_location,102.0,0.5706024235199921,0.2702103206354946,0.044117647058784806,0.15602860174845026,0.3218359289317837,0.5956627680311921,0.782398510689403,0.9475855398958373,0.9976580796252882,B_opportunities,2020,ETH/USDT
natr14,102.0,0.01143869057525795,0.00585428228865114,0.0035975722024754104,0.005280619131160039,0.008483993444754883,0.010470383476281458,0.013234649902223918,0.02018112896536342,0.048661756203788695,B_opportunities,2020,ETH/USDT
return_std_24,102.0,0.006824726162585636,0.003569315878675722,0.0011436343829071267,0.0026908735019190184,0.004900412092685734,0.006130346906453244,0.00792683066141836,0.012244850524239697,0.02538551994936559,B_opportunities,2020,ETH/USDT
return_std_168,102.0,0.008879676553939985,0.005266278909018193,0.003181175564796504,0.004499991295554729,0.006311476687719506,0.007550731908966759,0.009808299987677287,0.0153245541659597,0.03564994336564935,B_opportunities,2020,ETH/USDT
volatility_percentile_720,102.0,0.408973311546841,0.29205901576822474,0.001388888888888889,0.006944444444444444,0.13472222222222222,0.3729166666666667,0.6479166666666667,0.881875,0.9333333333333333,B_opportunities,2020,ETH/USDT
rsi14,102.0,59.32041034757711,8.511238530829491,38.089435080529064,47.41376557938387,52.640234057215274,59.30046590882925,64.68648230450475,73.47826601910296,80.69580943000912,B_opportunities,2020,ETH/USDT
macd_ratio,102.0,0.004131804987809284,0.0038080862788629844,-0.004540394277478397,-0.0006705751484979065,0.0013888309191835647,0.004113034964702377,0.005814155084058039,0.010101357859948418,0.019171671194811522,B_opportunities,2020,ETH/USDT
macd_signal_ratio,102.0,0.002162451185479567,0.002269439690306318,-0.005297959627521803,-0.0009731075768559727,0.0008108344973848261,0.002204263014359149,0.003309934231621097,0.005788618529773624,0.009278343944636159,B_opportunities,2020,ETH/USDT
relative_volume_24,102.0,1.1491111761604864,0.784991962624984,0.36693388682392775,0.44441336503302675,0.6834948357214257,0.8717848163881446,1.3999590429556605,3.022360237677733,5.181128637033934,B_opportunities,2020,ETH/USDT
volume_zscore_24,102.0,0.1598803786337949,1.2427012345265078,-1.9950369865478932,-1.0812303668861352,-0.6614267040080457,-0.19350235686444753,0.7666765943221638,2.873817600198933,4.264004341065308,B_opportunities,2020,ETH/USDT
volume_trend_24_168,102.0,-0.15732666956632763,0.25728926139833547,-0.5832443946758674,-0.4746678174171758,-0.3515506260747967,-0.19926011841530117,-0.0062658430590046554,0.2571398877578634,0.5938216248115433,B_opportunities,2020,ETH/USDT
regime_duration,102.0,25.137254901960784,43.913515187834875,1.0,1.0,2.25,10.0,28.0,98.39999999999964,299.0,B_opportunities,2020,ETH/USDT
regime_transition,102.0,0.18627450980392157,0.3912506516456217,0.0,0.0,0.0,0.0,0.0,1.0,1.0,B_opportunities,2020,ETH/USDT
hour_of_day,102.0,10.794117647058824,6.851086833335519,0.0,0.0,5.0,10.5,16.75,21.0,23.0,B_opportunities,2020,ETH/USDT
day_of_week,102.0,2.9607843137254903,1.9696789135099562,0.0,0.0,1.0,3.0,5.0,6.0,6.0,B_opportunities,2020,ETH/USDT
distance_high_24,102.0,-0.011619616569943578,0.010432406278071545,-0.07860824742268058,-0.029959279373109188,-0.014891624036363793,-0.008846017060597622,-0.0052966152098599395,-0.001155402697938021,-2.5251249936797393e-05,B_opportunities,2020,ETH/USDT
distance_low_24,102.0,0.04728023602824443,0.028558472722296467,0.004989007272112156,0.01061950107819264,0.026689518408371804,0.044224462889157046,0.05996192497943431,0.1022071803286839,0.1585653610193487,B_opportunities,2020,ETH/USDT
distance_high_168,102.0,-0.0683788839338387,0.07760866904281137,-0.4891438097884333,-0.19304326608681988,-0.07901603567219664,-0.04411546601574523,-0.02998600340420271,-0.007039839541748715,-0.00025510204081635734,B_opportunities,2020,ETH/USDT
distance_low_168,102.0,0.12476230954806979,0.08954026145668093,0.014085731675506308,0.03555908640794922,0.0660235109406544,0.09115572208917466,0.16245386545239038,0.3064632426990511,0.49651162790697656,B_opportunities,2020,ETH/USDT
candles_since_prior_signal,102.0,86.53921568627452,45.90943982151489,3.0,23.300000000000004,58.5,80.0,113.5,155.84999999999997,271.0,B_opportunities,2020,ETH/USDT
source_synthetic,102.0,0.0,0.0,0.0,0.0,0.0,0.0,0.0,0.0,0.0,B_opportunities,2020,ETH/USDT
return_1h,102.0,0.0026743061480993553,0.00775118412776898,-0.01574208992506243,-0.006528801862519828,-0.0012449803051699238,0.00121519037445883,0.005418983288257073,0.014186315210240736,0.04028847196616425,B_opportunities,2020,ETH/USDT
return_3h,102.0,0.005458396111193602,0.012266513167125938,-0.026327734906945177,-0.012368440922438426,-0.002660696106955296,0.003593124093901001,0.013665720265743253,0.02388704725456169,0.04408163265306109,B_opportunities,2020,ETH/USDT
return_6h,102.0,0.01160335058680716,0.018532381401981098,-0.025356133329601738,-0.011912670896281414,0.0009095315619827571,0.009761738772624318,0.022521453131775948,0.03862304451770481,0.1062117798519473,B_opportunities,2020,ETH/USDT
return_12h,102.0,0.01795035251303233,0.022213172772808706,-0.03262176788935656,-0.008268102717811759,0.005284320256121078,0.016560358944965436,0.027540097541618624,0.05048487362754909,0.1343234323432343,B_opportunities,2020,ETH/USDT
return_24h,102.0,0.027440423019736725,0.023547899412930832,-0.01853122855181888,-0.0037065635178661106,0.009949329861834222,0.025880594540888868,0.039092058472995406,0.06970921473488406,0.10378664495113998,B_opportunities,2020,ETH/USDT
return_72h,102.0,0.004125455341327681,0.06548426118573994,-0.34660100522922277,-0.0908987373683575,-0.026444909579323023,0.0033658467953548987,0.034967384211557095,0.1072799129647936,0.20789714044825391,B_opportunities,2020,ETH/USDT
return_168h,102.0,0.025931919069466968,0.1255880878719741,-0.47186999876892777,-0.1462877732942112,-0.037579426096849,0.019403918457576497,0.09473608187033461,0.221425464035884,0.3123491634965434,B_opportunities,2020,ETH/USDT
volatility_ratio_24_168,102.0,0.8044300904111535,0.26649565928273833,0.2798161034056121,0.43804413019203,0.6063774039344508,0.7764517609189779,0.9796041632414124,1.2041236363862744,1.6610441110172487,B_opportunities,2020,ETH/USDT
natr_ratio_168,102.0,0.882541407759539,0.21963821536904982,0.4131488179250515,0.5666088871921868,0.7221282325269537,0.857666436244384,1.0254926622001888,1.3131962159592,1.533651027264712,B_opportunities,2020,ETH/USDT
up_fraction_24,102.0,0.5535130718954248,0.06872279214108624,0.375,0.4583333333333333,0.5,0.5416666666666666,0.5833333333333334,0.6666666666666666,0.7083333333333334,B_opportunities,2020,ETH/USDT
volume_price_interaction,102.0,0.006293417941418299,0.024236906997433815,-0.029510690579603233,-0.006001894064572465,-0.0010082846069842891,0.0008404255071919745,0.006743707244575392,0.024744742589716914,0.20873975584623247,B_opportunities,2020,ETH/USDT
range_expansion_24,102.0,1.0103138805174363,0.6236961429953723,0.40589860485820023,0.5172241763398595,0.6578365252103154,0.858301472105599,1.1646062632624303,1.7808291196680963,5.348551703608624,B_opportunities,2020,ETH/USDT
signal_density_168,102.0,0.015989729225023338,0.00536207746935073,0.005952380952380952,0.011904761904761904,0.011904761904761904,0.017857142857142856,0.017857142857142856,0.023809523809523808,0.03571428571428571,B_opportunities,2020,ETH/USDT
ema20_distance,98.0,0.013559863296529844,0.01738428910458121,-0.012738475261412363,-0.007227980339105788,0.0010050700696691561,0.011926185506881626,0.022370336943911162,0.03887899478484224,0.0893727922778691,B_opportunities,2021,BTC/USDT
ema50_distance,98.0,0.014829926808543484,0.022479681101772692,-0.03210753940052524,-0.014561813334389549,0.0015401287228285487,0.012234116625633562,0.026583580135965623,0.05141875350028679,0.10896146128428774,B_opportunities,2021,BTC/USDT
ema_gap,98.0,0.0010467130799263833,0.007043152547099926,-0.02034243963811327,-0.01011973430786179,-0.0029007805185689494,0.0013287651534368288,0.006016514165383087,0.01204096898309554,0.01827440692339025,B_opportunities,2021,BTC/USDT
ema20_slope_6,98.0,0.008110139370120846,0.00808122723040973,-0.004087934617194033,-0.0028077130706204542,0.0026717088335901362,0.00673138523867689,0.012964944869443051,0.022876133209142342,0.03246820210869439,B_opportunities,2021,BTC/USDT
ema50_slope_6,98.0,0.0028832697604803206,0.004040077486986467,-0.005931418724159254,-0.003341889434215267,9.725361020446188e-05,0.0026859161664096742,0.005537051760802103,0.00999538466866355,0.014365606208340154,B_opportunities,2021,BTC/USDT
trend_efficiency_20,98.0,0.28269130417148003,0.17469024017109896,0.001182463161724934,0.03189596294585637,0.14450443708493707,0.2587740368081116,0.40694942371769516,0.5873409128995992,0.7715707391650688,B_opportunities,2021,BTC/USDT
range_ratio,98.0,0.012852871362655494,0.00894905510836055,0.0037237772683136024,0.004395030578469293,0.006680634402731438,0.01015031337781815,0.01604845090953609,0.028544728355705987,0.0569337641593471,B_opportunities,2021,BTC/USDT
body_to_range,98.0,0.393715392316746,0.24566503915050952,0.014094488188983253,0.052231622349630906,0.17178861133452458,0.36605143653871774,0.6088277156252474,0.8120595146734267,0.9402049067352722,B_opportunities,2021,BTC/USDT
close_location,98.0,0.49023746424066117,0.2681981315238197,0.00963620155367503,0.10435078916410369,0.2602879895814274,0.4614541456293192,0.7031223579261874,0.9354142834266264,0.9999547695508524,B_opportunities,2021,BTC/USDT
natr14,98.0,0.013032855421652986,0.00558494465132386,0.005734976183569607,0.00749414557347733,0.009542597201286269,0.01157577318806792,0.014574521760215498,0.024713160673464997,0.0379601607259416,B_opportunities,2021,BTC/USDT
return_std_24,98.0,0.008202989108462198,0.0037803472265402925,0.003265300466370539,0.004414237547513309,0.005788904144642207,0.007224049268147745,0.00958461730252565,0.017221755287559877,0.022325894767269247,B_opportunities,2021,BTC/USDT
return_std_168,98.0,0.008668052534686553,0.0031895966213407252,0.004663886035857558,0.005499883670002698,0.006418567963918431,0.00774914261245508,0.010147089818598659,0.015119574025341182,0.02013669050338765,B_opportunities,2021,BTC/USDT
volatility_percentile_720,98.0,0.46425736961451247,0.29846169914909293,0.001388888888888889,0.022361111111111116,0.20069444444444445,0.4243055555555556,0.7451388888888889,0.9277777777777778,0.9763888888888889,B_opportunities,2021,BTC/USDT
rsi14,98.0,59.260603728573216,9.5869971501434,41.095980737289665,44.98059092976549,50.50273464318998,58.75807594338779,67.08222155145259,73.65114279113274,82.48567156915291,B_opportunities,2021,BTC/USDT
macd_ratio,98.0,0.005228283015757866,0.004952254445810284,-0.003968666146359443,-0.0017544815682100632,0.0017632283066317856,0.004797350503438538,0.00864019872598863,0.014134850982872683,0.02040319812600971,B_opportunities,2021,BTC/USDT
macd_signal_ratio,98.0,0.002675476825595485,0.002892145698380254,-0.0037598712722984014,-0.0021178064789617638,0.0006513290433121675,0.002618421199420571,0.004583922316569202,0.007668252191278943,0.011812600680997884,B_opportunities,2021,BTC/USDT
relative_volume_24,98.0,1.1016375270247736,0.677170993392828,0.3863086373188229,0.4850440445368353,0.6539243120174701,0.9167612175162221,1.3402311099326734,2.538325497342619,4.475192715079413,B_opportunities,2021,BTC/USDT
volume_zscore_24,98.0,0.10409800535417894,1.2745277826219212,-2.090472564198848,-1.4339459673708188,-0.6864741284503444,-0.21577656688716418,0.6842689608386228,2.776756374375737,3.944899047892892,B_opportunities,2021,BTC/USDT
volume_trend_24_168,98.0,-0.08540016116256488,0.21110819931948277,-0.4962983981284429,-0.3581343480416318,-0.24664597918227357,-0.10574448651278545,0.031662558100179095,0.2771934226834332,0.8689523857427763,B_opportunities,2021,BTC/USDT
regime_duration,98.0,38.66326530612245,71.78546845992827,1.0,1.0,4.0,11.0,33.0,186.24999999999955,380.0,B_opportunities,2021,BTC/USDT
regime_transition,98.0,0.08163265306122448,0.27521198531482965,0.0,0.0,0.0,0.0,0.0,1.0,1.0,B_opportunities,2021,BTC/USDT
hour_of_day,98.0,12.76530612244898,6.972406616731005,0.0,2.8500000000000005,6.0,13.0,19.0,22.14999999999999,23.0,B_opportunities,2021,BTC/USDT
day_of_week,98.0,2.7244897959183674,2.0797532181363283,0.0,0.0,1.0,2.5,4.0,6.0,6.0,B_opportunities,2021,BTC/USDT
distance_high_24,98.0,-0.015226673973637994,0.01167313391784294,-0.06388691711259153,-0.033416679191566344,-0.02021481854386914,-0.012817771349986185,-0.006538038878924818,-0.0028477167096143787,-0.0011117232935414778,B_opportunities,2021,BTC/USDT
distance_low_24,98.0,0.0561608402387832,0.03704374494918925,0.0065236920910438645,0.013910153215755006,0.03147246788541447,0.047153732223378486,0.07086198123522486,0.14390520376386134,0.17621524040965109,B_opportunities,2021,BTC/USDT
distance_high_168,98.0,-0.06838198881544012,0.05272742859229704,-0.22318299244410766,-0.1732831146257448,-0.09953940268504696,-0.05922382746715604,-0.024686669710012543,-0.004666169617499501,-0.001363823315982171,B_opportunities,2021,BTC/USDT
distance_low_168,98.0,0.1129801089835789,0.07675061482352456,0.01898336448598137,0.03392037542856555,0.054592903721581154,0.08835105875070304,0.1423173737415468,0.2739364492151633,0.3330956666666667,B_opportunities,2021,BTC/USDT
candles_since_prior_signal,98.0,89.66326530612245,46.0703057254912,5.0,25.85,60.25,85.0,111.25,166.89999999999995,267.0,B_opportunities,2021,BTC/USDT
source_synthetic,98.0,0.0,0.0,0.0,0.0,0.0,0.0,0.0,0.0,0.0,B_opportunities,2021,BTC/USDT
return_1h,98.0,0.00031986181471094785,0.008894329465800724,-0.016480389675968543,-0.012869222945503089,-0.003817540283123866,-0.00037673094910273264,0.0027463070070471995,0.014456304550686633,0.04249667994687911,B_opportunities,2021,BTC/USDT
return_3h,98.0,0.005296399128259487,0.018017059535498425,-0.020913536035783054,-0.01430877525938372,-0.005466195407028418,0.00026911760601899815,0.013947057652079375,0.04316668612275833,0.10490428449527545,B_opportunities,2021,BTC/USDT
return_6h,98.0,0.012412889408904946,0.02506612233032762,-0.03722122065951905,-0.02196151797929574,-0.001601375797815191,0.009528812230265693,0.023735191011302836,0.05270176493965366,0.11189042709987773,B_opportunities,2021,BTC/USDT
return_12h,98.0,0.02328862298661053,0.02818182142377821,-0.0415195827942898,-0.011086749163020248,0.00566903579842809,0.01883838601064225,0.0373687297327473,0.071602705059953,0.13882009987189226,B_opportunities,2021,BTC/USDT
return_24h,98.0,0.03146265852859192,0.029226591399846003,-0.021071824937789918,-0.0040574874730323895,0.014026355314566918,0.02624520125724228,0.04542460424431616,0.09052870956564939,0.15883053634023026,B_opportunities,2021,BTC/USDT
return_72h,98.0,-0.0028292019851432165,0.059404828541063874,-0.15559857578469516,-0.10607221192841326,-0.03602275320684681,-0.005361461911718934,0.034501083357245665,0.08356889506973404,0.1486284503358608,B_opportunities,2021,BTC/USDT
return_168h,98.0,0.007446587224947779,0.10381966970659737,-0.18885387944016885,-0.13735701090287852,-0.06615774202117575,0.0006907473485406324,0.0491620997908056,0.2351834277360725,0.32011535518008616,B_opportunities,2021,BTC/USDT
volatility_ratio_24_168,98.0,0.9472759165807313,0.23721508418572518,0.5158930497463995,0.624190640783204,0.7808439248766289,0.940221880270748,1.0973387834958501,1.303973488341359,1.8561030691667093,B_opportunities,2021,BTC/USDT
natr_ratio_168,98.0,0.9631210685122598,0.19154547245737483,0.6504817371497642,0.6931926100750397,0.8308097339639093,0.924419423560769,1.067125160472426,1.3161479195927588,1.5446471270380682,B_opportunities,2021,BTC/USDT
up_fraction_24,98.0,0.5471938775510204,0.07391777301278275,0.375,0.4166666666666667,0.5,0.5416666666666666,0.5833333333333334,0.6666666666666666,0.7083333333333334,B_opportunities,2021,BTC/USDT
volume_price_interaction,98.0,0.0028417630969945727,0.02364468434771796,-0.055557877839342705,-0.015124306011785238,-0.0036821999902917303,-0.0004668455211424196,0.0018606112216392728,0.03683287687261921,0.19018083251333479,B_opportunities,2021,BTC/USDT
range_expansion_24,98.0,1.0081576789148348,0.6352031645806467,0.33976595859996805,0.48331782343828705,0.622384791979973,0.8108655098179833,1.1628988463710925,2.12086077067169,4.716329249740798,B_opportunities,2021,BTC/USDT
signal_density_168,98.0,0.015184645286686099,0.004844223509010174,0.005952380952380952,0.011011904761904764,0.011904761904761904,0.011904761904761904,0.017857142857142856,0.023809523809523808,0.02976190476190476,B_opportunities,2021,BTC/USDT
ema20_distance,105.0,0.01479917055511845,0.018623937305251095,-0.04356133911989346,-0.013363707285327764,0.003188235548131413,0.013157497015946928,0.030044631888323403,0.04174412407936487,0.08368025640644516,B_opportunities,2021,ETH/USDT
ema50_distance,105.0,0.016947502909222617,0.02302648710950449,-0.05303309004974954,-0.017204874892163845,0.0017694224895872246,0.01668052441072243,0.03339318492226706,0.051393582204521324,0.08339970482720349,B_opportunities,2021,ETH/USDT
ema_gap,105.0,0.0019075551954263821,0.008160029493199546,-0.023512023588229285,-0.012762014905923822,-0.0020142777672826823,0.0033788641446408528,0.007035630461553481,0.014664104224094716,0.01932944428412324,B_opportunities,2021,ETH/USDT
ema20_slope_6,105.0,0.009248299190957324,0.009474996201268477,-0.01305671858974744,-0.004303007967966388,0.0035533454832452627,0.007559147291418489,0.014706792258432744,0.025069460749383585,0.04611131011680669,B_opportunities,2021,ETH/USDT
ema50_slope_6,105.0,0.0035040233474496457,0.004424442176481958,-0.009214129995314235,-0.003168407850016619,0.0006109620924348302,0.0031699068945036935,0.0063661710035489705,0.011475634679696967,0.013855439808326597,B_opportunities,2021,ETH/USDT
trend_efficiency_20,105.0,0.2966611940049278,0.15441920587512517,0.040106297422986846,0.05846075818334338,0.17554858934169304,0.2994039431453446,0.40536456365697043,0.5770978295779058,0.6981629069296229,B_opportunities,2021,ETH/USDT
range_ratio,105.0,0.015583246661390627,0.009199264029669441,0.003666189584938817,0.006051241610032851,0.009545272681249993,0.013060935183704431,0.018970730189627503,0.03603972896984089,0.057170996446183085,B_opportunities,2021,ETH/USDT
body_to_range,105.0,0.4493929565561495,0.23568335634497337,0.004141739530599083,0.07526446865501923,0.2846091205211829,0.41370174110523317,0.6307870370370364,0.8293617670604484,0.9532432833605515,B_opportunities,2021,ETH/USDT
close_location,105.0,0.5574856790666569,0.28494742764047337,0.024469567910793383,0.11529294309299708,0.3069450186027258,0.5614633390172087,0.836698271054095,0.9472314699172374,0.9990460290961134,B_opportunities,2021,ETH/USDT
natr14,105.0,0.016309993129923477,0.0073101032951610615,0.006243588917433945,0.009156969035575967,0.011527871038764804,0.01446638690616376,0.019047935466151487,0.028675236074699507,0.051846833590763496,B_opportunities,2021,ETH/USDT
return_std_24,105.0,0.010226008015096568,0.004647651157352703,0.002107429682780778,0.004935453004649367,0.0071413814032060775,0.009132344052598801,0.012228211277000533,0.019259554161292988,0.02752700754844192,B_opportunities,2021,ETH/USDT
return_std_168,105.0,0.01137939728414235,0.004655680956922581,0.004907735758178144,0.00638295965216515,0.007997268873463574,0.009666903270783098,0.013708413540483135,0.020311702182770244,0.030372296609265707,B_opportunities,2021,ETH/USDT
volatility_percentile_720,105.0,0.4271031746031746,0.30936827696883906,0.001388888888888889,0.020555555555555556,0.15416666666666667,0.3527777777777778,0.7472222222222222,0.9277777777777777,0.9638888888888889,B_opportunities,2021,ETH/USDT
rsi14,105.0,58.67588881428937,9.13348542191453,25.337118183258447,43.9485167379545,52.12251676421177,59.2376338756007,64.90585645432773,71.80414651352238,76.44556659284127,B_opportunities,2021,ETH/USDT
macd_ratio,105.0,0.006209803066851872,0.00567950360367087,-0.00749030555890948,-0.002081105241208164,0.002701570363170939,0.005725424205979704,0.009824541881231745,0.015533657243283924,0.028573407223681454,B_opportunities,2021,ETH/USDT
macd_signal_ratio,105.0,0.0035282859044925723,0.0032688495001600916,-0.0066218088743937855,-0.001099879922991343,0.0016471762850713964,0.003483767414437954,0.005501928522892335,0.008641626762831303,0.01416045216659245,B_opportunities,2021,ETH/USDT
relative_volume_24,105.0,1.0537330205430127,0.5267851756104783,0.3508128333912377,0.491565021498367,0.7035687691617399,0.9207519206148875,1.220228323354492,1.9436552506790044,3.144707935302001,B_opportunities,2021,ETH/USDT
volume_zscore_24,105.0,0.05228893072053015,1.072148850502997,-1.5719047954638068,-1.3237032953174621,-0.6697892515844122,-0.1692317733415859,0.4149045688292044,2.101203854968724,3.834611602214091,B_opportunities,2021,ETH/USDT
volume_trend_24_168,105.0,-0.11685914081947327,0.20906825105451718,-0.49736579153649363,-0.4040451157125736,-0.2822111650715712,-0.13224750065108715,0.02222308961836683,0.22821713362027637,0.7356658024905784,B_opportunities,2021,ETH/USDT
regime_duration,105.0,92.83809523809524,157.80971524943018,1.0,1.0,4.0,15.0,80.0,467.1999999999997,677.0,B_opportunities,2021,ETH/USDT
regime_transition,105.0,0.12380952380952381,0.3309438162646485,0.0,0.0,0.0,0.0,0.0,1.0,1.0,B_opportunities,2021,ETH/USDT
hour_of_day,105.0,12.457142857142857,7.6736669744760775,0.0,0.20000000000000018,6.0,12.0,20.0,23.0,23.0,B_opportunities,2021,ETH/USDT
day_of_week,105.0,2.857142857142857,2.1096325392232296,0.0,0.0,1.0,3.0,5.0,6.0,6.0,B_opportunities,2021,ETH/USDT
distance_high_24,105.0,-0.016895922086884077,0.016401016660836248,-0.08480722074398706,-0.04769840156207865,-0.02249214592032056,-0.012352239170013157,-0.0054851603027469276,-0.001356972439957627,-0.0005426863888325917,B_opportunities,2021,ETH/USDT
distance_low_24,105.0,0.0730147553222853,0.05358927520803923,0.01171309044549984,0.02544118879832227,0.047248407643312174,0.060052884615384494,0.08823148813803017,0.14691988619743784,0.40315489894373946,B_opportunities,2021,ETH/USDT
distance_high_168,105.0,-0.07819122154622911,0.06685484000098217,-0.31971753171177686,-0.2087948676093499,-0.11525019179950557,-0.057218798151001504,-0.028797042292650676,-0.007284019692795273,-0.0013282587039259441,B_opportunities,2021,ETH/USDT
distance_low_168,105.0,0.16643837332711794,0.11622494664841798,0.020503993215962746,0.041264010223076,0.08715427657873698,0.13258167248818564,0.22899364357630025,0.3349547712352414,0.6756374928312656,B_opportunities,2021,ETH/USDT
candles_since_prior_signal,105.0,83.72380952380952,46.88621563015313,2.0,18.0,54.0,78.0,103.0,168.39999999999998,237.0,B_opportunities,2021,ETH/USDT
source_synthetic,105.0,0.0,0.0,0.0,0.0,0.0,0.0,0.0,0.0,0.0,B_opportunities,2021,ETH/USDT
return_1h,105.0,0.001578443515333968,0.010503672877061684,-0.023727587262422634,-0.012909908624229294,-0.005124622568969173,0.0007461415811391703,0.006278897852548093,0.018008791140580183,0.04886911168741115,B_opportunities,2021,ETH/USDT
return_3h,105.0,0.004308280394638641,0.015415237008718389,-0.04882738769346917,-0.019517474549824044,-0.0024288647970779342,0.0038854051395549316,0.013820636258207841,0.02942669002080471,0.043883153733174085,B_opportunities,2021,ETH/USDT
return_6h,105.0,0.012564706134732418,0.026310834115792717,-0.06381965852157612,-0.02818585465919425,-0.002433784798949179,0.008158186446544535,0.028310090237899876,0.05804615365855529,0.07340041456751822,B_opportunities,2021,ETH/USDT
return_12h,105.0,0.024442289130437875,0.03107653981415335,-0.05808343360474766,-0.02749700435113298,0.0026056531344087475,0.024075943071949713,0.0473977314606282,0.07203214945082004,0.12034381307357989,B_opportunities,2021,ETH/USDT
return_24h,105.0,0.0416706303696071,0.04391055953310931,-0.03797131807927823,-0.004473967150075597,0.018249088439265204,0.032180449700547564,0.05387205387205407,0.10606768697323238,0.30168093594513423,B_opportunities,2021,ETH/USDT
return_72h,105.0,-0.002824639495982133,0.06848868598845256,-0.18196656329423833,-0.11434779311652367,-0.04966416756271075,-0.0029178671710617943,0.03498889216859058,0.10531751454735164,0.17454682881399397,B_opportunities,2021,ETH/USDT
return_168h,105.0,0.03570726900663197,0.14406691383260095,-0.2841320245775367,-0.1584348073109445,-0.05011642389126547,0.029474256894358675,0.10039745342061734,0.2581907835015111,0.6640227809417976,B_opportunities,2021,ETH/USDT
volatility_ratio_24_168,105.0,0.9084798450676881,0.21528529247878106,0.3780937086647156,0.5540944947347782,0.79171935696941,0.8912457340275074,1.0594443173743715,1.250549405415104,1.6215283049066618,B_opportunities,2021,ETH/USDT
natr_ratio_168,105.0,0.9260060824270584,0.19272375252751942,0.5830023473019229,0.687120875805957,0.7670263924370943,0.8989703815669066,1.0424735415512782,1.3101643634666365,1.4741902816294512,B_opportunities,2021,ETH/USDT
up_fraction_24,105.0,0.559126984126984,0.08585545372111747,0.2916666666666667,0.38333333333333336,0.5,0.5416666666666666,0.625,0.6666666666666666,0.7083333333333334,B_opportunities,2021,ETH/USDT
volume_price_interaction,105.0,0.0026456107215707568,0.015305240508575508,-0.04295675506141034,-0.013629953982026804,-0.004314917180126753,0.0007578864615802397,0.004985911347019414,0.034572114279485124,0.05687330160205392,B_opportunities,2021,ETH/USDT
range_expansion_24,105.0,0.9741723133719246,0.4497458926325803,0.4023205238178052,0.5010988176990134,0.6670808758923936,0.8316035225469526,1.1460564310145627,1.8979760780853228,2.7053349395973916,B_opportunities,2021,ETH/USDT
signal_density_168,105.0,0.016043083900226754,0.005959462907238301,0.005952380952380952,0.0071428571428571435,0.011904761904761904,0.017857142857142856,0.017857142857142856,0.023809523809523808,0.041666666666666664,B_opportunities,2021,ETH/USDT
ema20_distance,106.0,0.007281284161380846,0.009998786865690702,-0.007048884979781622,-0.003343638444280761,0.0006451612285894859,0.004610535949619354,0.011114628340128885,0.025214807609807988,0.05204132433278885,B_opportunities,2022,BTC/USDT
ema50_distance,106.0,0.00740082539166365,0.012326138748476323,-0.01767730209902496,-0.006134152674644816,-0.000547893545625483,0.005240885491794245,0.013678645580013027,0.024500614495489348,0.06084433426597857,B_opportunities,2022,BTC/USDT
ema_gap,106.0,6.833236239745376e-05,0.00426689075430789,-0.01630592354859011,-0.005448396852310988,-0.001942472631120433,0.0005113818436886604,0.001986301732427016,0.006025621409500812,0.012369076611979495,B_opportunities,2022,BTC/USDT
ema20_slope_6,106.0,0.003996276681852864,0.005731965575446378,-0.0035734845449542085,-0.001021225878993115,0.00040612075276585946,0.0026218747368250694,0.005813196830660838,0.012828596048090002,0.03314635320294168,B_opportunities,2022,BTC/USDT
ema50_slope_6,106.0,0.001297526396457999,0.002639507239967278,-0.005001307911165598,-0.001657516135507603,-0.00022458790886906166,0.0007048971538087256,0.0022188949109643308,0.005748800953682354,0.014177776405768672,B_opportunities,2022,BTC/USDT
trend_efficiency_20,106.0,0.27580051451533566,0.1563468854627794,0.0046692857602869545,0.03799192904017948,0.1606270898947455,0.2682540311672099,0.3589773502229323,0.565514497998536,0.6183942623401913,B_opportunities,2022,BTC/USDT
range_ratio,106.0,0.008727489883915421,0.006310196535567132,0.001054274225189437,0.00238881348048141,0.0048420093891639645,0.006621031584057439,0.01148235251767114,0.021236879444712524,0.032279818095454174,B_opportunities,2022,BTC/USDT
body_to_range,106.0,0.42923165259873586,0.22012703570172407,0.012018563325528035,0.11597842150615909,0.24338447980831407,0.41024871590635,0.5954082949517335,0.8005340863676801,0.9520202020202023,B_opportunities,2022,BTC/USDT
close_location,106.0,0.5177855943456063,0.2954859106461469,0.0,0.05695675016288081,0.2431745325427067,0.5646648644325974,0.7832395628133485,0.9161554607409309,0.9945571079761274,B_opportunities,2022,BTC/USDT
natr14,106.0,0.008608319664383777,0.004557921708949172,0.002053765472925956,0.0029683910381502776,0.005437368253389747,0.007837145901563269,0.010119643667810412,0.016326083654000893,0.025753403030958015,B_opportunities,2022,BTC/USDT
return_std_24,106.0,0.005707861703115249,0.003566939808882655,0.0010364986821732112,0.001713935472230122,0.003521350328246615,0.005089784123428743,0.006535379205544568,0.013797326251604186,0.018897526533732337,B_opportunities,2022,BTC/USDT
return_std_168,106.0,0.006224403166421822,0.0027717537771909614,0.0016126207955602747,0.0025828323125378122,0.004668182827794814,0.00563499528272679,0.007123932439717208,0.012583179808372239,0.015338828569343193,B_opportunities,2022,BTC/USDT
volatility_percentile_720,106.0,0.40728511530398326,0.30186283604601283,0.001388888888888889,0.03333333333333333,0.128125,0.3298611111111111,0.6631944444444444,0.9138888888888889,0.9583333333333334,B_opportunities,2022,BTC/USDT
rsi14,106.0,57.11337666938519,8.148789641471415,41.525494734687136,45.93491026948804,51.0878033508357,56.31835678879079,62.26541862543643,72.67821582452758,83.07796029648296,B_opportunities,2022,BTC/USDT
macd_ratio,106.0,0.0029404165011752007,0.0036282205724097057,-0.002069359184821942,-0.0010247076476264437,0.0005289335536448706,0.0021876359693720673,0.003960081172365077,0.008709916567186008,0.018065357390291862,B_opportunities,2022,BTC/USDT
macd_signal_ratio,106.0,0.0017534184028168967,0.0023782903894151394,-0.003116598326285947,-0.0009356012290628045,0.00012583865576688613,0.0013011489689614888,0.002604895993255705,0.006013415589930807,0.011188817287229187,B_opportunities,2022,BTC/USDT
relative_volume_24,106.0,1.1285098566411274,0.7599490937770249,0.27148176178460154,0.3682400824253088,0.6709200973861488,0.9643634847166518,1.3006880140812491,2.4764014655850257,4.7376220713472845,B_opportunities,2022,BTC/USDT
volume_zscore_24,106.0,0.25122570908740904,1.3514898402957063,-2.4100237906804227,-1.0398965234165591,-0.690981214616358,-0.09851817215556244,0.8745998663648085,3.1227946782149703,4.335835262462218,B_opportunities,2022,BTC/USDT
volume_trend_24_168,106.0,-0.04587809788005938,0.31139841884891717,-0.6673721291421744,-0.5608795537309081,-0.26829343736096206,-0.03672507333114006,0.1503122978526662,0.4423274367550133,0.9672691265050943,B_opportunities,2022,BTC/USDT
regime_duration,106.0,19.20754716981132,19.496870069263785,1.0,1.0,3.25,16.0,24.0,59.0,90.0,B_opportunities,2022,BTC/USDT
regime_transition,106.0,0.11320754716981132,0.3183515492264469,0.0,0.0,0.0,0.0,0.0,1.0,1.0,B_opportunities,2022,BTC/USDT
hour_of_day,106.0,12.075471698113208,6.766441159565198,0.0,2.0,7.0,11.0,17.0,23.0,23.0,B_opportunities,2022,BTC/USDT
day_of_week,106.0,3.141509433962264,2.0996084861583717,0.0,0.0,1.0,3.0,5.0,6.0,6.0,B_opportunities,2022,BTC/USDT
distance_high_24,106.0,-0.011627128509588861,0.011051989779142811,-0.07065901469284142,-0.03224332569304941,-0.01358953598713919,-0.00906548579408295,-0.005459229026251039,-0.0020213778886203904,-0.0004153029596397628,B_opportunities,2022,BTC/USDT
distance_low_24,106.0,0.035825723526071766,0.02580602129614333,0.0029712411938498384,0.006776244651863383,0.018027506423861084,0.032006505014556375,0.04512814231975021,0.0875093868870575,0.15226879564553375,B_opportunities,2022,BTC/USDT
distance_high_168,106.0,-0.06329596514954874,0.053268651237539474,-0.2903267100977198,-0.16629013440373783,-0.08065776399012725,-0.04863360556337887,-0.027807265603304238,-0.011843549134394976,-0.001363863170150359,B_opportunities,2022,BTC/USDT
distance_low_168,106.0,0.05976620659595143,0.041519921918122045,0.009016521381593812,0.016376807293656426,0.031597812935482916,0.049054648594002104,0.0695743219811516,0.14409544313174988,0.2291795862068966,B_opportunities,2022,BTC/USDT
candles_since_prior_signal,106.0,82.72641509433963,52.29541234888909,5.0,25.25,49.0,68.0,95.0,199.75,231.0,B_opportunities,2022,BTC/USDT
source_synthetic,106.0,0.0,0.0,0.0,0.0,0.0,0.0,0.0,0.0,0.0,B_opportunities,2022,BTC/USDT
return_1h,106.0,0.0014450135122271216,0.006048732369544149,-0.016213004470254755,-0.005808503535663784,-0.0021191276766812095,0.0007782460642135058,0.002859083662336559,0.01267610733061253,0.02340161864376933,B_opportunities,2022,BTC/USDT
return_3h,106.0,0.003648742957060557,0.0102810300083653,-0.031086327032020522,-0.006951761913862042,-0.002336611082309148,0.0014132317564844454,0.007363046585145416,0.02480199019529744,0.03672971367009725,B_opportunities,2022,BTC/USDT
return_6h,106.0,0.0055258429784505675,0.014494418932756959,-0.029709535954951516,-0.008990818664164985,-0.0023106364549405622,0.001865318017484241,0.010654082535303366,0.02630582946979232,0.08754529307282422,B_opportunities,2022,BTC/USDT
return_12h,106.0,0.01077007716561797,0.01865132673006551,-0.027725364723206525,-0.009281303561092358,-0.0008979360010632209,0.006143351795959817,0.01897877181369484,0.0426581112961934,0.0777587529643331,B_opportunities,2022,BTC/USDT
return_24h,106.0,0.021454237507200973,0.021415317488566187,-0.01057395317505272,-0.003364494248996208,0.007356977978228818,0.016730250815058745,0.031734281156833355,0.0656295944395004,0.10915269291654428,B_opportunities,2022,BTC/USDT
return_72h,106.0,-0.002401569324217625,0.03642024855904968,-0.16285758329632993,-0.06714232213702512,-0.017546452487777836,0.00026752469445834315,0.018544867383208874,0.05094440940727918,0.07477072719861,B_opportunities,2022,BTC/USDT
return_168h,106.0,-0.02244498114161501,0.07290755120165382,-0.2859205842434277,-0.15069773598106073,-0.04978492513158278,-0.01118426943203521,0.01767290558791529,0.08374670047648852,0.20403827066984492,B_opportunities,2022,BTC/USDT
volatility_ratio_24_168,106.0,0.9038411521699977,0.3313004127716288,0.31352279880971945,0.43489183401481146,0.6350589906278602,0.8811045351473855,1.0723486651509204,1.4734833642732215,2.095089967884101,B_opportunities,2022,BTC/USDT
natr_ratio_168,106.0,0.9273448568131586,0.2837120753278327,0.417638157098696,0.5578586031036562,0.7176703499445738,0.9003477421807675,1.0751001378314773,1.3934096115638364,2.0318779301437595,B_opportunities,2022,BTC/USDT
up_fraction_24,106.0,0.5475628930817611,0.06617844024966445,0.3333333333333333,0.4583333333333333,0.5,0.5416666666666666,0.5833333333333334,0.625,0.6666666666666666,B_opportunities,2022,BTC/USDT
volume_price_interaction,106.0,0.003480903223523649,0.014104718768261925,-0.026293338544696274,-0.005901440361644767,-0.0016664998837136846,0.0006002507822219321,0.0025199767919879957,0.029403373305784596,0.09389638391421748,B_opportunities,2022,BTC/USDT
range_expansion_24,106.0,1.0729135326350405,0.7541629392100098,0.2130676696565954,0.4187997767440422,0.582220281065873,0.8298192041519546,1.3017235258882913,2.5349770420455586,4.284522564677442,B_opportunities,2022,BTC/USDT
signal_density_168,106.0,0.01594788858939802,0.005544236716917499,0.005952380952380952,0.005952380952380952,0.011904761904761904,0.017857142857142856,0.017857142857142856,0.023809523809523808,0.02976190476190476,B_opportunities,2022,BTC/USDT
ema20_distance,107.0,0.011989757401078419,0.015115793572684394,-0.010271530693459652,-0.004364997798822233,0.0017604010872906972,0.0097697717590699,0.01759965594253121,0.034858668399398184,0.09593036147859424,B_opportunities,2022,ETH/USDT
ema50_distance,107.0,0.012106519150259601,0.017750487150124884,-0.020618360174764816,-0.011142841320364394,0.0006202963559825969,0.009526366469481351,0.021476783071849637,0.037527438985406954,0.10404618272356259,B_opportunities,2022,ETH/USDT
ema_gap,107.0,3.311523786910558e-05,0.0064873867161803905,-0.02628286483980514,-0.011159197645292128,-0.0028012350282237706,0.0006863978496871431,0.0039484169127552305,0.00958441317325068,0.013846420954096881,B_opportunities,2022,ETH/USDT
ema20_slope_6,107.0,0.006215946037606077,0.007596425671957811,-0.006055005624729604,-0.0028189355488482336,0.0016454567806950537,0.00468407337873078,0.009114540755637002,0.020397219514438483,0.04159372582809184,B_opportunities,2022,ETH/USDT
ema50_slope_6,107.0,0.0019853065503504935,0.0036462598019127855,-0.008676855994962707,-0.0029408399423042405,-0.00017574597228225963,0.0016253170892046587,0.0038248910467992836,0.007305447556720022,0.014726215736504455,B_opportunities,2022,ETH/USDT
trend_efficiency_20,107.0,0.2843089790069229,0.1715465570794876,0.0007079646017732948,0.03089573779542672,0.1600574487390617,0.24932389315992698,0.4073178565238599,0.6009000148406844,0.7283395404398852,B_opportunities,2022,ETH/USDT
range_ratio,107.0,0.011395589064595507,0.009180020908626314,0.0018615407324793604,0.002828505640347896,0.005036568922878432,0.008964015543566278,0.01488403476994686,0.029182620238681574,0.05302433128382991,B_opportunities,2022,ETH/USDT
body_to_range,107.0,0.4579072695629396,0.25463909529772816,0.005537098560349355,0.08642217637228541,0.24255685283610123,0.4676584734799483,0.6310198336796099,0.8671422505702397,0.9600000000000027,B_opportunities,2022,ETH/USDT
close_location,107.0,0.5502043833670878,0.2568117174440264,0.0007524454477043591,0.08062854355909918,0.358203543098376,0.5577751664708235,0.7355867595552136,0.9145965640775016,1.0,B_opportunities,2022,ETH/USDT
natr14,107.0,0.011690184419752838,0.006065081583208516,0.00241087873441796,0.004733600407324359,0.007699693157165897,0.010585833112175203,0.014139605959557478,0.02160151283710152,0.03476973872274368,B_opportunities,2022,ETH/USDT
return_std_24,107.0,0.0077517346635393005,0.0046238517439815986,0.0013044868972499838,0.0025677912025395735,0.0047415676675854074,0.006631950292205356,0.009530345077041967,0.015305968157870855,0.027247236778402965,B_opportunities,2022,ETH/USDT
return_std_168,107.0,0.008305723683428558,0.003700301411738766,0.002469641683467283,0.004168913371209643,0.005831757675397377,0.007708842697597628,0.009456175092000111,0.016970763169598592,0.021966697946868126,B_opportunities,2022,ETH/USDT
volatility_percentile_720,107.0,0.42685617860851505,0.3009046012933429,0.001388888888888889,0.015972222222222228,0.14583333333333331,0.4013888888888889,0.6756944444444445,0.9209722222222221,0.9847222222222223,B_opportunities,2022,ETH/USDT
rsi14,107.0,58.2106135248111,7.99469386288113,42.563861339339,46.515208613260235,52.40227184759267,57.53760532139706,64.00183888862674,73.1960141524194,75.69768882608008,B_opportunities,2022,ETH/USDT
macd_ratio,107.0,0.004462119806474831,0.005027840649412234,-0.0042017532667693895,-0.0016492538478080484,0.0013797215770431095,0.0030558303031292203,0.00631257506306185,0.012760335859680975,0.025736901294622395,B_opportunities,2022,ETH/USDT
macd_signal_ratio,107.0,0.0025262635373437116,0.0032232744441189494,-0.005853659321819745,-0.0018349952477248277,0.0004527689923506749,0.0019178394785912612,0.003635413192423458,0.009271115484972187,0.012773294918531974,B_opportunities,2022,ETH/USDT
relative_volume_24,107.0,1.054468821896448,0.7762520419351673,0.27332246584887665,0.4543130129411863,0.6139787462188535,0.8337162189643935,1.2208860671750286,2.339283620976956,5.038529139966058,B_opportunities,2022,ETH/USDT
volume_zscore_24,107.0,0.03961655792082186,1.123438138629017,-1.2788586117676926,-1.048968145616331,-0.6974846479363559,-0.33342944397277335,0.44051798213793064,2.2288633328425136,4.364705150571459,B_opportunities,2022,ETH/USDT
volume_trend_24_168,107.0,-0.07651390366829959,0.34567339842662964,-0.6528086906353376,-0.559561202832979,-0.3374273134019183,-0.11418320587827668,0.11072424310368834,0.4843207475944639,1.3658281158101344,B_opportunities,2022,ETH/USDT
regime_duration,107.0,27.925233644859812,44.01344154348191,1.0,2.0,4.0,13.0,31.5,106.59999999999991,299.0,B_opportunities,2022,ETH/USDT
regime_transition,107.0,0.04672897196261682,0.21205097153765953,0.0,0.0,0.0,0.0,0.0,0.0,1.0,B_opportunities,2022,ETH/USDT
hour_of_day,107.0,10.785046728971963,6.960844718560313,0.0,0.0,5.0,10.0,16.0,22.0,23.0,B_opportunities,2022,ETH/USDT
day_of_week,107.0,2.8878504672897196,2.06647591188723,0.0,0.0,1.0,3.0,5.0,6.0,6.0,B_opportunities,2022,ETH/USDT
distance_high_24,107.0,-0.013335859119012031,0.011024863644423715,-0.06709862066224104,-0.03647420218268511,-0.01684606480457268,-0.010544801869129872,-0.005960961492298578,-0.0026898201461208714,-0.001225735826947849,B_opportunities,2022,ETH/USDT
distance_low_24,107.0,0.052005811069106525,0.042177098594165865,0.003548230412697917,0.010286385173990987,0.02373601051910601,0.0393726474278544,0.06679673783516571,0.1260842287354536,0.2672201380718773,B_opportunities,2022,ETH/USDT
distance_high_168,107.0,-0.08436333106613908,0.07074924250083994,-0.3598199672667758,-0.2178276571578625,-0.12532896682240235,-0.06434702353484079,-0.026277868412515393,-0.01009544819950548,-0.003429488586135343,B_opportunities,2022,ETH/USDT
distance_low_168,107.0,0.09388814966624633,0.06487202827362587,0.014182175334021885,0.025189684068557018,0.051163342302797066,0.07379550690110048,0.1213262671076848,0.23424482327856058,0.3188294994370977,B_opportunities,2022,ETH/USDT
candles_since_prior_signal,107.0,81.89719626168224,49.515184364303124,3.0,21.6,52.0,70.0,92.5,174.7,269.0,B_opportunities,2022,ETH/USDT
source_synthetic,107.0,0.0,0.0,0.0,0.0,0.0,0.0,0.0,0.0,0.0,B_opportunities,2022,ETH/USDT
return_1h,107.0,0.002469719107829645,0.009636488086479515,-0.02340563789955752,-0.006440090735434466,-0.0022363489680952697,0.000413917773967043,0.0053488495966549365,0.022323471717069537,0.038237579227152096,B_opportunities,2022,ETH/USDT
return_3h,107.0,0.007145962835131597,0.015441396439885471,-0.0143596319878323,-0.007821198498687043,-0.0023596695567351667,0.002061107294245801,0.013662354738204985,0.0349509202083869,0.0898001259950747,B_opportunities,2022,ETH/USDT
return_6h,107.0,0.008629314387926365,0.017759226800618637,-0.03702700706565887,-0.01159511202190111,-0.0026949529468310307,0.003530539163766555,0.020208356905421,0.03480984843728147,0.10045107564191547,B_opportunities,2022,ETH/USDT
return_12h,107.0,0.018426119417195637,0.028404897926134428,-0.024164916030909422,-0.011746008436757592,0.00010439438837389625,0.011991979934589114,0.030435852727053403,0.06723865571828487,0.1792641864116178,B_opportunities,2022,ETH/USDT
return_24h,107.0,0.03466744849262589,0.03898258696606124,-0.010433601803923054,-0.0003766230484908754,0.010125656513178205,0.025971389173230053,0.04824457727586273,0.0930916192295003,0.26263754492673486,B_opportunities,2022,ETH/USDT
return_72h,107.0,-0.003722901785050222,0.04881844419551184,-0.15866446616732255,-0.09415711583268763,-0.02777338889839931,0.001088959624727881,0.027846058714720123,0.06479507675809801,0.1046664211471009,B_opportunities,2022,ETH/USDT
return_168h,107.0,-0.022477243416322724,0.10957955605104568,-0.3538342088743516,-0.20990631060981596,-0.0796826492909169,-0.01703106462313264,0.03033334116133035,0.15631593056246043,0.31589977450101014,B_opportunities,2022,ETH/USDT
volatility_ratio_24_168,107.0,0.9199677438950379,0.32196277706820803,0.3656927667143278,0.480134323761666,0.679654404890094,0.8832094929666093,1.1000481079858933,1.4624652378408594,2.0481227363212007,B_opportunities,2022,ETH/USDT
natr_ratio_168,107.0,0.9429785688664575,0.27388371629699587,0.42205665298752304,0.5752283116991878,0.7387303175444202,0.9244414166561287,1.1179541435725349,1.3934504844312599,1.9203862431990577,B_opportunities,2022,ETH/USDT
up_fraction_24,107.0,0.5432242990654206,0.06913787421786012,0.3333333333333333,0.4166666666666667,0.5,0.5416666666666666,0.5833333333333334,0.625,0.7083333333333334,B_opportunities,2022,ETH/USDT
volume_price_interaction,107.0,0.005521242991434794,0.02505859837765261,-0.06657332613723627,-0.006227660334444268,-0.0014726806403722672,0.00034508996147396157,0.0037427103184450453,0.0327879770222119,0.14614237633512633,B_opportunities,2022,ETH/USDT
range_expansion_24,107.0,0.9573825180951311,0.6149819093103835,0.3550278006341118,0.38749299016369637,0.608966059406135,0.7927643971371187,1.0911579918036627,2.02894662388662,4.151717443309587,B_opportunities,2022,ETH/USDT
signal_density_168,107.0,0.016688918558077432,0.00608781527243543,0.005952380952380952,0.005952380952380952,0.011904761904761904,0.017857142857142856,0.017857142857142856,0.02976190476190476,0.041666666666666664,B_opportunities,2022,ETH/USDT
ema20_distance,115.0,0.006352678095821062,0.009126244263213897,-0.013536415095536825,-0.002044470374945306,0.0008510602128649625,0.00309105704647461,0.009318426231634147,0.025464069960360252,0.05035009454341832,B_opportunities,2023,BTC/USDT
ema50_distance,115.0,0.007361794564775976,0.011294078558145262,-0.01803525210305057,-0.0044478485217421485,-1.562216456263421e-05,0.003652159973106528,0.012163787663585057,0.027906841820669957,0.053177978305301465,B_opportunities,2023,BTC/USDT
ema_gap,115.0,0.0009534297173045123,0.0034964732466491117,-0.01180011947180033,-0.004148237122858712,-0.0006601527306648667,0.0007247130466323027,0.002658453992182476,0.005415705461567332,0.01393009856595917,B_opportunities,2023,BTC/USDT
ema20_slope_6,115.0,0.002964726196291532,0.0037842997500384355,-0.0062851717449503575,-0.0007076610291813946,0.0005299954690379804,0.0018751211346514918,0.004656789282763585,0.010292163033109668,0.01666848984145819,B_opportunities,2023,BTC/USDT
ema50_slope_6,115.0,0.0011977096979083114,0.001924474724951617,-0.003577327298896704,-0.0009206281462667554,-7.496665307382688e-05,0.0006401735610817028,0.0023371903475380984,0.004746592370884128,0.008112749568260691,B_opportunities,2023,BTC/USDT
trend_efficiency_20,115.0,0.2807205047403322,0.1626081128079207,0.004960897727520825,0.061876228964340405,0.16077692647307987,0.2647333644797436,0.3931099695612047,0.6064163538696291,0.7839444499950048,B_opportunities,2023,BTC/USDT
range_ratio,115.0,0.006391799562474649,0.007293862872471418,0.00022663817436318763,0.0011920922413802056,0.0024316256506294954,0.004451380125803849,0.007087308993007881,0.01675982190397924,0.059653652349426364,B_opportunities,2023,BTC/USDT
body_to_range,115.0,0.468812607724409,0.2525372375400049,0.000743218134471114,0.06769331777218474,0.2580174111176194,0.4671714440237788,0.6602564875231431,0.8716605055642787,0.9684572219612833,B_opportunities,2023,BTC/USDT
close_location,115.0,0.5523227561694639,0.2853795470406077,5.523336094117277e-05,0.06990462865460614,0.32822964492612533,0.5884137094328259,0.7991565299736474,0.9705611019795989,1.0,B_opportunities,2023,BTC/USDT
natr14,115.0,0.00518758224345674,0.0024424857711675446,0.001017511384105987,0.0017851000821699704,0.003258467083310607,0.005015764126922831,0.006594023964291923,0.009984725675794538,0.011632197852738384,B_opportunities,2023,BTC/USDT
return_std_24,115.0,0.0033329759078199643,0.0019096415135251622,0.0005150827715927967,0.000818331658020702,0.002062402171976915,0.003103296264765251,0.004377437925075303,0.006462011741185529,0.011453835567519482,B_opportunities,2023,BTC/USDT
return_std_168,115.0,0.00421116111763972,0.0015116885145281262,0.0015983603880811632,0.0023116834453734162,0.003172598464326524,0.003928510587643686,0.005012321930685575,0.007464957062550377,0.008772964791774852,B_opportunities,2023,BTC/USDT
volatility_percentile_720,115.0,0.41839371980676326,0.2984300978690364,0.001388888888888889,0.01152777777777778,0.18541666666666667,0.38333333333333336,0.6770833333333333,0.9341666666666667,0.95,B_opportunities,2023,BTC/USDT
rsi14,115.0,58.898938179354886,10.023894617618753,37.451035739719465,43.460928038944346,52.4387332595805,56.93209177005409,65.86294321969744,77.00133498388996,89.42802827416168,B_opportunities,2023,BTC/USDT
macd_ratio,115.0,0.0020335197623581056,0.002471748004791217,-0.0028315028532750934,-0.0005530865163074145,0.0002798519685691726,0.0011223653974660657,0.00329354265320805,0.006776233213861438,0.011308979941643107,B_opportunities,2023,BTC/USDT
macd_signal_ratio,115.0,0.0010482218836523997,0.001465350430277103,-0.0025244936589412076,-0.0005258540752705167,5.42203364289349e-05,0.0006601320036183995,0.0016343065621899576,0.00399784956745679,0.006899145290118841,B_opportunities,2023,BTC/USDT
relative_volume_24,115.0,1.4427624785440534,1.625179841530264,0.32649514986725214,0.45377585598286685,0.6449484647636947,0.8896629883937179,1.3475018138584922,4.020777106547953,13.105606052990979,B_opportunities,2023,BTC/USDT
volume_zscore_24,115.0,0.39472620706776246,1.5529150726386944,-1.7454756528276612,-1.0337352328948042,-0.6524689905330707,-0.18620313996889604,0.5554200197691777,3.990290936983138,4.675907088307526,B_opportunities,2023,BTC/USDT
volume_trend_24_168,115.0,-0.16787770485204312,0.3369048736904118,-0.7663570807232212,-0.6286130160362907,-0.4388581217850824,-0.15899558421040116,0.028871452856945923,0.33915893779445105,0.8803259157625358,B_opportunities,2023,BTC/USDT
regime_duration,115.0,19.156521739130437,19.17444905512296,1.0,1.0,3.0,12.0,30.0,49.599999999999994,89.0,B_opportunities,2023,BTC/USDT
regime_transition,115.0,0.1391304347826087,0.3475971786810158,0.0,0.0,0.0,0.0,0.0,1.0,1.0,B_opportunities,2023,BTC/USDT
hour_of_day,115.0,12.365217391304348,6.933683908287553,0.0,1.0,6.0,13.0,18.0,22.0,23.0,B_opportunities,2023,BTC/USDT
day_of_week,115.0,3.4608695652173913,2.0912807983564448,0.0,0.0,2.0,4.0,5.5,6.0,6.0,B_opportunities,2023,BTC/USDT
distance_high_24,115.0,-0.0073935509928140805,0.005491800071176405,-0.03402414430484413,-0.018293399196765703,-0.009664923853065222,-0.006330212224770926,-0.00333149083307277,-0.000885488036090121,-0.00030614624137281776,B_opportunities,2023,BTC/USDT
distance_low_24,115.0,0.02155936297875029,0.015781153242008298,0.0016544390427191136,0.003852232093487085,0.008770092159950837,0.017814498933901968,0.030171952591515283,0.05414181799350746,0.06843156606716416,B_opportunities,2023,BTC/USDT
distance_high_168,115.0,-0.03236414715620389,0.02258349033659136,-0.12066951964147887,-0.0795679121753341,-0.04056671985608806,-0.027596774193548335,-0.016448858292039348,-0.004663906702206767,-0.00032956247740079103,B_opportunities,2023,BTC/USDT
distance_low_168,115.0,0.05558884945642237,0.05494257307008772,0.006684375728632785,0.01214403695775057,0.021854383956333323,0.03646677966101697,0.0661020196639226,0.15625126570421385,0.3613507768445965,B_opportunities,2023,BTC/USDT
candles_since_prior_signal,115.0,76.10434782608695,47.609591749400906,2.0,11.7,47.5,66.0,94.5,158.09999999999997,319.0,B_opportunities,2023,BTC/USDT
source_synthetic,115.0,0.0,0.0,0.0,0.0,0.0,0.0,0.0,0.0,0.0,B_opportunities,2023,BTC/USDT
return_1h,115.0,0.0017156936908815001,0.007231790035877269,-0.012602846395327383,-0.004662850190842782,-0.0010794610569365148,0.0005950900977531592,0.0028405683858619968,0.010526926774061682,0.05527521879318287,B_opportunities,2023,BTC/USDT
return_3h,115.0,0.003864433385778941,0.009086851945668157,-0.01031310403940311,-0.003406064186977431,-0.0010599221805361325,0.001282439556492987,0.004776638392550825,0.02070668640449777,0.05838105449162767,B_opportunities,2023,BTC/USDT
return_6h,115.0,0.00599600916651479,0.01149932105351716,-0.02033771549378449,-0.005379531786753822,-0.0003296652658372201,0.0018489549482516576,0.009959640119979185,0.030686479825897804,0.05916067810557912,B_opportunities,2023,BTC/USDT
return_12h,115.0,0.009599152596304755,0.013959704359602719,-0.03093766873127135,-0.0038360800666651486,0.0006745105776555516,0.004245335216166657,0.015574175224062348,0.039508754599104315,0.05314523941866378,B_opportunities,2023,BTC/USDT
return_24h,115.0,0.013044943880847685,0.01402153424852907,-0.006466665621865597,-0.001760817852008889,0.0029107122271685437,0.008015404424132067,0.01855008344076814,0.04343932984408818,0.057488210447552035,B_opportunities,2023,BTC/USDT
return_72h,115.0,0.004092763321704801,0.03216518448751076,-0.0855224887852879,-0.043050654650937784,-0.007957519756342735,0.004879777327340573,0.016094835406560204,0.04314192716185425,0.15388891741371968,B_opportunities,2023,BTC/USDT
return_168h,115.0,0.019394741116741224,0.06870625592580476,-0.11227546386088771,-0.06798708356954,-0.015437337015095254,0.004825805248683146,0.033757201589946995,0.14655215580191114,0.35979285393228144,B_opportunities,2023,BTC/USDT
volatility_ratio_24_168,115.0,0.7947320586719142,0.3612026994127656,0.14252932079009137,0.29404272731127074,0.5329861936931142,0.7727350688517558,1.000729990317483,1.3595864057660954,2.2528891794795567,B_opportunities,2023,BTC/USDT
natr_ratio_168,115.0,0.8981451786448001,0.3187344180031954,0.2549916013080958,0.4887735916446684,0.679767829266197,0.8811540917377062,1.0539129050339602,1.4961399002585258,1.8986490081636884,B_opportunities,2023,BTC/USDT
up_fraction_24,115.0,0.5420289855072464,0.06991702915124506,0.375,0.4166666666666667,0.5,0.5416666666666666,0.5833333333333334,0.6666666666666666,0.7083333333333334,B_opportunities,2023,BTC/USDT
volume_price_interaction,115.0,0.011338528091363752,0.07172625397222977,-0.03737097260160403,-0.007705566817089541,-0.000806352198791828,0.0003861945513152313,0.0021589586471519994,0.03630604796357147,0.7244152419963381,B_opportunities,2023,BTC/USDT
range_expansion_24,115.0,1.3639192046267627,1.3728711182246371,0.17910324213307635,0.406628479649759,0.5946912457818585,0.9299193240087896,1.5269287315010955,3.7694303296360276,11.069440629431256,B_opportunities,2023,BTC/USDT
signal_density_168,115.0,0.01744306418219461,0.0058322111136892806,0.005952380952380952,0.011904761904761904,0.011904761904761904,0.017857142857142856,0.023809523809523808,0.02976190476190476,0.02976190476190476,B_opportunities,2023,BTC/USDT
ema20_distance,102.0,0.006602897237522307,0.00892338782379465,-0.006550828493674943,-0.001613844917216972,0.0009170604476231858,0.0034203566190625923,0.00993059347157077,0.022573375274935765,0.040303538039224485,B_opportunities,2023,ETH/USDT
ema50_distance,102.0,0.00747227195644645,0.011167123052040684,-0.01398107229776746,-0.0034815768850685936,0.0006349772398940856,0.003884473033546998,0.013581411899859674,0.030725368926428315,0.04630573873799526,B_opportunities,2023,ETH/USDT
ema_gap,102.0,0.0008142715779575387,0.003360543114765537,-0.010383598979197045,-0.005349879122682198,-0.0009122646378000112,0.000722681708850737,0.0026931685758557794,0.005939153231498127,0.011333945202991587,B_opportunities,2023,ETH/USDT
ema20_slope_6,102.0,0.003330010111999234,0.003996089706452891,-0.0038533567195420115,-0.0005785405912007434,0.0005429692669976505,0.0016487347913890504,0.005652586853625019,0.01064549152784556,0.01706879884537238,B_opportunities,2023,ETH/USDT
ema50_slope_6,102.0,0.00127937920826281,0.0019755369764029827,-0.0037191614940896844,-0.0012027029399992836,-3.1551500351001405e-06,0.000756527166593024,0.0024990149253588667,0.00477259572255798,0.0071882398164282435,B_opportunities,2023,ETH/USDT
trend_efficiency_20,102.0,0.270520286893599,0.16383915904416024,0.006136014999146087,0.0636930319236871,0.1371741191059011,0.2547382352168146,0.3806194689368223,0.5062164551588921,0.7886490632190225,B_opportunities,2023,ETH/USDT
range_ratio,102.0,0.006724205036538116,0.006927390008799381,0.0005227505390865133,0.0013003050137005516,0.002621016943060161,0.004307668191414468,0.008935727126854889,0.016691282744542204,0.0529783241443818,B_opportunities,2023,ETH/USDT
body_to_range,102.0,0.41751217430174437,0.25799639073559033,0.00452488687782433,0.059464487907780285,0.2052061925800853,0.3808664698253301,0.63559218559219,0.8360124212769507,0.9916201117317881,B_opportunities,2023,ETH/USDT
close_location,102.0,0.47066758916093304,0.29247602750349594,0.0,0.050963613937707056,0.2478571428571232,0.4345744982156601,0.7179516128362962,0.9373976486994595,1.0,B_opportunities,2023,ETH/USDT
natr14,102.0,0.006064481283442997,0.0024112125084388703,0.0014903095327402748,0.002681084840171312,0.004315806605912876,0.005822524527877808,0.007577219469098483,0.010149191010428266,0.012384377855323937,B_opportunities,2023,ETH/USDT
return_std_24,102.0,0.003951241033486032,0.0018894878586947757,0.0009607277615405553,0.0013894474633207917,0.0026257265864752946,0.003491017625086187,0.004918978790156293,0.007276420589530907,0.009561032842390169,B_opportunities,2023,ETH/USDT
return_std_168,102.0,0.004728722945902462,0.0014450856357286208,0.0019072389583270838,0.00252969571263259,0.0035347697065793646,0.004840961472270247,0.0057516270415825365,0.007143115683363055,0.008236643544049833,B_opportunities,2023,ETH/USDT
volatility_percentile_720,102.0,0.44742647058823537,0.3044186643587814,0.001388888888888889,0.008472222222222225,0.18402777777777776,0.4361111111111111,0.7225694444444444,0.9163888888888888,0.9638888888888889,B_opportunities,2023,ETH/USDT
rsi14,102.0,58.11112910373732,8.819294959391621,40.12596023683657,46.57616838047824,52.37750192419831,56.272708505916356,63.83214924167521,73.69253482875506,85.18735661438745,B_opportunities,2023,ETH/USDT
macd_ratio,102.0,0.0023821766316614863,0.002558393842725715,-0.002659533066461233,-0.0003606836271042303,0.00048056008480141995,0.0015039746357236265,0.004042847451557963,0.007783596959200486,0.010666666640427942,B_opportunities,2023,ETH/USDT
macd_signal_ratio,102.0,0.0013204267981732653,0.0015345347938121444,-0.0017563176882746231,-0.0005800119888019894,0.0002857931591680982,0.000822487134880778,0.0020420509358137925,0.0045430537310044965,0.005853056884221358,B_opportunities,2023,ETH/USDT
relative_volume_24,102.0,1.3034301083452113,1.4768591572474306,0.18941434256732395,0.3574129228734141,0.5416466898964065,0.8535266339875436,1.4882134488214707,3.5972720853544495,11.615573460146788,B_opportunities,2023,ETH/USDT
volume_zscore_24,102.0,0.28432291934168546,1.3682554775599949,-1.3004211657107714,-1.083749231002698,-0.67362660916228,-0.22725572865613042,0.7070471972099583,3.427633645254485,4.630070589138178,B_opportunities,2023,ETH/USDT
volume_trend_24_168,102.0,-0.12145343537684719,0.31079381643582504,-0.6929622153451305,-0.5697558154905812,-0.3361060896619464,-0.13111046595994746,0.035541525475999924,0.4081641726333926,1.0970662813248317,B_opportunities,2023,ETH/USDT
regime_duration,102.0,17.852941176470587,18.767149020374443,1.0,1.0,3.0,11.5,26.75,51.799999999999955,117.0,B_opportunities,2023,ETH/USDT
regime_transition,102.0,0.11764705882352941,0.3237808098282634,0.0,0.0,0.0,0.0,0.0,1.0,1.0,B_opportunities,2023,ETH/USDT
hour_of_day,102.0,11.794117647058824,6.998356575532526,0.0,1.0,5.25,12.0,17.0,22.94999999999999,23.0,B_opportunities,2023,ETH/USDT
day_of_week,102.0,3.1862745098039214,2.0427626030968797,0.0,0.0,1.0,3.0,5.0,6.0,6.0,B_opportunities,2023,ETH/USDT
distance_high_24,102.0,-0.009099956985074044,0.005979456467981166,-0.03251355013550139,-0.020693735626744456,-0.01190153159970736,-0.007431919518763486,-0.005188434428804789,-0.0022698161236041304,-0.0007767136244338779,B_opportunities,2023,ETH/USDT
distance_low_24,102.0,0.025628153057115206,0.016543093504680813,0.0034094634466179663,0.004956797939844216,0.012873994330653338,0.021734792501768796,0.0349558486002981,0.0534428877667406,0.08624480708760829,B_opportunities,2023,ETH/USDT
distance_high_168,102.0,-0.03857816520488037,0.026735422814373234,-0.12471866040326118,-0.09732862825634714,-0.050496331216705104,-0.034207499794756735,-0.02083546710826356,-0.006466025363649012,-0.0024092221363802846,B_opportunities,2023,ETH/USDT
distance_low_168,102.0,0.05818055593603743,0.042641223297887124,0.010761936266401984,0.01451172294430736,0.027173923083225915,0.04941999454818047,0.07344585874470988,0.14473602258345017,0.2450470991457112,B_opportunities,2023,ETH/USDT
candles_since_prior_signal,102.0,85.0,48.20069429679483,8.0,27.150000000000002,52.25,71.5,111.0,166.84999999999997,274.0,B_opportunities,2023,ETH/USDT
source_synthetic,102.0,0.0,0.0,0.0,0.0,0.0,0.0,0.0,0.0,0.0,B_opportunities,2023,ETH/USDT
return_1h,102.0,0.0012322997382912732,0.006419668421229704,-0.0114276555200028,-0.003979214031122491,-0.0012881216446500587,0.00012225733983628473,0.002257189508873658,0.011702615245981126,0.046161233073201524,B_opportunities,2023,ETH/USDT
return_3h,102.0,0.0037394154105157246,0.009437144048138446,-0.010979184924529206,-0.006678402425774853,-0.0010971947905047685,0.0016571099742942463,0.004901201354774343,0.022446440765348397,0.048142442196795754,B_opportunities,2023,ETH/USDT
return_6h,102.0,0.005675657570586116,0.011420746947438111,-0.010959563367495373,-0.0060193900223584505,-0.0010513658922504665,0.0015179869564589943,0.007233895616905683,0.028492246905511026,0.04608493776740574,B_opportunities,2023,ETH/USDT
return_12h,102.0,0.009880696986026926,0.015139502424523825,-0.02077747529674756,-0.008607699354190552,5.8762275612522785e-05,0.005465065855313367,0.018275411528231866,0.035012797161681826,0.06513235777334647,B_opportunities,2023,ETH/USDT
return_24h,102.0,0.015184619361320602,0.014128399137119368,-0.011538943221795939,0.00047139438230641177,0.00472415147717975,0.01132727715841797,0.023227427066674966,0.04338934529312973,0.06461481704765792,B_opportunities,2023,ETH/USDT
return_72h,102.0,0.003220774219635851,0.0299447283627096,-0.08483776491774497,-0.03943520037625187,-0.01084158177654826,-0.0007834042661475915,0.01827924597271824,0.052548095290720805,0.10332607463532484,B_opportunities,2023,ETH/USDT
return_168h,102.0,0.01315594645814394,0.06121987525265885,-0.10933032427108336,-0.08223933499575824,-0.02024007977708392,0.007833867731931288,0.04160789247811081,0.11726136307775285,0.1949486589608349,B_opportunities,2023,ETH/USDT
volatility_ratio_24_168,102.0,0.8406686817605427,0.32222863006157126,0.20590680107469686,0.4380611830051364,0.6312919523114958,0.7687597566812601,1.0832491024237345,1.3913312505112088,1.9100148509590675,B_opportunities,2023,ETH/USDT
natr_ratio_168,102.0,0.9320158974937557,0.27290261053958126,0.3852391982093026,0.5310361082795193,0.7581479813267686,0.8984333584484183,1.085341621770378,1.4450077441197589,1.8317888462952256,B_opportunities,2023,ETH/USDT
up_fraction_24,102.0,0.5437091503267975,0.07448425785303749,0.375,0.4166666666666667,0.5,0.5416666666666666,0.5833333333333334,0.6666666666666666,0.7916666666666666,B_opportunities,2023,ETH/USDT
volume_price_interaction,102.0,0.008915203835260644,0.055300578496863304,-0.024932650409147838,-0.007692790951944458,-0.0011765682790774745,5.3723071801571044e-05,0.0018694387573022003,0.02907882206962767,0.5361891937727298,B_opportunities,2023,ETH/USDT
range_expansion_24,102.0,1.1063711214693417,1.088059020716351,0.29833517184354724,0.3303214483438381,0.5253531733474577,0.7500831800878116,1.3466966020856723,2.6167021687723264,9.457456450997077,B_opportunities,2023,ETH/USDT
signal_density_168,102.0,0.016048085901027073,0.00472264102775184,0.005952380952380952,0.011904761904761904,0.011904761904761904,0.017857142857142856,0.017857142857142856,0.023809523809523808,0.02976190476190476,B_opportunities,2023,ETH/USDT
ema20_distance,106.0,0.007819462341943053,0.010602612127872384,-0.013963168162928974,-0.006119289833442898,0.0006902244230940768,0.005219290393062126,0.015542182470480226,0.029202215603451875,0.036015257207659745,B_opportunities,2024,BTC/USDT
ema50_distance,106.0,0.009124064509259528,0.012888723741826676,-0.016869632972499105,-0.010183246603021168,0.00035462726498741715,0.006614701370481368,0.018584959275649404,0.034730581126484694,0.04166585688511426,B_opportunities,2024,BTC/USDT
ema_gap,106.0,0.0012316737986141054,0.00399065524107756,-0.01106292176967341,-0.005233698682997868,-0.0014668892590956931,0.0008891395518006542,0.0037088528878880677,0.007380707703297937,0.010797131454757603,B_opportunities,2024,BTC/USDT
ema20_slope_6,106.0,0.004216309342293864,0.004843271396552177,-0.005352419811596731,-0.0016027632408819326,0.001115132441667721,0.0036010339352275933,0.0068781045265038365,0.012356240427805532,0.026798171012601957,B_opportunities,2024,BTC/USDT
ema50_slope_6,106.0,0.001677221059129873,0.002253383565669327,-0.0032314173013234804,-0.0019081478508364558,0.0002612925055370807,0.0014618710661113976,0.002898649530241826,0.005440493065491936,0.010003211273136081,B_opportunities,2024,BTC/USDT
trend_efficiency_20,106.0,0.2795104874958996,0.19158672489351303,0.00616707664297407,0.035110000668172436,0.12447006691510873,0.2412194856903328,0.4251478262466748,0.5835235213748634,0.7592954799311264,B_opportunities,2024,BTC/USDT
range_ratio,106.0,0.007535033257108283,0.005397757208417769,0.000982434323021873,0.002464002627340341,0.0038503502596907184,0.0057550602614166585,0.009406347660248535,0.01800408288202986,0.031062459427465924,B_opportunities,2024,BTC/USDT
body_to_range,106.0,0.4524202235520202,0.2412848297166519,0.04008393025107379,0.08754328779112062,0.2646721996698079,0.432670391652653,0.6104298225316037,0.8797416891741651,0.9803265306122164,B_opportunities,2024,BTC/USDT
close_location,106.0,0.5170470407313721,0.30053091266103055,0.004816326530583735,0.027397597605280263,0.27733851994261366,0.5217092692363274,0.7667176355002514,0.9828586827373244,1.0,B_opportunities,2024,BTC/USDT
natr14,106.0,0.0072501713624284125,0.0028647597927482413,0.0024026809408370536,0.00304027635557955,0.005625404592352856,0.006747488354643375,0.00855405267737157,0.011706388778629333,0.017988550828632596,B_opportunities,2024,BTC/USDT
return_std_24,106.0,0.004842955446640723,0.002185994147866582,0.0011145008010233202,0.001544415677349839,0.003605528889150478,0.004710354164394933,0.005993024473034088,0.008953559299129395,0.012922437446468395,B_opportunities,2024,BTC/USDT
return_std_168,106.0,0.005417267496349875,0.0015761978929071932,0.0033142567407094766,0.003498865530932999,0.004404838981230345,0.0049465433265059675,0.006003103649482658,0.008361917018535673,0.010935062087332569,B_opportunities,2024,BTC/USDT
volatility_percentile_720,106.0,0.46255241090146754,0.2860393733283469,0.001388888888888889,0.020833333333333332,0.24861111111111112,0.4472222222222222,0.7006944444444445,0.920138888888889,0.9819444444444444,B_opportunities,2024,BTC/USDT
rsi14,106.0,58.666076413592855,10.02552077457861,36.02219613241429,42.263756182182135,51.70140675068876,58.26187182051274,66.48842300736102,75.73250427397554,82.86544417607581,B_opportunities,2024,BTC/USDT
macd_ratio,106.0,0.0029154000082517177,0.002936553170272262,-0.002960496345824932,-0.0014471457542482944,0.0009037592840002289,0.0025017816481212587,0.004670246938929796,0.008072843113263652,0.015446584704163869,B_opportunities,2024,BTC/USDT
macd_signal_ratio,106.0,0.001619264749974106,0.001602733595284422,-0.0018608325267761646,-0.0005258783378896038,0.0003813858284416571,0.0015327868035079292,0.002603095397189726,0.004389761825649568,0.007775987087370986,B_opportunities,2024,BTC/USDT
relative_volume_24,106.0,1.261917962957242,0.9769538645615214,0.32737009112298665,0.38765254912133507,0.5846518330305428,0.9756118686106883,1.5012797339317272,3.3716381038416743,5.335433127210276,B_opportunities,2024,BTC/USDT
volume_zscore_24,106.0,0.28881779703813837,1.3213046202054735,-1.5037152166594692,-1.062814194575778,-0.7203292041152826,-0.04724039718292152,0.7815202092770739,3.2941378809572295,4.287179810988307,B_opportunities,2024,BTC/USDT
volume_trend_24_168,106.0,-0.12290065000969816,0.3192982650719924,-0.8377951263633324,-0.6510994893272335,-0.3320015223962492,-0.05684646528224496,0.12422088047373259,0.2899389354671155,0.7207415310578273,B_opportunities,2024,BTC/USDT
regime_duration,106.0,17.5188679245283,16.37142175056189,1.0,1.0,4.0,13.5,28.0,47.75,81.0,B_opportunities,2024,BTC/USDT
regime_transition,106.0,0.12264150943396226,0.3295835810947257,0.0,0.0,0.0,0.0,0.0,1.0,1.0,B_opportunities,2024,BTC/USDT
hour_of_day,106.0,12.10377358490566,6.769580763952561,0.0,1.0,7.0,13.0,17.0,22.75,23.0,B_opportunities,2024,BTC/USDT
day_of_week,106.0,3.047169811320755,2.0811264141906105,0.0,0.0,1.0,3.0,5.0,6.0,6.0,B_opportunities,2024,BTC/USDT
distance_high_24,106.0,-0.009342931846577644,0.007775347809287759,-0.032795303479867144,-0.025790742954896584,-0.01216708505076361,-0.00699975115450463,-0.0034005805630897556,-0.0012991344421214024,-1.684919966882248e-07,B_opportunities,2024,BTC/USDT
distance_low_24,106.0,0.03077960109837422,0.02002002284477926,0.000735794885278418,0.005887226619597008,0.014678483658190467,0.026105396963147176,0.04425513553981236,0.06183024239098234,0.11322089675030855,B_opportunities,2024,BTC/USDT
distance_high_168,106.0,-0.04114480375962015,0.032134765301138735,-0.15622092337923377,-0.10332300057866217,-0.05710235347580192,-0.03280477306672591,-0.015618867127192598,-0.00467546336203406,-0.0010068639272794444,B_opportunities,2024,BTC/USDT
distance_low_168,106.0,0.07481167849308439,0.04944485666588475,0.014813672337210981,0.017490669337933973,0.03738568037282658,0.06712583542602002,0.09817469314650612,0.1894989093850053,0.24683979591836747,B_opportunities,2024,BTC/USDT
candles_since_prior_signal,106.0,82.97169811320755,47.18342274412544,3.0,22.5,53.0,71.0,101.0,181.0,248.0,B_opportunities,2024,BTC/USDT
source_synthetic,106.0,0.0,0.0,0.0,0.0,0.0,0.0,0.0,0.0,0.0,B_opportunities,2024,BTC/USDT
return_1h,106.0,0.0010646704304015657,0.005960073701313566,-0.022665323046933028,-0.004797772077252266,-0.001771669276025678,0.00040120609708682586,0.003170041681751723,0.01011570123331923,0.028908931940063498,B_opportunities,2024,BTC/USDT
return_3h,106.0,0.003749463753392354,0.011551184876438754,-0.02663689151643489,-0.011767358704422748,-0.002856009434205664,0.0004505689027324289,0.009581035889151046,0.02869934961867021,0.042213221156192304,B_opportunities,2024,BTC/USDT
return_6h,106.0,0.00776714739989671,0.014089519605917486,-0.024484908055729337,-0.011571229272677092,-0.001096728177376688,0.0037251050968324373,0.01783162957936174,0.03278136082974015,0.048144335744228606,B_opportunities,2024,BTC/USDT
return_12h,106.0,0.011851573969373337,0.015774419270404294,-0.021584050895971818,-0.010983200439119045,0.0006179052286579556,0.009352441614378537,0.023275884280562154,0.03847529283573908,0.05619967007029936,B_opportunities,2024,BTC/USDT
return_24h,106.0,0.01733521519401026,0.016508511612430343,-0.012209634800523617,-0.003895793909314743,0.003655420696501155,0.013552923412131546,0.02948209223244075,0.047064359516295284,0.0699980800259119,B_opportunities,2024,BTC/USDT
return_72h,106.0,0.007217987003967723,0.03689906690918691,-0.07422816677200084,-0.059409624904204816,-0.011407652767243343,0.005084781683016737,0.031052685822635484,0.06469636651344013,0.10479475587703435,B_opportunities,2024,BTC/USDT
return_168h,106.0,0.015301507717991797,0.06906779464411827,-0.1481517838359635,-0.08148992348523665,-0.03959985564620508,0.017008461414210307,0.056898564908588634,0.10854788816584043,0.2294599475998711,B_opportunities,2024,BTC/USDT
volatility_ratio_24_168,106.0,0.894094342756374,0.311519166323248,0.23237400342561762,0.34028699331908097,0.7120761848246729,0.9287074938395616,1.1028811860945416,1.3859916945365116,1.5573384831216888,B_opportunities,2024,BTC/USDT
natr_ratio_168,106.0,0.9457492965673575,0.26130745713951053,0.4090263480002221,0.48903328028394766,0.7678990280052077,0.9893255068903517,1.1209574675142697,1.3619148638366498,1.6287700729810017,B_opportunities,2024,BTC/USDT
up_fraction_24,106.0,0.551493710691824,0.0787534929922514,0.375,0.4166666666666667,0.5,0.5416666666666666,0.625,0.6666666666666666,0.75,B_opportunities,2024,BTC/USDT
volume_price_interaction,106.0,0.003958718444998381,0.015980701558451767,-0.05780362525306731,-0.006433773746395725,-0.0013645491122881717,0.000246214863635243,0.0037483699809911456,0.04098268259495794,0.07938982216488213,B_opportunities,2024,BTC/USDT
range_expansion_24,106.0,1.1022048812269025,0.6792493825340451,0.2070668337434169,0.42130889228030194,0.6339506784282583,0.8913436932417707,1.328181998038659,2.4390449702798556,3.478330200029173,B_opportunities,2024,BTC/USDT
signal_density_168,106.0,0.015554806828391733,0.005232600880337743,0.005952380952380952,0.005952380952380952,0.011904761904761904,0.017857142857142856,0.017857142857142856,0.023809523809523808,0.02976190476190476,B_opportunities,2024,BTC/USDT
ema20_distance,99.0,0.010389784734650154,0.012124095748200137,-0.00677965539856451,-0.003017451663855619,0.0022726803665640283,0.007383079448423979,0.016653403300719738,0.03518086092945562,0.06347800647286062,B_opportunities,2024,ETH/USDT
ema50_distance,99.0,0.010987320755331091,0.014559747422700931,-0.011689076786583152,-0.004728682788766557,0.0008576043597026128,0.007932693884449948,0.01756780926571433,0.043988493727998464,0.07199607037093192,B_opportunities,2024,ETH/USDT
ema_gap,99.0,0.0005243695645881142,0.004900421661974647,-0.021438742569059362,-0.007534006068539718,-0.002173145289825531,0.001277564057846905,0.003439673093587066,0.0074038274294417694,0.012007620614929779,B_opportunities,2024,ETH/USDT
ema20_slope_6,99.0,0.00475405931192597,0.005658278983176041,-0.006592852222223722,-0.002206587217076772,0.001122486211431184,0.004011247179673161,0.00708397144913453,0.015906535566895783,0.028211010024194128,B_opportunities,2024,ETH/USDT
ema50_slope_6,99.0,0.0016249494462823827,0.002645629387897804,-0.004867710974206352,-0.002468882234869929,-0.00018098443747482929,0.0014611445442556104,0.0028664989715456723,0.006909533828339607,0.00990329132175738,B_opportunities,2024,ETH/USDT
trend_efficiency_20,99.0,0.27871329410129064,0.15921135953586227,0.038210710021126984,0.06442506967232765,0.14137824248622965,0.26404494382022453,0.37926769969428153,0.561527651492392,0.7788140827671404,B_opportunities,2024,ETH/USDT
range_ratio,99.0,0.008951929282581006,0.005817778026922642,0.0015424882816509056,0.0030251619925614386,0.0048692939117881764,0.007739911470196296,0.011271630858340455,0.022050810891548707,0.03458010294212591,B_opportunities,2024,ETH/USDT
body_to_range,99.0,0.45560648280449817,0.2536509865223081,0.0030346304891123318,0.05181490623998751,0.27799137172329524,0.4741224698949499,0.6694161806997009,0.8046350446195699,0.9787587735500537,B_opportunities,2024,ETH/USDT
close_location,99.0,0.544519588909818,0.27478579846085666,0.0003736920777191188,0.1089092157380586,0.303859775565612,0.5767867139391635,0.7828215454316614,0.931015809973168,0.996100053792362,B_opportunities,2024,ETH/USDT
natr14,99.0,0.008740938462147577,0.003300462053674628,0.0032946252982945625,0.004839169014581545,0.0065542850276156936,0.007983570092524117,0.009953396248986964,0.014628476093247036,0.02231970806709152,B_opportunities,2024,ETH/USDT
return_std_24,99.0,0.0059029462465063805,0.00281073042631944,0.0017595887110632869,0.002692396746033318,0.00419134896586304,0.005181086050357985,0.007045863051549597,0.011401526302218447,0.01678010166345566,B_opportunities,2024,ETH/USDT
return_std_168,99.0,0.006660171224946071,0.0022041641880654684,0.0035411947211606643,0.004381472079767808,0.005186446708331072,0.006022551722518537,0.007453588856435519,0.010593223047974101,0.014654581476231028,B_opportunities,2024,ETH/USDT
volatility_percentile_720,99.0,0.45019640852974185,0.29311143423944663,0.001388888888888889,0.010833333333333335,0.19583333333333336,0.4152777777777778,0.7180555555555556,0.8991666666666664,0.9805555555555555,B_opportunities,2024,ETH/USDT
rsi14,99.0,59.077304228345604,8.44334320337565,43.84655260656299,47.454343537996216,53.051070077261215,57.31641368221154,64.74062600023169,76.34582017368872,81.26705896629115,B_opportunities,2024,ETH/USDT
macd_ratio,99.0,0.0032879779462306508,0.003483785165152113,-0.00361997785619909,-0.0011116684367139702,0.0010292616491967249,0.00284316579886281,0.004524335518466113,0.010339411934863738,0.017145507137417675,B_opportunities,2024,ETH/USDT
macd_signal_ratio,99.0,0.001654701219499937,0.00190839340282535,-0.0023895471280554192,-0.0007777416145308262,0.0004162055139418968,0.0014116296680671571,0.002431945454525497,0.005371219360427641,0.008975389224343202,B_opportunities,2024,ETH/USDT
relative_volume_24,99.0,1.2214766090768503,0.8646422658391911,0.17931393323382927,0.35457083474842205,0.6200179374366017,0.8725283139189591,1.671628553982031,2.728464153548972,4.257428686122444,B_opportunities,2024,ETH/USDT
volume_zscore_24,99.0,0.305034743008847,1.2649224490800937,-1.62104476325551,-1.0449558704522075,-0.6099578165970938,-0.2095797923863707,1.2347239355585686,2.747756858267817,4.1526052893539305,B_opportunities,2024,ETH/USDT
volume_trend_24_168,99.0,-0.1211110227062925,0.304414583073038,-0.7972489200851911,-0.5845397036648892,-0.35820554452518544,-0.0891560492379525,0.07312914545792482,0.3345737352598496,0.5414975866234037,B_opportunities,2024,ETH/USDT
regime_duration,99.0,20.87878787878788,20.419215003836772,1.0,1.0,3.5,15.0,35.5,57.0,95.0,B_opportunities,2024,ETH/USDT
regime_transition,99.0,0.09090909090909091,0.28894279819853225,0.0,0.0,0.0,0.0,0.0,1.0,1.0,B_opportunities,2024,ETH/USDT
hour_of_day,99.0,12.666666666666666,6.521549834579046,0.0,2.0,8.0,14.0,19.0,21.099999999999994,22.0,B_opportunities,2024,ETH/USDT
day_of_week,99.0,3.01010101010101,2.1261009128763533,0.0,0.0,1.0,3.0,5.0,6.0,6.0,B_opportunities,2024,ETH/USDT
distance_high_24,99.0,-0.009236263415514527,0.007265287459817475,-0.03381343918344204,-0.025408026718606123,-0.0130813793722237,-0.007590443450765649,-0.0036293567391852966,-0.0016194103456003699,-9.074892900617915e-05,B_opportunities,2024,ETH/USDT
distance_low_24,99.0,0.03890434753086262,0.026327063844216896,0.003790461348657681,0.01180702755447154,0.021572803028854892,0.03267857142857156,0.04958847896777041,0.09058764002740707,0.15043054937576894,B_opportunities,2024,ETH/USDT
distance_high_168,99.0,-0.056424122103550675,0.04590917247932863,-0.24447462686567156,-0.134356909373752,-0.08829382276183284,-0.04159866965430736,-0.02240328820920029,-0.004639309988123897,-0.0018196112245285612,B_opportunities,2024,ETH/USDT
distance_low_168,99.0,0.08564635849218423,0.053092787893179186,0.016321028618830224,0.02768306641271956,0.05142585358392393,0.06846832387028612,0.11262224586087288,0.20121743249644705,0.2606679298910468,B_opportunities,2024,ETH/USDT
candles_since_prior_signal,99.0,89.46464646464646,51.299105520171175,6.0,32.9,53.0,75.0,115.5,189.39999999999998,250.0,B_opportunities,2024,ETH/USDT
source_synthetic,99.0,0.0,0.0,0.0,0.0,0.0,0.0,0.0,0.0,0.0,B_opportunities,2024,ETH/USDT
return_1h,99.0,0.001761443857487661,0.0062059193688979615,-0.01974467693405213,-0.007534660366196766,-0.0013010876457988374,0.001292286632239792,0.005427645979834472,0.010859161589412596,0.021818867900393668,B_opportunities,2024,ETH/USDT
return_3h,99.0,0.007319205246454003,0.013363288562461481,-0.018533340693309697,-0.010028085990006706,-0.0003468949615122452,0.005270661424806811,0.01198343974281979,0.029263749418102152,0.06906791838298698,B_opportunities,2024,ETH/USDT
return_6h,99.0,0.010446469876144409,0.01512843611129424,-0.02179205396022843,-0.006941297228307285,0.0012061488625125794,0.006883115132066742,0.018412143741997622,0.038749662450175366,0.06725491071143952,B_opportunities,2024,ETH/USDT
return_12h,99.0,0.014872131653397055,0.019305146778471602,-0.016214276393057503,-0.008388265795514514,0.0017768114083316355,0.011837552358404668,0.02185120154758413,0.05483113231889901,0.08734483900930812,B_opportunities,2024,ETH/USDT
return_24h,99.0,0.021839065614173366,0.019860829339216703,-0.008075525219395363,0.002302805502607797,0.008372186863508269,0.01695178375745776,0.0299507426821507,0.059654228848037415,0.10005673891991274,B_opportunities,2024,ETH/USDT
return_72h,99.0,0.0030447389671482018,0.04299975382768193,-0.1377661042239413,-0.071768550685548,-0.019836250487221874,0.004639729737902831,0.027444179857432194,0.0773743926589606,0.10335468287261573,B_opportunities,2024,ETH/USDT
return_168h,99.0,0.0004117823238552863,0.07958696480983696,-0.2351271962430418,-0.11615321416225298,-0.052736846018113626,-0.005673172216282829,0.055097526099366245,0.13550353911069232,0.2044914719090678,B_opportunities,2024,ETH/USDT
volatility_ratio_24_168,99.0,0.8958576443965788,0.30697412116018113,0.26043178612106266,0.43565949646399826,0.6927716191038906,0.8752928655652863,1.1233045685788443,1.4275927891655995,1.7995739669222326,B_opportunities,2024,ETH/USDT
natr_ratio_168,99.0,0.9332160971306536,0.2549099433101053,0.4188960936142108,0.5659950951552323,0.7471012584820137,0.9390051160341353,1.082792376336579,1.3565114154919262,1.84639613366731,B_opportunities,2024,ETH/USDT
up_fraction_24,99.0,0.5408249158249158,0.06410352213207743,0.375,0.4583333333333333,0.5,0.5416666666666666,0.5833333333333334,0.6666666666666666,0.7083333333333334,B_opportunities,2024,ETH/USDT
volume_price_interaction,99.0,0.003960213119226823,0.015613255211904448,-0.07161713527298473,-0.007559752456122579,-0.0006330247666553585,0.0009579255821488648,0.0056152161975736815,0.028222495428901928,0.07649602787873024,B_opportunities,2024,ETH/USDT
range_expansion_24,99.0,1.053116508452184,0.5863280218789301,0.29298064487014597,0.4079544883735618,0.6292825064314926,0.9197128203578212,1.291245633777166,2.1487046285805107,3.1352529768873745,B_opportunities,2024,ETH/USDT
signal_density_168,99.0,0.014670514670514667,0.004833727917023251,0.005952380952380952,0.005952380952380952,0.011904761904761904,0.017857142857142856,0.017857142857142856,0.023809523809523808,0.023809523809523808,B_opportunities,2024,ETH/USDT
