target,feature_set,model,split,threshold,trades,retained_pct,win_rate_pct,net_profit_usdt,return_pct,average_trade_pct,profit_factor,expectancy_usdt,closed_subset_drawdown_pct,btc_profit_usdt,eth_profit_usdt,regime_counts
profitable_after_fees,A_all,dummy,development_oof,unfiltered,166,100.0,31.92771084337349,-7.420845229999996,-0.7420845229999996,-0.044855654672136896,0.9503796747445725,-0.044703886927710816,4.643765806825128,-18.820491420000003,11.399646189999997,"{'RANGE': 100, 'TREND_UP': 34, 'LOW_VOLATILITY': 30, 'TREND_DOWN': 2}"
profitable_after_fees,A_all,dummy,development_oof,0.5,0,0.0,,0.0,0.0,,,,0.0,0.0,0.0,{}
profitable_after_fees,A_all,dummy,development_oof,0.55,0,0.0,,0.0,0.0,,,,0.0,0.0,0.0,{}
profitable_after_fees,A_all,dummy,development_oof,0.6,0,0.0,,0.0,0.0,,,,0.0,0.0,0.0,{}
profitable_after_fees,A_all,dummy,development_oof,0.65,0,0.0,,0.0,0.0,,,,0.0,0.0,0.0,{}
profitable_after_fees,A_all,dummy,development_oof,0.7,0,0.0,,0.0,0.0,,,,0.0,0.0,0.0,{}
profitable_after_fees,A_all,dummy,validation,unfiltered,205,100.0,35.609756097560975,-43.44493954,-4.344493954,-0.2122602899606429,0.8419374082338118,-0.2119265343414634,9.155218251418917,-2.2830576500000026,-41.16188188999999,"{'RANGE': 146, 'TREND_UP': 43, 'HIGH_VOLATILITY': 8, 'LOW_VOLATILITY': 5, 'TREND_DOWN': 3}"
profitable_after_fees,A_all,dummy,validation,0.5,0,0.0,,0.0,0.0,,,,0.0,0.0,0.0,{}
profitable_after_fees,A_all,dummy,validation,0.55,0,0.0,,0.0,0.0,,,,0.0,0.0,0.0,{}
profitable_after_fees,A_all,dummy,validation,0.6,0,0.0,,0.0,0.0,,,,0.0,0.0,0.0,{}
profitable_after_fees,A_all,dummy,validation,0.65,0,0.0,,0.0,0.0,,,,0.0,0.0,0.0,{}
profitable_after_fees,A_all,dummy,validation,0.7,0,0.0,,0.0,0.0,,,,0.0,0.0,0.0,{}
profitable_after_fees,A_all,logistic,development_oof,unfiltered,166,100.0,31.92771084337349,-7.420845229999996,-0.7420845229999996,-0.044855654672136896,0.9503796747445725,-0.044703886927710816,4.643765806825128,-18.820491420000003,11.399646189999997,"{'RANGE': 100, 'TREND_UP': 34, 'LOW_VOLATILITY': 30, 'TREND_DOWN': 2}"
profitable_after_fees,A_all,logistic,development_oof,0.5,41,24.69879518072289,39.02439024390244,21.178669170000006,2.1178669170000006,0.5161364553447647,1.773607475550499,0.516552906585366,0.823030925524416,-3.9983314599999984,25.177000630000006,"{'RANGE': 26, 'TREND_UP': 8, 'LOW_VOLATILITY': 5, 'TREND_DOWN': 2}"
profitable_after_fees,A_all,logistic,development_oof,0.55,31,18.67469879518072,41.935483870967744,16.625193000000003,1.6625193000000003,0.5355004600272312,1.9817132609800105,0.5362965483870968,0.7007281592851498,-3.9134005299999997,20.53859353,"{'RANGE': 23, 'TREND_UP': 4, 'TREND_DOWN': 2, 'LOW_VOLATILITY': 2}"
profitable_after_fees,A_all,logistic,development_oof,0.6,21,12.650602409638553,42.857142857142854,5.959245020000004,0.5959245020000004,0.28322307138589375,1.4926009078872327,0.2837735723809526,0.47952225469074966,0.0285080400000004,5.930736980000001,"{'RANGE': 16, 'TREND_UP': 3, 'TREND_DOWN': 2}"
profitable_after_fees,A_all,logistic,development_oof,0.65,12,7.228915662650602,50.0,7.974064070000001,0.7974064070000001,0.6638316021848711,2.834875046669111,0.6645053391666668,0.30567033500000207,2.9714183100000002,5.00264576,"{'RANGE': 10, 'TREND_UP': 1, 'TREND_DOWN': 1}"
profitable_after_fees,A_all,logistic,development_oof,0.7,7,4.216867469879518,57.14285714285714,5.811144540000001,0.5811144540000001,0.8295583299213443,4.929633689551527,0.8301635057142859,0.12482259099999737,4.02997523,1.7811693100000001,"{'RANGE': 5, 'TREND_UP': 1, 'TREND_DOWN': 1}"
profitable_after_fees,A_all,logistic,validation,unfiltered,205,100.0,35.609756097560975,-43.44493954,-4.344493954,-0.2122602899606429,0.8419374082338118,-0.2119265343414634,9.155218251418917,-2.2830576500000026,-41.16188188999999,"{'RANGE': 146, 'TREND_UP': 43, 'HIGH_VOLATILITY': 8, 'LOW_VOLATILITY': 5, 'TREND_DOWN': 3}"
profitable_after_fees,A_all,logistic,validation,0.5,39,19.024390243902438,30.76923076923077,-29.69289775,-2.969289775,-0.7631408509243172,0.43534137234540654,-0.7613563525641026,3.429391958116177,-19.02823585,-10.6646619,"{'RANGE': 31, 'TREND_DOWN': 3, 'TREND_UP': 3, 'HIGH_VOLATILITY': 2}"
profitable_after_fees,A_all,logistic,validation,0.55,32,15.609756097560975,31.25,-31.56201171,-3.156201171,-0.9878767354541758,0.29008687863037486,-0.9863128659375,3.1562011709999975,-19.8541335,-11.70787821,"{'RANGE': 26, 'TREND_DOWN': 3, 'HIGH_VOLATILITY': 2, 'TREND_UP': 1}"
profitable_after_fees,A_all,logistic,validation,0.6,25,12.195121951219512,24.0,-30.140961139999998,-3.014096114,-1.2072574951050437,0.1871145644671147,-1.2056384456,3.0140961139999947,-12.696312319999999,-17.444648819999998,"{'RANGE': 20, 'TREND_DOWN': 2, 'HIGH_VOLATILITY': 2, 'TREND_UP': 1}"
profitable_after_fees,A_all,logistic,validation,0.65,14,6.829268292682928,21.428571428571427,-18.88801514,-1.888801514,-1.3500264632026435,0.23798321686895013,-1.3491439385714286,1.9268506477659617,-5.96180869,-12.92620645,"{'RANGE': 13, 'HIGH_VOLATILITY': 1}"
profitable_after_fees,A_all,logistic,validation,0.7,11,5.365853658536586,27.27272727272727,-10.8619611,-1.08619611,-0.987098207588091,0.3519433925454251,-0.9874510090909091,1.264221897597554,-2.25255258,-8.60940852,"{'RANGE': 10, 'HIGH_VOLATILITY': 1}"
profitable_after_fees,A_all,forest,development_oof,unfiltered,166,100.0,31.92771084337349,-7.420845229999996,-0.7420845229999996,-0.044855654672136896,0.9503796747445725,-0.044703886927710816,4.643765806825128,-18.820491420000003,11.399646189999997,"{'RANGE': 100, 'TREND_UP': 34, 'LOW_VOLATILITY': 30, 'TREND_DOWN': 2}"
profitable_after_fees,A_all,forest,development_oof,0.5,32,19.27710843373494,34.375,9.42950558,0.942950558,0.2942821554470328,1.4030869928106897,0.294672049375,1.1596921756061096,-3.2989467799999996,12.728452360000002,"{'RANGE': 28, 'LOW_VOLATILITY': 3, 'TREND_DOWN': 1}"
profitable_after_fees,A_all,forest,development_oof,0.55,13,7.83132530120482,38.46153846153847,6.991379500000001,0.6991379500000001,0.5375328294387552,2.3030328216057665,0.5377984230769232,0.4842827570000054,-2.5105921899999997,9.501971690000001,"{'RANGE': 12, 'LOW_VOLATILITY': 1}"
profitable_after_fees,A_all,forest,development_oof,0.6,2,1.2048192771084338,50.0,0.5836453400000001,0.05836453400000001,0.2907272975804762,1.4675798950528116,0.29182267000000006,0.12482259099999737,-1.24822591,1.83187125,{'RANGE': 2}
profitable_after_fees,A_all,forest,development_oof,0.65,0,0.0,,0.0,0.0,,,,0.0,0.0,0.0,{}
profitable_after_fees,A_all,forest,development_oof,0.7,0,0.0,,0.0,0.0,,,,0.0,0.0,0.0,{}
profitable_after_fees,A_all,forest,validation,unfiltered,205,100.0,35.609756097560975,-43.44493954,-4.344493954,-0.2122602899606429,0.8419374082338118,-0.2119265343414634,9.155218251418917,-2.2830576500000026,-41.16188188999999,"{'RANGE': 146, 'TREND_UP': 43, 'HIGH_VOLATILITY': 8, 'LOW_VOLATILITY': 5, 'TREND_DOWN': 3}"
profitable_after_fees,A_all,forest,validation,0.5,5,2.4390243902439024,20.0,-5.83399016,-0.583399016,-1.1705344623602492,0.06235447745875147,-1.166798032,0.6219544062894903,-1.98765991,-3.8463302500000003,"{'RANGE': 3, 'TREND_DOWN': 1, 'TREND_UP': 1}"
profitable_after_fees,A_all,forest,validation,0.55,0,0.0,,0.0,0.0,,,,0.0,0.0,0.0,{}
profitable_after_fees,A_all,forest,validation,0.6,0,0.0,,0.0,0.0,,,,0.0,0.0,0.0,{}
profitable_after_fees,A_all,forest,validation,0.65,0,0.0,,0.0,0.0,,,,0.0,0.0,0.0,{}
profitable_after_fees,A_all,forest,validation,0.7,0,0.0,,0.0,0.0,,,,0.0,0.0,0.0,{}
profitable_after_fees,A_all,hist_gradient,development_oof,unfiltered,166,100.0,31.92771084337349,-7.420845229999996,-0.7420845229999996,-0.044855654672136896,0.9503796747445725,-0.044703886927710816,4.643765806825128,-18.820491420000003,11.399646189999997,"{'RANGE': 100, 'TREND_UP': 34, 'LOW_VOLATILITY': 30, 'TREND_DOWN': 2}"
profitable_after_fees,A_all,hist_gradient,development_oof,0.5,19,11.44578313253012,21.052631578947366,0.7616443199999994,0.07616443199999993,0.03999796978207368,1.0677470401031626,0.040086543157894707,0.9671753039999998,-6.819757299999999,7.581401620000001,"{'RANGE': 15, 'LOW_VOLATILITY': 3, 'TREND_UP': 1}"
profitable_after_fees,A_all,hist_gradient,development_oof,0.55,8,4.819277108433735,25.0,-0.2283574599999998,-0.02283574599999998,-0.028514637869579133,0.8977879350617815,-0.028544682499999974,0.20093014399999448,-1.30227669,1.07391923,"{'RANGE': 6, 'LOW_VOLATILITY': 2}"
profitable_after_fees,A_all,hist_gradient,development_oof,0.6,2,1.2048192771084338,50.0,1.67714663,0.16771466299999999,0.8384326430550118,11.839558888559559,0.838573315,0.01547246200000245,0.0,1.67714663,{'RANGE': 2}
profitable_after_fees,A_all,hist_gradient,development_oof,0.65,0,0.0,,0.0,0.0,,,,0.0,0.0,0.0,{}
profitable_after_fees,A_all,hist_gradient,development_oof,0.7,0,0.0,,0.0,0.0,,,,0.0,0.0,0.0,{}
profitable_after_fees,A_all,hist_gradient,validation,unfiltered,205,100.0,35.609756097560975,-43.44493954,-4.344493954,-0.2122602899606429,0.8419374082338118,-0.2119265343414634,9.155218251418917,-2.2830576500000026,-41.16188188999999,"{'RANGE': 146, 'TREND_UP': 43, 'HIGH_VOLATILITY': 8, 'LOW_VOLATILITY': 5, 'TREND_DOWN': 3}"
profitable_after_fees,A_all,hist_gradient,validation,0.5,24,11.707317073170733,29.166666666666668,-20.614312990000002,-2.061431299,-0.8607243172538618,0.448235958637798,-0.8589297079166668,2.065787528333118,-12.0531898,-8.56112319,"{'RANGE': 18, 'TREND_UP': 3, 'TREND_DOWN': 2, 'HIGH_VOLATILITY': 1}"
profitable_after_fees,A_all,hist_gradient,validation,0.55,11,5.365853658536586,18.181818181818183,-7.701863899999999,-0.7701863899999999,-0.7033432165356261,0.41708882766370087,-0.7001694454545454,0.7701863900000036,-5.887074569999999,-1.8147893300000004,"{'RANGE': 7, 'TREND_UP': 3, 'TREND_DOWN': 1}"
profitable_after_fees,A_all,hist_gradient,validation,0.6,5,2.4390243902439024,0.0,-10.30393752,-1.030393752,-2.0652667698284093,0.0,-2.060787504,1.0303937519999977,-3.85874322,-6.445194300000001,"{'RANGE': 2, 'TREND_UP': 2, 'TREND_DOWN': 1}"
profitable_after_fees,A_all,hist_gradient,validation,0.65,2,0.975609756097561,0.0,-2.95744226,-0.295744226,-1.4853208148360948,0.0,-1.47872113,0.29574422599999933,-2.14618463,-0.81125763,"{'RANGE': 1, 'TREND_DOWN': 1}"
profitable_after_fees,A_all,hist_gradient,validation,0.7,0,0.0,,0.0,0.0,,,,0.0,0.0,0.0,{}
profitable_after_fees,B_reduced,dummy,development_oof,unfiltered,166,100.0,31.92771084337349,-7.420845229999996,-0.7420845229999996,-0.044855654672136896,0.9503796747445725,-0.044703886927710816,4.643765806825128,-18.820491420000003,11.399646189999997,"{'RANGE': 100, 'TREND_UP': 34, 'LOW_VOLATILITY': 30, 'TREND_DOWN': 2}"
profitable_after_fees,B_reduced,dummy,development_oof,0.5,0,0.0,,0.0,0.0,,,,0.0,0.0,0.0,{}
profitable_after_fees,B_reduced,dummy,development_oof,0.55,0,0.0,,0.0,0.0,,,,0.0,0.0,0.0,{}
profitable_after_fees,B_reduced,dummy,development_oof,0.6,0,0.0,,0.0,0.0,,,,0.0,0.0,0.0,{}
profitable_after_fees,B_reduced,dummy,development_oof,0.65,0,0.0,,0.0,0.0,,,,0.0,0.0,0.0,{}
profitable_after_fees,B_reduced,dummy,development_oof,0.7,0,0.0,,0.0,0.0,,,,0.0,0.0,0.0,{}
profitable_after_fees,B_reduced,dummy,validation,unfiltered,205,100.0,35.609756097560975,-43.44493954,-4.344493954,-0.2122602899606429,0.8419374082338118,-0.2119265343414634,9.155218251418917,-2.2830576500000026,-41.16188188999999,"{'RANGE': 146, 'TREND_UP': 43, 'HIGH_VOLATILITY': 8, 'LOW_VOLATILITY': 5, 'TREND_DOWN': 3}"
profitable_after_fees,B_reduced,dummy,validation,0.5,0,0.0,,0.0,0.0,,,,0.0,0.0,0.0,{}
profitable_after_fees,B_reduced,dummy,validation,0.55,0,0.0,,0.0,0.0,,,,0.0,0.0,0.0,{}
profitable_after_fees,B_reduced,dummy,validation,0.6,0,0.0,,0.0,0.0,,,,0.0,0.0,0.0,{}
profitable_after_fees,B_reduced,dummy,validation,0.65,0,0.0,,0.0,0.0,,,,0.0,0.0,0.0,{}
profitable_after_fees,B_reduced,dummy,validation,0.7,0,0.0,,0.0,0.0,,,,0.0,0.0,0.0,{}
profitable_after_fees,B_reduced,logistic,development_oof,unfiltered,166,100.0,31.92771084337349,-7.420845229999996,-0.7420845229999996,-0.044855654672136896,0.9503796747445725,-0.044703886927710816,4.643765806825128,-18.820491420000003,11.399646189999997,"{'RANGE': 100, 'TREND_UP': 34, 'LOW_VOLATILITY': 30, 'TREND_DOWN': 2}"
profitable_after_fees,B_reduced,logistic,development_oof,0.5,39,23.49397590361446,41.02564102564102,23.785790440000007,2.3785790440000008,0.6094288295045249,1.960289944715036,0.6098920625641028,0.7068740674603666,-2.9410088299999986,26.726799270000004,"{'RANGE': 26, 'TREND_UP': 7, 'LOW_VOLATILITY': 4, 'TREND_DOWN': 2}"
profitable_after_fees,B_reduced,logistic,development_oof,0.55,30,18.072289156626507,43.333333333333336,16.850045230000003,1.6850045230000004,0.5608420172076444,2.008379448546157,0.5616681743333334,0.7007281592851498,-3.6885482999999994,20.53859353,"{'RANGE': 22, 'TREND_UP': 4, 'TREND_DOWN': 2, 'LOW_VOLATILITY': 2}"
profitable_after_fees,B_reduced,logistic,development_oof,0.6,20,12.048192771084338,45.0,10.918544620000004,1.0918544620000004,0.5452404181135665,1.9499108228042505,0.5459272310000002,0.5440119189754586,0.0285080400000004,10.890036580000002,"{'RANGE': 15, 'TREND_UP': 3, 'TREND_DOWN': 2}"
profitable_after_fees,B_reduced,logistic,development_oof,0.65,11,6.626506024096386,54.54545454545454,7.597242990000002,0.7597242990000002,0.6895986480856211,2.608680152421264,0.6906584536363638,0.3027598282759217,0.7861197900000008,6.811123200000001,"{'RANGE': 8, 'TREND_DOWN': 2, 'TREND_UP': 1}"
profitable_after_fees,B_reduced,logistic,development_oof,0.7,7,4.216867469879518,57.14285714285714,5.811144540000001,0.5811144540000001,0.8295583299213443,4.929633689551527,0.8301635057142859,0.12482259099999737,4.02997523,1.7811693100000001,"{'RANGE': 5, 'TREND_UP': 1, 'TREND_DOWN': 1}"
profitable_after_fees,B_reduced,logistic,validation,unfiltered,205,100.0,35.609756097560975,-43.44493954,-4.344493954,-0.2122602899606429,0.8419374082338118,-0.2119265343414634,9.155218251418917,-2.2830576500000026,-41.16188188999999,"{'RANGE': 146, 'TREND_UP': 43, 'HIGH_VOLATILITY': 8, 'LOW_VOLATILITY': 5, 'TREND_DOWN': 3}"
profitable_after_fees,B_reduced,logistic,validation,0.5,36,17.560975609756095,33.33333333333333,-27.67424143,-2.767424143,-0.7705914723866834,0.45272041505104893,-0.7687289286111111,3.2284835366504923,-17.55906565,-10.115175780000001,"{'RANGE': 28, 'TREND_DOWN': 3, 'TREND_UP': 3, 'HIGH_VOLATILITY': 2}"
profitable_after_fees,B_reduced,logistic,validation,0.55,26,12.682926829268293,23.076923076923077,-28.61710492,-2.861710492,-1.1021731504477421,0.2866064505238022,-1.1006578815384616,2.861710491999997,-13.13206625,-15.485038669999998,"{'RANGE': 21, 'TREND_DOWN': 2, 'TREND_UP': 2, 'HIGH_VOLATILITY': 1}"
profitable_after_fees,B_reduced,logistic,validation,0.6,21,10.24390243902439,23.809523809523807,-23.888628540000003,-2.388862854,-1.1382980221742172,0.213954332241828,-1.1375537400000002,2.388862854000001,-6.44397972,-17.444648819999998,"{'RANGE': 18, 'TREND_DOWN': 2, 'HIGH_VOLATILITY': 1}"
profitable_after_fees,B_reduced,logistic,validation,0.65,12,5.853658536585367,25.0,-15.17875903,-1.517875903,-1.2651247004027735,0.27986369134267597,-1.2648965858333334,1.5560688878085376,-2.25255258,-12.92620645,"{'RANGE': 11, 'HIGH_VOLATILITY': 1}"
profitable_after_fees,B_reduced,logistic,validation,0.7,8,3.902439024390244,37.5,-8.611765160000001,-0.8611765160000001,-1.0756753672766814,0.40652006061381696,-1.0764706450000001,1.2388201318495917,-0.00235663999999991,-8.60940852,"{'RANGE': 7, 'HIGH_VOLATILITY': 1}"
profitable_after_fees,B_reduced,forest,development_oof,unfiltered,166,100.0,31.92771084337349,-7.420845229999996,-0.7420845229999996,-0.044855654672136896,0.9503796747445725,-0.044703886927710816,4.643765806825128,-18.820491420000003,11.399646189999997,"{'RANGE': 100, 'TREND_UP': 34, 'LOW_VOLATILITY': 30, 'TREND_DOWN': 2}"
profitable_after_fees,B_reduced,forest,development_oof,0.5,28,16.867469879518072,32.142857142857146,3.2372049900000004,0.32372049900000005,0.1153759565599366,1.1653411382906298,0.11561446392857144,1.1151048749999972,-1.3041569199999998,4.54136191,"{'RANGE': 24, 'LOW_VOLATILITY': 3, 'TREND_DOWN': 1}"
profitable_after_fees,B_reduced,forest,development_oof,0.55,12,7.228915662650602,33.33333333333333,6.799423200000001,0.6799423200000001,0.5664147435143732,2.3431389556778046,0.5666186000000001,0.46552070200000345,-2.3803604599999995,9.17978366,"{'RANGE': 11, 'LOW_VOLATILITY': 1}"
profitable_after_fees,B_reduced,forest,development_oof,0.6,0,0.0,,0.0,0.0,,,,0.0,0.0,0.0,{}
profitable_after_fees,B_reduced,forest,development_oof,0.65,0,0.0,,0.0,0.0,,,,0.0,0.0,0.0,{}
profitable_after_fees,B_reduced,forest,development_oof,0.7,0,0.0,,0.0,0.0,,,,0.0,0.0,0.0,{}
profitable_after_fees,B_reduced,forest,validation,unfiltered,205,100.0,35.609756097560975,-43.44493954,-4.344493954,-0.2122602899606429,0.8419374082338118,-0.2119265343414634,9.155218251418917,-2.2830576500000026,-41.16188188999999,"{'RANGE': 146, 'TREND_UP': 43, 'HIGH_VOLATILITY': 8, 'LOW_VOLATILITY': 5, 'TREND_DOWN': 3}"
profitable_after_fees,B_reduced,forest,validation,0.5,6,2.9268292682926833,50.0,1.8230879599999992,0.1823087959999999,0.30235365651766344,1.4472987636716448,0.3038479933333332,0.38257114564858397,0.6678533,1.1552346599999996,"{'RANGE': 4, 'TREND_DOWN': 1, 'TREND_UP': 1}"
profitable_after_fees,B_reduced,forest,validation,0.55,1,0.4878048780487805,0.0,-0.81125763,-0.08112576299999999,-0.8128650662139374,0.0,-0.81125763,0.081125763,0.0,-0.81125763,{'TREND_DOWN': 1}
profitable_after_fees,B_reduced,forest,validation,0.6,0,0.0,,0.0,0.0,,,,0.0,0.0,0.0,{}
profitable_after_fees,B_reduced,forest,validation,0.65,0,0.0,,0.0,0.0,,,,0.0,0.0,0.0,{}
profitable_after_fees,B_reduced,forest,validation,0.7,0,0.0,,0.0,0.0,,,,0.0,0.0,0.0,{}
profitable_after_fees,B_reduced,hist_gradient,development_oof,unfiltered,166,100.0,31.92771084337349,-7.420845229999996,-0.7420845229999996,-0.044855654672136896,0.9503796747445725,-0.044703886927710816,4.643765806825128,-18.820491420000003,11.399646189999997,"{'RANGE': 100, 'TREND_UP': 34, 'LOW_VOLATILITY': 30, 'TREND_DOWN': 2}"
profitable_after_fees,B_reduced,hist_gradient,development_oof,0.5,19,11.44578313253012,21.052631578947366,0.7616443199999994,0.07616443199999993,0.03999796978207368,1.0677470401031626,0.040086543157894707,0.9671753039999998,-6.819757299999999,7.581401620000001,"{'RANGE': 15, 'LOW_VOLATILITY': 3, 'TREND_UP': 1}"
profitable_after_fees,B_reduced,hist_gradient,development_oof,0.55,8,4.819277108433735,25.0,-0.2283574599999998,-0.02283574599999998,-0.028514637869579133,0.8977879350617815,-0.028544682499999974,0.20093014399999448,-1.30227669,1.07391923,"{'RANGE': 6, 'LOW_VOLATILITY': 2}"
profitable_after_fees,B_reduced,hist_gradient,development_oof,0.6,2,1.2048192771084338,50.0,1.67714663,0.16771466299999999,0.8384326430550118,11.839558888559559,0.838573315,0.01547246200000245,0.0,1.67714663,{'RANGE': 2}
profitable_after_fees,B_reduced,hist_gradient,development_oof,0.65,0,0.0,,0.0,0.0,,,,0.0,0.0,0.0,{}
profitable_after_fees,B_reduced,hist_gradient,development_oof,0.7,0,0.0,,0.0,0.0,,,,0.0,0.0,0.0,{}
profitable_after_fees,B_reduced,hist_gradient,validation,unfiltered,205,100.0,35.609756097560975,-43.44493954,-4.344493954,-0.2122602899606429,0.8419374082338118,-0.2119265343414634,9.155218251418917,-2.2830576500000026,-41.16188188999999,"{'RANGE': 146, 'TREND_UP': 43, 'HIGH_VOLATILITY': 8, 'LOW_VOLATILITY': 5, 'TREND_DOWN': 3}"
profitable_after_fees,B_reduced,hist_gradient,validation,0.5,24,11.707317073170733,29.166666666666668,-20.614312990000002,-2.061431299,-0.8607243172538618,0.448235958637798,-0.8589297079166668,2.065787528333118,-12.0531898,-8.56112319,"{'RANGE': 18, 'TREND_UP': 3, 'TREND_DOWN': 2, 'HIGH_VOLATILITY': 1}"
profitable_after_fees,B_reduced,hist_gradient,validation,0.55,11,5.365853658536586,18.181818181818183,-7.701863899999999,-0.7701863899999999,-0.7033432165356261,0.41708882766370087,-0.7001694454545454,0.7701863900000036,-5.887074569999999,-1.8147893300000004,"{'RANGE': 7, 'TREND_UP': 3, 'TREND_DOWN': 1}"
profitable_after_fees,B_reduced,hist_gradient,validation,0.6,5,2.4390243902439024,0.0,-10.30393752,-1.030393752,-2.0652667698284093,0.0,-2.060787504,1.0303937519999977,-3.85874322,-6.445194300000001,"{'RANGE': 2, 'TREND_UP': 2, 'TREND_DOWN': 1}"
profitable_after_fees,B_reduced,hist_gradient,validation,0.65,2,0.975609756097561,0.0,-2.95744226,-0.295744226,-1.4853208148360948,0.0,-1.47872113,0.29574422599999933,-2.14618463,-0.81125763,"{'RANGE': 1, 'TREND_DOWN': 1}"
profitable_after_fees,B_reduced,hist_gradient,validation,0.7,0,0.0,,0.0,0.0,,,,0.0,0.0,0.0,{}
profitable_after_fees,C_price,dummy,development_oof,unfiltered,166,100.0,31.92771084337349,-7.420845229999996,-0.7420845229999996,-0.044855654672136896,0.9503796747445725,-0.044703886927710816,4.643765806825128,-18.820491420000003,11.399646189999997,"{'RANGE': 100, 'TREND_UP': 34, 'LOW_VOLATILITY': 30, 'TREND_DOWN': 2}"
profitable_after_fees,C_price,dummy,development_oof,0.5,0,0.0,,0.0,0.0,,,,0.0,0.0,0.0,{}
profitable_after_fees,C_price,dummy,development_oof,0.55,0,0.0,,0.0,0.0,,,,0.0,0.0,0.0,{}
profitable_after_fees,C_price,dummy,development_oof,0.6,0,0.0,,0.0,0.0,,,,0.0,0.0,0.0,{}
profitable_after_fees,C_price,dummy,development_oof,0.65,0,0.0,,0.0,0.0,,,,0.0,0.0,0.0,{}
profitable_after_fees,C_price,dummy,development_oof,0.7,0,0.0,,0.0,0.0,,,,0.0,0.0,0.0,{}
profitable_after_fees,C_price,dummy,validation,unfiltered,205,100.0,35.609756097560975,-43.44493954,-4.344493954,-0.2122602899606429,0.8419374082338118,-0.2119265343414634,9.155218251418917,-2.2830576500000026,-41.16188188999999,"{'RANGE': 146, 'TREND_UP': 43, 'HIGH_VOLATILITY': 8, 'LOW_VOLATILITY': 5, 'TREND_DOWN': 3}"
profitable_after_fees,C_price,dummy,validation,0.5,0,0.0,,0.0,0.0,,,,0.0,0.0,0.0,{}
profitable_after_fees,C_price,dummy,validation,0.55,0,0.0,,0.0,0.0,,,,0.0,0.0,0.0,{}
profitable_after_fees,C_price,dummy,validation,0.6,0,0.0,,0.0,0.0,,,,0.0,0.0,0.0,{}
profitable_after_fees,C_price,dummy,validation,0.65,0,0.0,,0.0,0.0,,,,0.0,0.0,0.0,{}
profitable_after_fees,C_price,dummy,validation,0.7,0,0.0,,0.0,0.0,,,,0.0,0.0,0.0,{}
profitable_after_fees,C_price,logistic,development_oof,unfiltered,166,100.0,31.92771084337349,-7.420845229999996,-0.7420845229999996,-0.044855654672136896,0.9503796747445725,-0.044703886927710816,4.643765806825128,-18.820491420000003,11.399646189999997,"{'RANGE': 100, 'TREND_UP': 34, 'LOW_VOLATILITY': 30, 'TREND_DOWN': 2}"
profitable_after_fees,C_price,logistic,development_oof,0.5,26,15.66265060240964,53.84615384615385,23.050631149999997,2.305063115,0.8858584505317643,2.997027285787238,0.8865627365384614,0.38144607238040984,0.3872835700000006,22.66334758,"{'RANGE': 21, 'LOW_VOLATILITY': 3, 'TREND_UP': 1, 'TREND_DOWN': 1}"
profitable_after_fees,C_price,logistic,development_oof,0.55,16,9.63855421686747,75.0,25.12904393,2.5129043930000003,1.5697774162889249,7.607805367237259,1.570565245625,0.18102210132997804,4.02997523,21.0990687,"{'RANGE': 14, 'TREND_UP': 1, 'TREND_DOWN': 1}"
profitable_after_fees,C_price,logistic,development_oof,0.6,10,6.024096385542169,60.0,9.137966590000001,0.9137966590000002,0.9129313532214474,3.4028731394333134,0.9137966590000002,0.2659806509999953,-0.97230131,10.1102679,"{'RANGE': 9, 'TREND_DOWN': 1}"
profitable_after_fees,C_price,logistic,development_oof,0.65,5,3.0120481927710845,60.0,0.9074552000000002,0.09074552000000002,0.18111193092691558,1.6574745758331557,0.18149104000000005,0.12482259099999737,-0.97230131,1.87975651,"{'RANGE': 4, 'TREND_DOWN': 1}"
profitable_after_fees,C_price,logistic,development_oof,0.7,5,3.0120481927710845,60.0,0.9074552000000002,0.09074552000000002,0.18111193092691558,1.6574745758331557,0.18149104000000005,0.12482259099999737,-0.97230131,1.87975651,"{'RANGE': 4, 'TREND_DOWN': 1}"
profitable_after_fees,C_price,logistic,validation,unfiltered,205,100.0,35.609756097560975,-43.44493954,-4.344493954,-0.2122602899606429,0.8419374082338118,-0.2119265343414634,9.155218251418917,-2.2830576500000026,-41.16188188999999,"{'RANGE': 146, 'TREND_UP': 43, 'HIGH_VOLATILITY': 8, 'LOW_VOLATILITY': 5, 'TREND_DOWN': 3}"
profitable_after_fees,C_price,logistic,validation,0.5,37,18.048780487804876,27.027027027027028,-31.557951560000003,-3.1557951560000004,-0.8531252469236129,0.3516340062551418,-0.8529176097297299,3.582434732133514,-3.6076418799999996,-27.95030968,"{'RANGE': 29, 'HIGH_VOLATILITY': 3, 'TREND_UP': 3, 'TREND_DOWN': 2}"
profitable_after_fees,C_price,logistic,validation,0.55,25,12.195121951219512,24.0,-32.72105427,-3.2721054270000005,-1.3101486530180981,0.1726572438306104,-1.3088421708000002,3.2721054269999965,-9.350408999999999,-23.370645269999997,"{'RANGE': 20, 'TREND_DOWN': 2, 'HIGH_VOLATILITY': 2, 'TREND_UP': 1}"
profitable_after_fees,C_price,logistic,validation,0.6,14,6.829268292682928,28.57142857142857,-18.875666090000003,-1.8875666090000003,-1.3488454210920786,0.24935844433143603,-1.3482618635714287,1.9256162216823969,-1.6383791799999998,-17.237286909999998,"{'RANGE': 10, 'TREND_DOWN': 2, 'HIGH_VOLATILITY': 1, 'TREND_UP': 1}"
profitable_after_fees,C_price,logistic,validation,0.65,9,4.390243902439024,33.33333333333333,-8.0867394,-0.80867394,-0.8983416292970031,0.4217810081090287,-0.8985266000000001,1.3404029745572168,-0.23179879999999992,-7.854940600000001,"{'RANGE': 7, 'TREND_DOWN': 1, 'HIGH_VOLATILITY': 1}"
profitable_after_fees,C_price,logistic,validation,0.7,8,3.902439024390244,37.5,-7.275481770000001,-0.7275481770000001,-0.9090261996823864,0.447753694819406,-0.9094352212500001,1.2597120976037206,-0.23179879999999992,-7.043682970000001,"{'RANGE': 7, 'HIGH_VOLATILITY': 1}"
profitable_after_fees,C_price,forest,development_oof,unfiltered,166,100.0,31.92771084337349,-7.420845229999996,-0.7420845229999996,-0.044855654672136896,0.9503796747445725,-0.044703886927710816,4.643765806825128,-18.820491420000003,11.399646189999997,"{'RANGE': 100, 'TREND_UP': 34, 'LOW_VOLATILITY': 30, 'TREND_DOWN': 2}"
profitable_after_fees,C_price,forest,development_oof,0.5,27,16.265060240963855,33.33333333333333,5.113837400000001,0.5113837400000001,0.18909422632611217,1.225712825067909,0.18940138518518523,1.4654649012627172,-1.8910103300000007,7.0048477300000025,"{'RANGE': 23, 'LOW_VOLATILITY': 3, 'TREND_DOWN': 1}"
profitable_after_fees,C_price,forest,development_oof,0.55,16,9.63855421686747,31.25,-2.6276324399999993,-0.26276324399999995,-0.16420908995918668,0.7471025135428416,-0.16422702749999996,0.945955755,-5.1347067200000005,2.5070742800000003,"{'RANGE': 13, 'LOW_VOLATILITY': 2, 'TREND_DOWN': 1}"
profitable_after_fees,C_price,forest,development_oof,0.6,5,3.0120481927710845,80.0,6.10633855,0.610633855,1.2207957343646831,5.89201393840639,1.22126771,0.12476082374390784,-1.24822591,7.35456446,{'RANGE': 5}
profitable_after_fees,C_price,forest,development_oof,0.65,0,0.0,,0.0,0.0,,,,0.0,0.0,0.0,{}
profitable_after_fees,C_price,forest,development_oof,0.7,0,0.0,,0.0,0.0,,,,0.0,0.0,0.0,{}
profitable_after_fees,C_price,forest,validation,unfiltered,205,100.0,35.609756097560975,-43.44493954,-4.344493954,-0.2122602899606429,0.8419374082338118,-0.2119265343414634,9.155218251418917,-2.2830576500000026,-41.16188188999999,"{'RANGE': 146, 'TREND_UP': 43, 'HIGH_VOLATILITY': 8, 'LOW_VOLATILITY': 5, 'TREND_DOWN': 3}"
profitable_after_fees,C_price,forest,validation,0.5,8,3.902439024390244,12.5,-16.41919573,-1.6419195729999998,-2.054874250492463,0.023083425144537234,-2.05239946625,1.6800644516364975,-3.7829100999999996,-12.63628563,"{'RANGE': 6, 'TREND_DOWN': 1, 'TREND_UP': 1}"
profitable_after_fees,C_price,forest,validation,0.55,0,0.0,,0.0,0.0,,,,0.0,0.0,0.0,{}
profitable_after_fees,C_price,forest,validation,0.6,0,0.0,,0.0,0.0,,,,0.0,0.0,0.0,{}
profitable_after_fees,C_price,forest,validation,0.65,0,0.0,,0.0,0.0,,,,0.0,0.0,0.0,{}
profitable_after_fees,C_price,forest,validation,0.7,0,0.0,,0.0,0.0,,,,0.0,0.0,0.0,{}
profitable_after_fees,C_price,hist_gradient,development_oof,unfiltered,166,100.0,31.92771084337349,-7.420845229999996,-0.7420845229999996,-0.044855654672136896,0.9503796747445725,-0.044703886927710816,4.643765806825128,-18.820491420000003,11.399646189999997,"{'RANGE': 100, 'TREND_UP': 34, 'LOW_VOLATILITY': 30, 'TREND_DOWN': 2}"
profitable_after_fees,C_price,hist_gradient,development_oof,0.5,20,12.048192771084338,40.0,2.6905820500000006,0.26905820500000005,0.1341825587409328,1.177875638444408,0.13452910250000003,1.144037200187456,-9.17078817,11.861370220000001,"{'RANGE': 13, 'LOW_VOLATILITY': 5, 'TREND_DOWN': 1, 'TREND_UP': 1}"
profitable_after_fees,C_price,hist_gradient,development_oof,0.55,13,7.83132530120482,46.15384615384615,6.2011213099999996,0.620112131,0.47654580488471104,1.636933428190494,0.4770093315384615,0.8788942439959458,-3.7804924,9.981613710000001,"{'RANGE': 11, 'TREND_DOWN': 1, 'LOW_VOLATILITY': 1}"
profitable_after_fees,C_price,hist_gradient,development_oof,0.6,0,0.0,,0.0,0.0,,,,0.0,0.0,0.0,{}
profitable_after_fees,C_price,hist_gradient,development_oof,0.65,0,0.0,,0.0,0.0,,,,0.0,0.0,0.0,{}
profitable_after_fees,C_price,hist_gradient,development_oof,0.7,0,0.0,,0.0,0.0,,,,0.0,0.0,0.0,{}
profitable_after_fees,C_price,hist_gradient,validation,unfiltered,205,100.0,35.609756097560975,-43.44493954,-4.344493954,-0.2122602899606429,0.8419374082338118,-0.2119265343414634,9.155218251418917,-2.2830576500000026,-41.16188188999999,"{'RANGE': 146, 'TREND_UP': 43, 'HIGH_VOLATILITY': 8, 'LOW_VOLATILITY': 5, 'TREND_DOWN': 3}"
profitable_after_fees,C_price,hist_gradient,validation,0.5,24,11.707317073170733,33.33333333333333,-2.821186530000001,-0.2821186530000001,-0.11883606834171484,0.904915304107653,-0.11754943875000005,1.093023120957306,-8.16323112,5.342044589999999,"{'RANGE': 18, 'TREND_DOWN': 2, 'HIGH_VOLATILITY': 2, 'TREND_UP': 2}"
profitable_after_fees,C_price,hist_gradient,validation,0.55,8,3.902439024390244,50.0,1.6876602399999996,0.16876602399999996,0.2112508679859435,1.1745410564287941,0.21095752999999995,0.6914358168881423,-1.9309595699999997,3.6186198099999998,"{'RANGE': 6, 'TREND_DOWN': 2}"
profitable_after_fees,C_price,hist_gradient,validation,0.6,1,0.4878048780487805,0.0,-0.81125763,-0.08112576299999999,-0.8128650662139374,0.0,-0.81125763,0.081125763,0.0,-0.81125763,{'TREND_DOWN': 1}
profitable_after_fees,C_price,hist_gradient,validation,0.65,0,0.0,,0.0,0.0,,,,0.0,0.0,0.0,{}
profitable_after_fees,C_price,hist_gradient,validation,0.7,0,0.0,,0.0,0.0,,,,0.0,0.0,0.0,{}
profitable_after_fees,D_price_volatility,dummy,development_oof,unfiltered,166,100.0,31.92771084337349,-7.420845229999996,-0.7420845229999996,-0.044855654672136896,0.9503796747445725,-0.044703886927710816,4.643765806825128,-18.820491420000003,11.399646189999997,"{'RANGE': 100, 'TREND_UP': 34, 'LOW_VOLATILITY': 30, 'TREND_DOWN': 2}"
profitable_after_fees,D_price_volatility,dummy,development_oof,0.5,0,0.0,,0.0,0.0,,,,0.0,0.0,0.0,{}
profitable_after_fees,D_price_volatility,dummy,development_oof,0.55,0,0.0,,0.0,0.0,,,,0.0,0.0,0.0,{}
profitable_after_fees,D_price_volatility,dummy,development_oof,0.6,0,0.0,,0.0,0.0,,,,0.0,0.0,0.0,{}
profitable_after_fees,D_price_volatility,dummy,development_oof,0.65,0,0.0,,0.0,0.0,,,,0.0,0.0,0.0,{}
profitable_after_fees,D_price_volatility,dummy,development_oof,0.7,0,0.0,,0.0,0.0,,,,0.0,0.0,0.0,{}
profitable_after_fees,D_price_volatility,dummy,validation,unfiltered,205,100.0,35.609756097560975,-43.44493954,-4.344493954,-0.2122602899606429,0.8419374082338118,-0.2119265343414634,9.155218251418917,-2.2830576500000026,-41.16188188999999,"{'RANGE': 146, 'TREND_UP': 43, 'HIGH_VOLATILITY': 8, 'LOW_VOLATILITY': 5, 'TREND_DOWN': 3}"
profitable_after_fees,D_price_volatility,dummy,validation,0.5,0,0.0,,0.0,0.0,,,,0.0,0.0,0.0,{}
profitable_after_fees,D_price_volatility,dummy,validation,0.55,0,0.0,,0.0,0.0,,,,0.0,0.0,0.0,{}
profitable_after_fees,D_price_volatility,dummy,validation,0.6,0,0.0,,0.0,0.0,,,,0.0,0.0,0.0,{}
profitable_after_fees,D_price_volatility,dummy,validation,0.65,0,0.0,,0.0,0.0,,,,0.0,0.0,0.0,{}
profitable_after_fees,D_price_volatility,dummy,validation,0.7,0,0.0,,0.0,0.0,,,,0.0,0.0,0.0,{}
profitable_after_fees,D_price_volatility,logistic,development_oof,unfiltered,166,100.0,31.92771084337349,-7.420845229999996,-0.7420845229999996,-0.044855654672136896,0.9503796747445725,-0.044703886927710816,4.643765806825128,-18.820491420000003,11.399646189999997,"{'RANGE': 100, 'TREND_UP': 34, 'LOW_VOLATILITY': 30, 'TREND_DOWN': 2}"
profitable_after_fees,D_price_volatility,logistic,development_oof,0.5,32,19.27710843373494,50.0,30.462011370000003,3.046201137,0.9515818468192029,3.1567193659924286,0.9519378553125001,0.5202099495680117,4.903727160000001,25.55828421,"{'RANGE': 25, 'LOW_VOLATILITY': 4, 'TREND_UP': 2, 'TREND_DOWN': 1}"
profitable_after_fees,D_price_volatility,logistic,development_oof,0.55,18,10.843373493975903,66.66666666666666,23.296832400000003,2.3296832400000005,1.293456803541793,5.13420285819941,1.2942684666666668,0.23878059519665187,2.2963508999999998,21.000481500000003,"{'RANGE': 16, 'TREND_UP': 1, 'TREND_DOWN': 1}"
profitable_after_fees,D_price_volatility,logistic,development_oof,0.6,13,7.83132530120482,61.53846153846154,12.434172799999999,1.2434172799999998,0.955482375097613,3.2458309547194175,0.9564748307692307,0.24016903187811514,2.2963508999999998,10.1378219,"{'RANGE': 11, 'TREND_UP': 1, 'TREND_DOWN': 1}"
profitable_after_fees,D_price_volatility,logistic,development_oof,0.65,9,5.421686746987952,66.66666666666666,5.980268100000001,0.5980268100000001,0.6639871092151122,4.015097899797634,0.6644742333333334,0.12482259099999737,4.02997523,1.9502928700000002,"{'RANGE': 7, 'TREND_UP': 1, 'TREND_DOWN': 1}"
profitable_after_fees,D_price_volatility,logistic,development_oof,0.7,5,3.0120481927710845,60.0,0.9074552000000002,0.09074552000000002,0.18111193092691558,1.6574745758331557,0.18149104000000005,0.12482259099999737,-0.97230131,1.87975651,"{'RANGE': 4, 'TREND_DOWN': 1}"
profitable_after_fees,D_price_volatility,logistic,validation,unfiltered,205,100.0,35.609756097560975,-43.44493954,-4.344493954,-0.2122602899606429,0.8419374082338118,-0.2119265343414634,9.155218251418917,-2.2830576500000026,-41.16188188999999,"{'RANGE': 146, 'TREND_UP': 43, 'HIGH_VOLATILITY': 8, 'LOW_VOLATILITY': 5, 'TREND_DOWN': 3}"
profitable_after_fees,D_price_volatility,logistic,validation,0.5,43,20.975609756097562,30.23255813953488,-25.10467812,-2.510467812,-0.5839391877509232,0.561121801337845,-0.5838297237209302,2.899571057008985,-8.788864199999999,-16.315813919999997,"{'RANGE': 35, 'HIGH_VOLATILITY': 3, 'TREND_UP': 3, 'TREND_DOWN': 2}"
profitable_after_fees,D_price_volatility,logistic,validation,0.55,30,14.634146341463413,30.0,-30.818256720000004,-3.0818256720000003,-1.0282617534334948,0.2826311585744591,-1.027275224,3.5729093970253234,-12.074326319999997,-18.743930399999996,"{'RANGE': 24, 'HIGH_VOLATILITY': 3, 'TREND_DOWN': 2, 'TREND_UP': 1}"
profitable_after_fees,D_price_volatility,logistic,validation,0.6,23,11.219512195121952,30.434782608695656,-21.408866680000003,-2.1408866680000003,-0.9309329574680867,0.3576419857970851,-0.9308202904347828,2.6859936272433784,-3.1736641899999998,-18.23520249,"{'RANGE': 18, 'HIGH_VOLATILITY': 3, 'TREND_DOWN': 2}"
profitable_after_fees,D_price_volatility,logistic,validation,0.65,14,6.829268292682928,28.57142857142857,-13.267940559999998,-1.3267940559999998,-0.9475284324897415,0.32315248421653947,-0.9477100399999998,1.3650611454863844,-1.81679865,-11.45114191,"{'RANGE': 10, 'TREND_DOWN': 2, 'HIGH_VOLATILITY': 2}"
profitable_after_fees,D_price_volatility,logistic,validation,0.7,9,4.390243902439024,44.44444444444444,-6.839727840000001,-0.6839727840000001,-0.7595763617822157,0.4808296484700222,-0.7599697600000002,1.216370296617966,0.20395513000000004,-7.043682970000001,"{'RANGE': 7, 'HIGH_VOLATILITY': 2}"
profitable_after_fees,D_price_volatility,forest,development_oof,unfiltered,166,100.0,31.92771084337349,-7.420845229999996,-0.7420845229999996,-0.044855654672136896,0.9503796747445725,-0.044703886927710816,4.643765806825128,-18.820491420000003,11.399646189999997,"{'RANGE': 100, 'TREND_UP': 34, 'LOW_VOLATILITY': 30, 'TREND_DOWN': 2}"
profitable_after_fees,D_price_volatility,forest,development_oof,0.5,29,17.46987951807229,31.03448275862069,-0.5986292499999988,-0.05986292499999988,-0.020849121233589618,0.974433221570999,-0.020642387931034442,1.4654649012627172,-1.8910103300000007,1.2923810800000022,"{'RANGE': 25, 'LOW_VOLATILITY': 3, 'TREND_DOWN': 1}"
profitable_after_fees,D_price_volatility,forest,development_oof,0.55,15,9.036144578313253,33.33333333333333,-0.6350169899999984,-0.06350169899999984,-0.04242142759033669,0.9243801749600875,-0.0423344659999999,0.7466942099999982,-5.1347067200000005,4.499689730000001,"{'RANGE': 13, 'TREND_DOWN': 1, 'LOW_VOLATILITY': 1}"
profitable_after_fees,D_price_volatility,forest,development_oof,0.6,6,3.614457831325301,66.66666666666666,6.00775135,0.600775135,1.000889181685236,5.460716416697191,1.0012918916666667,0.134614665251336,-1.24822591,7.25597726,{'RANGE': 6}
profitable_after_fees,D_price_volatility,forest,development_oof,0.65,0,0.0,,0.0,0.0,,,,0.0,0.0,0.0,{}
profitable_after_fees,D_price_volatility,forest,development_oof,0.7,0,0.0,,0.0,0.0,,,,0.0,0.0,0.0,{}
profitable_after_fees,D_price_volatility,forest,validation,unfiltered,205,100.0,35.609756097560975,-43.44493954,-4.344493954,-0.2122602899606429,0.8419374082338118,-0.2119265343414634,9.155218251418917,-2.2830576500000026,-41.16188188999999,"{'RANGE': 146, 'TREND_UP': 43, 'HIGH_VOLATILITY': 8, 'LOW_VOLATILITY': 5, 'TREND_DOWN': 3}"
profitable_after_fees,D_price_volatility,forest,validation,0.5,9,4.390243902439024,44.44444444444444,-0.08147381000000066,-0.008147381000000066,-0.010557281486703166,0.9923051358398532,-0.009052645555555629,0.8414600349852794,-3.63252719,3.5510533799999995,"{'RANGE': 6, 'TREND_UP': 2, 'TREND_DOWN': 1}"
profitable_after_fees,D_price_volatility,forest,validation,0.55,1,0.4878048780487805,0.0,-3.03507262,-0.303507262,-3.0390912711696934,0.0,-3.03507262,0.30350726200000505,0.0,-3.03507262,{'TREND_UP': 1}
profitable_after_fees,D_price_volatility,forest,validation,0.6,0,0.0,,0.0,0.0,,,,0.0,0.0,0.0,{}
profitable_after_fees,D_price_volatility,forest,validation,0.65,0,0.0,,0.0,0.0,,,,0.0,0.0,0.0,{}
profitable_after_fees,D_price_volatility,forest,validation,0.7,0,0.0,,0.0,0.0,,,,0.0,0.0,0.0,{}
profitable_after_fees,D_price_volatility,hist_gradient,development_oof,unfiltered,166,100.0,31.92771084337349,-7.420845229999996,-0.7420845229999996,-0.044855654672136896,0.9503796747445725,-0.044703886927710816,4.643765806825128,-18.820491420000003,11.399646189999997,"{'RANGE': 100, 'TREND_UP': 34, 'LOW_VOLATILITY': 30, 'TREND_DOWN': 2}"
profitable_after_fees,D_price_volatility,hist_gradient,development_oof,0.5,19,11.44578313253012,47.368421052631575,11.03487806,1.103487806,0.5803478961179523,1.9367266585531462,0.5807830557894738,0.8032761926898628,-5.801931209999999,16.83680927,"{'RANGE': 14, 'TREND_UP': 2, 'LOW_VOLATILITY': 2, 'TREND_DOWN': 1}"
profitable_after_fees,D_price_volatility,hist_gradient,development_oof,0.55,2,1.2048192771084338,100.0,6.8363277799999995,0.683632778,3.4157234811166988,,3.4181638899999998,0.0,0.0,6.8363277799999995,{'RANGE': 2}
profitable_after_fees,D_price_volatility,hist_gradient,development_oof,0.6,0,0.0,,0.0,0.0,,,,0.0,0.0,0.0,{}
profitable_after_fees,D_price_volatility,hist_gradient,development_oof,0.65,0,0.0,,0.0,0.0,,,,0.0,0.0,0.0,{}
profitable_after_fees,D_price_volatility,hist_gradient,development_oof,0.7,0,0.0,,0.0,0.0,,,,0.0,0.0,0.0,{}
profitable_after_fees,D_price_volatility,hist_gradient,validation,unfiltered,205,100.0,35.609756097560975,-43.44493954,-4.344493954,-0.2122602899606429,0.8419374082338118,-0.2119265343414634,9.155218251418917,-2.2830576500000026,-41.16188188999999,"{'RANGE': 146, 'TREND_UP': 43, 'HIGH_VOLATILITY': 8, 'LOW_VOLATILITY': 5, 'TREND_DOWN': 3}"
profitable_after_fees,D_price_volatility,hist_gradient,validation,0.5,23,11.219512195121952,34.78260869565217,-9.74404088,-0.974404088,-0.42654162858787686,0.6912918331160192,-0.42365395130434785,1.7579782580197243,-18.753481620000002,9.00944074,"{'RANGE': 16, 'TREND_UP': 3, 'TREND_DOWN': 2, 'HIGH_VOLATILITY': 2}"
profitable_after_fees,D_price_volatility,hist_gradient,validation,0.55,10,4.878048780487805,30.0,-11.530375900000001,-1.15303759,-1.1565669855112883,0.1314526823597354,-1.15303759,1.3265628088705383,-6.748080380000001,-4.782295520000001,"{'RANGE': 6, 'TREND_DOWN': 2, 'TREND_UP': 2}"
profitable_after_fees,D_price_volatility,hist_gradient,validation,0.6,3,1.4634146341463417,0.0,-5.78471382,-0.578471382,-1.9301272077549985,0.0,-1.92823794,0.5784713819999979,0.0,-5.78471382,"{'TREND_DOWN': 1, 'TREND_UP': 1, 'RANGE': 1}"
profitable_after_fees,D_price_volatility,hist_gradient,validation,0.65,0,0.0,,0.0,0.0,,,,0.0,0.0,0.0,{}
profitable_after_fees,D_price_volatility,hist_gradient,validation,0.7,0,0.0,,0.0,0.0,,,,0.0,0.0,0.0,{}
profitable_after_fees,E_no_regime,dummy,development_oof,unfiltered,166,100.0,31.92771084337349,-7.420845229999996,-0.7420845229999996,-0.044855654672136896,0.9503796747445725,-0.044703886927710816,4.643765806825128,-18.820491420000003,11.399646189999997,"{'RANGE': 100, 'TREND_UP': 34, 'LOW_VOLATILITY': 30, 'TREND_DOWN': 2}"
profitable_after_fees,E_no_regime,dummy,development_oof,0.5,0,0.0,,0.0,0.0,,,,0.0,0.0,0.0,{}
profitable_after_fees,E_no_regime,dummy,development_oof,0.55,0,0.0,,0.0,0.0,,,,0.0,0.0,0.0,{}
profitable_after_fees,E_no_regime,dummy,development_oof,0.6,0,0.0,,0.0,0.0,,,,0.0,0.0,0.0,{}
profitable_after_fees,E_no_regime,dummy,development_oof,0.65,0,0.0,,0.0,0.0,,,,0.0,0.0,0.0,{}
profitable_after_fees,E_no_regime,dummy,development_oof,0.7,0,0.0,,0.0,0.0,,,,0.0,0.0,0.0,{}
profitable_after_fees,E_no_regime,dummy,validation,unfiltered,205,100.0,35.609756097560975,-43.44493954,-4.344493954,-0.2122602899606429,0.8419374082338118,-0.2119265343414634,9.155218251418917,-2.2830576500000026,-41.16188188999999,"{'RANGE': 146, 'TREND_UP': 43, 'HIGH_VOLATILITY': 8, 'LOW_VOLATILITY': 5, 'TREND_DOWN': 3}"
profitable_after_fees,E_no_regime,dummy,validation,0.5,0,0.0,,0.0,0.0,,,,0.0,0.0,0.0,{}
profitable_after_fees,E_no_regime,dummy,validation,0.55,0,0.0,,0.0,0.0,,,,0.0,0.0,0.0,{}
profitable_after_fees,E_no_regime,dummy,validation,0.6,0,0.0,,0.0,0.0,,,,0.0,0.0,0.0,{}
profitable_after_fees,E_no_regime,dummy,validation,0.65,0,0.0,,0.0,0.0,,,,0.0,0.0,0.0,{}
profitable_after_fees,E_no_regime,dummy,validation,0.7,0,0.0,,0.0,0.0,,,,0.0,0.0,0.0,{}
profitable_after_fees,E_no_regime,logistic,development_oof,unfiltered,166,100.0,31.92771084337349,-7.420845229999996,-0.7420845229999996,-0.044855654672136896,0.9503796747445725,-0.044703886927710816,4.643765806825128,-18.820491420000003,11.399646189999997,"{'RANGE': 100, 'TREND_UP': 34, 'LOW_VOLATILITY': 30, 'TREND_DOWN': 2}"
profitable_after_fees,E_no_regime,logistic,development_oof,0.5,34,20.481927710843372,47.05882352941176,35.78523328,3.578523328,1.0519410228148875,3.7220752986871686,1.0525068611764705,0.7984578638828075,2.3369154500000007,33.44831783,"{'RANGE': 30, 'TREND_UP': 3, 'TREND_DOWN': 1}"
profitable_after_fees,E_no_regime,logistic,development_oof,0.55,24,14.457831325301203,50.0,24.220710290000003,2.4220710290000005,1.008823429412863,3.6209274093923036,1.0091962620833335,0.5155225515956267,6.2419461300000005,17.978764160000004,"{'RANGE': 22, 'TREND_UP': 1, 'TREND_DOWN': 1}"
profitable_after_fees,E_no_regime,logistic,development_oof,0.6,17,10.240963855421686,52.94117647058824,11.59683669,1.159683669,0.6814113860638795,2.6882911301047727,0.682166864117647,0.36944613723367997,2.2963508999999998,9.30048579,"{'RANGE': 15, 'TREND_UP': 1, 'TREND_DOWN': 1}"
profitable_after_fees,E_no_regime,logistic,development_oof,0.65,12,7.228915662650602,58.333333333333336,9.150456460000001,0.915045646,0.7618316629357674,3.3981368690223688,0.7625380383333334,0.24800625615174196,2.2963508999999998,6.854105560000001,"{'RANGE': 10, 'TREND_UP': 1, 'TREND_DOWN': 1}"
profitable_after_fees,E_no_regime,logistic,development_oof,0.7,6,3.614457831325301,66.66666666666666,0.9350092000000001,0.09350092000000002,0.15551622955346145,1.6774381558120974,0.15583486666666668,0.12482259099999737,-0.97230131,1.90731051,"{'RANGE': 5, 'TREND_DOWN': 1}"
profitable_after_fees,E_no_regime,logistic,validation,unfiltered,205,100.0,35.609756097560975,-43.44493954,-4.344493954,-0.2122602899606429,0.8419374082338118,-0.2119265343414634,9.155218251418917,-2.2830576500000026,-41.16188188999999,"{'RANGE': 146, 'TREND_UP': 43, 'HIGH_VOLATILITY': 8, 'LOW_VOLATILITY': 5, 'TREND_DOWN': 3}"
profitable_after_fees,E_no_regime,logistic,validation,0.5,44,21.463414634146343,31.818181818181817,-32.35106616,-3.2351066160000004,-0.7367213558479333,0.46840765363618425,-0.7352515036363637,4.146419790437389,-14.046560799999998,-18.30450536,"{'RANGE': 35, 'TREND_DOWN': 3, 'HIGH_VOLATILITY': 3, 'TREND_UP': 3}"
profitable_after_fees,E_no_regime,logistic,validation,0.55,34,16.585365853658537,32.35294117647059,-25.32604239,-2.5326042390000003,-0.7458402689318022,0.4663879984103395,-0.7448835997058824,2.921619132414865,-13.540657129999996,-11.78538526,"{'RANGE': 27, 'HIGH_VOLATILITY': 3, 'TREND_DOWN': 2, 'TREND_UP': 2}"
profitable_after_fees,E_no_regime,logistic,validation,0.6,26,12.682926829268293,23.076923076923077,-31.22355092,-3.1223550920000003,-1.2024472263974664,0.18180638853958317,-1.2009058046153847,3.1331192565429116,-12.479620520000001,-18.743930399999996,"{'RANGE': 21, 'TREND_DOWN': 2, 'HIGH_VOLATILITY': 2, 'TREND_UP': 1}"
profitable_after_fees,E_no_regime,logistic,validation,0.65,17,8.292682926829269,29.411764705882355,-18.835447060000003,-1.8835447060000003,-1.1083288120081187,0.26255746993332874,-1.1079674741176473,1.9215958784424196,-3.44197796,-15.3934691,"{'RANGE': 15, 'HIGH_VOLATILITY': 2}"
profitable_after_fees,E_no_regime,logistic,validation,0.7,11,5.365853658536586,36.36363636363637,-8.64810858,-0.864810858,-0.785797567698476,0.4227945982005642,-0.7861916890909092,1.2185621080273479,-0.03870005999999998,-8.60940852,"{'RANGE': 9, 'HIGH_VOLATILITY': 2}"
profitable_after_fees,E_no_regime,forest,development_oof,unfiltered,166,100.0,31.92771084337349,-7.420845229999996,-0.7420845229999996,-0.044855654672136896,0.9503796747445725,-0.044703886927710816,4.643765806825128,-18.820491420000003,11.399646189999997,"{'RANGE': 100, 'TREND_UP': 34, 'LOW_VOLATILITY': 30, 'TREND_DOWN': 2}"
profitable_after_fees,E_no_regime,forest,development_oof,0.5,28,16.867469879518072,32.142857142857146,10.03327939,1.003327939,0.35787637012798984,1.4492448251870431,0.3583314067857143,1.0350527143689081,-2.9930341699999996,13.026313560000002,"{'RANGE': 25, 'LOW_VOLATILITY': 3}"
profitable_after_fees,E_no_regime,forest,development_oof,0.55,17,10.240963855421686,23.52941176470588,-3.380944519999999,-0.3380944519999999,-0.19888442995645234,0.6850690054566934,-0.19887908941176466,1.0058145009999975,-7.30002837,3.9190838500000007,"{'RANGE': 15, 'LOW_VOLATILITY': 2}"
profitable_after_fees,E_no_regime,forest,development_oof,0.6,2,1.2048192771084338,50.0,0.5836453400000001,0.05836453400000001,0.2907272975804762,1.4675798950528116,0.29182267000000006,0.12482259099999737,-1.24822591,1.83187125,{'RANGE': 2}
profitable_after_fees,E_no_regime,forest,development_oof,0.65,0,0.0,,0.0,0.0,,,,0.0,0.0,0.0,{}
profitable_after_fees,E_no_regime,forest,development_oof,0.7,0,0.0,,0.0,0.0,,,,0.0,0.0,0.0,{}
profitable_after_fees,E_no_regime,forest,validation,unfiltered,205,100.0,35.609756097560975,-43.44493954,-4.344493954,-0.2122602899606429,0.8419374082338118,-0.2119265343414634,9.155218251418917,-2.2830576500000026,-41.16188188999999,"{'RANGE': 146, 'TREND_UP': 43, 'HIGH_VOLATILITY': 8, 'LOW_VOLATILITY': 5, 'TREND_DOWN': 3}"
profitable_after_fees,E_no_regime,forest,validation,0.5,6,2.9268292682926833,33.33333333333333,-1.9215297700000002,-0.19215297700000003,-0.321234795152716,0.7272678345181275,-0.3202549616666667,0.6416951522383654,-0.47790038,-1.4436293900000003,"{'RANGE': 3, 'TREND_UP': 2, 'TREND_DOWN': 1}"
profitable_after_fees,E_no_regime,forest,validation,0.55,1,0.4878048780487805,0.0,-0.81125763,-0.08112576299999999,-0.8128650662139374,0.0,-0.81125763,0.081125763,0.0,-0.81125763,{'TREND_DOWN': 1}
profitable_after_fees,E_no_regime,forest,validation,0.6,0,0.0,,0.0,0.0,,,,0.0,0.0,0.0,{}
profitable_after_fees,E_no_regime,forest,validation,0.65,0,0.0,,0.0,0.0,,,,0.0,0.0,0.0,{}
profitable_after_fees,E_no_regime,forest,validation,0.7,0,0.0,,0.0,0.0,,,,0.0,0.0,0.0,{}
profitable_after_fees,E_no_regime,hist_gradient,development_oof,unfiltered,166,100.0,31.92771084337349,-7.420845229999996,-0.7420845229999996,-0.044855654672136896,0.9503796747445725,-0.044703886927710816,4.643765806825128,-18.820491420000003,11.399646189999997,"{'RANGE': 100, 'TREND_UP': 34, 'LOW_VOLATILITY': 30, 'TREND_DOWN': 2}"
profitable_after_fees,E_no_regime,hist_gradient,development_oof,0.5,14,8.433734939759036,21.428571428571427,-0.0746838900000002,-0.00746838900000002,-0.005621643968573555,0.9892678551282983,-0.0053345635714285855,0.6911011669999994,-3.19368711,3.11900322,"{'RANGE': 12, 'LOW_VOLATILITY': 2}"
profitable_after_fees,E_no_regime,hist_gradient,development_oof,0.55,7,4.216867469879518,42.857142857142854,4.5531229699999995,0.455312297,0.6498442317922022,2.9532162350123174,0.6504461385714285,0.22832048100000293,-1.09725581,5.65037878,"{'RANGE': 5, 'LOW_VOLATILITY': 2}"
profitable_after_fees,E_no_regime,hist_gradient,development_oof,0.6,1,0.6024096385542169,0.0,-0.39309076,-0.039309076,-0.393110324597674,0.0,-0.39309076,0.039309075999995,-0.39309076,0.0,{'LOW_VOLATILITY': 1}
profitable_after_fees,E_no_regime,hist_gradient,development_oof,0.65,0,0.0,,0.0,0.0,,,,0.0,0.0,0.0,{}
profitable_after_fees,E_no_regime,hist_gradient,development_oof,0.7,0,0.0,,0.0,0.0,,,,0.0,0.0,0.0,{}
profitable_after_fees,E_no_regime,hist_gradient,validation,unfiltered,205,100.0,35.609756097560975,-43.44493954,-4.344493954,-0.2122602899606429,0.8419374082338118,-0.2119265343414634,9.155218251418917,-2.2830576500000026,-41.16188188999999,"{'RANGE': 146, 'TREND_UP': 43, 'HIGH_VOLATILITY': 8, 'LOW_VOLATILITY': 5, 'TREND_DOWN': 3}"
profitable_after_fees,E_no_regime,hist_gradient,validation,0.5,25,12.195121951219512,36.0,-6.376566530000002,-0.6376566530000002,-0.25692173322274164,0.8080241969732633,-0.25506266120000004,1.687707670239329,-19.611872799999997,13.235306269999999,"{'RANGE': 18, 'HIGH_VOLATILITY': 3, 'TREND_DOWN': 2, 'TREND_UP': 2}"
profitable_after_fees,E_no_regime,hist_gradient,validation,0.55,7,3.414634146341464,14.285714285714285,-9.245862130000003,-0.9245862130000002,-1.3274241634325255,0.3510503963949409,-1.3208374471428574,0.9245862129999979,-8.462713220000001,-0.7831489100000004,"{'RANGE': 4, 'HIGH_VOLATILITY': 1, 'TREND_DOWN': 1, 'TREND_UP': 1}"
profitable_after_fees,E_no_regime,hist_gradient,validation,0.6,4,1.951219512195122,0.0,-7.93089845,-0.793089845,-1.987039546680812,0.0,-1.9827246125,0.7930898449999971,-2.14618463,-5.78471382,"{'RANGE': 2, 'TREND_DOWN': 1, 'TREND_UP': 1}"
profitable_after_fees,E_no_regime,hist_gradient,validation,0.65,1,0.4878048780487805,0.0,-3.03507262,-0.303507262,-3.0390912711696934,0.0,-3.03507262,0.30350726200000505,0.0,-3.03507262,{'TREND_UP': 1}
profitable_after_fees,E_no_regime,hist_gradient,validation,0.7,0,0.0,,0.0,0.0,,,,0.0,0.0,0.0,{}
return_above_0_5_percent,A_all,dummy,development_oof,unfiltered,166,100.0,31.92771084337349,-7.420845229999996,-0.7420845229999996,-0.044855654672136896,0.9503796747445725,-0.044703886927710816,4.643765806825128,-18.820491420000003,11.399646189999997,"{'RANGE': 100, 'TREND_UP': 34, 'LOW_VOLATILITY': 30, 'TREND_DOWN': 2}"
return_above_0_5_percent,A_all,dummy,development_oof,0.5,0,0.0,,0.0,0.0,,,,0.0,0.0,0.0,{}
return_above_0_5_percent,A_all,dummy,development_oof,0.55,0,0.0,,0.0,0.0,,,,0.0,0.0,0.0,{}
return_above_0_5_percent,A_all,dummy,development_oof,0.6,0,0.0,,0.0,0.0,,,,0.0,0.0,0.0,{}
return_above_0_5_percent,A_all,dummy,development_oof,0.65,0,0.0,,0.0,0.0,,,,0.0,0.0,0.0,{}
return_above_0_5_percent,A_all,dummy,development_oof,0.7,0,0.0,,0.0,0.0,,,,0.0,0.0,0.0,{}
return_above_0_5_percent,A_all,dummy,validation,unfiltered,205,100.0,35.609756097560975,-43.44493954,-4.344493954,-0.2122602899606429,0.8419374082338118,-0.2119265343414634,9.155218251418917,-2.2830576500000026,-41.16188188999999,"{'RANGE': 146, 'TREND_UP': 43, 'HIGH_VOLATILITY': 8, 'LOW_VOLATILITY': 5, 'TREND_DOWN': 3}"
return_above_0_5_percent,A_all,dummy,validation,0.5,0,0.0,,0.0,0.0,,,,0.0,0.0,0.0,{}
return_above_0_5_percent,A_all,dummy,validation,0.55,0,0.0,,0.0,0.0,,,,0.0,0.0,0.0,{}
return_above_0_5_percent,A_all,dummy,validation,0.6,0,0.0,,0.0,0.0,,,,0.0,0.0,0.0,{}
return_above_0_5_percent,A_all,dummy,validation,0.65,0,0.0,,0.0,0.0,,,,0.0,0.0,0.0,{}
return_above_0_5_percent,A_all,dummy,validation,0.7,0,0.0,,0.0,0.0,,,,0.0,0.0,0.0,{}
return_above_0_5_percent,A_all,logistic,development_oof,unfiltered,166,100.0,31.92771084337349,-7.420845229999996,-0.7420845229999996,-0.044855654672136896,0.9503796747445725,-0.044703886927710816,4.643765806825128,-18.820491420000003,11.399646189999997,"{'RANGE': 100, 'TREND_UP': 34, 'LOW_VOLATILITY': 30, 'TREND_DOWN': 2}"
return_above_0_5_percent,A_all,logistic,development_oof,0.5,15,9.036144578313253,46.666666666666664,10.44533728,1.044533728,0.6958044514271952,2.5194328097559247,0.6963558186666667,0.30567033500000207,3.6748912700000003,6.7704460100000015,"{'RANGE': 12, 'TREND_UP': 2, 'TREND_DOWN': 1}"
return_above_0_5_percent,A_all,logistic,development_oof,0.55,13,7.83132530120482,46.15384615384615,6.992859380000001,0.6992859380000002,0.5374358153606875,2.31328726128315,0.5379122600000001,0.30749084499999524,-1.3273852699999997,8.320244650000001,"{'RANGE': 12, 'TREND_DOWN': 1}"
return_above_0_5_percent,A_all,logistic,development_oof,0.6,9,5.421686746987952,55.55555555555556,3.558986580000001,0.3558986580000001,0.39481695126984145,1.9469122210790561,0.39544295333333346,0.30567033500000207,-0.8403138499999999,4.39930043,"{'RANGE': 8, 'TREND_DOWN': 1}"
return_above_0_5_percent,A_all,logistic,development_oof,0.65,6,3.614457831325301,66.66666666666666,5.56277936,0.5562779360000001,0.9263566059639539,5.130327599795937,0.9271298933333334,0.1346813109999971,-1.24822591,6.811005270000001,{'RANGE': 6}
return_above_0_5_percent,A_all,logistic,development_oof,0.7,4,2.4096385542168677,75.0,1.80872331,0.180872331,0.4520568497789604,19.34643148400604,0.4521808275,0.00985871999999972,0.0,1.80872331,{'RANGE': 4}
return_above_0_5_percent,A_all,logistic,validation,unfiltered,205,100.0,35.609756097560975,-43.44493954,-4.344493954,-0.2122602899606429,0.8419374082338118,-0.2119265343414634,9.155218251418917,-2.2830576500000026,-41.16188188999999,"{'RANGE': 146, 'TREND_UP': 43, 'HIGH_VOLATILITY': 8, 'LOW_VOLATILITY': 5, 'TREND_DOWN': 3}"
return_above_0_5_percent,A_all,logistic,validation,0.5,20,9.75609756097561,30.0,-14.03393664,-1.403393664,-0.7020962888844723,0.4503152503469554,-0.701696832,1.4143488239337625,-7.55908924,-6.474847400000002,"{'RANGE': 19, 'HIGH_VOLATILITY': 1}"
return_above_0_5_percent,A_all,logistic,validation,0.55,15,7.317073170731707,33.33333333333333,-9.96541908,-0.996541908,-0.6643557684828801,0.5275002797753988,-0.6643612720000001,1.007542273607889,-3.49057168,-6.474847400000002,"{'RANGE': 14, 'HIGH_VOLATILITY': 1}"
return_above_0_5_percent,A_all,logistic,validation,0.6,10,4.878048780487805,40.0,-4.897010229999999,-0.48970102299999996,-0.49030324264545966,0.5559376977085336,-0.48970102299999996,0.5602396198105756,-2.59091958,-2.30609065,{'RANGE': 10}
return_above_0_5_percent,A_all,logistic,validation,0.65,3,1.4634146341463417,66.66666666666666,-0.66843009,-0.066843009,-0.2224073105173341,0.5730860430807941,-0.22281003,0.1565118335922406,0.89729546,-1.56572555,{'RANGE': 3}
return_above_0_5_percent,A_all,logistic,validation,0.7,1,0.4878048780487805,100.0,0.50932858,0.050932858000000004,0.5089108201617226,,0.50932858,0.0,0.50932858,0.0,{'RANGE': 1}
return_above_0_5_percent,A_all,forest,development_oof,unfiltered,166,100.0,31.92771084337349,-7.420845229999996,-0.7420845229999996,-0.044855654672136896,0.9503796747445725,-0.044703886927710816,4.643765806825128,-18.820491420000003,11.399646189999997,"{'RANGE': 100, 'TREND_UP': 34, 'LOW_VOLATILITY': 30, 'TREND_DOWN': 2}"
return_above_0_5_percent,A_all,forest,development_oof,0.5,11,6.626506024096386,45.45454545454545,7.502258080000002,0.7502258080000002,0.6817220164521735,2.5453953156407088,0.682023461818182,0.32528393500000446,-1.24822591,8.750483990000001,{'RANGE': 11}
return_above_0_5_percent,A_all,forest,development_oof,0.55,0,0.0,,0.0,0.0,,,,0.0,0.0,0.0,{}
return_above_0_5_percent,A_all,forest,development_oof,0.6,0,0.0,,0.0,0.0,,,,0.0,0.0,0.0,{}
return_above_0_5_percent,A_all,forest,development_oof,0.65,0,0.0,,0.0,0.0,,,,0.0,0.0,0.0,{}
return_above_0_5_percent,A_all,forest,development_oof,0.7,0,0.0,,0.0,0.0,,,,0.0,0.0,0.0,{}
return_above_0_5_percent,A_all,forest,validation,unfiltered,205,100.0,35.609756097560975,-43.44493954,-4.344493954,-0.2122602899606429,0.8419374082338118,-0.2119265343414634,9.155218251418917,-2.2830576500000026,-41.16188188999999,"{'RANGE': 146, 'TREND_UP': 43, 'HIGH_VOLATILITY': 8, 'LOW_VOLATILITY': 5, 'TREND_DOWN': 3}"
return_above_0_5_percent,A_all,forest,validation,0.5,1,0.4878048780487805,100.0,0.38796688,0.038796688,0.3884143916413296,,0.38796688,0.0,0.38796688,0.0,{'RANGE': 1}
return_above_0_5_percent,A_all,forest,validation,0.55,0,0.0,,0.0,0.0,,,,0.0,0.0,0.0,{}
return_above_0_5_percent,A_all,forest,validation,0.6,0,0.0,,0.0,0.0,,,,0.0,0.0,0.0,{}
return_above_0_5_percent,A_all,forest,validation,0.65,0,0.0,,0.0,0.0,,,,0.0,0.0,0.0,{}
return_above_0_5_percent,A_all,forest,validation,0.7,0,0.0,,0.0,0.0,,,,0.0,0.0,0.0,{}
return_above_0_5_percent,A_all,hist_gradient,development_oof,unfiltered,166,100.0,31.92771084337349,-7.420845229999996,-0.7420845229999996,-0.044855654672136896,0.9503796747445725,-0.044703886927710816,4.643765806825128,-18.820491420000003,11.399646189999997,"{'RANGE': 100, 'TREND_UP': 34, 'LOW_VOLATILITY': 30, 'TREND_DOWN': 2}"
return_above_0_5_percent,A_all,hist_gradient,development_oof,0.5,10,6.024096385542169,60.0,4.7133386900000005,0.47133386900000007,0.47110561333882195,2.6979725582248717,0.47133386900000007,0.12482259099999737,-0.6663888899999999,5.379727580000001,"{'RANGE': 9, 'TREND_DOWN': 1}"
return_above_0_5_percent,A_all,hist_gradient,development_oof,0.55,2,1.2048192771084338,100.0,2.00579621,0.200579621,1.0026208546780668,,1.002898105,0.0,0.17392496,1.83187125,{'RANGE': 2}
return_above_0_5_percent,A_all,hist_gradient,development_oof,0.6,2,1.2048192771084338,100.0,2.00579621,0.200579621,1.0026208546780668,,1.002898105,0.0,0.17392496,1.83187125,{'RANGE': 2}
return_above_0_5_percent,A_all,hist_gradient,development_oof,0.65,0,0.0,,0.0,0.0,,,,0.0,0.0,0.0,{}
return_above_0_5_percent,A_all,hist_gradient,development_oof,0.7,0,0.0,,0.0,0.0,,,,0.0,0.0,0.0,{}
return_above_0_5_percent,A_all,hist_gradient,validation,unfiltered,205,100.0,35.609756097560975,-43.44493954,-4.344493954,-0.2122602899606429,0.8419374082338118,-0.2119265343414634,9.155218251418917,-2.2830576500000026,-41.16188188999999,"{'RANGE': 146, 'TREND_UP': 43, 'HIGH_VOLATILITY': 8, 'LOW_VOLATILITY': 5, 'TREND_DOWN': 3}"
return_above_0_5_percent,A_all,hist_gradient,validation,0.5,8,3.902439024390244,25.0,-10.678686339999999,-1.0678686339999999,-1.3372310622436723,0.07751355137756004,-1.3348357924999998,1.157149244417951,-5.060198959999999,-5.61848738,"{'RANGE': 6, 'TREND_DOWN': 1, 'TREND_UP': 1}"
return_above_0_5_percent,A_all,hist_gradient,validation,0.55,3,1.4634146341463417,33.33333333333333,-2.3606067,-0.23606067,-0.7876244798135772,0.14115208078220703,-0.7868689,0.2747507638033866,-0.58844957,-1.77215713,{'RANGE': 3}
return_above_0_5_percent,A_all,hist_gradient,validation,0.6,2,0.975609756097561,50.0,-1.38419025,-0.138419025,-0.6916505248052903,0.21892352175340118,-0.692095125,0.1771469858366018,0.38796688,-1.77215713,{'RANGE': 2}
return_above_0_5_percent,A_all,hist_gradient,validation,0.65,0,0.0,,0.0,0.0,,,,0.0,0.0,0.0,{}
return_above_0_5_percent,A_all,hist_gradient,validation,0.7,0,0.0,,0.0,0.0,,,,0.0,0.0,0.0,{}
return_above_0_5_percent,B_reduced,dummy,development_oof,unfiltered,166,100.0,31.92771084337349,-7.420845229999996,-0.7420845229999996,-0.044855654672136896,0.9503796747445725,-0.044703886927710816,4.643765806825128,-18.820491420000003,11.399646189999997,"{'RANGE': 100, 'TREND_UP': 34, 'LOW_VOLATILITY': 30, 'TREND_DOWN': 2}"
return_above_0_5_percent,B_reduced,dummy,development_oof,0.5,0,0.0,,0.0,0.0,,,,0.0,0.0,0.0,{}
return_above_0_5_percent,B_reduced,dummy,development_oof,0.55,0,0.0,,0.0,0.0,,,,0.0,0.0,0.0,{}
return_above_0_5_percent,B_reduced,dummy,development_oof,0.6,0,0.0,,0.0,0.0,,,,0.0,0.0,0.0,{}
return_above_0_5_percent,B_reduced,dummy,development_oof,0.65,0,0.0,,0.0,0.0,,,,0.0,0.0,0.0,{}
return_above_0_5_percent,B_reduced,dummy,development_oof,0.7,0,0.0,,0.0,0.0,,,,0.0,0.0,0.0,{}
return_above_0_5_percent,B_reduced,dummy,validation,unfiltered,205,100.0,35.609756097560975,-43.44493954,-4.344493954,-0.2122602899606429,0.8419374082338118,-0.2119265343414634,9.155218251418917,-2.2830576500000026,-41.16188188999999,"{'RANGE': 146, 'TREND_UP': 43, 'HIGH_VOLATILITY': 8, 'LOW_VOLATILITY': 5, 'TREND_DOWN': 3}"
return_above_0_5_percent,B_reduced,dummy,validation,0.5,0,0.0,,0.0,0.0,,,,0.0,0.0,0.0,{}
return_above_0_5_percent,B_reduced,dummy,validation,0.55,0,0.0,,0.0,0.0,,,,0.0,0.0,0.0,{}
return_above_0_5_percent,B_reduced,dummy,validation,0.6,0,0.0,,0.0,0.0,,,,0.0,0.0,0.0,{}
return_above_0_5_percent,B_reduced,dummy,validation,0.65,0,0.0,,0.0,0.0,,,,0.0,0.0,0.0,{}
return_above_0_5_percent,B_reduced,dummy,validation,0.7,0,0.0,,0.0,0.0,,,,0.0,0.0,0.0,{}
return_above_0_5_percent,B_reduced,logistic,development_oof,unfiltered,166,100.0,31.92771084337349,-7.420845229999996,-0.7420845229999996,-0.044855654672136896,0.9503796747445725,-0.044703886927710816,4.643765806825128,-18.820491420000003,11.399646189999997,"{'RANGE': 100, 'TREND_UP': 34, 'LOW_VOLATILITY': 30, 'TREND_DOWN': 2}"
return_above_0_5_percent,B_reduced,logistic,development_oof,0.5,15,9.036144578313253,46.666666666666664,9.11572562,0.9115725619999999,0.606842584383849,2.1111170360551914,0.6077150413333333,0.30567033500000207,0.7954809700000007,8.320244650000001,"{'RANGE': 12, 'TREND_DOWN': 2, 'TREND_UP': 1}"
return_above_0_5_percent,B_reduced,logistic,development_oof,0.55,13,7.83132530120482,46.15384615384615,6.992859380000001,0.6992859380000002,0.5374358153606875,2.31328726128315,0.5379122600000001,0.30749084499999524,-1.3273852699999997,8.320244650000001,"{'RANGE': 12, 'TREND_DOWN': 1}"
return_above_0_5_percent,B_reduced,logistic,development_oof,0.6,7,4.216867469879518,71.42857142857143,5.9706914200000005,0.597069142,0.8523658514101844,5.433199659008369,0.8529559171428572,0.12482259099999737,-0.8403138499999999,6.811005270000001,"{'RANGE': 6, 'TREND_DOWN': 1}"
return_above_0_5_percent,B_reduced,logistic,development_oof,0.65,6,3.614457831325301,66.66666666666666,5.56277936,0.5562779360000001,0.9263566059639539,5.130327599795937,0.9271298933333334,0.1346813109999971,-1.24822591,6.811005270000001,{'RANGE': 6}
return_above_0_5_percent,B_reduced,logistic,development_oof,0.7,3,1.8072289156626504,66.66666666666666,1.7811693100000001,0.178116931,0.59356322547655,19.06694286885113,0.5937231033333333,0.00985871999999972,0.0,1.7811693100000001,{'RANGE': 3}
return_above_0_5_percent,B_reduced,logistic,validation,unfiltered,205,100.0,35.609756097560975,-43.44493954,-4.344493954,-0.2122602899606429,0.8419374082338118,-0.2119265343414634,9.155218251418917,-2.2830576500000026,-41.16188188999999,"{'RANGE': 146, 'TREND_UP': 43, 'HIGH_VOLATILITY': 8, 'LOW_VOLATILITY': 5, 'TREND_DOWN': 3}"
return_above_0_5_percent,B_reduced,logistic,validation,0.5,15,7.317073170731707,33.33333333333333,-9.96541908,-0.996541908,-0.6643557684828801,0.5275002797753988,-0.6643612720000001,1.007542273607889,-3.49057168,-6.474847400000002,"{'RANGE': 14, 'HIGH_VOLATILITY': 1}"
return_above_0_5_percent,B_reduced,logistic,validation,0.55,13,6.341463414634147,38.46153846153847,-5.60473144,-0.560473144,-0.4308802595909591,0.6649923362831807,-0.4311331876923077,0.5797335791089666,-2.59091958,-3.0138118600000006,"{'RANGE': 12, 'HIGH_VOLATILITY': 1}"
return_above_0_5_percent,B_reduced,logistic,validation,0.6,6,2.9268292682926833,66.66666666666666,-0.6274247700000002,-0.06274247700000002,-0.10403002912637387,0.9071605446459479,-0.10457079500000004,0.5168848000051328,1.12917976,-1.7566045299999997,{'RANGE': 6}
return_above_0_5_percent,B_reduced,logistic,validation,0.65,2,0.975609756097561,100.0,0.89729546,0.08972954600000001,0.4486626059015261,,0.44864773,0.0,0.89729546,0.0,{'RANGE': 2}
return_above_0_5_percent,B_reduced,logistic,validation,0.7,1,0.4878048780487805,100.0,0.50932858,0.050932858000000004,0.5089108201617226,,0.50932858,0.0,0.50932858,0.0,{'RANGE': 1}
return_above_0_5_percent,B_reduced,forest,development_oof,unfiltered,166,100.0,31.92771084337349,-7.420845229999996,-0.7420845229999996,-0.044855654672136896,0.9503796747445725,-0.044703886927710816,4.643765806825128,-18.820491420000003,11.399646189999997,"{'RANGE': 100, 'TREND_UP': 34, 'LOW_VOLATILITY': 30, 'TREND_DOWN': 2}"
return_above_0_5_percent,B_reduced,forest,development_oof,0.5,13,7.83132530120482,38.46153846153847,6.00306749,0.600306749,0.4615122334272333,1.944802700272734,0.46177442230769233,0.47520299400000565,-1.24822591,7.251293400000001,{'RANGE': 13}
return_above_0_5_percent,B_reduced,forest,development_oof,0.55,0,0.0,,0.0,0.0,,,,0.0,0.0,0.0,{}
return_above_0_5_percent,B_reduced,forest,development_oof,0.6,0,0.0,,0.0,0.0,,,,0.0,0.0,0.0,{}
return_above_0_5_percent,B_reduced,forest,development_oof,0.65,0,0.0,,0.0,0.0,,,,0.0,0.0,0.0,{}
return_above_0_5_percent,B_reduced,forest,development_oof,0.7,0,0.0,,0.0,0.0,,,,0.0,0.0,0.0,{}
return_above_0_5_percent,B_reduced,forest,validation,unfiltered,205,100.0,35.609756097560975,-43.44493954,-4.344493954,-0.2122602899606429,0.8419374082338118,-0.2119265343414634,9.155218251418917,-2.2830576500000026,-41.16188188999999,"{'RANGE': 146, 'TREND_UP': 43, 'HIGH_VOLATILITY': 8, 'LOW_VOLATILITY': 5, 'TREND_DOWN': 3}"
return_above_0_5_percent,B_reduced,forest,validation,0.5,3,1.4634146341463417,33.33333333333333,-4.65270963,-0.46527096300000004,-1.551972754378117,0.07696722438552202,-1.5509032100000002,0.5038721652881168,-2.8805525,-1.77215713,{'RANGE': 3}
return_above_0_5_percent,B_reduced,forest,validation,0.55,1,0.4878048780487805,100.0,0.38796688,0.038796688,0.3884143916413296,,0.38796688,0.0,0.38796688,0.0,{'RANGE': 1}
return_above_0_5_percent,B_reduced,forest,validation,0.6,0,0.0,,0.0,0.0,,,,0.0,0.0,0.0,{}
return_above_0_5_percent,B_reduced,forest,validation,0.65,0,0.0,,0.0,0.0,,,,0.0,0.0,0.0,{}
return_above_0_5_percent,B_reduced,forest,validation,0.7,0,0.0,,0.0,0.0,,,,0.0,0.0,0.0,{}
return_above_0_5_percent,B_reduced,hist_gradient,development_oof,unfiltered,166,100.0,31.92771084337349,-7.420845229999996,-0.7420845229999996,-0.044855654672136896,0.9503796747445725,-0.044703886927710816,4.643765806825128,-18.820491420000003,11.399646189999997,"{'RANGE': 100, 'TREND_UP': 34, 'LOW_VOLATILITY': 30, 'TREND_DOWN': 2}"
return_above_0_5_percent,B_reduced,hist_gradient,development_oof,0.5,10,6.024096385542169,60.0,4.7133386900000005,0.47133386900000007,0.47110561333882195,2.6979725582248717,0.47133386900000007,0.12482259099999737,-0.6663888899999999,5.379727580000001,"{'RANGE': 9, 'TREND_DOWN': 1}"
return_above_0_5_percent,B_reduced,hist_gradient,development_oof,0.55,2,1.2048192771084338,100.0,2.00579621,0.200579621,1.0026208546780668,,1.002898105,0.0,0.17392496,1.83187125,{'RANGE': 2}
return_above_0_5_percent,B_reduced,hist_gradient,development_oof,0.6,2,1.2048192771084338,100.0,2.00579621,0.200579621,1.0026208546780668,,1.002898105,0.0,0.17392496,1.83187125,{'RANGE': 2}
return_above_0_5_percent,B_reduced,hist_gradient,development_oof,0.65,0,0.0,,0.0,0.0,,,,0.0,0.0,0.0,{}
return_above_0_5_percent,B_reduced,hist_gradient,development_oof,0.7,0,0.0,,0.0,0.0,,,,0.0,0.0,0.0,{}
return_above_0_5_percent,B_reduced,hist_gradient,validation,unfiltered,205,100.0,35.609756097560975,-43.44493954,-4.344493954,-0.2122602899606429,0.8419374082338118,-0.2119265343414634,9.155218251418917,-2.2830576500000026,-41.16188188999999,"{'RANGE': 146, 'TREND_UP': 43, 'HIGH_VOLATILITY': 8, 'LOW_VOLATILITY': 5, 'TREND_DOWN': 3}"
return_above_0_5_percent,B_reduced,hist_gradient,validation,0.5,8,3.902439024390244,25.0,-10.678686339999999,-1.0678686339999999,-1.3372310622436723,0.07751355137756004,-1.3348357924999998,1.157149244417951,-5.060198959999999,-5.61848738,"{'RANGE': 6, 'TREND_DOWN': 1, 'TREND_UP': 1}"
return_above_0_5_percent,B_reduced,hist_gradient,validation,0.55,3,1.4634146341463417,33.33333333333333,-2.3606067,-0.23606067,-0.7876244798135772,0.14115208078220703,-0.7868689,0.2747507638033866,-0.58844957,-1.77215713,{'RANGE': 3}
return_above_0_5_percent,B_reduced,hist_gradient,validation,0.6,2,0.975609756097561,50.0,-1.38419025,-0.138419025,-0.6916505248052903,0.21892352175340118,-0.692095125,0.1771469858366018,0.38796688,-1.77215713,{'RANGE': 2}
return_above_0_5_percent,B_reduced,hist_gradient,validation,0.65,0,0.0,,0.0,0.0,,,,0.0,0.0,0.0,{}
return_above_0_5_percent,B_reduced,hist_gradient,validation,0.7,0,0.0,,0.0,0.0,,,,0.0,0.0,0.0,{}
return_above_0_5_percent,C_price,dummy,development_oof,unfiltered,166,100.0,31.92771084337349,-7.420845229999996,-0.7420845229999996,-0.044855654672136896,0.9503796747445725,-0.044703886927710816,4.643765806825128,-18.820491420000003,11.399646189999997,"{'RANGE': 100, 'TREND_UP': 34, 'LOW_VOLATILITY': 30, 'TREND_DOWN': 2}"
return_above_0_5_percent,C_price,dummy,development_oof,0.5,0,0.0,,0.0,0.0,,,,0.0,0.0,0.0,{}
return_above_0_5_percent,C_price,dummy,development_oof,0.55,0,0.0,,0.0,0.0,,,,0.0,0.0,0.0,{}
return_above_0_5_percent,C_price,dummy,development_oof,0.6,0,0.0,,0.0,0.0,,,,0.0,0.0,0.0,{}
return_above_0_5_percent,C_price,dummy,development_oof,0.65,0,0.0,,0.0,0.0,,,,0.0,0.0,0.0,{}
return_above_0_5_percent,C_price,dummy,development_oof,0.7,0,0.0,,0.0,0.0,,,,0.0,0.0,0.0,{}
return_above_0_5_percent,C_price,dummy,validation,unfiltered,205,100.0,35.609756097560975,-43.44493954,-4.344493954,-0.2122602899606429,0.8419374082338118,-0.2119265343414634,9.155218251418917,-2.2830576500000026,-41.16188188999999,"{'RANGE': 146, 'TREND_UP': 43, 'HIGH_VOLATILITY': 8, 'LOW_VOLATILITY': 5, 'TREND_DOWN': 3}"
return_above_0_5_percent,C_price,dummy,validation,0.5,0,0.0,,0.0,0.0,,,,0.0,0.0,0.0,{}
return_above_0_5_percent,C_price,dummy,validation,0.55,0,0.0,,0.0,0.0,,,,0.0,0.0,0.0,{}
return_above_0_5_percent,C_price,dummy,validation,0.6,0,0.0,,0.0,0.0,,,,0.0,0.0,0.0,{}
return_above_0_5_percent,C_price,dummy,validation,0.65,0,0.0,,0.0,0.0,,,,0.0,0.0,0.0,{}
return_above_0_5_percent,C_price,dummy,validation,0.7,0,0.0,,0.0,0.0,,,,0.0,0.0,0.0,{}
return_above_0_5_percent,C_price,logistic,development_oof,unfiltered,166,100.0,31.92771084337349,-7.420845229999996,-0.7420845229999996,-0.044855654672136896,0.9503796747445725,-0.044703886927710816,4.643765806825128,-18.820491420000003,11.399646189999997,"{'RANGE': 100, 'TREND_UP': 34, 'LOW_VOLATILITY': 30, 'TREND_DOWN': 2}"
return_above_0_5_percent,C_price,logistic,development_oof,0.5,14,8.433734939759036,64.28571428571429,15.209878680000003,1.5209878680000002,1.0857690247451892,5.674789304397544,1.0864199057142858,0.24185971479843815,-0.97230131,16.182179989999998,"{'RANGE': 13, 'TREND_DOWN': 1}"
return_above_0_5_percent,C_price,logistic,development_oof,0.55,7,4.216867469879518,57.14285714285714,0.3317818000000001,0.033178180000000015,0.04713765102168155,1.1672758798842278,0.04739740000000002,0.15000894500000186,-0.97230131,1.30408311,"{'RANGE': 6, 'TREND_DOWN': 1}"
return_above_0_5_percent,C_price,logistic,development_oof,0.6,6,3.614457831325301,50.0,0.30422780000000027,0.030422780000000028,0.05040430574426335,1.1533838593022367,0.05070463333333338,0.15276434500000277,-0.97230131,1.2765291100000002,"{'RANGE': 5, 'TREND_DOWN': 1}"
return_above_0_5_percent,C_price,logistic,development_oof,0.65,6,3.614457831325301,50.0,0.30422780000000027,0.030422780000000028,0.05040430574426335,1.1533838593022367,0.05070463333333338,0.15276434500000277,-0.97230131,1.2765291100000002,"{'RANGE': 5, 'TREND_DOWN': 1}"
return_above_0_5_percent,C_price,logistic,development_oof,0.7,1,0.6024096385542169,0.0,-1.24822591,-0.124822591,-1.250005995588087,0.0,-1.24822591,0.12482259099999737,-1.24822591,0.0,{'RANGE': 1}
return_above_0_5_percent,C_price,logistic,validation,unfiltered,205,100.0,35.609756097560975,-43.44493954,-4.344493954,-0.2122602899606429,0.8419374082338118,-0.2119265343414634,9.155218251418917,-2.2830576500000026,-41.16188188999999,"{'RANGE': 146, 'TREND_UP': 43, 'HIGH_VOLATILITY': 8, 'LOW_VOLATILITY': 5, 'TREND_DOWN': 3}"
return_above_0_5_percent,C_price,logistic,validation,0.5,8,3.902439024390244,25.0,-15.738082219999999,-1.5738082219999998,-1.9668987532722653,0.0539389893791699,-1.9672602774999999,1.6119795153368155,-0.23179879999999992,-15.506283419999999,"{'RANGE': 7, 'HIGH_VOLATILITY': 1}"
return_above_0_5_percent,C_price,logistic,validation,0.55,7,3.414634146341464,28.57142857142857,-14.0789543,-1.40789543,-2.011041880793589,0.059914563016742854,-2.0112791857142858,1.4461310670418472,-0.23179879999999992,-13.8471555,"{'RANGE': 6, 'HIGH_VOLATILITY': 1}"
return_above_0_5_percent,C_price,logistic,validation,0.6,3,1.4634146341463417,33.33333333333333,-8.144150849999999,-0.8144150849999999,-2.7145145613831296,0.05885824125660399,-2.7147169499999997,0.8649074209314603,0.50932858,-8.65347943,{'RANGE': 3}
return_above_0_5_percent,C_price,logistic,validation,0.65,2,0.975609756097561,50.0,-4.68311531,-0.468311531,-2.340335061358804,0.0980903387287253,-2.341557655,0.5189800576241955,0.50932858,-5.19244389,{'RANGE': 2}
return_above_0_5_percent,C_price,logistic,validation,0.7,2,0.975609756097561,50.0,-4.68311531,-0.468311531,-2.340335061358804,0.0980903387287253,-2.341557655,0.5189800576241955,0.50932858,-5.19244389,{'RANGE': 2}
return_above_0_5_percent,C_price,forest,development_oof,unfiltered,166,100.0,31.92771084337349,-7.420845229999996,-0.7420845229999996,-0.044855654672136896,0.9503796747445725,-0.044703886927710816,4.643765806825128,-18.820491420000003,11.399646189999997,"{'RANGE': 100, 'TREND_UP': 34, 'LOW_VOLATILITY': 30, 'TREND_DOWN': 2}"
return_above_0_5_percent,C_price,forest,development_oof,0.5,9,5.421686746987952,44.44444444444444,3.771844690000001,0.3771844690000001,0.41892867949717094,2.052788086186266,0.4190938544444445,0.3060080419999963,-1.24822591,5.0200706,{'RANGE': 9}
return_above_0_5_percent,C_price,forest,development_oof,0.55,0,0.0,,0.0,0.0,,,,0.0,0.0,0.0,{}
return_above_0_5_percent,C_price,forest,development_oof,0.6,0,0.0,,0.0,0.0,,,,0.0,0.0,0.0,{}
return_above_0_5_percent,C_price,forest,development_oof,0.65,0,0.0,,0.0,0.0,,,,0.0,0.0,0.0,{}
return_above_0_5_percent,C_price,forest,development_oof,0.7,0,0.0,,0.0,0.0,,,,0.0,0.0,0.0,{}
return_above_0_5_percent,C_price,forest,validation,unfiltered,205,100.0,35.609756097560975,-43.44493954,-4.344493954,-0.2122602899606429,0.8419374082338118,-0.2119265343414634,9.155218251418917,-2.2830576500000026,-41.16188188999999,"{'RANGE': 146, 'TREND_UP': 43, 'HIGH_VOLATILITY': 8, 'LOW_VOLATILITY': 5, 'TREND_DOWN': 3}"
return_above_0_5_percent,C_price,forest,validation,0.5,1,0.4878048780487805,100.0,0.38796688,0.038796688,0.3884143916413296,,0.38796688,0.0,0.38796688,0.0,{'RANGE': 1}
return_above_0_5_percent,C_price,forest,validation,0.55,0,0.0,,0.0,0.0,,,,0.0,0.0,0.0,{}
return_above_0_5_percent,C_price,forest,validation,0.6,0,0.0,,0.0,0.0,,,,0.0,0.0,0.0,{}
return_above_0_5_percent,C_price,forest,validation,0.65,0,0.0,,0.0,0.0,,,,0.0,0.0,0.0,{}
return_above_0_5_percent,C_price,forest,validation,0.7,0,0.0,,0.0,0.0,,,,0.0,0.0,0.0,{}
return_above_0_5_percent,C_price,hist_gradient,development_oof,unfiltered,166,100.0,31.92771084337349,-7.420845229999996,-0.7420845229999996,-0.044855654672136896,0.9503796747445725,-0.044703886927710816,4.643765806825128,-18.820491420000003,11.399646189999997,"{'RANGE': 100, 'TREND_UP': 34, 'LOW_VOLATILITY': 30, 'TREND_DOWN': 2}"
return_above_0_5_percent,C_price,hist_gradient,development_oof,0.5,9,5.421686746987952,66.66666666666666,10.80835798,1.080835798,1.201160763381078,6.542632537413287,1.2009286644444446,0.12476082374390784,-0.8403138499999999,11.648671830000001,"{'RANGE': 8, 'TREND_DOWN': 1}"
return_above_0_5_percent,C_price,hist_gradient,development_oof,0.55,1,0.6024096385542169,0.0,-0.6032274,-0.06032274,-0.6031338201689977,0.0,-0.6032274,0.060322740000003705,0.0,-0.6032274,{'RANGE': 1}
return_above_0_5_percent,C_price,hist_gradient,development_oof,0.6,0,0.0,,0.0,0.0,,,,0.0,0.0,0.0,{}
return_above_0_5_percent,C_price,hist_gradient,development_oof,0.65,0,0.0,,0.0,0.0,,,,0.0,0.0,0.0,{}
return_above_0_5_percent,C_price,hist_gradient,development_oof,0.7,0,0.0,,0.0,0.0,,,,0.0,0.0,0.0,{}
return_above_0_5_percent,C_price,hist_gradient,validation,unfiltered,205,100.0,35.609756097560975,-43.44493954,-4.344493954,-0.2122602899606429,0.8419374082338118,-0.2119265343414634,9.155218251418917,-2.2830576500000026,-41.16188188999999,"{'RANGE': 146, 'TREND_UP': 43, 'HIGH_VOLATILITY': 8, 'LOW_VOLATILITY': 5, 'TREND_DOWN': 3}"
return_above_0_5_percent,C_price,hist_gradient,validation,0.5,9,4.390243902439024,11.11111111111111,-16.19189203,-1.6191892030000001,-1.8005334428985567,0.02339989031909078,-1.7990991144444446,1.6573428968472186,-8.51965515,-7.67223688,"{'RANGE': 8, 'TREND_UP': 1}"
return_above_0_5_percent,C_price,hist_gradient,validation,0.55,3,1.4634146341463417,33.33333333333333,-2.8765479000000003,-0.28765479000000005,-0.9606768940430188,0.118843658597251,-0.9588493000000001,0.32632487475647565,0.15852472,-3.03507262,"{'RANGE': 2, 'TREND_UP': 1}"
return_above_0_5_percent,C_price,hist_gradient,validation,0.6,1,0.4878048780487805,100.0,0.38796688,0.038796688,0.3884143916413296,,0.38796688,0.0,0.38796688,0.0,{'RANGE': 1}
return_above_0_5_percent,C_price,hist_gradient,validation,0.65,0,0.0,,0.0,0.0,,,,0.0,0.0,0.0,{}
return_above_0_5_percent,C_price,hist_gradient,validation,0.7,0,0.0,,0.0,0.0,,,,0.0,0.0,0.0,{}
return_above_0_5_percent,D_price_volatility,dummy,development_oof,unfiltered,166,100.0,31.92771084337349,-7.420845229999996,-0.7420845229999996,-0.044855654672136896,0.9503796747445725,-0.044703886927710816,4.643765806825128,-18.820491420000003,11.399646189999997,"{'RANGE': 100, 'TREND_UP': 34, 'LOW_VOLATILITY': 30, 'TREND_DOWN': 2}"
return_above_0_5_percent,D_price_volatility,dummy,development_oof,0.5,0,0.0,,0.0,0.0,,,,0.0,0.0,0.0,{}
return_above_0_5_percent,D_price_volatility,dummy,development_oof,0.55,0,0.0,,0.0,0.0,,,,0.0,0.0,0.0,{}
return_above_0_5_percent,D_price_volatility,dummy,development_oof,0.6,0,0.0,,0.0,0.0,,,,0.0,0.0,0.0,{}
return_above_0_5_percent,D_price_volatility,dummy,development_oof,0.65,0,0.0,,0.0,0.0,,,,0.0,0.0,0.0,{}
return_above_0_5_percent,D_price_volatility,dummy,development_oof,0.7,0,0.0,,0.0,0.0,,,,0.0,0.0,0.0,{}
return_above_0_5_percent,D_price_volatility,dummy,validation,unfiltered,205,100.0,35.609756097560975,-43.44493954,-4.344493954,-0.2122602899606429,0.8419374082338118,-0.2119265343414634,9.155218251418917,-2.2830576500000026,-41.16188188999999,"{'RANGE': 146, 'TREND_UP': 43, 'HIGH_VOLATILITY': 8, 'LOW_VOLATILITY': 5, 'TREND_DOWN': 3}"
return_above_0_5_percent,D_price_volatility,dummy,validation,0.5,0,0.0,,0.0,0.0,,,,0.0,0.0,0.0,{}
return_above_0_5_percent,D_price_volatility,dummy,validation,0.55,0,0.0,,0.0,0.0,,,,0.0,0.0,0.0,{}
return_above_0_5_percent,D_price_volatility,dummy,validation,0.6,0,0.0,,0.0,0.0,,,,0.0,0.0,0.0,{}
return_above_0_5_percent,D_price_volatility,dummy,validation,0.65,0,0.0,,0.0,0.0,,,,0.0,0.0,0.0,{}
return_above_0_5_percent,D_price_volatility,dummy,validation,0.7,0,0.0,,0.0,0.0,,,,0.0,0.0,0.0,{}
return_above_0_5_percent,D_price_volatility,logistic,development_oof,unfiltered,166,100.0,31.92771084337349,-7.420845229999996,-0.7420845229999996,-0.044855654672136896,0.9503796747445725,-0.044703886927710816,4.643765806825128,-18.820491420000003,11.399646189999997,"{'RANGE': 100, 'TREND_UP': 34, 'LOW_VOLATILITY': 30, 'TREND_DOWN': 2}"
return_above_0_5_percent,D_price_volatility,logistic,development_oof,0.5,12,7.228915662650602,66.66666666666666,15.88636198,1.588636198,1.3231071388142506,8.630234660104016,1.3238634983333333,0.12482259099999737,-0.97230131,16.85866329,"{'RANGE': 11, 'TREND_DOWN': 1}"
return_above_0_5_percent,D_price_volatility,logistic,development_oof,0.55,10,6.024096385542169,60.0,5.879458220000001,0.5879458220000001,0.5877279997556942,3.8239093348971678,0.5879458220000001,0.12482259099999737,-0.97230131,6.851759530000001,"{'RANGE': 9, 'TREND_DOWN': 1}"
return_above_0_5_percent,D_price_volatility,logistic,development_oof,0.6,9,5.421686746987952,55.55555555555556,0.8794043600000002,0.08794043600000002,0.09747201829968644,1.4223787445084133,0.09771159555555559,0.12482259099999737,-0.97230131,1.85170567,"{'RANGE': 8, 'TREND_DOWN': 1}"
return_above_0_5_percent,D_price_volatility,logistic,development_oof,0.65,7,4.216867469879518,42.857142857142854,-0.17471745999999988,-0.01747174599999999,-0.025300192663970766,0.9160830389804995,-0.024959637142857125,0.200658870999996,-1.3802133699999999,1.2054959100000002,{'RANGE': 7}
return_above_0_5_percent,D_price_volatility,logistic,development_oof,0.7,4,2.4096385542168677,50.0,0.4995431400000001,0.049954314000000014,0.12428458263675267,1.3619318221790593,0.12488578500000003,0.13802133699999786,-1.3802133699999999,1.87975651,{'RANGE': 4}
return_above_0_5_percent,D_price_volatility,logistic,validation,unfiltered,205,100.0,35.609756097560975,-43.44493954,-4.344493954,-0.2122602899606429,0.8419374082338118,-0.2119265343414634,9.155218251418917,-2.2830576500000026,-41.16188188999999,"{'RANGE': 146, 'TREND_UP': 43, 'HIGH_VOLATILITY': 8, 'LOW_VOLATILITY': 5, 'TREND_DOWN': 3}"
return_above_0_5_percent,D_price_volatility,logistic,validation,0.5,20,9.75609756097561,35.0,-8.954970020000001,-0.8954970020000002,-0.44662583675400114,0.6487947691905303,-0.4477485010000001,1.397658839410722,2.7705341499999996,-11.72550417,"{'RANGE': 15, 'HIGH_VOLATILITY': 3, 'TREND_DOWN': 2}"
return_above_0_5_percent,D_price_volatility,logistic,validation,0.55,12,5.853658536585367,33.33333333333333,-17.14520494,-1.7145204939999998,-1.4287068167404402,0.08364094574322242,-1.4287670783333333,1.775405125038261,-0.43304231,-16.71216263,"{'RANGE': 10, 'HIGH_VOLATILITY': 2}"
return_above_0_5_percent,D_price_volatility,logistic,validation,0.6,5,2.4390243902439024,40.0,-10.3884766,-1.03884766,-2.0766131603045292,0.07950678564387026,-2.07769532,1.0772264198268473,-0.00235663999999991,-10.38611996,"{'RANGE': 4, 'HIGH_VOLATILITY': 1}"
return_above_0_5_percent,D_price_volatility,logistic,validation,0.65,2,0.975609756097561,50.0,-4.68434749,-0.46843474900000004,-2.3404398295778464,0.09806706716693635,-2.342173745,0.5193676070000037,0.50932858,-5.19367607,"{'HIGH_VOLATILITY': 1, 'RANGE': 1}"
return_above_0_5_percent,D_price_volatility,logistic,validation,0.7,2,0.975609756097561,50.0,-4.68434749,-0.46843474900000004,-2.3404398295778464,0.09806706716693635,-2.342173745,0.5193676070000037,0.50932858,-5.19367607,"{'HIGH_VOLATILITY': 1, 'RANGE': 1}"
return_above_0_5_percent,D_price_volatility,forest,development_oof,unfiltered,166,100.0,31.92771084337349,-7.420845229999996,-0.7420845229999996,-0.044855654672136896,0.9503796747445725,-0.044703886927710816,4.643765806825128,-18.820491420000003,11.399646189999997,"{'RANGE': 100, 'TREND_UP': 34, 'LOW_VOLATILITY': 30, 'TREND_DOWN': 2}"
return_above_0_5_percent,D_price_volatility,forest,development_oof,0.5,12,7.228915662650602,50.0,8.010470060000001,0.8010470060000001,0.6672686526136009,2.684893584979432,0.6675391716666668,0.3823737009999945,-0.8403138499999999,8.850783910000002,"{'RANGE': 11, 'TREND_DOWN': 1}"
return_above_0_5_percent,D_price_volatility,forest,development_oof,0.55,5,3.0120481927710845,80.0,6.10633855,0.610633855,1.2207957343646831,5.89201393840639,1.22126771,0.12476082374390784,-1.24822591,7.35456446,{'RANGE': 5}
return_above_0_5_percent,D_price_volatility,forest,development_oof,0.6,0,0.0,,0.0,0.0,,,,0.0,0.0,0.0,{}
return_above_0_5_percent,D_price_volatility,forest,development_oof,0.65,0,0.0,,0.0,0.0,,,,0.0,0.0,0.0,{}
return_above_0_5_percent,D_price_volatility,forest,development_oof,0.7,0,0.0,,0.0,0.0,,,,0.0,0.0,0.0,{}
return_above_0_5_percent,D_price_volatility,forest,validation,unfiltered,205,100.0,35.609756097560975,-43.44493954,-4.344493954,-0.2122602899606429,0.8419374082338118,-0.2119265343414634,9.155218251418917,-2.2830576500000026,-41.16188188999999,"{'RANGE': 146, 'TREND_UP': 43, 'HIGH_VOLATILITY': 8, 'LOW_VOLATILITY': 5, 'TREND_DOWN': 3}"
return_above_0_5_percent,D_price_volatility,forest,validation,0.5,2,0.975609756097561,50.0,0.15852472,0.015852472,0.07853029452031839,1.6909136489998176,0.07926236,0.022935317856297086,0.15852472,0.0,{'RANGE': 2}
return_above_0_5_percent,D_price_volatility,forest,validation,0.55,0,0.0,,0.0,0.0,,,,0.0,0.0,0.0,{}
return_above_0_5_percent,D_price_volatility,forest,validation,0.6,0,0.0,,0.0,0.0,,,,0.0,0.0,0.0,{}
return_above_0_5_percent,D_price_volatility,forest,validation,0.65,0,0.0,,0.0,0.0,,,,0.0,0.0,0.0,{}
return_above_0_5_percent,D_price_volatility,forest,validation,0.7,0,0.0,,0.0,0.0,,,,0.0,0.0,0.0,{}
return_above_0_5_percent,D_price_volatility,hist_gradient,development_oof,unfiltered,166,100.0,31.92771084337349,-7.420845229999996,-0.7420845229999996,-0.044855654672136896,0.9503796747445725,-0.044703886927710816,4.643765806825128,-18.820491420000003,11.399646189999997,"{'RANGE': 100, 'TREND_UP': 34, 'LOW_VOLATILITY': 30, 'TREND_DOWN': 2}"
return_above_0_5_percent,D_price_volatility,hist_gradient,development_oof,0.5,12,7.228915662650602,58.333333333333336,5.01328463,0.501328463,0.41757588132484474,2.687405274175319,0.41777371916666667,0.15691112601078214,-1.68735049,6.70063512,"{'RANGE': 11, 'TREND_DOWN': 1}"
return_above_0_5_percent,D_price_volatility,hist_gradient,development_oof,0.55,4,2.4096385542168677,50.0,0.8587949100000001,0.085879491,0.21449186350252408,1.8411627920188185,0.21469872750000002,0.10209615999999641,-1.0209616,1.87975651,{'RANGE': 4}
return_above_0_5_percent,D_price_volatility,hist_gradient,development_oof,0.6,2,1.2048192771084338,50.0,-0.0841022,-0.00841022,-0.04215813230697087,0.3628015873629207,-0.0420511,0.013198746000000483,-0.13198746,0.04788526,{'RANGE': 2}
return_above_0_5_percent,D_price_volatility,hist_gradient,development_oof,0.65,0,0.0,,0.0,0.0,,,,0.0,0.0,0.0,{}
return_above_0_5_percent,D_price_volatility,hist_gradient,development_oof,0.7,0,0.0,,0.0,0.0,,,,0.0,0.0,0.0,{}
return_above_0_5_percent,D_price_volatility,hist_gradient,validation,unfiltered,205,100.0,35.609756097560975,-43.44493954,-4.344493954,-0.2122602899606429,0.8419374082338118,-0.2119265343414634,9.155218251418917,-2.2830576500000026,-41.16188188999999,"{'RANGE': 146, 'TREND_UP': 43, 'HIGH_VOLATILITY': 8, 'LOW_VOLATILITY': 5, 'TREND_DOWN': 3}"
return_above_0_5_percent,D_price_volatility,hist_gradient,validation,0.5,5,2.4390243902439024,20.0,-7.926581619999999,-0.7926581619999999,-1.5862014909864448,0.04666120836266696,-1.5853163239999999,0.8311323981566204,-3.11935187,-4.80722975,"{'RANGE': 4, 'TREND_UP': 1}"
return_above_0_5_percent,D_price_volatility,hist_gradient,validation,0.55,1,0.4878048780487805,100.0,0.38796688,0.038796688,0.3884143916413296,,0.38796688,0.0,0.38796688,0.0,{'RANGE': 1}
return_above_0_5_percent,D_price_volatility,hist_gradient,validation,0.6,0,0.0,,0.0,0.0,,,,0.0,0.0,0.0,{}
return_above_0_5_percent,D_price_volatility,hist_gradient,validation,0.65,0,0.0,,0.0,0.0,,,,0.0,0.0,0.0,{}
return_above_0_5_percent,D_price_volatility,hist_gradient,validation,0.7,0,0.0,,0.0,0.0,,,,0.0,0.0,0.0,{}
return_above_0_5_percent,E_no_regime,dummy,development_oof,unfiltered,166,100.0,31.92771084337349,-7.420845229999996,-0.7420845229999996,-0.044855654672136896,0.9503796747445725,-0.044703886927710816,4.643765806825128,-18.820491420000003,11.399646189999997,"{'RANGE': 100, 'TREND_UP': 34, 'LOW_VOLATILITY': 30, 'TREND_DOWN': 2}"
return_above_0_5_percent,E_no_regime,dummy,development_oof,0.5,0,0.0,,0.0,0.0,,,,0.0,0.0,0.0,{}
return_above_0_5_percent,E_no_regime,dummy,development_oof,0.55,0,0.0,,0.0,0.0,,,,0.0,0.0,0.0,{}
return_above_0_5_percent,E_no_regime,dummy,development_oof,0.6,0,0.0,,0.0,0.0,,,,0.0,0.0,0.0,{}
return_above_0_5_percent,E_no_regime,dummy,development_oof,0.65,0,0.0,,0.0,0.0,,,,0.0,0.0,0.0,{}
return_above_0_5_percent,E_no_regime,dummy,development_oof,0.7,0,0.0,,0.0,0.0,,,,0.0,0.0,0.0,{}
return_above_0_5_percent,E_no_regime,dummy,validation,unfiltered,205,100.0,35.609756097560975,-43.44493954,-4.344493954,-0.2122602899606429,0.8419374082338118,-0.2119265343414634,9.155218251418917,-2.2830576500000026,-41.16188188999999,"{'RANGE': 146, 'TREND_UP': 43, 'HIGH_VOLATILITY': 8, 'LOW_VOLATILITY': 5, 'TREND_DOWN': 3}"
return_above_0_5_percent,E_no_regime,dummy,validation,0.5,0,0.0,,0.0,0.0,,,,0.0,0.0,0.0,{}
return_above_0_5_percent,E_no_regime,dummy,validation,0.55,0,0.0,,0.0,0.0,,,,0.0,0.0,0.0,{}
return_above_0_5_percent,E_no_regime,dummy,validation,0.6,0,0.0,,0.0,0.0,,,,0.0,0.0,0.0,{}
return_above_0_5_percent,E_no_regime,dummy,validation,0.65,0,0.0,,0.0,0.0,,,,0.0,0.0,0.0,{}
return_above_0_5_percent,E_no_regime,dummy,validation,0.7,0,0.0,,0.0,0.0,,,,0.0,0.0,0.0,{}
return_above_0_5_percent,E_no_regime,logistic,development_oof,unfiltered,166,100.0,31.92771084337349,-7.420845229999996,-0.7420845229999996,-0.044855654672136896,0.9503796747445725,-0.044703886927710816,4.643765806825128,-18.820491420000003,11.399646189999997,"{'RANGE': 100, 'TREND_UP': 34, 'LOW_VOLATILITY': 30, 'TREND_DOWN': 2}"
return_above_0_5_percent,E_no_regime,logistic,development_oof,0.5,14,8.433734939759036,57.14285714285714,14.452168380000002,1.4452168380000001,1.0316254145127255,5.110141551745274,1.0322977414285714,0.17413863733285656,-1.3273852699999997,15.779553650000002,"{'RANGE': 13, 'TREND_DOWN': 1}"
return_above_0_5_percent,E_no_regime,logistic,development_oof,0.55,11,6.626506024096386,54.54545454545454,5.526602360000001,0.5526602360000001,0.5019663165735284,3.267685079199461,0.5024183963636365,0.12482259099999737,-1.3273852699999997,6.853987630000001,"{'RANGE': 10, 'TREND_DOWN': 1}"
return_above_0_5_percent,E_no_regime,logistic,development_oof,0.6,8,4.819277108433735,50.0,0.23319460000000014,0.023319460000000014,0.028914996929971477,1.1120035865800593,0.029149325000000018,0.1598676650000016,-0.97230131,1.2054959100000002,"{'RANGE': 7, 'TREND_DOWN': 1}"
return_above_0_5_percent,E_no_regime,logistic,development_oof,0.65,7,4.216867469879518,42.857142857142854,-0.17471745999999988,-0.01747174599999999,-0.025300192663970766,0.9160830389804995,-0.024959637142857125,0.200658870999996,-1.3802133699999999,1.2054959100000002,{'RANGE': 7}
return_above_0_5_percent,E_no_regime,logistic,development_oof,0.7,4,2.4096385542168677,75.0,1.30408311,0.130408311,0.3259342901647107,3.1618432949166437,0.3260207775,0.06031818964041269,0.0,1.30408311,{'RANGE': 4}
return_above_0_5_percent,E_no_regime,logistic,validation,unfiltered,205,100.0,35.609756097560975,-43.44493954,-4.344493954,-0.2122602899606429,0.8419374082338118,-0.2119265343414634,9.155218251418917,-2.2830576500000026,-41.16188188999999,"{'RANGE': 146, 'TREND_UP': 43, 'HIGH_VOLATILITY': 8, 'LOW_VOLATILITY': 5, 'TREND_DOWN': 3}"
return_above_0_5_percent,E_no_regime,logistic,validation,0.5,22,10.731707317073171,36.36363636363637,-8.58398792,-0.858398792,-0.38957219118324665,0.6633514052846502,-0.3901812690909091,1.306792844128396,-0.8098589399999991,-7.77412898,"{'RANGE': 19, 'HIGH_VOLATILITY': 3}"
return_above_0_5_percent,E_no_regime,logistic,validation,0.55,17,8.292682926829269,35.294117647058826,-6.76688953,-0.676688953,-0.39772628280574357,0.6307909562920776,-0.39805232529411766,0.847510046572495,-2.45379609,-4.313093439999999,"{'RANGE': 15, 'HIGH_VOLATILITY': 2}"
return_above_0_5_percent,E_no_regime,logistic,validation,0.6,8,3.902439024390244,37.5,-11.951760010000001,-1.195176001,-1.4933063643865696,0.08632252574006004,-1.4939700012500001,1.2563823489184918,8.550000000001612e-05,-11.95184551,"{'RANGE': 7, 'HIGH_VOLATILITY': 1}"
return_above_0_5_percent,E_no_regime,logistic,validation,0.65,4,1.951219512195122,50.0,-9.4888245,-0.9488824499999999,-2.3705115525984235,0.08639371232527147,-2.372206125,0.9872960998125182,0.89729546,-10.38611996,"{'RANGE': 3, 'HIGH_VOLATILITY': 1}"
return_above_0_5_percent,E_no_regime,logistic,validation,0.7,2,0.975609756097561,50.0,-4.68434749,-0.46843474900000004,-2.3404398295778464,0.09806706716693635,-2.342173745,0.5193676070000037,0.50932858,-5.19367607,"{'HIGH_VOLATILITY': 1, 'RANGE': 1}"
return_above_0_5_percent,E_no_regime,forest,development_oof,unfiltered,166,100.0,31.92771084337349,-7.420845229999996,-0.7420845229999996,-0.044855654672136896,0.9503796747445725,-0.044703886927710816,4.643765806825128,-18.820491420000003,11.399646189999997,"{'RANGE': 100, 'TREND_UP': 34, 'LOW_VOLATILITY': 30, 'TREND_DOWN': 2}"
return_above_0_5_percent,E_no_regime,forest,development_oof,0.5,11,6.626506024096386,45.45454545454545,8.143437230000002,0.8143437230000001,0.7399468108074714,2.9327430265561274,0.7403124754545456,0.3087542439999993,-1.60330987,9.746747100000002,{'RANGE': 11}
return_above_0_5_percent,E_no_regime,forest,development_oof,0.55,0,0.0,,0.0,0.0,,,,0.0,0.0,0.0,{}
return_above_0_5_percent,E_no_regime,forest,development_oof,0.6,0,0.0,,0.0,0.0,,,,0.0,0.0,0.0,{}
return_above_0_5_percent,E_no_regime,forest,development_oof,0.65,0,0.0,,0.0,0.0,,,,0.0,0.0,0.0,{}
return_above_0_5_percent,E_no_regime,forest,development_oof,0.7,0,0.0,,0.0,0.0,,,,0.0,0.0,0.0,{}
return_above_0_5_percent,E_no_regime,forest,validation,unfiltered,205,100.0,35.609756097560975,-43.44493954,-4.344493954,-0.2122602899606429,0.8419374082338118,-0.2119265343414634,9.155218251418917,-2.2830576500000026,-41.16188188999999,"{'RANGE': 146, 'TREND_UP': 43, 'HIGH_VOLATILITY': 8, 'LOW_VOLATILITY': 5, 'TREND_DOWN': 3}"
return_above_0_5_percent,E_no_regime,forest,validation,0.5,3,1.4634146341463417,33.33333333333333,-4.65270963,-0.46527096300000004,-1.551972754378117,0.07696722438552202,-1.5509032100000002,0.5038721652881168,-2.8805525,-1.77215713,{'RANGE': 3}
return_above_0_5_percent,E_no_regime,forest,validation,0.55,0,0.0,,0.0,0.0,,,,0.0,0.0,0.0,{}
return_above_0_5_percent,E_no_regime,forest,validation,0.6,0,0.0,,0.0,0.0,,,,0.0,0.0,0.0,{}
return_above_0_5_percent,E_no_regime,forest,validation,0.65,0,0.0,,0.0,0.0,,,,0.0,0.0,0.0,{}
return_above_0_5_percent,E_no_regime,forest,validation,0.7,0,0.0,,0.0,0.0,,,,0.0,0.0,0.0,{}
return_above_0_5_percent,E_no_regime,hist_gradient,development_oof,unfiltered,166,100.0,31.92771084337349,-7.420845229999996,-0.7420845229999996,-0.044855654672136896,0.9503796747445725,-0.044703886927710816,4.643765806825128,-18.820491420000003,11.399646189999997,"{'RANGE': 100, 'TREND_UP': 34, 'LOW_VOLATILITY': 30, 'TREND_DOWN': 2}"
return_above_0_5_percent,E_no_regime,hist_gradient,development_oof,0.5,11,6.626506024096386,63.63636363636363,5.11187183,0.511187183,0.4645049234191034,2.7796425621533905,0.4647156209090909,0.15689572867837134,-1.68735049,6.79922232,"{'RANGE': 10, 'TREND_DOWN': 1}"
return_above_0_5_percent,E_no_regime,hist_gradient,development_oof,0.55,5,3.0120481927710845,40.0,0.2555675100000001,0.02555675100000001,0.05096672676821971,1.1573508440212317,0.05111350200000002,0.15763037399999577,-1.0209616,1.2765291100000002,{'RANGE': 5}
return_above_0_5_percent,E_no_regime,hist_gradient,development_oof,0.6,2,1.2048192771084338,50.0,-0.0841022,-0.00841022,-0.04215813230697087,0.3628015873629207,-0.0420511,0.013198746000000483,-0.13198746,0.04788526,{'RANGE': 2}
return_above_0_5_percent,E_no_regime,hist_gradient,development_oof,0.65,0,0.0,,0.0,0.0,,,,0.0,0.0,0.0,{}
return_above_0_5_percent,E_no_regime,hist_gradient,development_oof,0.7,0,0.0,,0.0,0.0,,,,0.0,0.0,0.0,{}
return_above_0_5_percent,E_no_regime,hist_gradient,validation,unfiltered,205,100.0,35.609756097560975,-43.44493954,-4.344493954,-0.2122602899606429,0.8419374082338118,-0.2119265343414634,9.155218251418917,-2.2830576500000026,-41.16188188999999,"{'RANGE': 146, 'TREND_UP': 43, 'HIGH_VOLATILITY': 8, 'LOW_VOLATILITY': 5, 'TREND_DOWN': 3}"
return_above_0_5_percent,E_no_regime,hist_gradient,validation,0.5,7,3.414634146341464,14.285714285714285,-10.149672939999999,-1.0149672939999999,-1.4520899411225463,0.036817246236074144,-1.449953277142857,1.014967293999996,-7.566258179999999,-2.58341476,"{'RANGE': 6, 'TREND_DOWN': 1}"
return_above_0_5_percent,E_no_regime,hist_gradient,validation,0.55,3,1.4634146341463417,33.33333333333333,-2.25307199,-0.225307199,-0.751110574250752,0.14689934495360155,-0.7510239966666666,0.264001463176015,-0.48091485999999994,-1.77215713,{'RANGE': 3}
return_above_0_5_percent,E_no_regime,hist_gradient,validation,0.6,1,0.4878048780487805,100.0,0.38796688,0.038796688,0.3884143916413296,,0.38796688,0.0,0.38796688,0.0,{'RANGE': 1}
return_above_0_5_percent,E_no_regime,hist_gradient,validation,0.65,0,0.0,,0.0,0.0,,,,0.0,0.0,0.0,{}
return_above_0_5_percent,E_no_regime,hist_gradient,validation,0.7,0,0.0,,0.0,0.0,,,,0.0,0.0,0.0,{}
return_above_1_percent,A_all,dummy,development_oof,unfiltered,166,100.0,31.92771084337349,-7.420845229999996,-0.7420845229999996,-0.044855654672136896,0.9503796747445725,-0.044703886927710816,4.643765806825128,-18.820491420000003,11.399646189999997,"{'RANGE': 100, 'TREND_UP': 34, 'LOW_VOLATILITY': 30, 'TREND_DOWN': 2}"
return_above_1_percent,A_all,dummy,development_oof,0.5,0,0.0,,0.0,0.0,,,,0.0,0.0,0.0,{}
return_above_1_percent,A_all,dummy,development_oof,0.55,0,0.0,,0.0,0.0,,,,0.0,0.0,0.0,{}
return_above_1_percent,A_all,dummy,development_oof,0.6,0,0.0,,0.0,0.0,,,,0.0,0.0,0.0,{}
return_above_1_percent,A_all,dummy,development_oof,0.65,0,0.0,,0.0,0.0,,,,0.0,0.0,0.0,{}
return_above_1_percent,A_all,dummy,development_oof,0.7,0,0.0,,0.0,0.0,,,,0.0,0.0,0.0,{}
return_above_1_percent,A_all,dummy,validation,unfiltered,205,100.0,35.609756097560975,-43.44493954,-4.344493954,-0.2122602899606429,0.8419374082338118,-0.2119265343414634,9.155218251418917,-2.2830576500000026,-41.16188188999999,"{'RANGE': 146, 'TREND_UP': 43, 'HIGH_VOLATILITY': 8, 'LOW_VOLATILITY': 5, 'TREND_DOWN': 3}"
return_above_1_percent,A_all,dummy,validation,0.5,0,0.0,,0.0,0.0,,,,0.0,0.0,0.0,{}
return_above_1_percent,A_all,dummy,validation,0.55,0,0.0,,0.0,0.0,,,,0.0,0.0,0.0,{}
return_above_1_percent,A_all,dummy,validation,0.6,0,0.0,,0.0,0.0,,,,0.0,0.0,0.0,{}
return_above_1_percent,A_all,dummy,validation,0.65,0,0.0,,0.0,0.0,,,,0.0,0.0,0.0,{}
return_above_1_percent,A_all,dummy,validation,0.7,0,0.0,,0.0,0.0,,,,0.0,0.0,0.0,{}
return_above_1_percent,A_all,logistic,development_oof,unfiltered,166,100.0,31.92771084337349,-7.420845229999996,-0.7420845229999996,-0.044855654672136896,0.9503796747445725,-0.044703886927710816,4.643765806825128,-18.820491420000003,11.399646189999997,"{'RANGE': 100, 'TREND_UP': 34, 'LOW_VOLATILITY': 30, 'TREND_DOWN': 2}"
return_above_1_percent,A_all,logistic,development_oof,0.5,7,4.216867469879518,42.857142857142854,-1.4046154,-0.14046154,-0.2008694540785217,0.6426443926300609,-0.20065934285714285,0.23792455383117952,0.0,-1.4046154,"{'RANGE': 6, 'TREND_UP': 1}"
return_above_1_percent,A_all,logistic,development_oof,0.55,3,1.8072289156626504,66.66666666666666,1.7811693100000001,0.178116931,0.59356322547655,19.06694286885113,0.5937231033333333,0.00985871999999972,0.0,1.7811693100000001,{'RANGE': 3}
return_above_1_percent,A_all,logistic,development_oof,0.6,2,1.2048192771084338,100.0,1.87975651,0.187975651,0.9396666290708249,,0.939878255,0.0,0.0,1.87975651,{'RANGE': 2}
return_above_1_percent,A_all,logistic,development_oof,0.65,1,0.6024096385542169,100.0,1.83187125,0.183187125,1.8314605907490393,,1.83187125,0.0,0.0,1.83187125,{'RANGE': 1}
return_above_1_percent,A_all,logistic,development_oof,0.7,1,0.6024096385542169,100.0,1.83187125,0.183187125,1.8314605907490393,,1.83187125,0.0,0.0,1.83187125,{'RANGE': 1}
return_above_1_percent,A_all,logistic,validation,unfiltered,205,100.0,35.609756097560975,-43.44493954,-4.344493954,-0.2122602899606429,0.8419374082338118,-0.2119265343414634,9.155218251418917,-2.2830576500000026,-41.16188188999999,"{'RANGE': 146, 'TREND_UP': 43, 'HIGH_VOLATILITY': 8, 'LOW_VOLATILITY': 5, 'TREND_DOWN': 3}"
return_above_1_percent,A_all,logistic,validation,0.5,5,2.4390243902439024,60.0,3.7461746399999996,0.37461746399999996,0.7509458286700283,1.5542169041880367,0.7492349279999999,0.5175892534706164,0.50932858,3.2368460599999995,"{'RANGE': 4, 'HIGH_VOLATILITY': 1}"
return_above_1_percent,A_all,logistic,validation,0.55,3,1.4634146341463417,66.66666666666666,4.802571609999999,0.48025716099999993,1.6034551555144914,1.9246960236393793,1.600857203333333,0.5167828838619797,0.0,4.802571609999999,"{'RANGE': 2, 'HIGH_VOLATILITY': 1}"
return_above_1_percent,A_all,logistic,validation,0.6,2,0.975609756097561,50.0,-0.1989933000000006,-0.01989933000000006,-0.09487070037188898,0.9616854618351274,-0.0994966500000003,0.5193676070000037,0.0,-0.1989933000000006,"{'HIGH_VOLATILITY': 1, 'RANGE': 1}"
return_above_1_percent,A_all,logistic,validation,0.65,1,0.4878048780487805,0.0,-5.19367607,-0.5193676070000001,-5.189790479317415,0.0,-5.19367607,0.5193676070000037,0.0,-5.19367607,{'HIGH_VOLATILITY': 1}
return_above_1_percent,A_all,logistic,validation,0.7,0,0.0,,0.0,0.0,,,,0.0,0.0,0.0,{}
return_above_1_percent,A_all,forest,development_oof,unfiltered,166,100.0,31.92771084337349,-7.420845229999996,-0.7420845229999996,-0.044855654672136896,0.9503796747445725,-0.044703886927710816,4.643765806825128,-18.820491420000003,11.399646189999997,"{'RANGE': 100, 'TREND_UP': 34, 'LOW_VOLATILITY': 30, 'TREND_DOWN': 2}"
return_above_1_percent,A_all,forest,development_oof,0.5,0,0.0,,0.0,0.0,,,,0.0,0.0,0.0,{}
return_above_1_percent,A_all,forest,development_oof,0.55,0,0.0,,0.0,0.0,,,,0.0,0.0,0.0,{}
return_above_1_percent,A_all,forest,development_oof,0.6,0,0.0,,0.0,0.0,,,,0.0,0.0,0.0,{}
return_above_1_percent,A_all,forest,development_oof,0.65,0,0.0,,0.0,0.0,,,,0.0,0.0,0.0,{}
return_above_1_percent,A_all,forest,development_oof,0.7,0,0.0,,0.0,0.0,,,,0.0,0.0,0.0,{}
return_above_1_percent,A_all,forest,validation,unfiltered,205,100.0,35.609756097560975,-43.44493954,-4.344493954,-0.2122602899606429,0.8419374082338118,-0.2119265343414634,9.155218251418917,-2.2830576500000026,-41.16188188999999,"{'RANGE': 146, 'TREND_UP': 43, 'HIGH_VOLATILITY': 8, 'LOW_VOLATILITY': 5, 'TREND_DOWN': 3}"
return_above_1_percent,A_all,forest,validation,0.5,0,0.0,,0.0,0.0,,,,0.0,0.0,0.0,{}
return_above_1_percent,A_all,forest,validation,0.55,0,0.0,,0.0,0.0,,,,0.0,0.0,0.0,{}
return_above_1_percent,A_all,forest,validation,0.6,0,0.0,,0.0,0.0,,,,0.0,0.0,0.0,{}
return_above_1_percent,A_all,forest,validation,0.65,0,0.0,,0.0,0.0,,,,0.0,0.0,0.0,{}
return_above_1_percent,A_all,forest,validation,0.7,0,0.0,,0.0,0.0,,,,0.0,0.0,0.0,{}
return_above_1_percent,A_all,hist_gradient,development_oof,unfiltered,166,100.0,31.92771084337349,-7.420845229999996,-0.7420845229999996,-0.044855654672136896,0.9503796747445725,-0.044703886927710816,4.643765806825128,-18.820491420000003,11.399646189999997,"{'RANGE': 100, 'TREND_UP': 34, 'LOW_VOLATILITY': 30, 'TREND_DOWN': 2}"
return_above_1_percent,A_all,hist_gradient,development_oof,0.5,0,0.0,,0.0,0.0,,,,0.0,0.0,0.0,{}
return_above_1_percent,A_all,hist_gradient,development_oof,0.55,0,0.0,,0.0,0.0,,,,0.0,0.0,0.0,{}
return_above_1_percent,A_all,hist_gradient,development_oof,0.6,0,0.0,,0.0,0.0,,,,0.0,0.0,0.0,{}
return_above_1_percent,A_all,hist_gradient,development_oof,0.65,0,0.0,,0.0,0.0,,,,0.0,0.0,0.0,{}
return_above_1_percent,A_all,hist_gradient,development_oof,0.7,0,0.0,,0.0,0.0,,,,0.0,0.0,0.0,{}
return_above_1_percent,A_all,hist_gradient,validation,unfiltered,205,100.0,35.609756097560975,-43.44493954,-4.344493954,-0.2122602899606429,0.8419374082338118,-0.2119265343414634,9.155218251418917,-2.2830576500000026,-41.16188188999999,"{'RANGE': 146, 'TREND_UP': 43, 'HIGH_VOLATILITY': 8, 'LOW_VOLATILITY': 5, 'TREND_DOWN': 3}"
return_above_1_percent,A_all,hist_gradient,validation,0.5,2,0.975609756097561,50.0,-0.94383444,-0.09438344400000001,-0.4740247465056729,0.2913098779628781,-0.47191722,0.13312848255798962,-0.94383444,0.0,{'RANGE': 2}
return_above_1_percent,A_all,hist_gradient,validation,0.55,0,0.0,,0.0,0.0,,,,0.0,0.0,0.0,{}
return_above_1_percent,A_all,hist_gradient,validation,0.6,0,0.0,,0.0,0.0,,,,0.0,0.0,0.0,{}
return_above_1_percent,A_all,hist_gradient,validation,0.65,0,0.0,,0.0,0.0,,,,0.0,0.0,0.0,{}
return_above_1_percent,A_all,hist_gradient,validation,0.7,0,0.0,,0.0,0.0,,,,0.0,0.0,0.0,{}
return_above_1_percent,B_reduced,dummy,development_oof,unfiltered,166,100.0,31.92771084337349,-7.420845229999996,-0.7420845229999996,-0.044855654672136896,0.9503796747445725,-0.044703886927710816,4.643765806825128,-18.820491420000003,11.399646189999997,"{'RANGE': 100, 'TREND_UP': 34, 'LOW_VOLATILITY': 30, 'TREND_DOWN': 2}"
return_above_1_percent,B_reduced,dummy,development_oof,0.5,0,0.0,,0.0,0.0,,,,0.0,0.0,0.0,{}
return_above_1_percent,B_reduced,dummy,development_oof,0.55,0,0.0,,0.0,0.0,,,,0.0,0.0,0.0,{}
return_above_1_percent,B_reduced,dummy,development_oof,0.6,0,0.0,,0.0,0.0,,,,0.0,0.0,0.0,{}
return_above_1_percent,B_reduced,dummy,development_oof,0.65,0,0.0,,0.0,0.0,,,,0.0,0.0,0.0,{}
return_above_1_percent,B_reduced,dummy,development_oof,0.7,0,0.0,,0.0,0.0,,,,0.0,0.0,0.0,{}
return_above_1_percent,B_reduced,dummy,validation,unfiltered,205,100.0,35.609756097560975,-43.44493954,-4.344493954,-0.2122602899606429,0.8419374082338118,-0.2119265343414634,9.155218251418917,-2.2830576500000026,-41.16188188999999,"{'RANGE': 146, 'TREND_UP': 43, 'HIGH_VOLATILITY': 8, 'LOW_VOLATILITY': 5, 'TREND_DOWN': 3}"
return_above_1_percent,B_reduced,dummy,validation,0.5,0,0.0,,0.0,0.0,,,,0.0,0.0,0.0,{}
return_above_1_percent,B_reduced,dummy,validation,0.55,0,0.0,,0.0,0.0,,,,0.0,0.0,0.0,{}
return_above_1_percent,B_reduced,dummy,validation,0.6,0,0.0,,0.0,0.0,,,,0.0,0.0,0.0,{}
return_above_1_percent,B_reduced,dummy,validation,0.65,0,0.0,,0.0,0.0,,,,0.0,0.0,0.0,{}
return_above_1_percent,B_reduced,dummy,validation,0.7,0,0.0,,0.0,0.0,,,,0.0,0.0,0.0,{}
return_above_1_percent,B_reduced,logistic,development_oof,unfiltered,166,100.0,31.92771084337349,-7.420845229999996,-0.7420845229999996,-0.044855654672136896,0.9503796747445725,-0.044703886927710816,4.643765806825128,-18.820491420000003,11.399646189999997,"{'RANGE': 100, 'TREND_UP': 34, 'LOW_VOLATILITY': 30, 'TREND_DOWN': 2}"
return_above_1_percent,B_reduced,logistic,development_oof,0.5,4,2.4096385542168677,50.0,0.7020596699999999,0.070205967,0.1754241821202845,1.596129365516511,0.17551491749999998,0.11776968399999532,0.0,0.7020596699999999,{'RANGE': 4}
return_above_1_percent,B_reduced,logistic,development_oof,0.55,3,1.8072289156626504,66.66666666666666,1.7811693100000001,0.178116931,0.59356322547655,19.06694286885113,0.5937231033333333,0.00985871999999972,0.0,1.7811693100000001,{'RANGE': 3}
return_above_1_percent,B_reduced,logistic,development_oof,0.6,2,1.2048192771084338,100.0,1.87975651,0.187975651,0.9396666290708249,,0.939878255,0.0,0.0,1.87975651,{'RANGE': 2}
return_above_1_percent,B_reduced,logistic,development_oof,0.65,1,0.6024096385542169,100.0,1.83187125,0.183187125,1.8314605907490393,,1.83187125,0.0,0.0,1.83187125,{'RANGE': 1}
return_above_1_percent,B_reduced,logistic,development_oof,0.7,1,0.6024096385542169,100.0,1.83187125,0.183187125,1.8314605907490393,,1.83187125,0.0,0.0,1.83187125,{'RANGE': 1}
return_above_1_percent,B_reduced,logistic,validation,unfiltered,205,100.0,35.609756097560975,-43.44493954,-4.344493954,-0.2122602899606429,0.8419374082338118,-0.2119265343414634,9.155218251418917,-2.2830576500000026,-41.16188188999999,"{'RANGE': 146, 'TREND_UP': 43, 'HIGH_VOLATILITY': 8, 'LOW_VOLATILITY': 5, 'TREND_DOWN': 3}"
return_above_1_percent,B_reduced,logistic,validation,0.5,7,3.414634146341464,42.857142857142854,0.2555174599999992,0.02555174599999992,0.03673315974579437,1.0249283896790913,0.03650249428571417,0.5248493889999963,-2.9813286,3.2368460599999995,"{'RANGE': 6, 'HIGH_VOLATILITY': 1}"
return_above_1_percent,B_reduced,logistic,validation,0.55,3,1.4634146341463417,66.66666666666666,4.802571609999999,0.48025716099999993,1.6034551555144914,1.9246960236393793,1.600857203333333,0.5167828838619797,0.0,4.802571609999999,"{'RANGE': 2, 'HIGH_VOLATILITY': 1}"
return_above_1_percent,B_reduced,logistic,validation,0.6,1,0.4878048780487805,0.0,-5.19367607,-0.5193676070000001,-5.189790479317415,0.0,-5.19367607,0.5193676070000037,0.0,-5.19367607,{'HIGH_VOLATILITY': 1}
return_above_1_percent,B_reduced,logistic,validation,0.65,0,0.0,,0.0,0.0,,,,0.0,0.0,0.0,{}
return_above_1_percent,B_reduced,logistic,validation,0.7,0,0.0,,0.0,0.0,,,,0.0,0.0,0.0,{}
return_above_1_percent,B_reduced,forest,development_oof,unfiltered,166,100.0,31.92771084337349,-7.420845229999996,-0.7420845229999996,-0.044855654672136896,0.9503796747445725,-0.044703886927710816,4.643765806825128,-18.820491420000003,11.399646189999997,"{'RANGE': 100, 'TREND_UP': 34, 'LOW_VOLATILITY': 30, 'TREND_DOWN': 2}"
return_above_1_percent,B_reduced,forest,development_oof,0.5,0,0.0,,0.0,0.0,,,,0.0,0.0,0.0,{}
return_above_1_percent,B_reduced,forest,development_oof,0.55,0,0.0,,0.0,0.0,,,,0.0,0.0,0.0,{}
return_above_1_percent,B_reduced,forest,development_oof,0.6,0,0.0,,0.0,0.0,,,,0.0,0.0,0.0,{}
return_above_1_percent,B_reduced,forest,development_oof,0.65,0,0.0,,0.0,0.0,,,,0.0,0.0,0.0,{}
return_above_1_percent,B_reduced,forest,development_oof,0.7,0,0.0,,0.0,0.0,,,,0.0,0.0,0.0,{}
return_above_1_percent,B_reduced,forest,validation,unfiltered,205,100.0,35.609756097560975,-43.44493954,-4.344493954,-0.2122602899606429,0.8419374082338118,-0.2119265343414634,9.155218251418917,-2.2830576500000026,-41.16188188999999,"{'RANGE': 146, 'TREND_UP': 43, 'HIGH_VOLATILITY': 8, 'LOW_VOLATILITY': 5, 'TREND_DOWN': 3}"
return_above_1_percent,B_reduced,forest,validation,0.5,0,0.0,,0.0,0.0,,,,0.0,0.0,0.0,{}
return_above_1_percent,B_reduced,forest,validation,0.55,0,0.0,,0.0,0.0,,,,0.0,0.0,0.0,{}
return_above_1_percent,B_reduced,forest,validation,0.6,0,0.0,,0.0,0.0,,,,0.0,0.0,0.0,{}
return_above_1_percent,B_reduced,forest,validation,0.65,0,0.0,,0.0,0.0,,,,0.0,0.0,0.0,{}
return_above_1_percent,B_reduced,forest,validation,0.7,0,0.0,,0.0,0.0,,,,0.0,0.0,0.0,{}
return_above_1_percent,B_reduced,hist_gradient,development_oof,unfiltered,166,100.0,31.92771084337349,-7.420845229999996,-0.7420845229999996,-0.044855654672136896,0.9503796747445725,-0.044703886927710816,4.643765806825128,-18.820491420000003,11.399646189999997,"{'RANGE': 100, 'TREND_UP': 34, 'LOW_VOLATILITY': 30, 'TREND_DOWN': 2}"
return_above_1_percent,B_reduced,hist_gradient,development_oof,0.5,0,0.0,,0.0,0.0,,,,0.0,0.0,0.0,{}
return_above_1_percent,B_reduced,hist_gradient,development_oof,0.55,0,0.0,,0.0,0.0,,,,0.0,0.0,0.0,{}
return_above_1_percent,B_reduced,hist_gradient,development_oof,0.6,0,0.0,,0.0,0.0,,,,0.0,0.0,0.0,{}
return_above_1_percent,B_reduced,hist_gradient,development_oof,0.65,0,0.0,,0.0,0.0,,,,0.0,0.0,0.0,{}
return_above_1_percent,B_reduced,hist_gradient,development_oof,0.7,0,0.0,,0.0,0.0,,,,0.0,0.0,0.0,{}
return_above_1_percent,B_reduced,hist_gradient,validation,unfiltered,205,100.0,35.609756097560975,-43.44493954,-4.344493954,-0.2122602899606429,0.8419374082338118,-0.2119265343414634,9.155218251418917,-2.2830576500000026,-41.16188188999999,"{'RANGE': 146, 'TREND_UP': 43, 'HIGH_VOLATILITY': 8, 'LOW_VOLATILITY': 5, 'TREND_DOWN': 3}"
return_above_1_percent,B_reduced,hist_gradient,validation,0.5,3,1.4634146341463417,66.66666666666666,-0.2017466000000001,-0.02017466000000001,-0.06838289089751612,0.8485159933615323,-0.0672488666666667,0.1330298010454234,-0.94383444,0.74208784,"{'RANGE': 2, 'TREND_DOWN': 1}"
return_above_1_percent,B_reduced,hist_gradient,validation,0.55,0,0.0,,0.0,0.0,,,,0.0,0.0,0.0,{}
return_above_1_percent,B_reduced,hist_gradient,validation,0.6,0,0.0,,0.0,0.0,,,,0.0,0.0,0.0,{}
return_above_1_percent,B_reduced,hist_gradient,validation,0.65,0,0.0,,0.0,0.0,,,,0.0,0.0,0.0,{}
return_above_1_percent,B_reduced,hist_gradient,validation,0.7,0,0.0,,0.0,0.0,,,,0.0,0.0,0.0,{}
return_above_1_percent,C_price,dummy,development_oof,unfiltered,166,100.0,31.92771084337349,-7.420845229999996,-0.7420845229999996,-0.044855654672136896,0.9503796747445725,-0.044703886927710816,4.643765806825128,-18.820491420000003,11.399646189999997,"{'RANGE': 100, 'TREND_UP': 34, 'LOW_VOLATILITY': 30, 'TREND_DOWN': 2}"
return_above_1_percent,C_price,dummy,development_oof,0.5,0,0.0,,0.0,0.0,,,,0.0,0.0,0.0,{}
return_above_1_percent,C_price,dummy,development_oof,0.55,0,0.0,,0.0,0.0,,,,0.0,0.0,0.0,{}
return_above_1_percent,C_price,dummy,development_oof,0.6,0,0.0,,0.0,0.0,,,,0.0,0.0,0.0,{}
return_above_1_percent,C_price,dummy,development_oof,0.65,0,0.0,,0.0,0.0,,,,0.0,0.0,0.0,{}
return_above_1_percent,C_price,dummy,development_oof,0.7,0,0.0,,0.0,0.0,,,,0.0,0.0,0.0,{}
return_above_1_percent,C_price,dummy,validation,unfiltered,205,100.0,35.609756097560975,-43.44493954,-4.344493954,-0.2122602899606429,0.8419374082338118,-0.2119265343414634,9.155218251418917,-2.2830576500000026,-41.16188188999999,"{'RANGE': 146, 'TREND_UP': 43, 'HIGH_VOLATILITY': 8, 'LOW_VOLATILITY': 5, 'TREND_DOWN': 3}"
return_above_1_percent,C_price,dummy,validation,0.5,0,0.0,,0.0,0.0,,,,0.0,0.0,0.0,{}
return_above_1_percent,C_price,dummy,validation,0.55,0,0.0,,0.0,0.0,,,,0.0,0.0,0.0,{}
return_above_1_percent,C_price,dummy,validation,0.6,0,0.0,,0.0,0.0,,,,0.0,0.0,0.0,{}
return_above_1_percent,C_price,dummy,validation,0.65,0,0.0,,0.0,0.0,,,,0.0,0.0,0.0,{}
return_above_1_percent,C_price,dummy,validation,0.7,0,0.0,,0.0,0.0,,,,0.0,0.0,0.0,{}
return_above_1_percent,C_price,logistic,development_oof,unfiltered,166,100.0,31.92771084337349,-7.420845229999996,-0.7420845229999996,-0.044855654672136896,0.9503796747445725,-0.044703886927710816,4.643765806825128,-18.820491420000003,11.399646189999997,"{'RANGE': 100, 'TREND_UP': 34, 'LOW_VOLATILITY': 30, 'TREND_DOWN': 2}"
return_above_1_percent,C_price,logistic,development_oof,0.5,3,1.8072289156626504,66.66666666666666,0.6315306,0.06315306000000001,0.20977575418452094,1.5059425500949584,0.2105102,0.12482259099999737,-1.24822591,1.87975651,{'RANGE': 3}
return_above_1_percent,C_price,logistic,development_oof,0.55,2,1.2048192771084338,100.0,1.87975651,0.187975651,0.9396666290708249,,0.939878255,0.0,0.0,1.87975651,{'RANGE': 2}
return_above_1_percent,C_price,logistic,development_oof,0.6,0,0.0,,0.0,0.0,,,,0.0,0.0,0.0,{}
return_above_1_percent,C_price,logistic,development_oof,0.65,0,0.0,,0.0,0.0,,,,0.0,0.0,0.0,{}
return_above_1_percent,C_price,logistic,development_oof,0.7,0,0.0,,0.0,0.0,,,,0.0,0.0,0.0,{}
return_above_1_percent,C_price,logistic,validation,unfiltered,205,100.0,35.609756097560975,-43.44493954,-4.344493954,-0.2122602899606429,0.8419374082338118,-0.2119265343414634,9.155218251418917,-2.2830576500000026,-41.16188188999999,"{'RANGE': 146, 'TREND_UP': 43, 'HIGH_VOLATILITY': 8, 'LOW_VOLATILITY': 5, 'TREND_DOWN': 3}"
return_above_1_percent,C_price,logistic,validation,0.5,5,2.4390243902439024,40.0,-8.34326568,-0.834326568,-1.6666745851360605,0.39747439970613463,-1.668653136,0.8650795834183741,0.50932858,-8.85259426,"{'RANGE': 3, 'HIGH_VOLATILITY': 2}"
return_above_1_percent,C_price,logistic,validation,0.55,1,0.4878048780487805,0.0,-5.19367607,-0.5193676070000001,-5.189790479317415,0.0,-5.19367607,0.5193676070000037,0.0,-5.19367607,{'HIGH_VOLATILITY': 1}
return_above_1_percent,C_price,logistic,validation,0.6,1,0.4878048780487805,0.0,-5.19367607,-0.5193676070000001,-5.189790479317415,0.0,-5.19367607,0.5193676070000037,0.0,-5.19367607,{'HIGH_VOLATILITY': 1}
return_above_1_percent,C_price,logistic,validation,0.65,1,0.4878048780487805,0.0,-5.19367607,-0.5193676070000001,-5.189790479317415,0.0,-5.19367607,0.5193676070000037,0.0,-5.19367607,{'HIGH_VOLATILITY': 1}
return_above_1_percent,C_price,logistic,validation,0.7,0,0.0,,0.0,0.0,,,,0.0,0.0,0.0,{}
return_above_1_percent,C_price,forest,development_oof,unfiltered,166,100.0,31.92771084337349,-7.420845229999996,-0.7420845229999996,-0.044855654672136896,0.9503796747445725,-0.044703886927710816,4.643765806825128,-18.820491420000003,11.399646189999997,"{'RANGE': 100, 'TREND_UP': 34, 'LOW_VOLATILITY': 30, 'TREND_DOWN': 2}"
return_above_1_percent,C_price,forest,development_oof,0.5,0,0.0,,0.0,0.0,,,,0.0,0.0,0.0,{}
return_above_1_percent,C_price,forest,development_oof,0.55,0,0.0,,0.0,0.0,,,,0.0,0.0,0.0,{}
return_above_1_percent,C_price,forest,development_oof,0.6,0,0.0,,0.0,0.0,,,,0.0,0.0,0.0,{}
return_above_1_percent,C_price,forest,development_oof,0.65,0,0.0,,0.0,0.0,,,,0.0,0.0,0.0,{}
return_above_1_percent,C_price,forest,development_oof,0.7,0,0.0,,0.0,0.0,,,,0.0,0.0,0.0,{}
return_above_1_percent,C_price,forest,validation,unfiltered,205,100.0,35.609756097560975,-43.44493954,-4.344493954,-0.2122602899606429,0.8419374082338118,-0.2119265343414634,9.155218251418917,-2.2830576500000026,-41.16188188999999,"{'RANGE': 146, 'TREND_UP': 43, 'HIGH_VOLATILITY': 8, 'LOW_VOLATILITY': 5, 'TREND_DOWN': 3}"
return_above_1_percent,C_price,forest,validation,0.5,0,0.0,,0.0,0.0,,,,0.0,0.0,0.0,{}
return_above_1_percent,C_price,forest,validation,0.55,0,0.0,,0.0,0.0,,,,0.0,0.0,0.0,{}
return_above_1_percent,C_price,forest,validation,0.6,0,0.0,,0.0,0.0,,,,0.0,0.0,0.0,{}
return_above_1_percent,C_price,forest,validation,0.65,0,0.0,,0.0,0.0,,,,0.0,0.0,0.0,{}
return_above_1_percent,C_price,forest,validation,0.7,0,0.0,,0.0,0.0,,,,0.0,0.0,0.0,{}
return_above_1_percent,C_price,hist_gradient,development_oof,unfiltered,166,100.0,31.92771084337349,-7.420845229999996,-0.7420845229999996,-0.044855654672136896,0.9503796747445725,-0.044703886927710816,4.643765806825128,-18.820491420000003,11.399646189999997,"{'RANGE': 100, 'TREND_UP': 34, 'LOW_VOLATILITY': 30, 'TREND_DOWN': 2}"
return_above_1_percent,C_price,hist_gradient,development_oof,0.5,0,0.0,,0.0,0.0,,,,0.0,0.0,0.0,{}
return_above_1_percent,C_price,hist_gradient,development_oof,0.55,0,0.0,,0.0,0.0,,,,0.0,0.0,0.0,{}
return_above_1_percent,C_price,hist_gradient,development_oof,0.6,0,0.0,,0.0,0.0,,,,0.0,0.0,0.0,{}
return_above_1_percent,C_price,hist_gradient,development_oof,0.65,0,0.0,,0.0,0.0,,,,0.0,0.0,0.0,{}
return_above_1_percent,C_price,hist_gradient,development_oof,0.7,0,0.0,,0.0,0.0,,,,0.0,0.0,0.0,{}
return_above_1_percent,C_price,hist_gradient,validation,unfiltered,205,100.0,35.609756097560975,-43.44493954,-4.344493954,-0.2122602899606429,0.8419374082338118,-0.2119265343414634,9.155218251418917,-2.2830576500000026,-41.16188188999999,"{'RANGE': 146, 'TREND_UP': 43, 'HIGH_VOLATILITY': 8, 'LOW_VOLATILITY': 5, 'TREND_DOWN': 3}"
return_above_1_percent,C_price,hist_gradient,validation,0.5,0,0.0,,0.0,0.0,,,,0.0,0.0,0.0,{}
return_above_1_percent,C_price,hist_gradient,validation,0.55,0,0.0,,0.0,0.0,,,,0.0,0.0,0.0,{}
return_above_1_percent,C_price,hist_gradient,validation,0.6,0,0.0,,0.0,0.0,,,,0.0,0.0,0.0,{}
return_above_1_percent,C_price,hist_gradient,validation,0.65,0,0.0,,0.0,0.0,,,,0.0,0.0,0.0,{}
return_above_1_percent,C_price,hist_gradient,validation,0.7,0,0.0,,0.0,0.0,,,,0.0,0.0,0.0,{}
return_above_1_percent,D_price_volatility,dummy,development_oof,unfiltered,166,100.0,31.92771084337349,-7.420845229999996,-0.7420845229999996,-0.044855654672136896,0.9503796747445725,-0.044703886927710816,4.643765806825128,-18.820491420000003,11.399646189999997,"{'RANGE': 100, 'TREND_UP': 34, 'LOW_VOLATILITY': 30, 'TREND_DOWN': 2}"
return_above_1_percent,D_price_volatility,dummy,development_oof,0.5,0,0.0,,0.0,0.0,,,,0.0,0.0,0.0,{}
return_above_1_percent,D_price_volatility,dummy,development_oof,0.55,0,0.0,,0.0,0.0,,,,0.0,0.0,0.0,{}
return_above_1_percent,D_price_volatility,dummy,development_oof,0.6,0,0.0,,0.0,0.0,,,,0.0,0.0,0.0,{}
return_above_1_percent,D_price_volatility,dummy,development_oof,0.65,0,0.0,,0.0,0.0,,,,0.0,0.0,0.0,{}
return_above_1_percent,D_price_volatility,dummy,development_oof,0.7,0,0.0,,0.0,0.0,,,,0.0,0.0,0.0,{}
return_above_1_percent,D_price_volatility,dummy,validation,unfiltered,205,100.0,35.609756097560975,-43.44493954,-4.344493954,-0.2122602899606429,0.8419374082338118,-0.2119265343414634,9.155218251418917,-2.2830576500000026,-41.16188188999999,"{'RANGE': 146, 'TREND_UP': 43, 'HIGH_VOLATILITY': 8, 'LOW_VOLATILITY': 5, 'TREND_DOWN': 3}"
return_above_1_percent,D_price_volatility,dummy,validation,0.5,0,0.0,,0.0,0.0,,,,0.0,0.0,0.0,{}
return_above_1_percent,D_price_volatility,dummy,validation,0.55,0,0.0,,0.0,0.0,,,,0.0,0.0,0.0,{}
return_above_1_percent,D_price_volatility,dummy,validation,0.6,0,0.0,,0.0,0.0,,,,0.0,0.0,0.0,{}
return_above_1_percent,D_price_volatility,dummy,validation,0.65,0,0.0,,0.0,0.0,,,,0.0,0.0,0.0,{}
return_above_1_percent,D_price_volatility,dummy,validation,0.7,0,0.0,,0.0,0.0,,,,0.0,0.0,0.0,{}
return_above_1_percent,D_price_volatility,logistic,development_oof,unfiltered,166,100.0,31.92771084337349,-7.420845229999996,-0.7420845229999996,-0.044855654672136896,0.9503796747445725,-0.044703886927710816,4.643765806825128,-18.820491420000003,11.399646189999997,"{'RANGE': 100, 'TREND_UP': 34, 'LOW_VOLATILITY': 30, 'TREND_DOWN': 2}"
return_above_1_percent,D_price_volatility,logistic,development_oof,0.5,7,4.216867469879518,57.14285714285714,1.7197182100000001,0.17197182100000002,0.2455475480282425,3.0625017525142595,0.24567403000000002,0.07578730550349816,-0.13198746,1.85170567,{'RANGE': 7}
return_above_1_percent,D_price_volatility,logistic,development_oof,0.55,3,1.8072289156626504,100.0,2.52596627,0.252596627,0.8417538157996852,,0.8419887566666667,0.0,0.0,2.52596627,{'RANGE': 3}
return_above_1_percent,D_price_volatility,logistic,development_oof,0.6,2,1.2048192771084338,100.0,1.87975651,0.187975651,0.9396666290708249,,0.939878255,0.0,0.0,1.87975651,{'RANGE': 2}
return_above_1_percent,D_price_volatility,logistic,development_oof,0.65,1,0.6024096385542169,100.0,1.83187125,0.183187125,1.8314605907490393,,1.83187125,0.0,0.0,1.83187125,{'RANGE': 1}
return_above_1_percent,D_price_volatility,logistic,development_oof,0.7,0,0.0,,0.0,0.0,,,,0.0,0.0,0.0,{}
return_above_1_percent,D_price_volatility,logistic,validation,unfiltered,205,100.0,35.609756097560975,-43.44493954,-4.344493954,-0.2122602899606429,0.8419374082338118,-0.2119265343414634,9.155218251418917,-2.2830576500000026,-41.16188188999999,"{'RANGE': 146, 'TREND_UP': 43, 'HIGH_VOLATILITY': 8, 'LOW_VOLATILITY': 5, 'TREND_DOWN': 3}"
return_above_1_percent,D_price_volatility,logistic,validation,0.5,2,0.975609756097561,50.0,-0.1989933000000006,-0.01989933000000006,-0.09487070037188898,0.9616854618351274,-0.0994966500000003,0.5193676070000037,0.0,-0.1989933000000006,"{'HIGH_VOLATILITY': 1, 'RANGE': 1}"
return_above_1_percent,D_price_volatility,logistic,validation,0.55,2,0.975609756097561,50.0,-0.1989933000000006,-0.01989933000000006,-0.09487070037188898,0.9616854618351274,-0.0994966500000003,0.5193676070000037,0.0,-0.1989933000000006,"{'HIGH_VOLATILITY': 1, 'RANGE': 1}"
return_above_1_percent,D_price_volatility,logistic,validation,0.6,1,0.4878048780487805,0.0,-5.19367607,-0.5193676070000001,-5.189790479317415,0.0,-5.19367607,0.5193676070000037,0.0,-5.19367607,{'HIGH_VOLATILITY': 1}
return_above_1_percent,D_price_volatility,logistic,validation,0.65,1,0.4878048780487805,0.0,-5.19367607,-0.5193676070000001,-5.189790479317415,0.0,-5.19367607,0.5193676070000037,0.0,-5.19367607,{'HIGH_VOLATILITY': 1}
return_above_1_percent,D_price_volatility,logistic,validation,0.7,1,0.4878048780487805,0.0,-5.19367607,-0.5193676070000001,-5.189790479317415,0.0,-5.19367607,0.5193676070000037,0.0,-5.19367607,{'HIGH_VOLATILITY': 1}
return_above_1_percent,D_price_volatility,forest,development_oof,unfiltered,166,100.0,31.92771084337349,-7.420845229999996,-0.7420845229999996,-0.044855654672136896,0.9503796747445725,-0.044703886927710816,4.643765806825128,-18.820491420000003,11.399646189999997,"{'RANGE': 100, 'TREND_UP': 34, 'LOW_VOLATILITY': 30, 'TREND_DOWN': 2}"
return_above_1_percent,D_price_volatility,forest,development_oof,0.5,0,0.0,,0.0,0.0,,,,0.0,0.0,0.0,{}
return_above_1_percent,D_price_volatility,forest,development_oof,0.55,0,0.0,,0.0,0.0,,,,0.0,0.0,0.0,{}
return_above_1_percent,D_price_volatility,forest,development_oof,0.6,0,0.0,,0.0,0.0,,,,0.0,0.0,0.0,{}
return_above_1_percent,D_price_volatility,forest,development_oof,0.65,0,0.0,,0.0,0.0,,,,0.0,0.0,0.0,{}
return_above_1_percent,D_price_volatility,forest,development_oof,0.7,0,0.0,,0.0,0.0,,,,0.0,0.0,0.0,{}
return_above_1_percent,D_price_volatility,forest,validation,unfiltered,205,100.0,35.609756097560975,-43.44493954,-4.344493954,-0.2122602899606429,0.8419374082338118,-0.2119265343414634,9.155218251418917,-2.2830576500000026,-41.16188188999999,"{'RANGE': 146, 'TREND_UP': 43, 'HIGH_VOLATILITY': 8, 'LOW_VOLATILITY': 5, 'TREND_DOWN': 3}"
return_above_1_percent,D_price_volatility,forest,validation,0.5,0,0.0,,0.0,0.0,,,,0.0,0.0,0.0,{}
return_above_1_percent,D_price_volatility,forest,validation,0.55,0,0.0,,0.0,0.0,,,,0.0,0.0,0.0,{}
return_above_1_percent,D_price_volatility,forest,validation,0.6,0,0.0,,0.0,0.0,,,,0.0,0.0,0.0,{}
return_above_1_percent,D_price_volatility,forest,validation,0.65,0,0.0,,0.0,0.0,,,,0.0,0.0,0.0,{}
return_above_1_percent,D_price_volatility,forest,validation,0.7,0,0.0,,0.0,0.0,,,,0.0,0.0,0.0,{}
return_above_1_percent,D_price_volatility,hist_gradient,development_oof,unfiltered,166,100.0,31.92771084337349,-7.420845229999996,-0.7420845229999996,-0.044855654672136896,0.9503796747445725,-0.044703886927710816,4.643765806825128,-18.820491420000003,11.399646189999997,"{'RANGE': 100, 'TREND_UP': 34, 'LOW_VOLATILITY': 30, 'TREND_DOWN': 2}"
return_above_1_percent,D_price_volatility,hist_gradient,development_oof,0.5,0,0.0,,0.0,0.0,,,,0.0,0.0,0.0,{}
return_above_1_percent,D_price_volatility,hist_gradient,development_oof,0.55,0,0.0,,0.0,0.0,,,,0.0,0.0,0.0,{}
return_above_1_percent,D_price_volatility,hist_gradient,development_oof,0.6,0,0.0,,0.0,0.0,,,,0.0,0.0,0.0,{}
return_above_1_percent,D_price_volatility,hist_gradient,development_oof,0.65,0,0.0,,0.0,0.0,,,,0.0,0.0,0.0,{}
return_above_1_percent,D_price_volatility,hist_gradient,development_oof,0.7,0,0.0,,0.0,0.0,,,,0.0,0.0,0.0,{}
return_above_1_percent,D_price_volatility,hist_gradient,validation,unfiltered,205,100.0,35.609756097560975,-43.44493954,-4.344493954,-0.2122602899606429,0.8419374082338118,-0.2119265343414634,9.155218251418917,-2.2830576500000026,-41.16188188999999,"{'RANGE': 146, 'TREND_UP': 43, 'HIGH_VOLATILITY': 8, 'LOW_VOLATILITY': 5, 'TREND_DOWN': 3}"
return_above_1_percent,D_price_volatility,hist_gradient,validation,0.5,0,0.0,,0.0,0.0,,,,0.0,0.0,0.0,{}
return_above_1_percent,D_price_volatility,hist_gradient,validation,0.55,0,0.0,,0.0,0.0,,,,0.0,0.0,0.0,{}
return_above_1_percent,D_price_volatility,hist_gradient,validation,0.6,0,0.0,,0.0,0.0,,,,0.0,0.0,0.0,{}
return_above_1_percent,D_price_volatility,hist_gradient,validation,0.65,0,0.0,,0.0,0.0,,,,0.0,0.0,0.0,{}
return_above_1_percent,D_price_volatility,hist_gradient,validation,0.7,0,0.0,,0.0,0.0,,,,0.0,0.0,0.0,{}
return_above_1_percent,E_no_regime,dummy,development_oof,unfiltered,166,100.0,31.92771084337349,-7.420845229999996,-0.7420845229999996,-0.044855654672136896,0.9503796747445725,-0.044703886927710816,4.643765806825128,-18.820491420000003,11.399646189999997,"{'RANGE': 100, 'TREND_UP': 34, 'LOW_VOLATILITY': 30, 'TREND_DOWN': 2}"
return_above_1_percent,E_no_regime,dummy,development_oof,0.5,0,0.0,,0.0,0.0,,,,0.0,0.0,0.0,{}
return_above_1_percent,E_no_regime,dummy,development_oof,0.55,0,0.0,,0.0,0.0,,,,0.0,0.0,0.0,{}
return_above_1_percent,E_no_regime,dummy,development_oof,0.6,0,0.0,,0.0,0.0,,,,0.0,0.0,0.0,{}
return_above_1_percent,E_no_regime,dummy,development_oof,0.65,0,0.0,,0.0,0.0,,,,0.0,0.0,0.0,{}
return_above_1_percent,E_no_regime,dummy,development_oof,0.7,0,0.0,,0.0,0.0,,,,0.0,0.0,0.0,{}
return_above_1_percent,E_no_regime,dummy,validation,unfiltered,205,100.0,35.609756097560975,-43.44493954,-4.344493954,-0.2122602899606429,0.8419374082338118,-0.2119265343414634,9.155218251418917,-2.2830576500000026,-41.16188188999999,"{'RANGE': 146, 'TREND_UP': 43, 'HIGH_VOLATILITY': 8, 'LOW_VOLATILITY': 5, 'TREND_DOWN': 3}"
return_above_1_percent,E_no_regime,dummy,validation,0.5,0,0.0,,0.0,0.0,,,,0.0,0.0,0.0,{}
return_above_1_percent,E_no_regime,dummy,validation,0.55,0,0.0,,0.0,0.0,,,,0.0,0.0,0.0,{}
return_above_1_percent,E_no_regime,dummy,validation,0.6,0,0.0,,0.0,0.0,,,,0.0,0.0,0.0,{}
return_above_1_percent,E_no_regime,dummy,validation,0.65,0,0.0,,0.0,0.0,,,,0.0,0.0,0.0,{}
return_above_1_percent,E_no_regime,dummy,validation,0.7,0,0.0,,0.0,0.0,,,,0.0,0.0,0.0,{}
return_above_1_percent,E_no_regime,logistic,development_oof,unfiltered,166,100.0,31.92771084337349,-7.420845229999996,-0.7420845229999996,-0.044855654672136896,0.9503796747445725,-0.044703886927710816,4.643765806825128,-18.820491420000003,11.399646189999997,"{'RANGE': 100, 'TREND_UP': 34, 'LOW_VOLATILITY': 30, 'TREND_DOWN': 2}"
return_above_1_percent,E_no_regime,logistic,development_oof,0.5,6,3.614457831325301,66.66666666666666,1.85170567,0.185170567,0.3085036280340416,3.6384541871884686,0.3086176116666667,0.06259708315391654,0.0,1.85170567,{'RANGE': 6}
return_above_1_percent,E_no_regime,logistic,development_oof,0.55,4,2.4096385542168677,75.0,2.42737907,0.24273790700000003,0.6066544664217641,25.621645304867165,0.6068447675,0.009852353313129808,0.0,2.42737907,{'RANGE': 4}
return_above_1_percent,E_no_regime,logistic,development_oof,0.6,2,1.2048192771084338,100.0,1.87975651,0.187975651,0.9396666290708249,,0.939878255,0.0,0.0,1.87975651,{'RANGE': 2}
return_above_1_percent,E_no_regime,logistic,development_oof,0.65,1,0.6024096385542169,100.0,1.83187125,0.183187125,1.8314605907490393,,1.83187125,0.0,0.0,1.83187125,{'RANGE': 1}
return_above_1_percent,E_no_regime,logistic,development_oof,0.7,0,0.0,,0.0,0.0,,,,0.0,0.0,0.0,{}
return_above_1_percent,E_no_regime,logistic,validation,unfiltered,205,100.0,35.609756097560975,-43.44493954,-4.344493954,-0.2122602899606429,0.8419374082338118,-0.2119265343414634,9.155218251418917,-2.2830576500000026,-41.16188188999999,"{'RANGE': 146, 'TREND_UP': 43, 'HIGH_VOLATILITY': 8, 'LOW_VOLATILITY': 5, 'TREND_DOWN': 3}"
return_above_1_percent,E_no_regime,logistic,validation,0.5,4,1.951219512195122,50.0,3.2368460599999995,0.32368460599999993,0.8114545807971049,1.4788657697780059,0.8092115149999999,0.5175892534706164,0.0,3.2368460599999995,"{'RANGE': 3, 'HIGH_VOLATILITY': 1}"
return_above_1_percent,E_no_regime,logistic,validation,0.55,2,0.975609756097561,50.0,-0.1989933000000006,-0.01989933000000006,-0.09487070037188898,0.9616854618351274,-0.0994966500000003,0.5193676070000037,0.0,-0.1989933000000006,"{'HIGH_VOLATILITY': 1, 'RANGE': 1}"
return_above_1_percent,E_no_regime,logistic,validation,0.6,1,0.4878048780487805,0.0,-5.19367607,-0.5193676070000001,-5.189790479317415,0.0,-5.19367607,0.5193676070000037,0.0,-5.19367607,{'HIGH_VOLATILITY': 1}
return_above_1_percent,E_no_regime,logistic,validation,0.65,1,0.4878048780487805,0.0,-5.19367607,-0.5193676070000001,-5.189790479317415,0.0,-5.19367607,0.5193676070000037,0.0,-5.19367607,{'HIGH_VOLATILITY': 1}
return_above_1_percent,E_no_regime,logistic,validation,0.7,1,0.4878048780487805,0.0,-5.19367607,-0.5193676070000001,-5.189790479317415,0.0,-5.19367607,0.5193676070000037,0.0,-5.19367607,{'HIGH_VOLATILITY': 1}
return_above_1_percent,E_no_regime,forest,development_oof,unfiltered,166,100.0,31.92771084337349,-7.420845229999996,-0.7420845229999996,-0.044855654672136896,0.9503796747445725,-0.044703886927710816,4.643765806825128,-18.820491420000003,11.399646189999997,"{'RANGE': 100, 'TREND_UP': 34, 'LOW_VOLATILITY': 30, 'TREND_DOWN': 2}"
return_above_1_percent,E_no_regime,forest,development_oof,0.5,0,0.0,,0.0,0.0,,,,0.0,0.0,0.0,{}
return_above_1_percent,E_no_regime,forest,development_oof,0.55,0,0.0,,0.0,0.0,,,,0.0,0.0,0.0,{}
return_above_1_percent,E_no_regime,forest,development_oof,0.6,0,0.0,,0.0,0.0,,,,0.0,0.0,0.0,{}
return_above_1_percent,E_no_regime,forest,development_oof,0.65,0,0.0,,0.0,0.0,,,,0.0,0.0,0.0,{}
return_above_1_percent,E_no_regime,forest,development_oof,0.7,0,0.0,,0.0,0.0,,,,0.0,0.0,0.0,{}
return_above_1_percent,E_no_regime,forest,validation,unfiltered,205,100.0,35.609756097560975,-43.44493954,-4.344493954,-0.2122602899606429,0.8419374082338118,-0.2119265343414634,9.155218251418917,-2.2830576500000026,-41.16188188999999,"{'RANGE': 146, 'TREND_UP': 43, 'HIGH_VOLATILITY': 8, 'LOW_VOLATILITY': 5, 'TREND_DOWN': 3}"
return_above_1_percent,E_no_regime,forest,validation,0.5,0,0.0,,0.0,0.0,,,,0.0,0.0,0.0,{}
return_above_1_percent,E_no_regime,forest,validation,0.55,0,0.0,,0.0,0.0,,,,0.0,0.0,0.0,{}
return_above_1_percent,E_no_regime,forest,validation,0.6,0,0.0,,0.0,0.0,,,,0.0,0.0,0.0,{}
return_above_1_percent,E_no_regime,forest,validation,0.65,0,0.0,,0.0,0.0,,,,0.0,0.0,0.0,{}
return_above_1_percent,E_no_regime,forest,validation,0.7,0,0.0,,0.0,0.0,,,,0.0,0.0,0.0,{}
return_above_1_percent,E_no_regime,hist_gradient,development_oof,unfiltered,166,100.0,31.92771084337349,-7.420845229999996,-0.7420845229999996,-0.044855654672136896,0.9503796747445725,-0.044703886927710816,4.643765806825128,-18.820491420000003,11.399646189999997,"{'RANGE': 100, 'TREND_UP': 34, 'LOW_VOLATILITY': 30, 'TREND_DOWN': 2}"
return_above_1_percent,E_no_regime,hist_gradient,development_oof,0.5,0,0.0,,0.0,0.0,,,,0.0,0.0,0.0,{}
return_above_1_percent,E_no_regime,hist_gradient,development_oof,0.55,0,0.0,,0.0,0.0,,,,0.0,0.0,0.0,{}
return_above_1_percent,E_no_regime,hist_gradient,development_oof,0.6,0,0.0,,0.0,0.0,,,,0.0,0.0,0.0,{}
return_above_1_percent,E_no_regime,hist_gradient,development_oof,0.65,0,0.0,,0.0,0.0,,,,0.0,0.0,0.0,{}
return_above_1_percent,E_no_regime,hist_gradient,development_oof,0.7,0,0.0,,0.0,0.0,,,,0.0,0.0,0.0,{}
return_above_1_percent,E_no_regime,hist_gradient,validation,unfiltered,205,100.0,35.609756097560975,-43.44493954,-4.344493954,-0.2122602899606429,0.8419374082338118,-0.2119265343414634,9.155218251418917,-2.2830576500000026,-41.16188188999999,"{'RANGE': 146, 'TREND_UP': 43, 'HIGH_VOLATILITY': 8, 'LOW_VOLATILITY': 5, 'TREND_DOWN': 3}"
return_above_1_percent,E_no_regime,hist_gradient,validation,0.5,2,0.975609756097561,100.0,5.382649649999999,0.538264965,2.6942317351074836,,2.6913248249999997,0.0,0.38796688,4.99468277,{'RANGE': 2}
return_above_1_percent,E_no_regime,hist_gradient,validation,0.55,0,0.0,,0.0,0.0,,,,0.0,0.0,0.0,{}
return_above_1_percent,E_no_regime,hist_gradient,validation,0.6,0,0.0,,0.0,0.0,,,,0.0,0.0,0.0,{}
return_above_1_percent,E_no_regime,hist_gradient,validation,0.65,0,0.0,,0.0,0.0,,,,0.0,0.0,0.0,{}
return_above_1_percent,E_no_regime,hist_gradient,validation,0.7,0,0.0,,0.0,0.0,,,,0.0,0.0,0.0,{}
