fold,evaluation_year,target,feature_set,model,n,prevalence,mean_probability,roc_auc,pr_auc_ap,balanced_accuracy,precision,recall,f1,brier,ece_5_bins,confusion_matrix,calibration
1,2020,profitable_after_fees,A_all,dummy,208,0.3798076923076923,0.32126696832579194,0.5,0.3798076923076923,0.5,0.0,0.0,0.0,0.23898082553592265,0.058540723981900356,"[[129, 0], [79, 0]]","[{'lower': 0.2, 'upper': 0.4, 'n': 208, 'mean_probability': 0.32126696832579194, 'observed_rate': 0.3798076923076923}]"
1,2020,profitable_after_fees,A_all,logistic,208,0.3798076923076923,0.3434894038475868,0.5796290844863113,0.4652891897102063,0.5294377391816308,0.5,0.1518987341772152,0.23300970873786409,0.236962272700794,0.0561445909635561,"[[117, 12], [67, 12]]","[{'lower': 0.0, 'upper': 0.2, 'n': 25, 'mean_probability': 0.13931799267439382, 'observed_rate': 0.2}, {'lower': 0.2, 'upper': 0.4, 'n': 128, 'mean_probability': 0.30764683656826863, 'observed_rate': 0.3671875}, {'lower': 0.4, 'upper': 0.6000000000000001, 'n': 47, 'mean_probability': 0.47919394983704194, 'observed_rate': 0.48936170212765956}, {'lower': 0.6000000000000001, 'upper': 0.8, 'n': 5, 'mean_probability': 0.686891367813147, 'observed_rate': 0.4}, {'lower': 0.8, 'upper': 1.0, 'n': 3, 'mean_probability': 0.8758262070977118, 'observed_rate': 0.6666666666666666}]"
1,2020,profitable_after_fees,A_all,forest,208,0.3798076923076923,0.3411449280067803,0.6104405848297518,0.47581967075870846,0.5,0.0,0.0,0.0,0.22918863321486668,0.038662764300911985,"[[129, 0], [79, 0]]","[{'lower': 0.0, 'upper': 0.2, 'n': 8, 'mean_probability': 0.18714480499377414, 'observed_rate': 0.25}, {'lower': 0.2, 'upper': 0.4, 'n': 135, 'mean_probability': 0.3076146895241796, 'observed_rate': 0.3333333333333333}, {'lower': 0.4, 'upper': 0.6000000000000001, 'n': 65, 'mean_probability': 0.42973851537993646, 'observed_rate': 0.49230769230769234}]"
1,2020,profitable_after_fees,A_all,hist_gradient,208,0.3798076923076923,0.34904693545989207,0.5795800215876754,0.41497776680133786,0.48964772838779314,0.3448275862068966,0.12658227848101267,0.18518518518518517,0.2380066784096488,0.05858196889951194,"[[110, 19], [69, 10]]","[{'lower': 0.0, 'upper': 0.2, 'n': 35, 'mean_probability': 0.1707741940834195, 'observed_rate': 0.2571428571428571}, {'lower': 0.2, 'upper': 0.4, 'n': 98, 'mean_probability': 0.30338020131999843, 'observed_rate': 0.3673469387755102}, {'lower': 0.4, 'upper': 0.6000000000000001, 'n': 71, 'mean_probability': 0.48491570637314896, 'observed_rate': 0.4647887323943662}, {'lower': 0.6000000000000001, 'upper': 0.8, 'n': 4, 'mean_probability': 0.616097725221109, 'observed_rate': 0.25}]"
1,2020,profitable_after_fees,B_reduced,dummy,208,0.3798076923076923,0.32126696832579194,0.5,0.3798076923076923,0.5,0.0,0.0,0.0,0.23898082553592265,0.058540723981900356,"[[129, 0], [79, 0]]","[{'lower': 0.2, 'upper': 0.4, 'n': 208, 'mean_probability': 0.32126696832579194, 'observed_rate': 0.3798076923076923}]"
1,2020,profitable_after_fees,B_reduced,logistic,208,0.3798076923076923,0.3540951790634767,0.5962123442252969,0.48499352484772906,0.5386125012265724,0.5789473684210527,0.13924050632911392,0.22448979591836735,0.23025793157503377,0.044975707452427766,"[[121, 8], [68, 11]]","[{'lower': 0.0, 'upper': 0.2, 'n': 20, 'mean_probability': 0.14319618687962493, 'observed_rate': 0.3}, {'lower': 0.2, 'upper': 0.4, 'n': 119, 'mean_probability': 0.31116183960722404, 'observed_rate': 0.3445378151260504}, {'lower': 0.4, 'upper': 0.6000000000000001, 'n': 63, 'mean_probability': 0.466080931176019, 'observed_rate': 0.4603174603174603}, {'lower': 0.6000000000000001, 'upper': 0.8, 'n': 4, 'mean_probability': 0.6600683833912175, 'observed_rate': 0.25}, {'lower': 0.8, 'upper': 1.0, 'n': 2, 'mean_probability': 0.8781211983484666, 'observed_rate': 1.0}]"
1,2020,profitable_after_fees,B_reduced,forest,208,0.3798076923076923,0.34298045541615735,0.5753115494063389,0.4358746026220204,0.5,0.0,0.0,0.0,0.23342399518253906,0.036827236891535,"[[129, 0], [79, 0]]","[{'lower': 0.0, 'upper': 0.2, 'n': 3, 'mean_probability': 0.19171007236459534, 'observed_rate': 0.3333333333333333}, {'lower': 0.2, 'upper': 0.4, 'n': 150, 'mean_probability': 0.31436705029443374, 'observed_rate': 0.3466666666666667}, {'lower': 0.4, 'upper': 0.6000000000000001, 'n': 55, 'mean_probability': 0.42926812664185227, 'observed_rate': 0.4727272727272727}]"
1,2020,profitable_after_fees,B_reduced,hist_gradient,208,0.3798076923076923,0.3532674565093113,0.5561279560396428,0.4030781703180263,0.5110882150917476,0.4117647058823529,0.17721518987341772,0.24778761061946902,0.2418448530953932,0.06923463607186153,"[[109, 20], [65, 14]]","[{'lower': 0.0, 'upper': 0.2, 'n': 22, 'mean_probability': 0.17689432819411843, 'observed_rate': 0.18181818181818182}, {'lower': 0.2, 'upper': 0.4, 'n': 115, 'mean_probability': 0.2969368530889058, 'observed_rate': 0.3826086956521739}, {'lower': 0.4, 'upper': 0.6000000000000001, 'n': 68, 'mean_probability': 0.49392867863521145, 'observed_rate': 0.4411764705882353}, {'lower': 0.6000000000000001, 'upper': 0.8, 'n': 3, 'mean_probability': 0.6176891604158645, 'observed_rate': 0.3333333333333333}]"
1,2020,profitable_after_fees,C_price_trend,dummy,208,0.3798076923076923,0.32126696832579194,0.5,0.3798076923076923,0.5,0.0,0.0,0.0,0.23898082553592265,0.058540723981900356,"[[129, 0], [79, 0]]","[{'lower': 0.2, 'upper': 0.4, 'n': 208, 'mean_probability': 0.32126696832579194, 'observed_rate': 0.3798076923076923}]"
1,2020,profitable_after_fees,C_price_trend,logistic,208,0.3798076923076923,0.33115787284890974,0.5720733980963595,0.4842347058784605,0.5263467765675596,0.6666666666666666,0.0759493670886076,0.13636363636363635,0.23701038654196457,0.07147016449085614,"[[126, 3], [73, 6]]","[{'lower': 0.0, 'upper': 0.2, 'n': 19, 'mean_probability': 0.128210379241564, 'observed_rate': 0.3157894736842105}, {'lower': 0.2, 'upper': 0.4, 'n': 138, 'mean_probability': 0.31012503231746735, 'observed_rate': 0.3695652173913043}, {'lower': 0.4, 'upper': 0.6000000000000001, 'n': 49, 'mean_probability': 0.45659828333338076, 'observed_rate': 0.40816326530612246}, {'lower': 0.6000000000000001, 'upper': 0.8, 'n': 2, 'mean_probability': 0.6371350019186812, 'observed_rate': 1.0}]"
1,2020,profitable_after_fees,C_price_trend,forest,208,0.3798076923076923,0.3389459556869524,0.5779609459326857,0.44622694852019634,0.5,0.0,0.0,0.0,0.23242650371607046,0.04567848988220291,"[[129, 0], [79, 0]]","[{'lower': 0.0, 'upper': 0.2, 'n': 6, 'mean_probability': 0.17982797364999428, 'observed_rate': 0.16666666666666666}, {'lower': 0.2, 'upper': 0.4, 'n': 136, 'mean_probability': 0.30146923855657315, 'observed_rate': 0.36764705882352944}, {'lower': 0.4, 'upper': 0.6000000000000001, 'n': 66, 'mean_probability': 0.4306359772316998, 'observed_rate': 0.42424242424242425}]"
1,2020,profitable_after_fees,C_price_trend,hist_gradient,208,0.3798076923076923,0.3484099252774585,0.5562260818369149,0.4097259083887268,0.45270336571484643,0.21428571428571427,0.0759493670886076,0.11214953271028037,0.2439258188593974,0.10266515606392601,"[[107, 22], [73, 6]]","[{'lower': 0.0, 'upper': 0.2, 'n': 25, 'mean_probability': 0.17383182729732535, 'observed_rate': 0.2}, {'lower': 0.2, 'upper': 0.4, 'n': 111, 'mean_probability': 0.2946996424844527, 'observed_rate': 0.4144144144144144}, {'lower': 0.4, 'upper': 0.6000000000000001, 'n': 67, 'mean_probability': 0.4812752347102877, 'observed_rate': 0.3880597014925373}, {'lower': 0.6000000000000001, 'upper': 0.8, 'n': 5, 'mean_probability': 0.6332735467829436, 'observed_rate': 0.4}]"
1,2020,profitable_after_fees,D_price_trend_volatility,dummy,208,0.3798076923076923,0.32126696832579194,0.5,0.3798076923076923,0.5,0.0,0.0,0.0,0.23898082553592265,0.058540723981900356,"[[129, 0], [79, 0]]","[{'lower': 0.2, 'upper': 0.4, 'n': 208, 'mean_probability': 0.32126696832579194, 'observed_rate': 0.3798076923076923}]"
1,2020,profitable_after_fees,D_price_trend_volatility,logistic,208,0.3798076923076923,0.33789440827211065,0.5800215876753998,0.4774028621273036,0.5249239525071141,0.5833333333333334,0.08860759493670886,0.15384615384615385,0.2357541350429506,0.07167580331884392,"[[124, 5], [72, 7]]","[{'lower': 0.0, 'upper': 0.2, 'n': 18, 'mean_probability': 0.11723285310032655, 'observed_rate': 0.3333333333333333}, {'lower': 0.2, 'upper': 0.4, 'n': 135, 'mean_probability': 0.3117618873756084, 'observed_rate': 0.37037037037037035}, {'lower': 0.4, 'upper': 0.6000000000000001, 'n': 52, 'mean_probability': 0.4633711924126785, 'observed_rate': 0.40384615384615385}, {'lower': 0.6000000000000001, 'upper': 0.8, 'n': 3, 'mean_probability': 0.6628962545422442, 'observed_rate': 0.6666666666666666}]"
1,2020,profitable_after_fees,D_price_trend_volatility,forest,208,0.3798076923076923,0.3403064711288527,0.6052399175743303,0.48848652732707076,0.5,0.0,0.0,0.0,0.23031047489444573,0.03950122117883962,"[[129, 0], [79, 0]]","[{'lower': 0.0, 'upper': 0.2, 'n': 9, 'mean_probability': 0.18559989769023766, 'observed_rate': 0.3333333333333333}, {'lower': 0.2, 'upper': 0.4, 'n': 139, 'mean_probability': 0.313227074443157, 'observed_rate': 0.35251798561151076}, {'lower': 0.4, 'upper': 0.6000000000000001, 'n': 60, 'mean_probability': 0.4262463927998399, 'observed_rate': 0.45}]"
1,2020,profitable_after_fees,D_price_trend_volatility,hist_gradient,208,0.3798076923076923,0.3524844362136762,0.5803159650672162,0.41771129285262854,0.48964772838779314,0.3448275862068966,0.12658227848101267,0.18518518518518517,0.23855355163900202,0.07428836604571121,"[[110, 19], [69, 10]]","[{'lower': 0.0, 'upper': 0.2, 'n': 28, 'mean_probability': 0.17180190194356046, 'observed_rate': 0.10714285714285714}, {'lower': 0.2, 'upper': 0.4, 'n': 107, 'mean_probability': 0.30310646072400327, 'observed_rate': 0.40186915887850466}, {'lower': 0.4, 'upper': 0.6000000000000001, 'n': 66, 'mean_probability': 0.4802027470351469, 'observed_rate': 0.4696969696969697}, {'lower': 0.6000000000000001, 'upper': 0.8, 'n': 7, 'mean_probability': 0.6257909823195563, 'observed_rate': 0.2857142857142857}]"
1,2020,profitable_after_fees,E_all_excluding_regime,dummy,208,0.3798076923076923,0.32126696832579194,0.5,0.3798076923076923,0.5,0.0,0.0,0.0,0.23898082553592265,0.058540723981900356,"[[129, 0], [79, 0]]","[{'lower': 0.2, 'upper': 0.4, 'n': 208, 'mean_probability': 0.32126696832579194, 'observed_rate': 0.3798076923076923}]"
1,2020,profitable_after_fees,E_all_excluding_regime,logistic,208,0.3798076923076923,0.34073554539841094,0.5621626925718772,0.44918671109773456,0.5231086252575802,0.4782608695652174,0.13924050632911392,0.21568627450980393,0.24119320839798603,0.06478736589221804,"[[117, 12], [68, 11]]","[{'lower': 0.0, 'upper': 0.2, 'n': 22, 'mean_probability': 0.12397200106510411, 'observed_rate': 0.36363636363636365}, {'lower': 0.2, 'upper': 0.4, 'n': 123, 'mean_probability': 0.30464411906676236, 'observed_rate': 0.34959349593495936}, {'lower': 0.4, 'upper': 0.6000000000000001, 'n': 57, 'mean_probability': 0.4665522915455986, 'observed_rate': 0.43859649122807015}, {'lower': 0.6000000000000001, 'upper': 0.8, 'n': 6, 'mean_probability': 0.6801503593543817, 'observed_rate': 0.5}]"
1,2020,profitable_after_fees,E_all_excluding_regime,forest,208,0.3798076923076923,0.33898716889006436,0.6091649494652145,0.4713094258580991,0.5,0.0,0.0,0.0,0.23037642418279708,0.04082052341762796,"[[129, 0], [79, 0]]","[{'lower': 0.0, 'upper': 0.2, 'n': 9, 'mean_probability': 0.18565957191835303, 'observed_rate': 0.3333333333333333}, {'lower': 0.2, 'upper': 0.4, 'n': 148, 'mean_probability': 0.3184099519435895, 'observed_rate': 0.34459459459459457}, {'lower': 0.4, 'upper': 0.6000000000000001, 'n': 51, 'mean_probability': 0.42575925674935206, 'observed_rate': 0.49019607843137253}]"
1,2020,profitable_after_fees,E_all_excluding_regime,hist_gradient,208,0.3798076923076923,0.3490021001592424,0.5805612795603964,0.42707341012406674,0.4935236973800412,0.35714285714285715,0.12658227848101267,0.18691588785046728,0.2378446999855529,0.054642991970037164,"[[111, 18], [69, 10]]","[{'lower': 0.0, 'upper': 0.2, 'n': 32, 'mean_probability': 0.17382547697168976, 'observed_rate': 0.21875}, {'lower': 0.2, 'upper': 0.4, 'n': 99, 'mean_probability': 0.29849426251094213, 'observed_rate': 0.37373737373737376}, {'lower': 0.4, 'upper': 0.6000000000000001, 'n': 74, 'mean_probability': 0.48112559653365955, 'observed_rate': 0.4594594594594595}, {'lower': 0.6000000000000001, 'upper': 0.8, 'n': 3, 'mean_probability': 0.6252651459847557, 'observed_rate': 0.3333333333333333}]"
1,2020,profitable_after_fees,F_all_excluding_calendar,dummy,208,0.3798076923076923,0.32126696832579194,0.5,0.3798076923076923,0.5,0.0,0.0,0.0,0.23898082553592265,0.058540723981900356,"[[129, 0], [79, 0]]","[{'lower': 0.2, 'upper': 0.4, 'n': 208, 'mean_probability': 0.32126696832579194, 'observed_rate': 0.3798076923076923}]"
1,2020,profitable_after_fees,F_all_excluding_calendar,logistic,208,0.3798076923076923,0.3448084271800067,0.572662152879992,0.46295082968635315,0.5420959670297321,0.5384615384615384,0.17721518987341772,0.26666666666666666,0.23838968094528315,0.05826766878973131,"[[117, 12], [65, 14]]","[{'lower': 0.0, 'upper': 0.2, 'n': 25, 'mean_probability': 0.1387517318061301, 'observed_rate': 0.24}, {'lower': 0.2, 'upper': 0.4, 'n': 126, 'mean_probability': 0.3081860760113919, 'observed_rate': 0.36507936507936506}, {'lower': 0.4, 'upper': 0.6000000000000001, 'n': 49, 'mean_probability': 0.4774534777493052, 'observed_rate': 0.46938775510204084}, {'lower': 0.6000000000000001, 'upper': 0.8, 'n': 5, 'mean_probability': 0.6821088658512584, 'observed_rate': 0.4}, {'lower': 0.8, 'upper': 1.0, 'n': 3, 'mean_probability': 0.8713830806268344, 'observed_rate': 0.6666666666666666}]"
1,2020,profitable_after_fees,F_all_excluding_calendar,forest,208,0.3798076923076923,0.3392093131373095,0.6102443332352074,0.4843060801448045,0.5,0.0,0.0,0.0,0.22911118124532626,0.04059837917038283,"[[129, 0], [79, 0]]","[{'lower': 0.0, 'upper': 0.2, 'n': 7, 'mean_probability': 0.1876243279540737, 'observed_rate': 0.2857142857142857}, {'lower': 0.2, 'upper': 0.4, 'n': 146, 'mean_probability': 0.3112111736541442, 'observed_rate': 0.363013698630137}, {'lower': 0.4, 'upper': 0.6000000000000001, 'n': 55, 'mean_probability': 0.4328242815159419, 'observed_rate': 0.43636363636363634}]"
1,2020,profitable_after_fees,F_all_excluding_calendar,hist_gradient,208,0.3798076923076923,0.3476327774445249,0.5884604062408008,0.4254319903100745,0.5023059562358944,0.3870967741935484,0.1518987341772152,0.21818181818181817,0.23606747207450474,0.049703011811772585,"[[110, 19], [67, 12]]","[{'lower': 0.0, 'upper': 0.2, 'n': 36, 'mean_probability': 0.1718851829244724, 'observed_rate': 0.2222222222222222}, {'lower': 0.2, 'upper': 0.4, 'n': 97, 'mean_probability': 0.3020291653662395, 'observed_rate': 0.3711340206185567}, {'lower': 0.4, 'upper': 0.6000000000000001, 'n': 72, 'mean_probability': 0.4853913831423632, 'observed_rate': 0.4722222222222222}, {'lower': 0.6000000000000001, 'upper': 0.8, 'n': 3, 'mean_probability': 0.6249141654682626, 'observed_rate': 0.3333333333333333}]"
1,2020,return_above_0_5_percent,A_all,dummy,208,0.35096153846153844,0.26244343891402716,0.5,0.35096153846153844,0.5,0.0,0.0,0.0,0.23562299092975167,0.08851809954751128,"[[135, 0], [73, 0]]","[{'lower': 0.2, 'upper': 0.4, 'n': 208, 'mean_probability': 0.26244343891402716, 'observed_rate': 0.35096153846153844}]"
1,2020,return_above_0_5_percent,A_all,logistic,208,0.35096153846153844,0.29199584011516144,0.5616438356164384,0.4424126591910361,0.5394216133942161,0.6,0.1232876712328767,0.20454545454545456,0.23162560381930203,0.10049370488558548,"[[129, 6], [64, 9]]","[{'lower': 0.0, 'upper': 0.2, 'n': 54, 'mean_probability': 0.13958375521343153, 'observed_rate': 0.2777777777777778}, {'lower': 0.2, 'upper': 0.4, 'n': 116, 'mean_probability': 0.2943654876523544, 'observed_rate': 0.3706896551724138}, {'lower': 0.4, 'upper': 0.6000000000000001, 'n': 33, 'mean_probability': 0.46420947515386907, 'observed_rate': 0.3333333333333333}, {'lower': 0.6000000000000001, 'upper': 0.8, 'n': 3, 'mean_probability': 0.6514821560081602, 'observed_rate': 0.6666666666666666}, {'lower': 0.8, 'upper': 1.0, 'n': 2, 'mean_probability': 0.8889281233265063, 'observed_rate': 1.0}]"
1,2020,return_above_0_5_percent,A_all,forest,208,0.35096153846153844,0.2837826312641616,0.5916793505834601,0.4157254475963277,0.5,0.0,0.0,0.0,0.22741131408337384,0.07790670457515275,"[[135, 0], [73, 0]]","[{'lower': 0.0, 'upper': 0.2, 'n': 44, 'mean_probability': 0.15794148201501648, 'observed_rate': 0.25}, {'lower': 0.2, 'upper': 0.4, 'n': 154, 'mean_probability': 0.311439423162313, 'observed_rate': 0.38311688311688313}, {'lower': 0.4, 'upper': 0.6000000000000001, 'n': 10, 'mean_probability': 0.4115690927288694, 'observed_rate': 0.3}]"
1,2020,return_above_0_5_percent,A_all,hist_gradient,208,0.35096153846153844,0.28887346853095786,0.5454084221207508,0.37372666294725987,0.48092338914256727,0.125,0.0136986301369863,0.024691358024691357,0.2399027426335531,0.1231856003516408,"[[128, 7], [72, 1]]","[{'lower': 0.0, 'upper': 0.2, 'n': 56, 'mean_probability': 0.15577409936761658, 'observed_rate': 0.25}, {'lower': 0.2, 'upper': 0.4, 'n': 103, 'mean_probability': 0.28163290025303345, 'observed_rate': 0.4174757281553398}, {'lower': 0.4, 'upper': 0.6000000000000001, 'n': 49, 'mean_probability': 0.4562070033426584, 'observed_rate': 0.32653061224489793}]"
1,2020,return_above_0_5_percent,B_reduced,dummy,208,0.35096153846153844,0.26244343891402716,0.5,0.35096153846153844,0.5,0.0,0.0,0.0,0.23562299092975167,0.08851809954751128,"[[135, 0], [73, 0]]","[{'lower': 0.2, 'upper': 0.4, 'n': 208, 'mean_probability': 0.26244343891402716, 'observed_rate': 0.35096153846153844}]"
1,2020,return_above_0_5_percent,B_reduced,logistic,208,0.35096153846153844,0.2944996582512863,0.5680365296803653,0.43851868194554977,0.5362760020294266,0.6153846153846154,0.1095890410958904,0.18604651162790697,0.22947919577904613,0.07383988602876776,"[[130, 5], [65, 8]]","[{'lower': 0.0, 'upper': 0.2, 'n': 47, 'mean_probability': 0.13690780155424417, 'observed_rate': 0.2127659574468085}, {'lower': 0.2, 'upper': 0.4, 'n': 126, 'mean_probability': 0.29574246211750693, 'observed_rate': 0.373015873015873}, {'lower': 0.4, 'upper': 0.6000000000000001, 'n': 32, 'mean_probability': 0.4729187445717067, 'observed_rate': 0.4375}, {'lower': 0.6000000000000001, 'upper': 0.8, 'n': 1, 'mean_probability': 0.6739127788310081, 'observed_rate': 0.0}, {'lower': 0.8, 'upper': 1.0, 'n': 2, 'mean_probability': 0.875199705643289, 'observed_rate': 1.0}]"
1,2020,return_above_0_5_percent,B_reduced,forest,208,0.35096153846153844,0.28635770076161615,0.5671232876712329,0.4032520476672291,0.5,0.0,0.0,0.0,0.22882264506033742,0.06460383769992228,"[[135, 0], [73, 0]]","[{'lower': 0.0, 'upper': 0.2, 'n': 37, 'mean_probability': 0.16162709080138524, 'observed_rate': 0.1891891891891892}, {'lower': 0.2, 'upper': 0.4, 'n': 165, 'mean_probability': 0.3097988999340777, 'observed_rate': 0.38181818181818183}, {'lower': 0.4, 'upper': 0.6000000000000001, 'n': 6, 'mean_probability': 0.4108968182736818, 'observed_rate': 0.5}]"
1,2020,return_above_0_5_percent,B_reduced,hist_gradient,208,0.35096153846153844,0.29085992847438585,0.5523592085235921,0.39164360950415017,0.4983257229832573,0.3333333333333333,0.0410958904109589,0.07317073170731707,0.23592086652279495,0.0911079785287038,"[[129, 6], [70, 3]]","[{'lower': 0.0, 'upper': 0.2, 'n': 52, 'mean_probability': 0.15608693299794402, 'observed_rate': 0.28846153846153844}, {'lower': 0.2, 'upper': 0.4, 'n': 110, 'mean_probability': 0.2832516570768895, 'observed_rate': 0.36363636363636365}, {'lower': 0.4, 'upper': 0.6000000000000001, 'n': 46, 'mean_probability': 0.461405702789594, 'observed_rate': 0.391304347826087}]"
1,2020,return_above_0_5_percent,C_price_trend,dummy,208,0.35096153846153844,0.26244343891402716,0.5,0.35096153846153844,0.5,0.0,0.0,0.0,0.23562299092975167,0.08851809954751128,"[[135, 0], [73, 0]]","[{'lower': 0.2, 'upper': 0.4, 'n': 208, 'mean_probability': 0.26244343891402716, 'observed_rate': 0.35096153846153844}]"
1,2020,return_above_0_5_percent,C_price_trend,logistic,208,0.35096153846153844,0.28069776316641837,0.5637747336377474,0.4506092096896178,0.5373921867072552,0.8571428571428571,0.0821917808219178,0.15,0.23000049432572578,0.07256779615539764,"[[134, 1], [67, 6]]","[{'lower': 0.0, 'upper': 0.2, 'n': 48, 'mean_probability': 0.14566726225691284, 'observed_rate': 0.3125}, {'lower': 0.2, 'upper': 0.4, 'n': 137, 'mean_probability': 0.2956948739676884, 'observed_rate': 0.34306569343065696}, {'lower': 0.4, 'upper': 0.6000000000000001, 'n': 22, 'mean_probability': 0.4654371895213119, 'observed_rate': 0.45454545454545453}, {'lower': 0.6000000000000001, 'upper': 0.8, 'n': 1, 'mean_probability': 0.6432902472410309, 'observed_rate': 1.0}]"
1,2020,return_above_0_5_percent,C_price_trend,forest,208,0.35096153846153844,0.2795312778366647,0.5887366818873668,0.41038769863719576,0.5,0.0,0.0,0.0,0.22802097671340416,0.0807869660389994,"[[135, 0], [73, 0]]","[{'lower': 0.0, 'upper': 0.2, 'n': 45, 'mean_probability': 0.15273561610352715, 'observed_rate': 0.24444444444444444}, {'lower': 0.2, 'upper': 0.4, 'n': 149, 'mean_probability': 0.3040020516932783, 'observed_rate': 0.3825503355704698}, {'lower': 0.4, 'upper': 0.6000000000000001, 'n': 14, 'mean_probability': 0.4266498116477906, 'observed_rate': 0.35714285714285715}]"
1,2020,return_above_0_5_percent,C_price_trend,hist_gradient,208,0.35096153846153844,0.29159278127786037,0.5342973110096397,0.36593769844513835,0.4983257229832573,0.3333333333333333,0.0410958904109589,0.07317073170731707,0.24084649393496882,0.157297594087836,"[[129, 6], [70, 3]]","[{'lower': 0.0, 'upper': 0.2, 'n': 55, 'mean_probability': 0.1560902798207324, 'observed_rate': 0.2727272727272727}, {'lower': 0.2, 'upper': 0.4, 'n': 112, 'mean_probability': 0.29358691140734156, 'observed_rate': 0.4375}, {'lower': 0.4, 'upper': 0.6000000000000001, 'n': 41, 'mean_probability': 0.4679170497081079, 'observed_rate': 0.21951219512195122}]"
1,2020,return_above_0_5_percent,D_price_trend_volatility,dummy,208,0.35096153846153844,0.26244343891402716,0.5,0.35096153846153844,0.5,0.0,0.0,0.0,0.23562299092975167,0.08851809954751128,"[[135, 0], [73, 0]]","[{'lower': 0.2, 'upper': 0.4, 'n': 208, 'mean_probability': 0.26244343891402716, 'observed_rate': 0.35096153846153844}]"
1,2020,return_above_0_5_percent,D_price_trend_volatility,logistic,208,0.35096153846153844,0.28747436148930594,0.5774733637747337,0.4584658904066722,0.5299847792998478,0.6666666666666666,0.0821917808219178,0.14634146341463414,0.22841694626529568,0.0720509746181729,"[[132, 3], [67, 6]]","[{'lower': 0.0, 'upper': 0.2, 'n': 50, 'mean_probability': 0.14562635863099405, 'observed_rate': 0.28}, {'lower': 0.2, 'upper': 0.4, 'n': 133, 'mean_probability': 0.3028220498178884, 'observed_rate': 0.3533834586466165}, {'lower': 0.4, 'upper': 0.6000000000000001, 'n': 23, 'mean_probability': 0.47350586761642627, 'observed_rate': 0.43478260869565216}, {'lower': 0.6000000000000001, 'upper': 0.8, 'n': 2, 'mean_probability': 0.6736908386344889, 'observed_rate': 1.0}]"
1,2020,return_above_0_5_percent,D_price_trend_volatility,forest,208,0.35096153846153844,0.2829863705974246,0.5911719939117199,0.43047935760105505,0.5,0.0,0.0,0.0,0.22706936488898977,0.06827736169959071,"[[135, 0], [73, 0]]","[{'lower': 0.0, 'upper': 0.2, 'n': 45, 'mean_probability': 0.1569230079805766, 'observed_rate': 0.24444444444444444}, {'lower': 0.2, 'upper': 0.4, 'n': 151, 'mean_probability': 0.3097231891804555, 'observed_rate': 0.37748344370860926}, {'lower': 0.4, 'upper': 0.6000000000000001, 'n': 12, 'mean_probability': 0.4192856799074663, 'observed_rate': 0.4166666666666667}]"
1,2020,return_above_0_5_percent,D_price_trend_volatility,hist_gradient,208,0.35096153846153844,0.29032023478800084,0.5379502790461693,0.3804148951555684,0.480365296803653,0.18181818181818182,0.0273972602739726,0.047619047619047616,0.24062554879432266,0.13253870611530727,"[[126, 9], [71, 2]]","[{'lower': 0.0, 'upper': 0.2, 'n': 57, 'mean_probability': 0.1541060958150725, 'observed_rate': 0.2807017543859649}, {'lower': 0.2, 'upper': 0.4, 'n': 107, 'mean_probability': 0.2908900142102897, 'observed_rate': 0.411214953271028}, {'lower': 0.4, 'upper': 0.6000000000000001, 'n': 44, 'mean_probability': 0.4653938603169102, 'observed_rate': 0.29545454545454547}]"
1,2020,return_above_0_5_percent,E_all_excluding_regime,dummy,208,0.35096153846153844,0.26244343891402716,0.5,0.35096153846153844,0.5,0.0,0.0,0.0,0.23562299092975167,0.08851809954751128,"[[135, 0], [73, 0]]","[{'lower': 0.2, 'upper': 0.4, 'n': 208, 'mean_probability': 0.26244343891402716, 'observed_rate': 0.35096153846153844}]"
1,2020,return_above_0_5_percent,E_all_excluding_regime,logistic,208,0.35096153846153844,0.2906407107181511,0.5263318112633181,0.42115542554942165,0.5331303906646372,0.6363636363636364,0.0958904109589041,0.16666666666666666,0.23757061726571974,0.11300039767381112,"[[131, 4], [66, 7]]","[{'lower': 0.0, 'upper': 0.2, 'n': 47, 'mean_probability': 0.13325292258260574, 'observed_rate': 0.2978723404255319}, {'lower': 0.2, 'upper': 0.4, 'n': 125, 'mean_probability': 0.2937148216513018, 'observed_rate': 0.368}, {'lower': 0.4, 'upper': 0.6000000000000001, 'n': 33, 'mean_probability': 0.4690507658413357, 'observed_rate': 0.30303030303030304}, {'lower': 0.6000000000000001, 'upper': 0.8, 'n': 3, 'mean_probability': 0.6657841629387228, 'observed_rate': 1.0}]"
1,2020,return_above_0_5_percent,E_all_excluding_regime,forest,208,0.35096153846153844,0.2826999297234805,0.5840690005073568,0.4004569562665083,0.5,0.0,0.0,0.0,0.22822807176952614,0.07657564611217284,"[[135, 0], [73, 0]]","[{'lower': 0.0, 'upper': 0.2, 'n': 38, 'mean_probability': 0.15558414934331932, 'observed_rate': 0.2631578947368421}, {'lower': 0.2, 'upper': 0.4, 'n': 163, 'mean_probability': 0.30690017067809733, 'observed_rate': 0.37423312883435583}, {'lower': 0.4, 'upper': 0.6000000000000001, 'n': 7, 'mean_probability': 0.40923712670113577, 'observed_rate': 0.2857142857142857}]"
1,2020,return_above_0_5_percent,E_all_excluding_regime,hist_gradient,208,0.35096153846153844,0.288845883861218,0.530593607305936,0.3706752713216975,0.48092338914256727,0.125,0.0136986301369863,0.024691358024691357,0.2417584679826687,0.12278071851725345,"[[128, 7], [72, 1]]","[{'lower': 0.0, 'upper': 0.2, 'n': 53, 'mean_probability': 0.15387646544335565, 'observed_rate': 0.2830188679245283}, {'lower': 0.2, 'upper': 0.4, 'n': 109, 'mean_probability': 0.2808745369474722, 'observed_rate': 0.3944954128440367}, {'lower': 0.4, 'upper': 0.6000000000000001, 'n': 46, 'mean_probability': 0.4632427532035008, 'observed_rate': 0.32608695652173914}]"
1,2020,return_above_0_5_percent,F_all_excluding_calendar,dummy,208,0.35096153846153844,0.26244343891402716,0.5,0.35096153846153844,0.5,0.0,0.0,0.0,0.23562299092975167,0.08851809954751128,"[[135, 0], [73, 0]]","[{'lower': 0.2, 'upper': 0.4, 'n': 208, 'mean_probability': 0.26244343891402716, 'observed_rate': 0.35096153846153844}]"
1,2020,return_above_0_5_percent,F_all_excluding_calendar,logistic,208,0.35096153846153844,0.29133774981419813,0.5756468797564688,0.4490550855593636,0.5294266869609335,0.5833333333333334,0.0958904109589041,0.16470588235294117,0.22992261824522908,0.10448118376089793,"[[130, 5], [66, 7]]","[{'lower': 0.0, 'upper': 0.2, 'n': 54, 'mean_probability': 0.14035023783424924, 'observed_rate': 0.24074074074074073}, {'lower': 0.2, 'upper': 0.4, 'n': 120, 'mean_probability': 0.29625601948579977, 'observed_rate': 0.39166666666666666}, {'lower': 0.4, 'upper': 0.6000000000000001, 'n': 30, 'mean_probability': 0.47694627816335594, 'observed_rate': 0.3333333333333333}, {'lower': 0.6000000000000001, 'upper': 0.8, 'n': 2, 'mean_probability': 0.6783903734546608, 'observed_rate': 0.5}, {'lower': 0.8, 'upper': 1.0, 'n': 2, 'mean_probability': 0.9017238440988982, 'observed_rate': 1.0}]"
1,2020,return_above_0_5_percent,F_all_excluding_calendar,forest,208,0.35096153846153844,0.2852981495634054,0.5890410958904109,0.41485341298644984,0.5,0.0,0.0,0.0,0.2265214710881723,0.06566338889813315,"[[135, 0], [73, 0]]","[{'lower': 0.0, 'upper': 0.2, 'n': 41, 'mean_probability': 0.15570940009637804, 'observed_rate': 0.1951219512195122}, {'lower': 0.2, 'upper': 0.4, 'n': 160, 'mean_probability': 0.3128126292065735, 'observed_rate': 0.3875}, {'lower': 0.4, 'upper': 0.6000000000000001, 'n': 7, 'mean_probability': 0.4154155760264356, 'observed_rate': 0.42857142857142855}]"
1,2020,return_above_0_5_percent,F_all_excluding_calendar,hist_gradient,208,0.35096153846153844,0.28844949656780206,0.5434297311009639,0.3714683481837757,0.48092338914256727,0.125,0.0136986301369863,0.024691358024691357,0.24013225452160805,0.12919529894322962,"[[128, 7], [72, 1]]","[{'lower': 0.0, 'upper': 0.2, 'n': 57, 'mean_probability': 0.15542460939074865, 'observed_rate': 0.24561403508771928}, {'lower': 0.2, 'upper': 0.4, 'n': 103, 'mean_probability': 0.2835265419192511, 'observed_rate': 0.42718446601941745}, {'lower': 0.4, 'upper': 0.6000000000000001, 'n': 48, 'mean_probability': 0.45698039027390197, 'observed_rate': 0.3125}]"
1,2020,return_above_1_percent,A_all,dummy,208,0.34134615384615385,0.25339366515837103,0.5,0.34134615384615385,0.5,0.0,0.0,0.0,0.23256459736696625,0.08795248868778283,"[[137, 0], [71, 0]]","[{'lower': 0.2, 'upper': 0.4, 'n': 208, 'mean_probability': 0.25339366515837103, 'observed_rate': 0.34134615384615385}]"
1,2020,return_above_1_percent,A_all,logistic,208,0.34134615384615385,0.281765663293584,0.5674925465199959,0.43823633621013713,0.5383468695383983,0.7,0.09859154929577464,0.1728395061728395,0.227205530325969,0.07294298335903349,"[[134, 3], [64, 7]]","[{'lower': 0.0, 'upper': 0.2, 'n': 58, 'mean_probability': 0.14100660634981055, 'observed_rate': 0.29310344827586204}, {'lower': 0.2, 'upper': 0.4, 'n': 120, 'mean_probability': 0.29358526863486684, 'observed_rate': 0.3333333333333333}, {'lower': 0.4, 'upper': 0.6000000000000001, 'n': 27, 'mean_probability': 0.46792776474746234, 'observed_rate': 0.4444444444444444}, {'lower': 0.6000000000000001, 'upper': 0.8, 'n': 1, 'mean_probability': 0.7556496036907375, 'observed_rate': 0.0}, {'lower': 0.8, 'upper': 1.0, 'n': 2, 'mean_probability': 0.9044716543601106, 'observed_rate': 1.0}]"
1,2020,return_above_1_percent,A_all,forest,208,0.34134615384615385,0.2746794253924406,0.5693430656934306,0.379230565164078,0.5,0.0,0.0,0.0,0.2268420597743652,0.06666672845371323,"[[137, 0], [71, 0]]","[{'lower': 0.0, 'upper': 0.2, 'n': 40, 'mean_probability': 0.15314983317009387, 'observed_rate': 0.225}, {'lower': 0.2, 'upper': 0.4, 'n': 167, 'mean_probability': 0.30293532070735113, 'observed_rate': 0.3652694610778443}, {'lower': 0.4, 'upper': 0.6000000000000001, 'n': 1, 'mean_probability': 0.41712859669625396, 'observed_rate': 1.0}]"
1,2020,return_above_1_percent,A_all,hist_gradient,208,0.34134615384615385,0.2749757360604305,0.5484733216819163,0.36986684690729926,0.5033926184846305,0.5,0.014084507042253521,0.0273972602739726,0.23325366471348624,0.09603106604825262,"[[136, 1], [70, 1]]","[{'lower': 0.0, 'upper': 0.2, 'n': 65, 'mean_probability': 0.1558215210857523, 'observed_rate': 0.26153846153846155}, {'lower': 0.2, 'upper': 0.4, 'n': 114, 'mean_probability': 0.2980863755323912, 'observed_rate': 0.38596491228070173}, {'lower': 0.4, 'upper': 0.6000000000000001, 'n': 29, 'mean_probability': 0.451196807562174, 'observed_rate': 0.3448275862068966}]"
1,2020,return_above_1_percent,B_reduced,dummy,208,0.34134615384615385,0.25339366515837103,0.5,0.34134615384615385,0.5,0.0,0.0,0.0,0.23256459736696625,0.08795248868778283,"[[137, 0], [71, 0]]","[{'lower': 0.2, 'upper': 0.4, 'n': 208, 'mean_probability': 0.25339366515837103, 'observed_rate': 0.34134615384615385}]"
1,2020,return_above_1_percent,B_reduced,logistic,208,0.34134615384615385,0.2838009344485132,0.5734553305232857,0.4384775968061402,0.5349542510537679,0.75,0.08450704225352113,0.1518987341772152,0.22554650958772932,0.06639558395828643,"[[135, 2], [65, 6]]","[{'lower': 0.0, 'upper': 0.2, 'n': 50, 'mean_probability': 0.14066604941296812, 'observed_rate': 0.22}, {'lower': 0.2, 'upper': 0.4, 'n': 126, 'mean_probability': 0.2879979952963566, 'observed_rate': 0.35714285714285715}, {'lower': 0.4, 'upper': 0.6000000000000001, 'n': 29, 'mean_probability': 0.45530582063198627, 'observed_rate': 0.4482758620689655}, {'lower': 0.6000000000000001, 'upper': 0.8, 'n': 1, 'mean_probability': 0.716569115979564, 'observed_rate': 0.0}, {'lower': 0.8, 'upper': 1.0, 'n': 2, 'mean_probability': 0.8945532864971253, 'observed_rate': 1.0}]"
1,2020,return_above_1_percent,B_reduced,forest,208,0.34134615384615385,0.2745520569757406,0.5454919296802714,0.3661738033753196,0.5,0.0,0.0,0.0,0.22914690235577298,0.0731052361237592,"[[137, 0], [71, 0]]","[{'lower': 0.0, 'upper': 0.2, 'n': 44, 'mean_probability': 0.16099291807158436, 'observed_rate': 0.22727272727272727}, {'lower': 0.2, 'upper': 0.4, 'n': 160, 'mean_probability': 0.3022923810841022, 'observed_rate': 0.375}, {'lower': 0.4, 'upper': 0.6000000000000001, 'n': 4, 'mean_probability': 0.4140896205869953, 'observed_rate': 0.25}]"
1,2020,return_above_1_percent,B_reduced,hist_gradient,208,0.34134615384615385,0.2762108653214714,0.5450807031972859,0.3678632278877553,0.5067852369692608,0.5,0.028169014084507043,0.05333333333333334,0.2334002799291457,0.10327424119314965,"[[135, 2], [69, 2]]","[{'lower': 0.0, 'upper': 0.2, 'n': 58, 'mean_probability': 0.15604581226794553, 'observed_rate': 0.25862068965517243}, {'lower': 0.2, 'upper': 0.4, 'n': 121, 'mean_probability': 0.2928491884116084, 'observed_rate': 0.3884297520661157}, {'lower': 0.4, 'upper': 0.6000000000000001, 'n': 29, 'mean_probability': 0.44711900267312366, 'observed_rate': 0.3103448275862069}]"
1,2020,return_above_1_percent,C_price_trend,dummy,208,0.34134615384615385,0.25339366515837103,0.5,0.34134615384615385,0.5,0.0,0.0,0.0,0.23256459736696625,0.08795248868778283,"[[137, 0], [71, 0]]","[{'lower': 0.2, 'upper': 0.4, 'n': 208, 'mean_probability': 0.25339366515837103, 'observed_rate': 0.34134615384615385}]"
1,2020,return_above_1_percent,C_price_trend,logistic,208,0.34134615384615385,0.2724264198402623,0.5595764367225249,0.4416346575743097,0.5245193790480107,0.8,0.056338028169014086,0.10526315789473684,0.22746743775152906,0.0689197340058916,"[[136, 1], [67, 4]]","[{'lower': 0.0, 'upper': 0.2, 'n': 53, 'mean_probability': 0.14834285242764988, 'observed_rate': 0.32075471698113206}, {'lower': 0.2, 'upper': 0.4, 'n': 136, 'mean_probability': 0.2921548563882186, 'observed_rate': 0.3235294117647059}, {'lower': 0.4, 'upper': 0.6000000000000001, 'n': 18, 'mean_probability': 0.46898219255350426, 'observed_rate': 0.5}, {'lower': 0.6000000000000001, 'upper': 0.8, 'n': 1, 'mean_probability': 0.6277842133482978, 'observed_rate': 1.0}]"
1,2020,return_above_1_percent,C_price_trend,forest,208,0.34134615384615385,0.26962176483906103,0.5626606353449162,0.38335556962304973,0.5,0.0,0.0,0.0,0.2287784275147352,0.08724747693245267,"[[137, 0], [71, 0]]","[{'lower': 0.0, 'upper': 0.2, 'n': 46, 'mean_probability': 0.1467758729272564, 'observed_rate': 0.2826086956521739}, {'lower': 0.2, 'upper': 0.4, 'n': 151, 'mean_probability': 0.296127389322076, 'observed_rate': 0.36423841059602646}, {'lower': 0.4, 'upper': 0.6000000000000001, 'n': 11, 'mean_probability': 0.41949101311249365, 'observed_rate': 0.2727272727272727}]"
1,2020,return_above_1_percent,C_price_trend,hist_gradient,208,0.34134615384615385,0.2755001538596399,0.5200986943559165,0.34032108756259405,0.4921866968232754,0.25,0.028169014084507043,0.05063291139240506,0.23985304307587346,0.15459186287198723,"[[131, 6], [69, 2]]","[{'lower': 0.0, 'upper': 0.2, 'n': 57, 'mean_probability': 0.1535188917093271, 'observed_rate': 0.2631578947368421}, {'lower': 0.2, 'upper': 0.4, 'n': 122, 'mean_probability': 0.2895400445515101, 'observed_rate': 0.4262295081967213}, {'lower': 0.4, 'upper': 0.6000000000000001, 'n': 29, 'mean_probability': 0.4561920600030767, 'observed_rate': 0.13793103448275862}]"
1,2020,return_above_1_percent,D_price_trend_volatility,dummy,208,0.34134615384615385,0.25339366515837103,0.5,0.34134615384615385,0.5,0.0,0.0,0.0,0.23256459736696625,0.08795248868778283,"[[137, 0], [71, 0]]","[{'lower': 0.2, 'upper': 0.4, 'n': 208, 'mean_probability': 0.25339366515837103, 'observed_rate': 0.34134615384615385}]"
1,2020,return_above_1_percent,D_price_trend_volatility,logistic,208,0.34134615384615385,0.2785628263202906,0.5769507556286624,0.45325366037538967,0.5242623624961448,0.625,0.07042253521126761,0.12658227848101267,0.22521991965765767,0.0627833275258633,"[[134, 3], [66, 5]]","[{'lower': 0.0, 'upper': 0.2, 'n': 47, 'mean_probability': 0.14152564234845827, 'observed_rate': 0.2978723404255319}, {'lower': 0.2, 'upper': 0.4, 'n': 138, 'mean_probability': 0.2913895894869779, 'observed_rate': 0.32608695652173914}, {'lower': 0.4, 'upper': 0.6000000000000001, 'n': 21, 'mean_probability': 0.46382293065240826, 'observed_rate': 0.47619047619047616}, {'lower': 0.6000000000000001, 'upper': 0.8, 'n': 2, 'mean_probability': 0.6686588956696851, 'observed_rate': 1.0}]"
1,2020,return_above_1_percent,D_price_trend_volatility,forest,208,0.34134615384615385,0.2718660990902922,0.5741749768685104,0.39292092511297627,0.5,0.0,0.0,0.0,0.22658134136411026,0.07024671872786128,"[[137, 0], [71, 0]]","[{'lower': 0.0, 'upper': 0.2, 'n': 48, 'mean_probability': 0.15458369412311565, 'observed_rate': 0.25}, {'lower': 0.2, 'upper': 0.4, 'n': 155, 'mean_probability': 0.303538053159892, 'observed_rate': 0.36774193548387096}, {'lower': 0.4, 'upper': 0.6000000000000001, 'n': 5, 'mean_probability': 0.4159466106175923, 'observed_rate': 0.4}]"
1,2020,return_above_1_percent,D_price_trend_volatility,hist_gradient,208,0.34134615384615385,0.28015977318329904,0.5178883520098694,0.3560504350871604,0.4958363318597718,0.2857142857142857,0.028169014084507043,0.05128205128205128,0.2387548556568898,0.13014702648022328,"[[132, 5], [69, 2]]","[{'lower': 0.0, 'upper': 0.2, 'n': 60, 'mean_probability': 0.15367424437202704, 'observed_rate': 0.3}, {'lower': 0.2, 'upper': 0.4, 'n': 115, 'mean_probability': 0.2946162695199849, 'observed_rate': 0.391304347826087}, {'lower': 0.4, 'upper': 0.6000000000000001, 'n': 33, 'mean_probability': 0.4597547625759492, 'observed_rate': 0.24242424242424243}]"
1,2020,return_above_1_percent,E_all_excluding_regime,dummy,208,0.34134615384615385,0.25339366515837103,0.5,0.34134615384615385,0.5,0.0,0.0,0.0,0.23256459736696625,0.08795248868778283,"[[137, 0], [71, 0]]","[{'lower': 0.2, 'upper': 0.4, 'n': 208, 'mean_probability': 0.25339366515837103, 'observed_rate': 0.34134615384615385}]"
1,2020,return_above_1_percent,E_all_excluding_regime,logistic,208,0.34134615384615385,0.281011574212834,0.5235941194612933,0.4206022891492114,0.5383468695383983,0.7,0.09859154929577464,0.1728395061728395,0.23363589466997117,0.08552308345799933,"[[134, 3], [64, 7]]","[{'lower': 0.0, 'upper': 0.2, 'n': 50, 'mean_probability': 0.13774783698747367, 'observed_rate': 0.32}, {'lower': 0.2, 'upper': 0.4, 'n': 129, 'mean_probability': 0.2913207838354195, 'observed_rate': 0.3333333333333333}, {'lower': 0.4, 'upper': 0.6000000000000001, 'n': 27, 'mean_probability': 0.4673927554728395, 'observed_rate': 0.37037037037037035}, {'lower': 0.6000000000000001, 'upper': 0.8, 'n': 2, 'mean_probability': 0.6815150371800038, 'observed_rate': 1.0}]"
1,2020,return_above_1_percent,E_all_excluding_regime,forest,208,0.34134615384615385,0.27365241324543516,0.5559782049964017,0.3699746958667867,0.5,0.0,0.0,0.0,0.22892656008285409,0.07772175933141144,"[[137, 0], [71, 0]]","[{'lower': 0.0, 'upper': 0.2, 'n': 42, 'mean_probability': 0.15217169189570678, 'observed_rate': 0.2857142857142857}, {'lower': 0.2, 'upper': 0.4, 'n': 161, 'mean_probability': 0.30115265184744583, 'observed_rate': 0.36024844720496896}, {'lower': 0.4, 'upper': 0.6000000000000001, 'n': 5, 'mean_probability': 0.4085827895984089, 'observed_rate': 0.2}]"
1,2020,return_above_1_percent,E_all_excluding_regime,hist_gradient,208,0.34134615384615385,0.27835005990652434,0.5225660532538295,0.3548911294505386,0.49974298344813406,0.3333333333333333,0.014084507042253521,0.02702702702702703,0.2373318300981568,0.1112557990098164,"[[135, 2], [70, 1]]","[{'lower': 0.0, 'upper': 0.2, 'n': 58, 'mean_probability': 0.15596555906896464, 'observed_rate': 0.29310344827586204}, {'lower': 0.2, 'upper': 0.4, 'n': 119, 'mean_probability': 0.29270420762401406, 'observed_rate': 0.37815126050420167}, {'lower': 0.4, 'upper': 0.6000000000000001, 'n': 31, 'mean_probability': 0.45222610733223995, 'observed_rate': 0.2903225806451613}]"
1,2020,return_above_1_percent,F_all_excluding_calendar,dummy,208,0.34134615384615385,0.25339366515837103,0.5,0.34134615384615385,0.5,0.0,0.0,0.0,0.23256459736696625,0.08795248868778283,"[[137, 0], [71, 0]]","[{'lower': 0.2, 'upper': 0.4, 'n': 208, 'mean_probability': 0.25339366515837103, 'observed_rate': 0.34134615384615385}]"
1,2020,return_above_1_percent,F_all_excluding_calendar,logistic,208,0.34134615384615385,0.2822404151326553,0.5672869332785031,0.43778989710151983,0.5383468695383983,0.7,0.09859154929577464,0.1728395061728395,0.22733053903152234,0.08377479414430071,"[[134, 3], [64, 7]]","[{'lower': 0.0, 'upper': 0.2, 'n': 58, 'mean_probability': 0.14090060107432614, 'observed_rate': 0.27586206896551724}, {'lower': 0.2, 'upper': 0.4, 'n': 120, 'mean_probability': 0.2929056170948051, 'observed_rate': 0.35}, {'lower': 0.4, 'upper': 0.6000000000000001, 'n': 26, 'mean_probability': 0.4698244228598448, 'observed_rate': 0.38461538461538464}, {'lower': 0.6000000000000001, 'upper': 0.8, 'n': 2, 'mean_probability': 0.6750733852237307, 'observed_rate': 0.5}, {'lower': 0.8, 'upper': 1.0, 'n': 2, 'mean_probability': 0.9097578345506733, 'observed_rate': 1.0}]"
1,2020,return_above_1_percent,F_all_excluding_calendar,forest,208,0.34134615384615385,0.2730935705902568,0.564511154518351,0.3684713813970033,0.5,0.0,0.0,0.0,0.22657525400301062,0.07042531470708477,"[[137, 0], [71, 0]]","[{'lower': 0.0, 'upper': 0.2, 'n': 41, 'mean_probability': 0.15312261454919174, 'observed_rate': 0.1951219512195122}, {'lower': 0.2, 'upper': 0.4, 'n': 164, 'mean_probability': 0.30060653302032336, 'observed_rate': 0.3780487804878049}, {'lower': 0.4, 'upper': 0.6000000000000001, 'n': 3, 'mean_probability': 0.40865469030784124, 'observed_rate': 0.3333333333333333}]"
1,2020,return_above_1_percent,F_all_excluding_calendar,hist_gradient,208,0.34134615384615385,0.2742065226669723,0.5526883931325178,0.37495740031724456,0.4960933484116377,0.25,0.014084507042253521,0.02666666666666667,0.23316667365613195,0.10071293793026272,"[[134, 3], [70, 1]]","[{'lower': 0.0, 'upper': 0.2, 'n': 63, 'mean_probability': 0.1535612606873466, 'observed_rate': 0.2857142857142857}, {'lower': 0.2, 'upper': 0.4, 'n': 115, 'mean_probability': 0.29451281208099966, 'observed_rate': 0.3739130434782609}, {'lower': 0.4, 'upper': 0.6000000000000001, 'n': 30, 'mean_probability': 0.4497207967370815, 'observed_rate': 0.3333333333333333}]"
2,2021,profitable_after_fees,A_all,dummy,201,0.39303482587064675,0.3503480278422274,0.5,0.39303482587064675,0.5,0.0,0.0,0.0,0.24038061424939625,0.04268679802841935,"[[122, 0], [79, 0]]","[{'lower': 0.2, 'upper': 0.4, 'n': 201, 'mean_probability': 0.3503480278422274, 'observed_rate': 0.39303482587064675}]"
2,2021,profitable_after_fees,A_all,logistic,201,0.39303482587064675,0.45507164816140105,0.5759493670886076,0.4611928877800944,0.5650549906619631,0.49206349206349204,0.3924050632911392,0.43661971830985913,0.2654932709516904,0.12209148790479127,"[[90, 32], [48, 31]]","[{'lower': 0.0, 'upper': 0.2, 'n': 12, 'mean_probability': 0.1566347280404217, 'observed_rate': 0.4166666666666667}, {'lower': 0.2, 'upper': 0.4, 'n': 88, 'mean_probability': 0.30778283374209353, 'observed_rate': 0.3409090909090909}, {'lower': 0.4, 'upper': 0.6000000000000001, 'n': 58, 'mean_probability': 0.47609064308817084, 'observed_rate': 0.3793103448275862}, {'lower': 0.6000000000000001, 'upper': 0.8, 'n': 20, 'mean_probability': 0.6850846957021229, 'observed_rate': 0.55}, {'lower': 0.8, 'upper': 1.0, 'n': 23, 'mean_probability': 0.92130191136939, 'observed_rate': 0.4782608695652174}]"
2,2021,profitable_after_fees,A_all,forest,201,0.39303482587064675,0.39568091746983625,0.6065573770491803,0.4882408674233063,0.5252645777132186,0.46875,0.189873417721519,0.2702702702702703,0.23072500488699937,0.020620643843924785,"[[105, 17], [64, 15]]","[{'lower': 0.0, 'upper': 0.2, 'n': 2, 'mean_probability': 0.1841820922578132, 'observed_rate': 0.0}, {'lower': 0.2, 'upper': 0.4, 'n': 102, 'mean_probability': 0.3232347326227191, 'observed_rate': 0.30392156862745096}, {'lower': 0.4, 'upper': 0.6000000000000001, 'n': 96, 'mean_probability': 0.47480751845354474, 'observed_rate': 0.4895833333333333}, {'lower': 0.6000000000000001, 'upper': 0.8, 'n': 1, 'mean_probability': 0.6120357278638004, 'observed_rate': 1.0}]"
2,2021,profitable_after_fees,A_all,hist_gradient,201,0.39303482587064675,0.398904350302228,0.5539531023033825,0.43982809517319466,0.5490765719028844,0.5,0.27848101265822783,0.35772357723577236,0.24122722315910827,0.06032977376260468,"[[100, 22], [57, 22]]","[{'lower': 0.0, 'upper': 0.2, 'n': 2, 'mean_probability': 0.1710356662361034, 'observed_rate': 0.5}, {'lower': 0.2, 'upper': 0.4, 'n': 98, 'mean_probability': 0.308006873568979, 'observed_rate': 0.35714285714285715}, {'lower': 0.4, 'upper': 0.6000000000000001, 'n': 94, 'mean_probability': 0.4806574112951089, 'observed_rate': 0.425531914893617}, {'lower': 0.6000000000000001, 'upper': 0.8, 'n': 7, 'mean_probability': 0.6387475438250642, 'observed_rate': 0.42857142857142855}]"
2,2021,profitable_after_fees,B_reduced,dummy,201,0.39303482587064675,0.3503480278422274,0.5,0.39303482587064675,0.5,0.0,0.0,0.0,0.24038061424939625,0.04268679802841935,"[[122, 0], [79, 0]]","[{'lower': 0.2, 'upper': 0.4, 'n': 201, 'mean_probability': 0.3503480278422274, 'observed_rate': 0.39303482587064675}]"
2,2021,profitable_after_fees,B_reduced,logistic,201,0.39303482587064675,0.4520587254610883,0.5835235526042748,0.4674416952197119,0.5881406930898527,0.5230769230769231,0.43037974683544306,0.4722222222222222,0.2638299484480898,0.1004817228762826,"[[91, 31], [45, 34]]","[{'lower': 0.0, 'upper': 0.2, 'n': 12, 'mean_probability': 0.15279072998108117, 'observed_rate': 0.5}, {'lower': 0.2, 'upper': 0.4, 'n': 86, 'mean_probability': 0.30425637853612636, 'observed_rate': 0.3023255813953488}, {'lower': 0.4, 'upper': 0.6000000000000001, 'n': 62, 'mean_probability': 0.4803998555506278, 'observed_rate': 0.45161290322580644}, {'lower': 0.6000000000000001, 'upper': 0.8, 'n': 22, 'mean_probability': 0.6980143570391985, 'observed_rate': 0.45454545454545453}, {'lower': 0.8, 'upper': 1.0, 'n': 19, 'mean_probability': 0.9327978739367166, 'observed_rate': 0.47368421052631576}]"
2,2021,profitable_after_fees,B_reduced,forest,201,0.39303482587064675,0.3942442753815596,0.6206681884208342,0.5112652038582728,0.5494915957667565,0.6190476190476191,0.16455696202531644,0.26,0.22915506828666793,0.028334695446214187,"[[114, 8], [66, 13]]","[{'lower': 0.0, 'upper': 0.2, 'n': 1, 'mean_probability': 0.19409276058478908, 'observed_rate': 0.0}, {'lower': 0.2, 'upper': 0.4, 'n': 100, 'mean_probability': 0.3256613593298333, 'observed_rate': 0.3}, {'lower': 0.4, 'upper': 0.6000000000000001, 'n': 98, 'mean_probability': 0.46197870187247153, 'observed_rate': 0.4897959183673469}, {'lower': 0.6000000000000001, 'upper': 0.8, 'n': 2, 'mean_probability': 0.6044789373115707, 'observed_rate': 0.5}]"
2,2021,profitable_after_fees,B_reduced,hist_gradient,201,0.39303482587064675,0.39042114010186757,0.589022618800581,0.4891656051056203,0.5483502801411081,0.5294117647058824,0.22784810126582278,0.3185840707964602,0.2339627677841209,0.01266294292297952,"[[106, 16], [61, 18]]","[{'lower': 0.0, 'upper': 0.2, 'n': 5, 'mean_probability': 0.1770618139494633, 'observed_rate': 0.4}, {'lower': 0.2, 'upper': 0.4, 'n': 104, 'mean_probability': 0.31740336869228014, 'observed_rate': 0.3076923076923077}, {'lower': 0.4, 'upper': 0.6000000000000001, 'n': 89, 'mean_probability': 0.47860516757352545, 'observed_rate': 0.48314606741573035}, {'lower': 0.6000000000000001, 'upper': 0.8, 'n': 3, 'mean_probability': 0.6611766108957232, 'observed_rate': 0.6666666666666666}]"
2,2021,profitable_after_fees,C_price_trend,dummy,201,0.39303482587064675,0.3503480278422274,0.5,0.39303482587064675,0.5,0.0,0.0,0.0,0.24038061424939625,0.04268679802841935,"[[122, 0], [79, 0]]","[{'lower': 0.2, 'upper': 0.4, 'n': 201, 'mean_probability': 0.3503480278422274, 'observed_rate': 0.39303482587064675}]"
2,2021,profitable_after_fees,C_price_trend,logistic,201,0.39303482587064675,0.4180593757196779,0.6198381406930898,0.4742175960535582,0.576986926748288,0.5272727272727272,0.3670886075949367,0.43283582089552236,0.2351026026416981,0.034721694444298346,"[[96, 26], [50, 29]]","[{'lower': 0.0, 'upper': 0.2, 'n': 6, 'mean_probability': 0.16467032060549244, 'observed_rate': 0.16666666666666666}, {'lower': 0.2, 'upper': 0.4, 'n': 94, 'mean_probability': 0.31726930594125297, 'observed_rate': 0.3191489361702128}, {'lower': 0.4, 'upper': 0.6000000000000001, 'n': 81, 'mean_probability': 0.4861602734664855, 'observed_rate': 0.49382716049382713}, {'lower': 0.6000000000000001, 'upper': 0.8, 'n': 19, 'mean_probability': 0.6844472395515583, 'observed_rate': 0.3684210526315789}, {'lower': 0.8, 'upper': 1.0, 'n': 1, 'mean_probability': 0.8351181352795816, 'observed_rate': 1.0}]"
2,2021,profitable_after_fees,C_price_trend,forest,201,0.39303482587064675,0.39556491066912725,0.6103963477899979,0.4916819808801284,0.557636439095248,0.5106382978723404,0.3037974683544304,0.38095238095238093,0.23020151423564447,0.02097459228955298,"[[99, 23], [55, 24]]","[{'lower': 0.0, 'upper': 0.2, 'n': 4, 'mean_probability': 0.18020425732885392, 'observed_rate': 0.0}, {'lower': 0.2, 'upper': 0.4, 'n': 102, 'mean_probability': 0.3151600685994825, 'observed_rate': 0.3333333333333333}, {'lower': 0.4, 'upper': 0.6000000000000001, 'n': 95, 'mean_probability': 0.4909621370319152, 'observed_rate': 0.47368421052631576}]"
2,2021,profitable_after_fees,C_price_trend,hist_gradient,201,0.39303482587064675,0.38512023191261663,0.5750674413778792,0.45818124472972843,0.5148371031334301,0.4375,0.17721518987341772,0.25225225225225223,0.2364574400503161,0.03534295267371699,"[[104, 18], [65, 14]]","[{'lower': 0.0, 'upper': 0.2, 'n': 9, 'mean_probability': 0.17607128490453297, 'observed_rate': 0.3333333333333333}, {'lower': 0.2, 'upper': 0.4, 'n': 94, 'mean_probability': 0.30923377658902784, 'observed_rate': 0.3404255319148936}, {'lower': 0.4, 'upper': 0.6000000000000001, 'n': 94, 'mean_probability': 0.47121338772461685, 'observed_rate': 0.44680851063829785}, {'lower': 0.6000000000000001, 'upper': 0.8, 'n': 4, 'mean_probability': 0.615622901203136, 'observed_rate': 0.5}]"
2,2021,profitable_after_fees,D_price_trend_volatility,dummy,201,0.39303482587064675,0.3503480278422274,0.5,0.39303482587064675,0.5,0.0,0.0,0.0,0.24038061424939625,0.04268679802841935,"[[122, 0], [79, 0]]","[{'lower': 0.2, 'upper': 0.4, 'n': 201, 'mean_probability': 0.3503480278422274, 'observed_rate': 0.39303482587064675}]"
2,2021,profitable_after_fees,D_price_trend_volatility,logistic,201,0.39303482587064675,0.4199925359920098,0.6161029259182402,0.47537533602525295,0.5583627308570243,0.49122807017543857,0.35443037974683544,0.4117647058823529,0.2346689657643528,0.031121248681434115,"[[93, 29], [51, 28]]","[{'lower': 0.0, 'upper': 0.2, 'n': 5, 'mean_probability': 0.15546851206816026, 'observed_rate': 0.2}, {'lower': 0.2, 'upper': 0.4, 'n': 94, 'mean_probability': 0.31566907156899976, 'observed_rate': 0.30851063829787234}, {'lower': 0.4, 'upper': 0.6000000000000001, 'n': 81, 'mean_probability': 0.48967863891673286, 'observed_rate': 0.4691358024691358}, {'lower': 0.6000000000000001, 'upper': 0.8, 'n': 20, 'mean_probability': 0.6750036439969886, 'observed_rate': 0.5}, {'lower': 0.8, 'upper': 1.0, 'n': 1, 'mean_probability': 0.8042218143720551, 'observed_rate': 1.0}]"
2,2021,profitable_after_fees,D_price_trend_volatility,forest,201,0.39303482587064675,0.3968110020513829,0.6198381406930898,0.5031824462195655,0.5546793940651588,0.5428571428571428,0.24050632911392406,0.3333333333333333,0.22923542349485926,0.04563214967164687,"[[106, 16], [60, 19]]","[{'lower': 0.0, 'upper': 0.2, 'n': 1, 'mean_probability': 0.16589368003760535, 'observed_rate': 0.0}, {'lower': 0.2, 'upper': 0.4, 'n': 106, 'mean_probability': 0.32248636968007754, 'observed_rate': 0.2830188679245283}, {'lower': 0.4, 'upper': 0.6000000000000001, 'n': 93, 'mean_probability': 0.48165026520605886, 'observed_rate': 0.5268817204301075}, {'lower': 0.6000000000000001, 'upper': 0.8, 'n': 1, 'mean_probability': 0.6160878820386694, 'observed_rate': 0.0}]"
2,2021,profitable_after_fees,D_price_trend_volatility,hist_gradient,201,0.39303482587064675,0.3879406577652498,0.5704503008923013,0.478680737295225,0.5129694957460054,0.42857142857142855,0.189873417721519,0.2631578947368421,0.23674964354486985,0.055089070246003555,"[[102, 20], [64, 15]]","[{'lower': 0.0, 'upper': 0.2, 'n': 4, 'mean_probability': 0.1741808038710685, 'observed_rate': 0.25}, {'lower': 0.2, 'upper': 0.4, 'n': 108, 'mean_probability': 0.3121852799932725, 'observed_rate': 0.3611111111111111}, {'lower': 0.4, 'upper': 0.6000000000000001, 'n': 80, 'mean_probability': 0.475306095814137, 'observed_rate': 0.4125}, {'lower': 0.6000000000000001, 'upper': 0.8, 'n': 9, 'mean_probability': 0.6154278989918381, 'observed_rate': 0.6666666666666666}]"
2,2021,profitable_after_fees,E_all_excluding_regime,dummy,201,0.39303482587064675,0.3503480278422274,0.5,0.39303482587064675,0.5,0.0,0.0,0.0,0.24038061424939625,0.04268679802841935,"[[122, 0], [79, 0]]","[{'lower': 0.2, 'upper': 0.4, 'n': 201, 'mean_probability': 0.3503480278422274, 'observed_rate': 0.39303482587064675}]"
2,2021,profitable_after_fees,E_all_excluding_regime,logistic,201,0.39303482587064675,0.42092340742524587,0.5950404648267276,0.4597697254241009,0.5434737497406101,0.4716981132075472,0.31645569620253167,0.3787878787878788,0.2391771803647727,0.038607201289010254,"[[94, 28], [54, 25]]","[{'lower': 0.0, 'upper': 0.2, 'n': 6, 'mean_probability': 0.1537964527819462, 'observed_rate': 0.3333333333333333}, {'lower': 0.2, 'upper': 0.4, 'n': 84, 'mean_probability': 0.30739229419859104, 'observed_rate': 0.2976190476190476}, {'lower': 0.4, 'upper': 0.6000000000000001, 'n': 87, 'mean_probability': 0.48177594196467993, 'observed_rate': 0.47126436781609193}, {'lower': 0.6000000000000001, 'upper': 0.8, 'n': 24, 'mean_probability': 0.6644736046739139, 'observed_rate': 0.4583333333333333}]"
2,2021,profitable_after_fees,E_all_excluding_regime,forest,201,0.39303482587064675,0.39668715438426866,0.6055198173894999,0.47648823538005936,0.5315936916372691,0.48484848484848486,0.20253164556962025,0.2857142857142857,0.23086998349910007,0.0036523285136218727,"[[105, 17], [63, 16]]","[{'lower': 0.0, 'upper': 0.2, 'n': 1, 'mean_probability': 0.18074232240732652, 'observed_rate': 0.0}, {'lower': 0.2, 'upper': 0.4, 'n': 106, 'mean_probability': 0.3234008738817187, 'observed_rate': 0.32075471698113206}, {'lower': 0.4, 'upper': 0.6000000000000001, 'n': 94, 'mean_probability': 0.4816264157166861, 'observed_rate': 0.4787234042553192}]"
2,2021,profitable_after_fees,E_all_excluding_regime,hist_gradient,201,0.39303482587064675,0.39598513885123704,0.5521892508819257,0.44042012108390416,0.5442519194853703,0.5142857142857142,0.22784810126582278,0.3157894736842105,0.24228876361335716,0.07245547557854506,"[[105, 17], [61, 18]]","[{'lower': 0.0, 'upper': 0.2, 'n': 3, 'mean_probability': 0.17152770429719166, 'observed_rate': 0.3333333333333333}, {'lower': 0.2, 'upper': 0.4, 'n': 104, 'mean_probability': 0.3125014235193651, 'observed_rate': 0.375}, {'lower': 0.4, 'upper': 0.6000000000000001, 'n': 86, 'mean_probability': 0.4820690184352255, 'observed_rate': 0.4186046511627907}, {'lower': 0.6000000000000001, 'upper': 0.8, 'n': 8, 'mean_probability': 0.6400432705954643, 'observed_rate': 0.375}]"
2,2021,profitable_after_fees,F_all_excluding_calendar,dummy,201,0.39303482587064675,0.3503480278422274,0.5,0.39303482587064675,0.5,0.0,0.0,0.0,0.24038061424939625,0.04268679802841935,"[[122, 0], [79, 0]]","[{'lower': 0.2, 'upper': 0.4, 'n': 201, 'mean_probability': 0.3503480278422274, 'observed_rate': 0.39303482587064675}]"
2,2021,profitable_after_fees,F_all_excluding_calendar,logistic,201,0.39303482587064675,0.4473988049776365,0.572214152313758,0.4586453560170563,0.5650549906619631,0.49206349206349204,0.3924050632911392,0.43661971830985913,0.2657891090904183,0.10392052491719031,"[[90, 32], [48, 31]]","[{'lower': 0.0, 'upper': 0.2, 'n': 10, 'mean_probability': 0.15599257986599338, 'observed_rate': 0.3}, {'lower': 0.2, 'upper': 0.4, 'n': 97, 'mean_probability': 0.30370764275685475, 'observed_rate': 0.3402061855670103}, {'lower': 0.4, 'upper': 0.6000000000000001, 'n': 51, 'mean_probability': 0.4794842476307446, 'observed_rate': 0.43137254901960786}, {'lower': 0.6000000000000001, 'upper': 0.8, 'n': 23, 'mean_probability': 0.6864725515661548, 'observed_rate': 0.4782608695652174}, {'lower': 0.8, 'upper': 1.0, 'n': 20, 'mean_probability': 0.9332513669620279, 'observed_rate': 0.5}]"
2,2021,profitable_after_fees,F_all_excluding_calendar,forest,201,0.39303482587064675,0.399458185139391,0.6118489313135506,0.4939249425177923,0.5274953309815315,0.47058823529411764,0.20253164556962025,0.2831858407079646,0.23003543909051472,0.010909669777292007,"[[104, 18], [63, 16]]","[{'lower': 0.0, 'upper': 0.2, 'n': 1, 'mean_probability': 0.18218456375639452, 'observed_rate': 0.0}, {'lower': 0.2, 'upper': 0.4, 'n': 103, 'mean_probability': 0.32370290362025483, 'observed_rate': 0.3106796116504854}, {'lower': 0.4, 'upper': 0.6000000000000001, 'n': 95, 'mean_probability': 0.47946448204095743, 'observed_rate': 0.4842105263157895}, {'lower': 0.6000000000000001, 'upper': 0.8, 'n': 2, 'mean_probability': 0.6091928912420018, 'observed_rate': 0.5}]"
2,2021,profitable_after_fees,F_all_excluding_calendar,hist_gradient,201,0.39303482587064675,0.3967113199718617,0.5561319775887114,0.44993718592422927,0.5382859514422079,0.48717948717948717,0.24050632911392406,0.3220338983050847,0.24035685312683613,0.046640945547981254,"[[102, 20], [60, 19]]","[{'lower': 0.0, 'upper': 0.2, 'n': 3, 'mean_probability': 0.1789588640145363, 'observed_rate': 0.3333333333333333}, {'lower': 0.2, 'upper': 0.4, 'n': 105, 'mean_probability': 0.3156685336910132, 'observed_rate': 0.3523809523809524}, {'lower': 0.4, 'upper': 0.6000000000000001, 'n': 86, 'mean_probability': 0.48435237958434557, 'observed_rate': 0.43023255813953487}, {'lower': 0.6000000000000001, 'upper': 0.8, 'n': 7, 'mean_probability': 0.6289425772129295, 'observed_rate': 0.5714285714285714}]"
2,2021,return_above_0_5_percent,A_all,dummy,201,0.3781094527363184,0.3062645011600927,0.5,0.3781094527363184,0.5,0.0,0.0,0.0,0.24030439155475042,0.07184495157622572,"[[125, 0], [76, 0]]","[{'lower': 0.2, 'upper': 0.4, 'n': 201, 'mean_probability': 0.3062645011600927, 'observed_rate': 0.3781094527363184}]"
2,2021,return_above_0_5_percent,A_all,logistic,201,0.3781094527363184,0.4316417704267314,0.5708421052631578,0.4374942238202071,0.5682105263157895,0.49122807017543857,0.3684210526315789,0.42105263157894735,0.2706145799574638,0.12668068843798416,"[[96, 29], [48, 28]]","[{'lower': 0.0, 'upper': 0.2, 'n': 26, 'mean_probability': 0.14713097710463005, 'observed_rate': 0.2692307692307692}, {'lower': 0.2, 'upper': 0.4, 'n': 86, 'mean_probability': 0.30026957366452, 'observed_rate': 0.3488372093023256}, {'lower': 0.4, 'upper': 0.6000000000000001, 'n': 48, 'mean_probability': 0.4842916961186298, 'observed_rate': 0.4375}, {'lower': 0.6000000000000001, 'upper': 0.8, 'n': 17, 'mean_probability': 0.6836808611332016, 'observed_rate': 0.4117647058823529}, {'lower': 0.8, 'upper': 1.0, 'n': 24, 'mean_probability': 0.9267846276227191, 'observed_rate': 0.4583333333333333}]"
2,2021,return_above_0_5_percent,A_all,forest,201,0.3781094527363184,0.3591035567985681,0.644842105263158,0.49711618650908596,0.5483684210526316,0.6470588235294118,0.14473684210526316,0.23655913978494625,0.22195972399487812,0.021644507671029715,"[[119, 6], [65, 11]]","[{'lower': 0.0, 'upper': 0.2, 'n': 9, 'mean_probability': 0.17228857120426475, 'observed_rate': 0.2222222222222222}, {'lower': 0.2, 'upper': 0.4, 'n': 116, 'mean_probability': 0.3040101765447809, 'observed_rate': 0.3017241379310345}, {'lower': 0.4, 'upper': 0.6000000000000001, 'n': 76, 'mean_probability': 0.465316280216832, 'observed_rate': 0.5131578947368421}]"
2,2021,return_above_0_5_percent,A_all,hist_gradient,201,0.3781094527363184,0.35309954511746156,0.6077894736842105,0.456327411127422,0.5046315789473684,0.4,0.10526315789473684,0.16666666666666666,0.22914873142645417,0.027270559322933544,"[[113, 12], [68, 8]]","[{'lower': 0.0, 'upper': 0.2, 'n': 14, 'mean_probability': 0.1740918461828822, 'observed_rate': 0.21428571428571427}, {'lower': 0.2, 'upper': 0.4, 'n': 116, 'mean_probability': 0.3011056157293242, 'observed_rate': 0.33620689655172414}, {'lower': 0.4, 'upper': 0.6000000000000001, 'n': 69, 'mean_probability': 0.46927935943750887, 'observed_rate': 0.4782608695652174}, {'lower': 0.6000000000000001, 'upper': 0.8, 'n': 2, 'mean_probability': 0.6135977481298558, 'observed_rate': 0.5}]"
2,2021,return_above_0_5_percent,B_reduced,dummy,201,0.3781094527363184,0.3062645011600927,0.5,0.3781094527363184,0.5,0.0,0.0,0.0,0.24030439155475042,0.07184495157622572,"[[125, 0], [76, 0]]","[{'lower': 0.2, 'upper': 0.4, 'n': 201, 'mean_probability': 0.3062645011600927, 'observed_rate': 0.3781094527363184}]"
2,2021,return_above_0_5_percent,B_reduced,logistic,201,0.3781094527363184,0.42453429237392254,0.5814736842105264,0.4430368571174639,0.5656315789473685,0.4909090909090909,0.35526315789473684,0.4122137404580153,0.2681168243086331,0.1414614662158141,"[[97, 28], [49, 27]]","[{'lower': 0.0, 'upper': 0.2, 'n': 33, 'mean_probability': 0.1555541709791527, 'observed_rate': 0.30303030303030304}, {'lower': 0.2, 'upper': 0.4, 'n': 82, 'mean_probability': 0.30872599251924226, 'observed_rate': 0.36585365853658536}, {'lower': 0.4, 'upper': 0.6000000000000001, 'n': 48, 'mean_probability': 0.48494120950991143, 'observed_rate': 0.3958333333333333}, {'lower': 0.6000000000000001, 'upper': 0.8, 'n': 15, 'mean_probability': 0.6942976890179087, 'observed_rate': 0.4666666666666667}, {'lower': 0.8, 'upper': 1.0, 'n': 23, 'mean_probability': 0.9213447976749635, 'observed_rate': 0.43478260869565216}]"
2,2021,return_above_0_5_percent,B_reduced,forest,201,0.3781094527363184,0.3588575186957148,0.6574736842105264,0.5030837673387542,0.5074736842105263,0.42857142857142855,0.07894736842105263,0.13333333333333333,0.22011227557181215,0.03191770988681967,"[[117, 8], [70, 6]]","[{'lower': 0.0, 'upper': 0.2, 'n': 7, 'mean_probability': 0.18184435322067424, 'observed_rate': 0.0}, {'lower': 0.2, 'upper': 0.4, 'n': 122, 'mean_probability': 0.30453887960957754, 'observed_rate': 0.32786885245901637}, {'lower': 0.4, 'upper': 0.6000000000000001, 'n': 72, 'mean_probability': 0.46810704823507643, 'observed_rate': 0.5}]"
2,2021,return_above_0_5_percent,B_reduced,hist_gradient,201,0.3781094527363184,0.35774325889579134,0.6105263157894738,0.45367610736733915,0.49405263157894735,0.35,0.09210526315789473,0.14583333333333334,0.22955792939974795,0.026659026594946015,"[[112, 13], [69, 7]]","[{'lower': 0.0, 'upper': 0.2, 'n': 11, 'mean_probability': 0.17497676742511734, 'observed_rate': 0.2727272727272727}, {'lower': 0.2, 'upper': 0.4, 'n': 117, 'mean_probability': 0.30238117639512635, 'observed_rate': 0.29914529914529914}, {'lower': 0.4, 'upper': 0.6000000000000001, 'n': 71, 'mean_probability': 0.46970733668392484, 'observed_rate': 0.5211267605633803}, {'lower': 0.6000000000000001, 'upper': 0.8, 'n': 2, 'mean_probability': 0.6269160267946607, 'observed_rate': 0.5}]"
2,2021,return_above_0_5_percent,C_price_trend,dummy,201,0.3781094527363184,0.3062645011600927,0.5,0.3781094527363184,0.5,0.0,0.0,0.0,0.24030439155475042,0.07184495157622572,"[[125, 0], [76, 0]]","[{'lower': 0.2, 'upper': 0.4, 'n': 201, 'mean_probability': 0.3062645011600927, 'observed_rate': 0.3781094527363184}]"
2,2021,return_above_0_5_percent,C_price_trend,logistic,201,0.3781094527363184,0.38228555265279035,0.6306315789473684,0.4830500648266497,0.5369999999999999,0.4634146341463415,0.25,0.3247863247863248,0.22943515893871802,0.04890515910024489,"[[103, 22], [57, 19]]","[{'lower': 0.0, 'upper': 0.2, 'n': 24, 'mean_probability': 0.16693936884189267, 'observed_rate': 0.16666666666666666}, {'lower': 0.2, 'upper': 0.4, 'n': 96, 'mean_probability': 0.3073409328336544, 'observed_rate': 0.3541666666666667}, {'lower': 0.4, 'upper': 0.6000000000000001, 'n': 60, 'mean_probability': 0.4816515801418577, 'observed_rate': 0.4666666666666667}, {'lower': 0.6000000000000001, 'upper': 0.8, 'n': 18, 'mean_probability': 0.6669333778898439, 'observed_rate': 0.4444444444444444}, {'lower': 0.8, 'upper': 1.0, 'n': 3, 'mean_probability': 0.8080753561486554, 'observed_rate': 0.6666666666666666}]"
2,2021,return_above_0_5_percent,C_price_trend,forest,201,0.3781094527363184,0.3547282349574829,0.6422105263157895,0.48395626234711286,0.5335263157894737,0.5,0.17105263157894737,0.2549019607843137,0.22210536561058927,0.02525569514366041,"[[112, 13], [63, 13]]","[{'lower': 0.0, 'upper': 0.2, 'n': 18, 'mean_probability': 0.17713249862027242, 'observed_rate': 0.16666666666666666}, {'lower': 0.2, 'upper': 0.4, 'n': 106, 'mean_probability': 0.2971939835402091, 'observed_rate': 0.330188679245283}, {'lower': 0.4, 'upper': 0.6000000000000001, 'n': 77, 'mean_probability': 0.4754471168315194, 'observed_rate': 0.4935064935064935}]"
2,2021,return_above_0_5_percent,C_price_trend,hist_gradient,201,0.3781094527363184,0.34235679646925227,0.5918947368421053,0.43122394624350757,0.48347368421052633,0.3,0.07894736842105263,0.125,0.23382115143993695,0.04438761727377746,"[[111, 14], [70, 6]]","[{'lower': 0.0, 'upper': 0.2, 'n': 13, 'mean_probability': 0.16608039776620348, 'observed_rate': 0.15384615384615385}, {'lower': 0.2, 'upper': 0.4, 'n': 128, 'mean_probability': 0.296452363352697, 'observed_rate': 0.359375}, {'lower': 0.4, 'upper': 0.6000000000000001, 'n': 59, 'mean_probability': 0.47637961905394793, 'observed_rate': 0.4745762711864407}, {'lower': 0.6000000000000001, 'upper': 0.8, 'n': 1, 'mean_probability': 0.6023708860309107, 'observed_rate': 0.0}]"
2,2021,return_above_0_5_percent,D_price_trend_volatility,dummy,201,0.3781094527363184,0.3062645011600927,0.5,0.3781094527363184,0.5,0.0,0.0,0.0,0.24030439155475042,0.07184495157622572,"[[125, 0], [76, 0]]","[{'lower': 0.2, 'upper': 0.4, 'n': 201, 'mean_probability': 0.3062645011600927, 'observed_rate': 0.3781094527363184}]"
2,2021,return_above_0_5_percent,D_price_trend_volatility,logistic,201,0.3781094527363184,0.39844957353525207,0.635263157894737,0.47519901319906155,0.5618947368421052,0.5,0.3157894736842105,0.3870967741935484,0.22893916313402582,0.045570476726557264,"[[101, 24], [52, 24]]","[{'lower': 0.0, 'upper': 0.2, 'n': 19, 'mean_probability': 0.16530554413957219, 'observed_rate': 0.15789473684210525}, {'lower': 0.2, 'upper': 0.4, 'n': 89, 'mean_probability': 0.30674877227536834, 'observed_rate': 0.30337078651685395}, {'lower': 0.4, 'upper': 0.6000000000000001, 'n': 71, 'mean_probability': 0.48541336942639207, 'observed_rate': 0.5211267605633803}, {'lower': 0.6000000000000001, 'upper': 0.8, 'n': 22, 'mean_probability': 0.6901167718250999, 'observed_rate': 0.4090909090909091}]"
2,2021,return_above_0_5_percent,D_price_trend_volatility,forest,201,0.3781094527363184,0.35592420695965754,0.6552631578947369,0.5005547228745582,0.5323684210526316,0.5238095238095238,0.14473684210526316,0.2268041237113402,0.2206527074288242,0.022185245776660895,"[[115, 10], [65, 11]]","[{'lower': 0.0, 'upper': 0.2, 'n': 10, 'mean_probability': 0.1780869634405784, 'observed_rate': 0.2}, {'lower': 0.2, 'upper': 0.4, 'n': 117, 'mean_probability': 0.298653419365199, 'observed_rate': 0.29914529914529914}, {'lower': 0.4, 'upper': 0.6000000000000001, 'n': 74, 'mean_probability': 0.47050602565887956, 'observed_rate': 0.527027027027027}]"
2,2021,return_above_0_5_percent,D_price_trend_volatility,hist_gradient,201,0.3781094527363184,0.34418353841621285,0.5989473684210527,0.45185038199838723,0.49805263157894736,0.3684210526315789,0.09210526315789473,0.14736842105263157,0.23249131451676527,0.046277546586985206,"[[113, 12], [69, 7]]","[{'lower': 0.0, 'upper': 0.2, 'n': 12, 'mean_probability': 0.1766020190960426, 'observed_rate': 0.16666666666666666}, {'lower': 0.2, 'upper': 0.4, 'n': 130, 'mean_probability': 0.29953501676028754, 'observed_rate': 0.36153846153846153}, {'lower': 0.4, 'upper': 0.6000000000000001, 'n': 53, 'mean_probability': 0.4605360906175778, 'observed_rate': 0.4528301886792453}, {'lower': 0.6000000000000001, 'upper': 0.8, 'n': 6, 'mean_probability': 0.6189503351562127, 'observed_rate': 0.5}]"
2,2021,return_above_0_5_percent,E_all_excluding_regime,dummy,201,0.3781094527363184,0.3062645011600927,0.5,0.3781094527363184,0.5,0.0,0.0,0.0,0.24030439155475042,0.07184495157622572,"[[125, 0], [76, 0]]","[{'lower': 0.2, 'upper': 0.4, 'n': 201, 'mean_probability': 0.3062645011600927, 'observed_rate': 0.3781094527363184}]"
2,2021,return_above_0_5_percent,E_all_excluding_regime,logistic,201,0.3781094527363184,0.39690422642117884,0.6103157894736843,0.449650558281007,0.5341578947368422,0.44680851063829785,0.27631578947368424,0.34146341463414637,0.23399195479375928,0.05036215918289396,"[[99, 26], [55, 21]]","[{'lower': 0.0, 'upper': 0.2, 'n': 20, 'mean_probability': 0.16614996342371616, 'observed_rate': 0.25}, {'lower': 0.2, 'upper': 0.4, 'n': 89, 'mean_probability': 0.3104076704407172, 'observed_rate': 0.29213483146067415}, {'lower': 0.4, 'upper': 0.6000000000000001, 'n': 71, 'mean_probability': 0.48597857026722957, 'observed_rate': 0.5070422535211268}, {'lower': 0.6000000000000001, 'upper': 0.8, 'n': 20, 'mean_probability': 0.6761018350661379, 'observed_rate': 0.45}, {'lower': 0.8, 'upper': 1.0, 'n': 1, 'mean_probability': 0.8019523826627202, 'observed_rate': 0.0}]"
2,2021,return_above_0_5_percent,E_all_excluding_regime,forest,201,0.3781094527363184,0.3578991305691104,0.6473684210526316,0.49799256877694237,0.5549473684210526,0.6666666666666666,0.15789473684210525,0.2553191489361702,0.22162710161489574,0.020210322167207976,"[[119, 6], [64, 12]]","[{'lower': 0.0, 'upper': 0.2, 'n': 14, 'mean_probability': 0.18157071082599638, 'observed_rate': 0.21428571428571427}, {'lower': 0.2, 'upper': 0.4, 'n': 116, 'mean_probability': 0.3084392243264886, 'observed_rate': 0.3275862068965517}, {'lower': 0.4, 'upper': 0.6000000000000001, 'n': 71, 'mean_probability': 0.47347584888668404, 'observed_rate': 0.49295774647887325}]"
2,2021,return_above_0_5_percent,E_all_excluding_regime,hist_gradient,201,0.3781094527363184,0.34927268243178783,0.6044210526315791,0.4482668499923137,0.5072105263157894,0.4090909090909091,0.11842105263157894,0.1836734693877551,0.23060429555732276,0.03767380386051337,"[[112, 13], [67, 9]]","[{'lower': 0.0, 'upper': 0.2, 'n': 14, 'mean_probability': 0.17495648610362877, 'observed_rate': 0.2857142857142857}, {'lower': 0.2, 'upper': 0.4, 'n': 120, 'mean_probability': 0.2991530046511766, 'observed_rate': 0.3333333333333333}, {'lower': 0.4, 'upper': 0.6000000000000001, 'n': 64, 'mean_probability': 0.46824899895032945, 'observed_rate': 0.484375}, {'lower': 0.6000000000000001, 'upper': 0.8, 'n': 3, 'mean_probability': 0.6293739574587568, 'observed_rate': 0.3333333333333333}]"
2,2021,return_above_0_5_percent,F_all_excluding_calendar,dummy,201,0.3781094527363184,0.3062645011600927,0.5,0.3781094527363184,0.5,0.0,0.0,0.0,0.24030439155475042,0.07184495157622572,"[[125, 0], [76, 0]]","[{'lower': 0.2, 'upper': 0.4, 'n': 201, 'mean_probability': 0.3062645011600927, 'observed_rate': 0.3781094527363184}]"
2,2021,return_above_0_5_percent,F_all_excluding_calendar,logistic,201,0.3781094527363184,0.42849362714597866,0.5695789473684211,0.4402921312855304,0.5536315789473685,0.46551724137931033,0.35526315789473684,0.40298507462686567,0.27003349428071705,0.12022622543296135,"[[94, 31], [49, 27]]","[{'lower': 0.0, 'upper': 0.2, 'n': 29, 'mean_probability': 0.15351211164470746, 'observed_rate': 0.3103448275862069}, {'lower': 0.2, 'upper': 0.4, 'n': 82, 'mean_probability': 0.2991344223714845, 'observed_rate': 0.32926829268292684}, {'lower': 0.4, 'upper': 0.6000000000000001, 'n': 49, 'mean_probability': 0.47705892103828984, 'observed_rate': 0.4489795918367347}, {'lower': 0.6000000000000001, 'upper': 0.8, 'n': 18, 'mean_probability': 0.6865983255962713, 'observed_rate': 0.4444444444444444}, {'lower': 0.8, 'upper': 1.0, 'n': 23, 'mean_probability': 0.9309429648945386, 'observed_rate': 0.43478260869565216}]"
2,2021,return_above_0_5_percent,F_all_excluding_calendar,forest,201,0.3781094527363184,0.3567412238235402,0.6574736842105263,0.5078160359589821,0.5272105263157895,0.5294117647058824,0.11842105263157894,0.1935483870967742,0.2203750081050223,0.02136822891277818,"[[117, 8], [67, 9]]","[{'lower': 0.0, 'upper': 0.2, 'n': 11, 'mean_probability': 0.17551871664804383, 'observed_rate': 0.18181818181818182}, {'lower': 0.2, 'upper': 0.4, 'n': 119, 'mean_probability': 0.3052318787418213, 'observed_rate': 0.3277310924369748}, {'lower': 0.4, 'upper': 0.6000000000000001, 'n': 71, 'mean_probability': 0.4711505145792447, 'observed_rate': 0.49295774647887325}]"
2,2021,return_above_0_5_percent,F_all_excluding_calendar,hist_gradient,201,0.3781094527363184,0.34566830342680455,0.601578947368421,0.4561549030698008,0.5114736842105263,0.46153846153846156,0.07894736842105263,0.1348314606741573,0.2303896007468153,0.034741696154079175,"[[118, 7], [70, 6]]","[{'lower': 0.0, 'upper': 0.2, 'n': 16, 'mean_probability': 0.1728212293656191, 'observed_rate': 0.1875}, {'lower': 0.2, 'upper': 0.4, 'n': 122, 'mean_probability': 0.30269438531676246, 'observed_rate': 0.3524590163934426}, {'lower': 0.4, 'upper': 0.6000000000000001, 'n': 61, 'mean_probability': 0.4681027762690815, 'observed_rate': 0.47540983606557374}, {'lower': 0.6000000000000001, 'upper': 0.8, 'n': 2, 'mean_probability': 0.6156024789394061, 'observed_rate': 0.5}]"
2,2021,return_above_1_percent,A_all,dummy,201,0.36318407960199006,0.29698375870069604,0.5,0.36318407960199006,0.5,0.0,0.0,0.0,0.23566388641307973,0.06620032090129402,"[[128, 0], [73, 0]]","[{'lower': 0.2, 'upper': 0.4, 'n': 201, 'mean_probability': 0.29698375870069604, 'observed_rate': 0.36318407960199006}]"
2,2021,return_above_1_percent,A_all,logistic,201,0.36318407960199006,0.4247589446203513,0.5987799657534247,0.44487610811584594,0.5618578767123288,0.4716981132075472,0.3424657534246575,0.3968253968253968,0.26035402595967294,0.13123701471992585,"[[100, 28], [48, 25]]","[{'lower': 0.0, 'upper': 0.2, 'n': 28, 'mean_probability': 0.1507335662837, 'observed_rate': 0.2857142857142857}, {'lower': 0.2, 'upper': 0.4, 'n': 89, 'mean_probability': 0.30088105729268716, 'observed_rate': 0.33707865168539325}, {'lower': 0.4, 'upper': 0.6000000000000001, 'n': 45, 'mean_probability': 0.477237411832198, 'observed_rate': 0.37777777777777777}, {'lower': 0.6000000000000001, 'upper': 0.8, 'n': 15, 'mean_probability': 0.7005013366215976, 'observed_rate': 0.4666666666666667}, {'lower': 0.8, 'upper': 1.0, 'n': 24, 'mean_probability': 0.9330995971635409, 'observed_rate': 0.4583333333333333}]"
2,2021,return_above_1_percent,A_all,forest,201,0.36318407960199006,0.34945921330380975,0.6678082191780821,0.49864938334550435,0.5274507705479452,0.5333333333333333,0.1095890410958904,0.18181818181818182,0.21512014523281417,0.025850005401816832,"[[121, 7], [65, 8]]","[{'lower': 0.0, 'upper': 0.2, 'n': 7, 'mean_probability': 0.17408235427363852, 'observed_rate': 0.0}, {'lower': 0.2, 'upper': 0.4, 'n': 128, 'mean_probability': 0.3032113135588137, 'observed_rate': 0.3046875}, {'lower': 0.4, 'upper': 0.6000000000000001, 'n': 66, 'mean_probability': 0.45775268573669897, 'observed_rate': 0.5151515151515151}]"
2,2021,return_above_1_percent,A_all,hist_gradient,201,0.36318407960199006,0.3476649488171251,0.6188998287671232,0.4781154254413841,0.5470355308219178,0.5714285714285714,0.1643835616438356,0.2553191489361702,0.22226585877885893,0.015519130784864896,"[[119, 9], [61, 12]]","[{'lower': 0.0, 'upper': 0.2, 'n': 17, 'mean_probability': 0.1792791353885459, 'observed_rate': 0.23529411764705882}, {'lower': 0.2, 'upper': 0.4, 'n': 116, 'mean_probability': 0.29658581132227946, 'observed_rate': 0.3103448275862069}, {'lower': 0.4, 'upper': 0.6000000000000001, 'n': 65, 'mean_probability': 0.4706453857811054, 'observed_rate': 0.47692307692307695}, {'lower': 0.6000000000000001, 'upper': 0.8, 'n': 3, 'mean_probability': 0.6123350738268707, 'observed_rate': 0.6666666666666666}]"
2,2021,return_above_1_percent,B_reduced,dummy,201,0.36318407960199006,0.29698375870069604,0.5,0.36318407960199006,0.5,0.0,0.0,0.0,0.23566388641307973,0.06620032090129402,"[[128, 0], [73, 0]]","[{'lower': 0.2, 'upper': 0.4, 'n': 201, 'mean_probability': 0.29698375870069604, 'observed_rate': 0.36318407960199006}]"
2,2021,return_above_1_percent,B_reduced,logistic,201,0.36318407960199006,0.417123576418651,0.6033818493150684,0.4429199115070144,0.583369006849315,0.5094339622641509,0.3698630136986301,0.42857142857142855,0.25777215893737476,0.12736328717052195,"[[102, 26], [46, 27]]","[{'lower': 0.0, 'upper': 0.2, 'n': 30, 'mean_probability': 0.15351783404425132, 'observed_rate': 0.26666666666666666}, {'lower': 0.2, 'upper': 0.4, 'n': 87, 'mean_probability': 0.29902728790930383, 'observed_rate': 0.3448275862068966}, {'lower': 0.4, 'upper': 0.6000000000000001, 'n': 49, 'mean_probability': 0.4750586152101867, 'observed_rate': 0.40816326530612246}, {'lower': 0.6000000000000001, 'upper': 0.8, 'n': 10, 'mean_probability': 0.702306525619251, 'observed_rate': 0.4}, {'lower': 0.8, 'upper': 1.0, 'n': 25, 'mean_probability': 0.916799695568809, 'observed_rate': 0.44}]"
2,2021,return_above_1_percent,B_reduced,forest,201,0.36318407960199006,0.3485985502533184,0.6778681506849314,0.5238303076793116,0.5108090753424658,0.45454545454545453,0.0684931506849315,0.11904761904761904,0.2133126077711507,0.03993465449533629,"[[122, 6], [68, 5]]","[{'lower': 0.0, 'upper': 0.2, 'n': 7, 'mean_probability': 0.18121166082133816, 'observed_rate': 0.14285714285714285}, {'lower': 0.2, 'upper': 0.4, 'n': 132, 'mean_probability': 0.30514473826886684, 'observed_rate': 0.2878787878787879}, {'lower': 0.4, 'upper': 0.6000000000000001, 'n': 62, 'mean_probability': 0.46001163747866436, 'observed_rate': 0.5483870967741935}]"
2,2021,return_above_1_percent,B_reduced,hist_gradient,201,0.36318407960199006,0.35362627414204184,0.6131207191780822,0.4560569989585174,0.5079195205479452,0.4,0.1095890410958904,0.17204301075268819,0.22430905853201127,0.014547141471757558,"[[116, 12], [65, 8]]","[{'lower': 0.0, 'upper': 0.2, 'n': 11, 'mean_probability': 0.17672267164529798, 'observed_rate': 0.36363636363636365}, {'lower': 0.2, 'upper': 0.4, 'n': 123, 'mean_probability': 0.3031010631360885, 'observed_rate': 0.3008130081300813}, {'lower': 0.4, 'upper': 0.6000000000000001, 'n': 65, 'mean_probability': 0.47128466838869687, 'observed_rate': 0.47692307692307695}, {'lower': 0.6000000000000001, 'upper': 0.8, 'n': 2, 'mean_probability': 0.6099987517239811, 'observed_rate': 0.5}]"
2,2021,return_above_1_percent,C_price_trend,dummy,201,0.36318407960199006,0.29698375870069604,0.5,0.36318407960199006,0.5,0.0,0.0,0.0,0.23566388641307973,0.06620032090129402,"[[128, 0], [73, 0]]","[{'lower': 0.2, 'upper': 0.4, 'n': 201, 'mean_probability': 0.29698375870069604, 'observed_rate': 0.36318407960199006}]"
2,2021,return_above_1_percent,C_price_trend,logistic,201,0.36318407960199006,0.37478515196029794,0.6586044520547946,0.493563278724659,0.5412564212328768,0.46153846153846156,0.2465753424657534,0.32142857142857145,0.21995773850997488,0.047134494324900356,"[[107, 21], [55, 18]]","[{'lower': 0.0, 'upper': 0.2, 'n': 24, 'mean_probability': 0.16935323619801926, 'observed_rate': 0.125}, {'lower': 0.2, 'upper': 0.4, 'n': 102, 'mean_probability': 0.3083544801273607, 'observed_rate': 0.3137254901960784}, {'lower': 0.4, 'upper': 0.6000000000000001, 'n': 57, 'mean_probability': 0.479556768017711, 'observed_rate': 0.5263157894736842}, {'lower': 0.6000000000000001, 'upper': 0.8, 'n': 16, 'mean_probability': 0.6774029239318731, 'observed_rate': 0.375}, {'lower': 0.8, 'upper': 1.0, 'n': 2, 'mean_probability': 0.8209991711785678, 'observed_rate': 1.0}]"
2,2021,return_above_1_percent,C_price_trend,forest,201,0.36318407960199006,0.34418755662846057,0.6582833904109588,0.5026077492216201,0.5392230308219178,0.5217391304347826,0.1643835616438356,0.25,0.2159067417903608,0.02122015846842107,"[[117, 11], [61, 12]]","[{'lower': 0.0, 'upper': 0.2, 'n': 17, 'mean_probability': 0.17840556580805922, 'observed_rate': 0.17647058823529413}, {'lower': 0.2, 'upper': 0.4, 'n': 123, 'mean_probability': 0.30236244510975285, 'observed_rate': 0.3008130081300813}, {'lower': 0.4, 'upper': 0.6000000000000001, 'n': 61, 'mean_probability': 0.4747249756571143, 'observed_rate': 0.5409836065573771}]"
2,2021,return_above_1_percent,C_price_trend,hist_gradient,201,0.36318407960199006,0.3305960256199884,0.5894691780821918,0.4569837293925629,0.524507705479452,0.5384615384615384,0.0958904109589041,0.16279069767441862,0.22694065086067847,0.03258805398200162,"[[122, 6], [66, 7]]","[{'lower': 0.0, 'upper': 0.2, 'n': 16, 'mean_probability': 0.17872934352179531, 'observed_rate': 0.25}, {'lower': 0.2, 'upper': 0.4, 'n': 134, 'mean_probability': 0.2954797869159783, 'observed_rate': 0.3358208955223881}, {'lower': 0.4, 'upper': 0.6000000000000001, 'n': 51, 'mean_probability': 0.47050667071623253, 'observed_rate': 0.47058823529411764}]"
2,2021,return_above_1_percent,D_price_trend_volatility,dummy,201,0.36318407960199006,0.29698375870069604,0.5,0.36318407960199006,0.5,0.0,0.0,0.0,0.23566388641307973,0.06620032090129402,"[[128, 0], [73, 0]]","[{'lower': 0.2, 'upper': 0.4, 'n': 201, 'mean_probability': 0.29698375870069604, 'observed_rate': 0.36318407960199006}]"
2,2021,return_above_1_percent,D_price_trend_volatility,logistic,201,0.36318407960199006,0.39102628448291704,0.6568921232876712,0.4917678211655676,0.5755029965753424,0.5227272727272727,0.3150684931506849,0.39316239316239315,0.22009756405439407,0.055237778050578126,"[[107, 21], [50, 23]]","[{'lower': 0.0, 'upper': 0.2, 'n': 17, 'mean_probability': 0.1651882167790038, 'observed_rate': 0.11764705882352941}, {'lower': 0.2, 'upper': 0.4, 'n': 98, 'mean_probability': 0.30722694244366, 'observed_rate': 0.2857142857142857}, {'lower': 0.4, 'upper': 0.6000000000000001, 'n': 65, 'mean_probability': 0.4807191522530779, 'observed_rate': 0.5230769230769231}, {'lower': 0.6000000000000001, 'upper': 0.8, 'n': 21, 'mean_probability': 0.6872903923759294, 'observed_rate': 0.42857142857142855}]"
2,2021,return_above_1_percent,D_price_trend_volatility,forest,201,0.36318407960199006,0.3505805424367061,0.667701198630137,0.5090098795587112,0.5392230308219178,0.5217391304347826,0.1643835616438356,0.25,0.2147084292252342,0.023640905365695873,"[[117, 11], [61, 12]]","[{'lower': 0.0, 'upper': 0.2, 'n': 10, 'mean_probability': 0.1781968940690578, 'observed_rate': 0.3}, {'lower': 0.2, 'upper': 0.4, 'n': 124, 'mean_probability': 0.29926818954952744, 'observed_rate': 0.2903225806451613}, {'lower': 0.4, 'upper': 0.6000000000000001, 'n': 67, 'mean_probability': 0.47127559082008885, 'observed_rate': 0.5074626865671642}]"
2,2021,return_above_1_percent,D_price_trend_volatility,hist_gradient,201,0.36318407960199006,0.3434613761014052,0.6161172945205479,0.46738057841420066,0.5264875856164384,0.5,0.1232876712328767,0.1978021978021978,0.22318901418626028,0.042658923793225056,"[[119, 9], [64, 9]]","[{'lower': 0.0, 'upper': 0.2, 'n': 14, 'mean_probability': 0.17968670057402977, 'observed_rate': 0.2857142857142857}, {'lower': 0.2, 'upper': 0.4, 'n': 125, 'mean_probability': 0.29772026119148554, 'observed_rate': 0.336}, {'lower': 0.4, 'upper': 0.6000000000000001, 'n': 60, 'mean_probability': 0.4678694216336989, 'observed_rate': 0.43333333333333335}, {'lower': 0.6000000000000001, 'upper': 0.8, 'n': 2, 'mean_probability': 0.6164624206942051, 'observed_rate': 0.5}]"
2,2021,return_above_1_percent,E_all_excluding_regime,dummy,201,0.36318407960199006,0.29698375870069604,0.5,0.36318407960199006,0.5,0.0,0.0,0.0,0.23566388641307973,0.06620032090129402,"[[128, 0], [73, 0]]","[{'lower': 0.2, 'upper': 0.4, 'n': 201, 'mean_probability': 0.29698375870069604, 'observed_rate': 0.36318407960199006}]"
2,2021,return_above_1_percent,E_all_excluding_regime,logistic,201,0.36318407960199006,0.3908949668072674,0.634845890410959,0.45483265518375315,0.5295376712328768,0.42857142857142855,0.2465753424657534,0.3130434782608696,0.22458776631375205,0.03393894149975223,"[[104, 24], [55, 18]]","[{'lower': 0.0, 'upper': 0.2, 'n': 17, 'mean_probability': 0.16610342905232048, 'observed_rate': 0.11764705882352941}, {'lower': 0.2, 'upper': 0.4, 'n': 94, 'mean_probability': 0.3050448230718756, 'observed_rate': 0.2978723404255319}, {'lower': 0.4, 'upper': 0.6000000000000001, 'n': 70, 'mean_probability': 0.47677257919150395, 'observed_rate': 0.4857142857142857}, {'lower': 0.6000000000000001, 'upper': 0.8, 'n': 20, 'mean_probability': 0.6848918061104861, 'observed_rate': 0.45}]"
2,2021,return_above_1_percent,E_all_excluding_regime,forest,201,0.36318407960199006,0.3498221741626134,0.6594606164383563,0.4976681067140488,0.524507705479452,0.5384615384615384,0.0958904109589041,0.16279069767441862,0.21606664303264397,0.024931037371944537,"[[122, 6], [66, 7]]","[{'lower': 0.0, 'upper': 0.2, 'n': 13, 'mean_probability': 0.18069120976280426, 'observed_rate': 0.15384615384615385}, {'lower': 0.2, 'upper': 0.4, 'n': 128, 'mean_probability': 0.3110446252523954, 'observed_rate': 0.3046875}, {'lower': 0.4, 'upper': 0.6000000000000001, 'n': 60, 'mean_probability': 0.4691926541243702, 'observed_rate': 0.5333333333333333}]"
2,2021,return_above_1_percent,E_all_excluding_regime,hist_gradient,201,0.36318407960199006,0.3475628979630179,0.6092679794520548,0.46560728538154106,0.5303938356164384,0.5294117647058824,0.1232876712328767,0.2,0.22421263886992907,0.01799177976111138,"[[120, 8], [64, 9]]","[{'lower': 0.0, 'upper': 0.2, 'n': 14, 'mean_probability': 0.17946246632052704, 'observed_rate': 0.2857142857142857}, {'lower': 0.2, 'upper': 0.4, 'n': 119, 'mean_probability': 0.29736546084957666, 'observed_rate': 0.31092436974789917}, {'lower': 0.4, 'upper': 0.6000000000000001, 'n': 66, 'mean_probability': 0.4654989849955244, 'observed_rate': 0.4696969696969697}, {'lower': 0.6000000000000001, 'upper': 0.8, 'n': 2, 'mean_probability': 0.6191225556374982, 'observed_rate': 0.5}]"
2,2021,return_above_1_percent,F_all_excluding_calendar,dummy,201,0.36318407960199006,0.29698375870069604,0.5,0.36318407960199006,0.5,0.0,0.0,0.0,0.23566388641307973,0.06620032090129402,"[[128, 0], [73, 0]]","[{'lower': 0.2, 'upper': 0.4, 'n': 201, 'mean_probability': 0.29698375870069604, 'observed_rate': 0.36318407960199006}]"
2,2021,return_above_1_percent,F_all_excluding_calendar,logistic,201,0.36318407960199006,0.4209446112230459,0.5995291095890412,0.44646520144455204,0.564800941780822,0.4727272727272727,0.3561643835616438,0.40625,0.2595642321520394,0.12114143228419373,"[[99, 29], [47, 26]]","[{'lower': 0.0, 'upper': 0.2, 'n': 29, 'mean_probability': 0.15361037021444476, 'observed_rate': 0.27586206896551724}, {'lower': 0.2, 'upper': 0.4, 'n': 88, 'mean_probability': 0.2974490766719971, 'observed_rate': 0.32954545454545453}, {'lower': 0.4, 'upper': 0.6000000000000001, 'n': 46, 'mean_probability': 0.4742811829093512, 'observed_rate': 0.391304347826087}, {'lower': 0.6000000000000001, 'upper': 0.8, 'n': 13, 'mean_probability': 0.6940532555308161, 'observed_rate': 0.5384615384615384}, {'lower': 0.8, 'upper': 1.0, 'n': 25, 'mean_probability': 0.9256008254698729, 'observed_rate': 0.44}]"
2,2021,return_above_1_percent,F_all_excluding_calendar,forest,201,0.36318407960199006,0.3481357288817787,0.6673801369863014,0.5058962408139773,0.5215646404109588,0.5454545454545454,0.0821917808219178,0.14285714285714285,0.2148547451379983,0.020255850794695898,"[[123, 5], [67, 6]]","[{'lower': 0.0, 'upper': 0.2, 'n': 14, 'mean_probability': 0.1802395541061215, 'observed_rate': 0.14285714285714285}, {'lower': 0.2, 'upper': 0.4, 'n': 125, 'mean_probability': 0.30881524218981626, 'observed_rate': 0.312}, {'lower': 0.4, 'upper': 0.6000000000000001, 'n': 62, 'mean_probability': 0.4653229431294321, 'observed_rate': 0.5161290322580645}]"
2,2021,return_above_1_percent,F_all_excluding_calendar,hist_gradient,201,0.36318407960199006,0.34287271650572154,0.6164383561643836,0.47777486184918777,0.5509417808219178,0.6,0.1643835616438356,0.25806451612903225,0.22319745419146256,0.035143650514861444,"[[120, 8], [61, 12]]","[{'lower': 0.0, 'upper': 0.2, 'n': 17, 'mean_probability': 0.1794188349923701, 'observed_rate': 0.29411764705882354}, {'lower': 0.2, 'upper': 0.4, 'n': 118, 'mean_probability': 0.2946778786896951, 'observed_rate': 0.3220338983050847}, {'lower': 0.4, 'upper': 0.6000000000000001, 'n': 65, 'mean_probability': 0.469086844393363, 'observed_rate': 0.4461538461538462}, {'lower': 0.6000000000000001, 'upper': 0.8, 'n': 1, 'mean_probability': 0.6046612518271295, 'observed_rate': 1.0}]"
3,2022,profitable_after_fees,A_all,dummy,210,0.3047619047619048,0.3643533123028391,0.5,0.3047619047619048,0.5,0.0,0.0,0.0,0.21543322202051018,0.05959140754093434,"[[146, 0], [64, 0]]","[{'lower': 0.2, 'upper': 0.4, 'n': 210, 'mean_probability': 0.3643533123028391, 'observed_rate': 0.3047619047619048}]"
3,2022,profitable_after_fees,A_all,logistic,210,0.3047619047619048,0.348137680163156,0.631742294520548,0.39524571279812104,0.5023544520547945,0.3157894736842105,0.09375,0.14457831325301204,0.20686981862046133,0.04337577540125115,"[[133, 13], [58, 6]]","[{'lower': 0.0, 'upper': 0.2, 'n': 16, 'mean_probability': 0.17206297225430983, 'observed_rate': 0.0625}, {'lower': 0.2, 'upper': 0.4, 'n': 129, 'mean_probability': 0.299204083132719, 'observed_rate': 0.29457364341085274}, {'lower': 0.4, 'upper': 0.6000000000000001, 'n': 59, 'mean_probability': 0.46380949641515157, 'observed_rate': 0.3728813559322034}, {'lower': 0.6000000000000001, 'upper': 0.8, 'n': 4, 'mean_probability': 0.692597861107457, 'observed_rate': 0.5}, {'lower': 0.8, 'upper': 1.0, 'n': 2, 'mean_probability': 0.8117134105746318, 'observed_rate': 0.5}]"
3,2022,profitable_after_fees,A_all,forest,210,0.3047619047619048,0.34223665304294953,0.620826198630137,0.3913714955289009,0.4960402397260274,0.2727272727272727,0.046875,0.08,0.20703077201656506,0.044874682855561454,"[[138, 8], [61, 3]]","[{'lower': 0.0, 'upper': 0.2, 'n': 15, 'mean_probability': 0.18827898768176912, 'observed_rate': 0.13333333333333333}, {'lower': 0.2, 'upper': 0.4, 'n': 130, 'mean_probability': 0.30095520558575095, 'observed_rate': 0.2846153846153846}, {'lower': 0.4, 'upper': 0.6000000000000001, 'n': 63, 'mean_probability': 0.45552902742808726, 'observed_rate': 0.36507936507936506}, {'lower': 0.6000000000000001, 'upper': 0.8, 'n': 2, 'mean_probability': 0.6115034348378781, 'observed_rate': 1.0}]"
3,2022,profitable_after_fees,A_all,hist_gradient,210,0.3047619047619048,0.33521025875743504,0.5563998287671234,0.4021193611524321,0.530714897260274,0.5,0.109375,0.1794871794871795,0.21477661240311627,0.05732589482987305,"[[139, 7], [57, 7]]","[{'lower': 0.0, 'upper': 0.2, 'n': 13, 'mean_probability': 0.17854398392160348, 'observed_rate': 0.23076923076923078}, {'lower': 0.2, 'upper': 0.4, 'n': 140, 'mean_probability': 0.2944135586305843, 'observed_rate': 0.30714285714285716}, {'lower': 0.4, 'upper': 0.6000000000000001, 'n': 56, 'mean_probability': 0.4681481451190597, 'observed_rate': 0.30357142857142855}, {'lower': 0.6000000000000001, 'upper': 0.8, 'n': 1, 'mean_probability': 0.6388882131313569, 'observed_rate': 1.0}]"
3,2022,profitable_after_fees,B_reduced,dummy,210,0.3047619047619048,0.3643533123028391,0.5,0.3047619047619048,0.5,0.0,0.0,0.0,0.21543322202051018,0.05959140754093434,"[[146, 0], [64, 0]]","[{'lower': 0.2, 'upper': 0.4, 'n': 210, 'mean_probability': 0.3643533123028391, 'observed_rate': 0.3047619047619048}]"
3,2022,profitable_after_fees,B_reduced,logistic,210,0.3047619047619048,0.3524989605671965,0.6357020547945205,0.4093337170710986,0.5179794520547945,0.38095238095238093,0.125,0.18823529411764706,0.20596507758938626,0.049598762197608684,"[[133, 13], [56, 8]]","[{'lower': 0.0, 'upper': 0.2, 'n': 17, 'mean_probability': 0.16883915792985468, 'observed_rate': 0.058823529411764705}, {'lower': 0.2, 'upper': 0.4, 'n': 123, 'mean_probability': 0.3025798497944706, 'observed_rate': 0.2926829268292683}, {'lower': 0.4, 'upper': 0.6000000000000001, 'n': 63, 'mean_probability': 0.4613086658897407, 'observed_rate': 0.38095238095238093}, {'lower': 0.6000000000000001, 'upper': 0.8, 'n': 6, 'mean_probability': 0.6783712882872442, 'observed_rate': 0.3333333333333333}, {'lower': 0.8, 'upper': 1.0, 'n': 1, 'mean_probability': 0.8045208288067217, 'observed_rate': 1.0}]"
3,2022,profitable_after_fees,B_reduced,forest,210,0.3047619047619048,0.3478366599982147,0.6127996575342466,0.3845380808690446,0.5038527397260274,0.3333333333333333,0.0625,0.10526315789473684,0.20861455490154276,0.04307475523630998,"[[138, 8], [60, 4]]","[{'lower': 0.0, 'upper': 0.2, 'n': 1, 'mean_probability': 0.19499909139771315, 'observed_rate': 0.0}, {'lower': 0.2, 'upper': 0.4, 'n': 150, 'mean_probability': 0.3016388275408177, 'observed_rate': 0.26666666666666666}, {'lower': 0.4, 'upper': 0.6000000000000001, 'n': 55, 'mean_probability': 0.4566389312559807, 'observed_rate': 0.4}, {'lower': 0.6000000000000001, 'upper': 0.8, 'n': 4, 'mean_probability': 0.6224335395064464, 'observed_rate': 0.5}]"
3,2022,profitable_after_fees,B_reduced,hist_gradient,210,0.3047619047619048,0.3432148617588653,0.5891481164383561,0.3784117390901023,0.5292166095890412,0.42857142857142855,0.140625,0.21176470588235294,0.21131537435521766,0.04201846742839026,"[[134, 12], [55, 9]]","[{'lower': 0.0, 'upper': 0.2, 'n': 10, 'mean_probability': 0.1779074382519654, 'observed_rate': 0.1}, {'lower': 0.2, 'upper': 0.4, 'n': 141, 'mean_probability': 0.2991250525531484, 'observed_rate': 0.2978723404255319}, {'lower': 0.4, 'upper': 0.6000000000000001, 'n': 58, 'mean_probability': 0.47403090986462476, 'observed_rate': 0.3448275862068966}, {'lower': 0.6000000000000001, 'upper': 0.8, 'n': 1, 'mean_probability': 0.6256214046998636, 'observed_rate': 1.0}]"
3,2022,profitable_after_fees,C_price_trend,dummy,210,0.3047619047619048,0.3643533123028391,0.5,0.3047619047619048,0.5,0.0,0.0,0.0,0.21543322202051018,0.05959140754093434,"[[146, 0], [64, 0]]","[{'lower': 0.2, 'upper': 0.4, 'n': 210, 'mean_probability': 0.3643533123028391, 'observed_rate': 0.3047619047619048}]"
3,2022,profitable_after_fees,C_price_trend,logistic,210,0.3047619047619048,0.33614541235763523,0.5612157534246576,0.34514294616112084,0.5107020547945205,0.4,0.0625,0.10810810810810811,0.21533634107083102,0.057870336276014324,"[[140, 6], [60, 4]]","[{'lower': 0.0, 'upper': 0.2, 'n': 6, 'mean_probability': 0.1806485456874877, 'observed_rate': 0.0}, {'lower': 0.2, 'upper': 0.4, 'n': 161, 'mean_probability': 0.2994961676308707, 'observed_rate': 0.3167701863354037}, {'lower': 0.4, 'upper': 0.6000000000000001, 'n': 38, 'mean_probability': 0.4662867693703026, 'observed_rate': 0.2894736842105263}, {'lower': 0.6000000000000001, 'upper': 0.8, 'n': 5, 'mean_probability': 0.7137730192673544, 'observed_rate': 0.4}]"
3,2022,profitable_after_fees,C_price_trend,forest,210,0.3047619047619048,0.3335991734007742,0.5754494863013699,0.3654524418807742,0.5019263698630136,0.3333333333333333,0.03125,0.05714285714285714,0.21122116144055145,0.031076809412103234,"[[142, 4], [62, 2]]","[{'lower': 0.0, 'upper': 0.2, 'n': 4, 'mean_probability': 0.1912120547026127, 'observed_rate': 0.25}, {'lower': 0.2, 'upper': 0.4, 'n': 153, 'mean_probability': 0.2957238436367635, 'observed_rate': 0.29411764705882354}, {'lower': 0.4, 'upper': 0.6000000000000001, 'n': 49, 'mean_probability': 0.4398976985855869, 'observed_rate': 0.32653061224489793}, {'lower': 0.6000000000000001, 'upper': 0.8, 'n': 4, 'mean_probability': 0.6225607220583882, 'observed_rate': 0.5}]"
3,2022,profitable_after_fees,C_price_trend,hist_gradient,210,0.3047619047619048,0.33026242215030543,0.5446275684931507,0.3529888248176304,0.5185145547945205,0.45454545454545453,0.078125,0.13333333333333333,0.2158169084536174,0.032645715303667555,"[[140, 6], [59, 5]]","[{'lower': 0.0, 'upper': 0.2, 'n': 13, 'mean_probability': 0.18397469995761814, 'observed_rate': 0.15384615384615385}, {'lower': 0.2, 'upper': 0.4, 'n': 144, 'mean_probability': 0.29340107096456236, 'observed_rate': 0.2986111111111111}, {'lower': 0.4, 'upper': 0.6000000000000001, 'n': 51, 'mean_probability': 0.460557317409678, 'observed_rate': 0.35294117647058826}, {'lower': 0.6000000000000001, 'upper': 0.8, 'n': 2, 'mean_probability': 0.6126300726622784, 'observed_rate': 0.5}]"
3,2022,profitable_after_fees,D_price_trend_volatility,dummy,210,0.3047619047619048,0.3643533123028391,0.5,0.3047619047619048,0.5,0.0,0.0,0.0,0.21543322202051018,0.05959140754093434,"[[146, 0], [64, 0]]","[{'lower': 0.2, 'upper': 0.4, 'n': 210, 'mean_probability': 0.3643533123028391, 'observed_rate': 0.3047619047619048}]"
3,2022,profitable_after_fees,D_price_trend_volatility,logistic,210,0.3047619047619048,0.3425442043457875,0.6065924657534247,0.3736824689252524,0.4970034246575342,0.2857142857142857,0.0625,0.10256410256410256,0.211186080606802,0.042857399251971254,"[[136, 10], [60, 4]]","[{'lower': 0.0, 'upper': 0.2, 'n': 12, 'mean_probability': 0.1761155537414785, 'observed_rate': 0.0}, {'lower': 0.2, 'upper': 0.4, 'n': 147, 'mean_probability': 0.3024973777881, 'observed_rate': 0.30612244897959184}, {'lower': 0.4, 'upper': 0.6000000000000001, 'n': 43, 'mean_probability': 0.46146284606471005, 'observed_rate': 0.37209302325581395}, {'lower': 0.6000000000000001, 'upper': 0.8, 'n': 8, 'mean_probability': 0.6888599190105482, 'observed_rate': 0.375}]"
3,2022,profitable_after_fees,D_price_trend_volatility,forest,210,0.3047619047619048,0.3421984246339666,0.6007063356164384,0.3855754106830549,0.5116652397260274,0.38461538461538464,0.078125,0.12987012987012986,0.20926693927915987,0.03743651987206183,"[[138, 8], [59, 5]]","[{'lower': 0.0, 'upper': 0.2, 'n': 10, 'mean_probability': 0.18601543240230642, 'observed_rate': 0.0}, {'lower': 0.2, 'upper': 0.4, 'n': 145, 'mean_probability': 0.3046919500637608, 'observed_rate': 0.2896551724137931}, {'lower': 0.4, 'upper': 0.6000000000000001, 'n': 51, 'mean_probability': 0.4575667501990655, 'observed_rate': 0.39215686274509803}, {'lower': 0.6000000000000001, 'upper': 0.8, 'n': 4, 'mean_probability': 0.6213194574280656, 'observed_rate': 0.5}]"
3,2022,profitable_after_fees,D_price_trend_volatility,hist_gradient,210,0.3047619047619048,0.32966482776365286,0.5574700342465754,0.36587593306143407,0.5023544520547945,0.3157894736842105,0.09375,0.14457831325301204,0.215131737824966,0.057672055787829996,"[[133, 13], [58, 6]]","[{'lower': 0.0, 'upper': 0.2, 'n': 16, 'mean_probability': 0.17769518781534316, 'observed_rate': 0.1875}, {'lower': 0.2, 'upper': 0.4, 'n': 141, 'mean_probability': 0.29153703988309426, 'observed_rate': 0.3120567375886525}, {'lower': 0.4, 'upper': 0.6000000000000001, 'n': 52, 'mean_probability': 0.4744302456328019, 'observed_rate': 0.3076923076923077}, {'lower': 0.6000000000000001, 'upper': 0.8, 'n': 1, 'mean_probability': 0.6093954288996195, 'observed_rate': 1.0}]"
3,2022,profitable_after_fees,E_all_excluding_regime,dummy,210,0.3047619047619048,0.3643533123028391,0.5,0.3047619047619048,0.5,0.0,0.0,0.0,0.21543322202051018,0.05959140754093434,"[[146, 0], [64, 0]]","[{'lower': 0.2, 'upper': 0.4, 'n': 210, 'mean_probability': 0.3643533123028391, 'observed_rate': 0.3047619047619048}]"
3,2022,profitable_after_fees,E_all_excluding_regime,logistic,210,0.3047619047619048,0.3475007164390731,0.6225385273972603,0.3908182801865905,0.4989297945205479,0.3,0.09375,0.14285714285714285,0.20886690059721605,0.04273881167716835,"[[132, 14], [58, 6]]","[{'lower': 0.0, 'upper': 0.2, 'n': 16, 'mean_probability': 0.1773464247342969, 'observed_rate': 0.0625}, {'lower': 0.2, 'upper': 0.4, 'n': 132, 'mean_probability': 0.3020641208409568, 'observed_rate': 0.2878787878787879}, {'lower': 0.4, 'upper': 0.6000000000000001, 'n': 56, 'mean_probability': 0.46373201516410373, 'observed_rate': 0.39285714285714285}, {'lower': 0.6000000000000001, 'upper': 0.8, 'n': 6, 'mean_probability': 0.7160251427100833, 'observed_rate': 0.5}]"
3,2022,profitable_after_fees,E_all_excluding_regime,forest,210,0.3047619047619048,0.34370147302795334,0.6070205479452055,0.37408142925030996,0.5116652397260274,0.38461538461538464,0.078125,0.12987012987012986,0.20931988337847748,0.03893956826604861,"[[138, 8], [59, 5]]","[{'lower': 0.0, 'upper': 0.2, 'n': 4, 'mean_probability': 0.1899240752153689, 'observed_rate': 0.0}, {'lower': 0.2, 'upper': 0.4, 'n': 145, 'mean_probability': 0.29731557456886926, 'observed_rate': 0.296551724137931}, {'lower': 0.4, 'upper': 0.6000000000000001, 'n': 56, 'mean_probability': 0.45114922344001357, 'observed_rate': 0.3392857142857143}, {'lower': 0.6000000000000001, 'upper': 0.8, 'n': 5, 'mean_probability': 0.6084996419763858, 'observed_rate': 0.4}]"
3,2022,profitable_after_fees,E_all_excluding_regime,hist_gradient,210,0.3047619047619048,0.3346401648401158,0.5566138698630138,0.401125104372401,0.530714897260274,0.5,0.109375,0.1794871794871795,0.21488828028895982,0.061228649608646796,"[[139, 7], [57, 7]]","[{'lower': 0.0, 'upper': 0.2, 'n': 14, 'mean_probability': 0.17985215993714795, 'observed_rate': 0.21428571428571427}, {'lower': 0.2, 'upper': 0.4, 'n': 138, 'mean_probability': 0.2938639537524391, 'observed_rate': 0.3115942028985507}, {'lower': 0.4, 'upper': 0.6000000000000001, 'n': 57, 'mean_probability': 0.4660741318792996, 'observed_rate': 0.2982456140350877}, {'lower': 0.6000000000000001, 'upper': 0.8, 'n': 1, 'mean_probability': 0.6370532423475791, 'observed_rate': 1.0}]"
3,2022,profitable_after_fees,F_all_excluding_calendar,dummy,210,0.3047619047619048,0.3643533123028391,0.5,0.3047619047619048,0.5,0.0,0.0,0.0,0.21543322202051018,0.05959140754093434,"[[146, 0], [64, 0]]","[{'lower': 0.2, 'upper': 0.4, 'n': 210, 'mean_probability': 0.3643533123028391, 'observed_rate': 0.3047619047619048}]"
3,2022,profitable_after_fees,F_all_excluding_calendar,logistic,210,0.3047619047619048,0.347724728916969,0.6148330479452054,0.37950557947831587,0.5292166095890412,0.42857142857142855,0.140625,0.21176470588235294,0.2104575495381164,0.048296194642860044,"[[134, 12], [55, 9]]","[{'lower': 0.0, 'upper': 0.2, 'n': 16, 'mean_probability': 0.1741469745033845, 'observed_rate': 0.0}, {'lower': 0.2, 'upper': 0.4, 'n': 134, 'mean_probability': 0.30179101566254807, 'observed_rate': 0.30597014925373134}, {'lower': 0.4, 'upper': 0.6000000000000001, 'n': 53, 'mean_probability': 0.4663338526733566, 'observed_rate': 0.37735849056603776}, {'lower': 0.6000000000000001, 'upper': 0.8, 'n': 6, 'mean_probability': 0.7123218612781345, 'observed_rate': 0.5}, {'lower': 0.8, 'upper': 1.0, 'n': 1, 'mean_probability': 0.8062200223711942, 'observed_rate': 0.0}]"
3,2022,profitable_after_fees,F_all_excluding_calendar,forest,210,0.3047619047619048,0.3421695947314017,0.6110873287671234,0.3674427942028431,0.507277397260274,0.36363636363636365,0.0625,0.10666666666666667,0.2081139008159181,0.03971628017388547,"[[139, 7], [60, 4]]","[{'lower': 0.0, 'upper': 0.2, 'n': 14, 'mean_probability': 0.18883916960270158, 'observed_rate': 0.07142857142857142}, {'lower': 0.2, 'upper': 0.4, 'n': 132, 'mean_probability': 0.30119392445863036, 'observed_rate': 0.30303030303030304}, {'lower': 0.4, 'upper': 0.6000000000000001, 'n': 61, 'mean_probability': 0.45225164538727014, 'observed_rate': 0.36065573770491804}, {'lower': 0.6000000000000001, 'upper': 0.8, 'n': 3, 'mean_probability': 0.6223060406646178, 'observed_rate': 0.3333333333333333}]"
3,2022,profitable_after_fees,F_all_excluding_calendar,hist_gradient,210,0.3047619047619048,0.3353963992486192,0.5513698630136987,0.35503893765108335,0.4945419520547945,0.2777777777777778,0.078125,0.12195121951219512,0.2164873785697148,0.05713105823631312,"[[133, 13], [59, 5]]","[{'lower': 0.0, 'upper': 0.2, 'n': 15, 'mean_probability': 0.1819583701226019, 'observed_rate': 0.2}, {'lower': 0.2, 'upper': 0.4, 'n': 140, 'mean_probability': 0.29634632324609367, 'observed_rate': 0.3142857142857143}, {'lower': 0.4, 'upper': 0.6000000000000001, 'n': 55, 'mean_probability': 0.47664332792577996, 'observed_rate': 0.3090909090909091}]"
3,2022,return_above_0_5_percent,A_all,dummy,210,0.2619047619047619,0.32965299684542587,0.5,0.2619047619047619,0.5,0.0,0.0,0.0,0.1979004809339473,0.06774823494066395,"[[155, 0], [55, 0]]","[{'lower': 0.2, 'upper': 0.4, 'n': 210, 'mean_probability': 0.32965299684542587, 'observed_rate': 0.2619047619047619}]"
3,2022,return_above_0_5_percent,A_all,logistic,210,0.2619047619047619,0.3070673521682228,0.5980058651026393,0.3303861185597972,0.5164222873900293,0.35714285714285715,0.09090909090909091,0.14492753623188406,0.19614169704512066,0.06332794630089499,"[[146, 9], [50, 5]]","[{'lower': 0.0, 'upper': 0.2, 'n': 40, 'mean_probability': 0.1634073042905486, 'observed_rate': 0.1}, {'lower': 0.2, 'upper': 0.4, 'n': 131, 'mean_probability': 0.2907834932524383, 'observed_rate': 0.3053435114503817}, {'lower': 0.4, 'upper': 0.6000000000000001, 'n': 32, 'mean_probability': 0.4652216638419827, 'observed_rate': 0.25}, {'lower': 0.6000000000000001, 'upper': 0.8, 'n': 6, 'mean_probability': 0.6865357998451054, 'observed_rate': 0.5}, {'lower': 0.8, 'upper': 1.0, 'n': 1, 'mean_probability': 0.8489061256213396, 'observed_rate': 0.0}]"
3,2022,return_above_0_5_percent,A_all,forest,210,0.2619047619047619,0.3043741988728826,0.6333137829912023,0.33840684469831395,0.49237536656891495,0.2,0.03636363636363636,0.06153846153846154,0.18900466302323182,0.0533190332301713,"[[147, 8], [53, 2]]","[{'lower': 0.0, 'upper': 0.2, 'n': 45, 'mean_probability': 0.16083414898282736, 'observed_rate': 0.06666666666666667}, {'lower': 0.2, 'upper': 0.4, 'n': 127, 'mean_probability': 0.30599049127940703, 'observed_rate': 0.31496062992125984}, {'lower': 0.4, 'upper': 0.6000000000000001, 'n': 37, 'mean_probability': 0.46517210421177346, 'observed_rate': 0.32432432432432434}, {'lower': 0.6000000000000001, 'upper': 0.8, 'n': 1, 'mean_probability': 0.6088848107578164, 'observed_rate': 0.0}]"
3,2022,return_above_0_5_percent,A_all,hist_gradient,210,0.2619047619047619,0.304141481449901,0.6317888563049853,0.3588575332590217,0.4988269794721408,0.25,0.03636363636363636,0.06349206349206349,0.18888715470881193,0.045754451450498126,"[[149, 6], [53, 2]]","[{'lower': 0.0, 'upper': 0.2, 'n': 41, 'mean_probability': 0.17334706275587752, 'observed_rate': 0.12195121951219512}, {'lower': 0.2, 'upper': 0.4, 'n': 128, 'mean_probability': 0.2926719664180104, 'observed_rate': 0.28125}, {'lower': 0.4, 'upper': 0.6000000000000001, 'n': 40, 'mean_probability': 0.46674579200113986, 'observed_rate': 0.325}, {'lower': 0.6000000000000001, 'upper': 0.8, 'n': 1, 'mean_probability': 0.630638149937298, 'observed_rate': 1.0}]"
3,2022,return_above_0_5_percent,B_reduced,dummy,210,0.2619047619047619,0.32965299684542587,0.5,0.2619047619047619,0.5,0.0,0.0,0.0,0.1979004809339473,0.06774823494066395,"[[155, 0], [55, 0]]","[{'lower': 0.2, 'upper': 0.4, 'n': 210, 'mean_probability': 0.32965299684542587, 'observed_rate': 0.2619047619047619}]"
3,2022,return_above_0_5_percent,B_reduced,logistic,210,0.2619047619047619,0.30931213196892726,0.6044574780058651,0.332059489265795,0.5073313782991202,0.3076923076923077,0.07272727272727272,0.11764705882352941,0.19430098534049267,0.05839661793295499,"[[146, 9], [51, 4]]","[{'lower': 0.0, 'upper': 0.2, 'n': 39, 'mean_probability': 0.16435844785209022, 'observed_rate': 0.10256410256410256}, {'lower': 0.2, 'upper': 0.4, 'n': 129, 'mean_probability': 0.2933808447579619, 'observed_rate': 0.3023255813953488}, {'lower': 0.4, 'upper': 0.6000000000000001, 'n': 37, 'mean_probability': 0.4623570494391634, 'observed_rate': 0.2702702702702703}, {'lower': 0.6000000000000001, 'upper': 0.8, 'n': 5, 'mean_probability': 0.718445688843414, 'observed_rate': 0.4}]"
3,2022,return_above_0_5_percent,B_reduced,forest,210,0.2619047619047619,0.3061833911263598,0.6458651026392962,0.3594675162782967,0.5073313782991202,0.3076923076923077,0.07272727272727272,0.11764705882352941,0.18806108026943769,0.04427862922159784,"[[146, 9], [51, 4]]","[{'lower': 0.0, 'upper': 0.2, 'n': 37, 'mean_probability': 0.1632188009043833, 'observed_rate': 0.08108108108108109}, {'lower': 0.2, 'upper': 0.4, 'n': 133, 'mean_probability': 0.29688243385195345, 'observed_rate': 0.2932330827067669}, {'lower': 0.4, 'upper': 0.6000000000000001, 'n': 38, 'mean_probability': 0.46128953487350755, 'observed_rate': 0.3157894736842105}, {'lower': 0.6000000000000001, 'upper': 0.8, 'n': 2, 'mean_probability': 0.6225252377851325, 'observed_rate': 0.5}]"
3,2022,return_above_0_5_percent,B_reduced,hist_gradient,210,0.2619047619047619,0.3061184687700397,0.6052785923753666,0.3574245238676099,0.513782991202346,0.36363636363636365,0.07272727272727272,0.12121212121212122,0.19176235976772713,0.05107756791910187,"[[148, 7], [51, 4]]","[{'lower': 0.0, 'upper': 0.2, 'n': 32, 'mean_probability': 0.1675045076273903, 'observed_rate': 0.15625}, {'lower': 0.2, 'upper': 0.4, 'n': 143, 'mean_probability': 0.29340660306671323, 'observed_rate': 0.26573426573426573}, {'lower': 0.4, 'upper': 0.6000000000000001, 'n': 33, 'mean_probability': 0.4754028899922234, 'observed_rate': 0.30303030303030304}, {'lower': 0.6000000000000001, 'upper': 0.8, 'n': 2, 'mean_probability': 0.6396472946742311, 'observed_rate': 1.0}]"
3,2022,return_above_0_5_percent,C_price_trend,dummy,210,0.2619047619047619,0.32965299684542587,0.5,0.2619047619047619,0.5,0.0,0.0,0.0,0.1979004809339473,0.06774823494066395,"[[155, 0], [55, 0]]","[{'lower': 0.2, 'upper': 0.4, 'n': 210, 'mean_probability': 0.32965299684542587, 'observed_rate': 0.2619047619047619}]"
3,2022,return_above_0_5_percent,C_price_trend,logistic,210,0.2619047619047619,0.3013241685118326,0.5603519061583577,0.30328220964261365,0.5260997067448681,0.45454545454545453,0.09090909090909091,0.15151515151515152,0.19983155424979668,0.05676715044433294,"[[149, 6], [50, 5]]","[{'lower': 0.0, 'upper': 0.2, 'n': 30, 'mean_probability': 0.17382262289769457, 'observed_rate': 0.06666666666666667}, {'lower': 0.2, 'upper': 0.4, 'n': 147, 'mean_probability': 0.28012576120467664, 'observed_rate': 0.2925170068027211}, {'lower': 0.4, 'upper': 0.6000000000000001, 'n': 27, 'mean_probability': 0.46434532671673356, 'observed_rate': 0.2962962962962963}, {'lower': 0.6000000000000001, 'upper': 0.8, 'n': 5, 'mean_probability': 0.709235041615718, 'observed_rate': 0.4}, {'lower': 0.8, 'upper': 1.0, 'n': 1, 'mean_probability': 0.8014107740361502, 'observed_rate': 0.0}]"
3,2022,return_above_0_5_percent,C_price_trend,forest,210,0.2619047619047619,0.299126733337001,0.6119648093841642,0.33746824715412604,0.5020527859237537,0.2857142857142857,0.03636363636363636,0.06451612903225806,0.19060049932409834,0.038670525081692844,"[[150, 5], [53, 2]]","[{'lower': 0.0, 'upper': 0.2, 'n': 41, 'mean_probability': 0.16375284230708978, 'observed_rate': 0.0975609756097561}, {'lower': 0.2, 'upper': 0.4, 'n': 145, 'mean_probability': 0.30541537805180263, 'observed_rate': 0.30344827586206896}, {'lower': 0.4, 'upper': 0.6000000000000001, 'n': 21, 'mean_probability': 0.4747436086600382, 'observed_rate': 0.23809523809523808}, {'lower': 0.6000000000000001, 'upper': 0.8, 'n': 3, 'mean_probability': 0.615967288935789, 'observed_rate': 0.6666666666666666}]"
3,2022,return_above_0_5_percent,C_price_trend,hist_gradient,210,0.2619047619047619,0.30095962319043945,0.5950146627565983,0.3298550200732693,0.5111436950146627,0.375,0.05454545454545454,0.09523809523809523,0.19220215871185461,0.04005397828194152,"[[150, 5], [52, 3]]","[{'lower': 0.0, 'upper': 0.2, 'n': 29, 'mean_probability': 0.1687963005307684, 'observed_rate': 0.1724137931034483}, {'lower': 0.2, 'upper': 0.4, 'n': 147, 'mean_probability': 0.2890918829881573, 'observed_rate': 0.2653061224489796}, {'lower': 0.4, 'upper': 0.6000000000000001, 'n': 33, 'mean_probability': 0.4608118332412269, 'observed_rate': 0.3333333333333333}, {'lower': 0.6000000000000001, 'upper': 0.8, 'n': 1, 'mean_probability': 0.6031308583803939, 'observed_rate': 0.0}]"
3,2022,return_above_0_5_percent,D_price_trend_volatility,dummy,210,0.2619047619047619,0.32965299684542587,0.5,0.2619047619047619,0.5,0.0,0.0,0.0,0.1979004809339473,0.06774823494066395,"[[155, 0], [55, 0]]","[{'lower': 0.2, 'upper': 0.4, 'n': 210, 'mean_probability': 0.32965299684542587, 'observed_rate': 0.2619047619047619}]"
3,2022,return_above_0_5_percent,D_price_trend_volatility,logistic,210,0.2619047619047619,0.3039617450977337,0.5955425219941348,0.32286961607791653,0.5164222873900293,0.35714285714285715,0.09090909090909091,0.14492753623188406,0.19603487865231753,0.06381532281841791,"[[146, 9], [50, 5]]","[{'lower': 0.0, 'upper': 0.2, 'n': 41, 'mean_probability': 0.1674622375247937, 'observed_rate': 0.07317073170731707}, {'lower': 0.2, 'upper': 0.4, 'n': 131, 'mean_probability': 0.287903620910902, 'observed_rate': 0.3053435114503817}, {'lower': 0.4, 'upper': 0.6000000000000001, 'n': 32, 'mean_probability': 0.4670400381967166, 'observed_rate': 0.3125}, {'lower': 0.6000000000000001, 'upper': 0.8, 'n': 6, 'mean_probability': 0.7175598617307412, 'observed_rate': 0.3333333333333333}]"
3,2022,return_above_0_5_percent,D_price_trend_volatility,forest,210,0.2619047619047619,0.3043479544809992,0.6326099706744868,0.36603835774147897,0.501466275659824,0.2727272727272727,0.05454545454545454,0.09090909090909091,0.18853455915988335,0.049762651971307234,"[[147, 8], [52, 3]]","[{'lower': 0.0, 'upper': 0.2, 'n': 40, 'mean_probability': 0.16551774264397773, 'observed_rate': 0.075}, {'lower': 0.2, 'upper': 0.4, 'n': 133, 'mean_probability': 0.30073378850651633, 'observed_rate': 0.2781954887218045}, {'lower': 0.4, 'upper': 0.6000000000000001, 'n': 35, 'mean_probability': 0.45895171715332544, 'observed_rate': 0.37142857142857144}, {'lower': 0.6000000000000001, 'upper': 0.8, 'n': 2, 'mean_probability': 0.6157283817588273, 'observed_rate': 1.0}]"
3,2022,return_above_0_5_percent,D_price_trend_volatility,hist_gradient,210,0.2619047619047619,0.299103770502687,0.6232258064516129,0.3651365122570612,0.513782991202346,0.36363636363636365,0.07272727272727272,0.12121212121212122,0.18896200207561306,0.04025266646096236,"[[148, 7], [51, 4]]","[{'lower': 0.0, 'upper': 0.2, 'n': 32, 'mean_probability': 0.1673477554645953, 'observed_rate': 0.125}, {'lower': 0.2, 'upper': 0.4, 'n': 143, 'mean_probability': 0.28372136362833883, 'observed_rate': 0.27972027972027974}, {'lower': 0.4, 'upper': 0.6000000000000001, 'n': 34, 'mean_probability': 0.47662184433716726, 'observed_rate': 0.29411764705882354}, {'lower': 0.6000000000000001, 'upper': 0.8, 'n': 1, 'mean_probability': 0.6793659243810896, 'observed_rate': 1.0}]"
3,2022,return_above_0_5_percent,E_all_excluding_regime,dummy,210,0.2619047619047619,0.32965299684542587,0.5,0.2619047619047619,0.5,0.0,0.0,0.0,0.1979004809339473,0.06774823494066395,"[[155, 0], [55, 0]]","[{'lower': 0.2, 'upper': 0.4, 'n': 210, 'mean_probability': 0.32965299684542587, 'observed_rate': 0.2619047619047619}]"
3,2022,return_above_0_5_percent,E_all_excluding_regime,logistic,210,0.2619047619047619,0.3073009719828607,0.5955425219941349,0.3237433586249887,0.5131964809384164,0.3333333333333333,0.09090909090909091,0.14285714285714285,0.19648427588701894,0.048703346204048044,"[[145, 10], [50, 5]]","[{'lower': 0.0, 'upper': 0.2, 'n': 36, 'mean_probability': 0.1625775011042054, 'observed_rate': 0.1111111111111111}, {'lower': 0.2, 'upper': 0.4, 'n': 137, 'mean_probability': 0.28943613654580536, 'observed_rate': 0.291970802919708}, {'lower': 0.4, 'upper': 0.6000000000000001, 'n': 30, 'mean_probability': 0.47153606812881177, 'observed_rate': 0.3}, {'lower': 0.6000000000000001, 'upper': 0.8, 'n': 6, 'mean_probability': 0.6753653394995812, 'observed_rate': 0.3333333333333333}, {'lower': 0.8, 'upper': 1.0, 'n': 1, 'mean_probability': 0.8293892890121909, 'observed_rate': 0.0}]"
3,2022,return_above_0_5_percent,E_all_excluding_regime,forest,210,0.2619047619047619,0.30719846422276664,0.6315542521994135,0.34480731987046437,0.49237536656891495,0.2,0.03636363636363636,0.06153846153846154,0.18991610110948817,0.057511312212575647,"[[147, 8], [53, 2]]","[{'lower': 0.0, 'upper': 0.2, 'n': 41, 'mean_probability': 0.1633385580542431, 'observed_rate': 0.04878048780487805}, {'lower': 0.2, 'upper': 0.4, 'n': 131, 'mean_probability': 0.3031843584814508, 'observed_rate': 0.31297709923664124}, {'lower': 0.4, 'upper': 0.6000000000000001, 'n': 34, 'mean_probability': 0.46093062245650523, 'observed_rate': 0.29411764705882354}, {'lower': 0.6000000000000001, 'upper': 0.8, 'n': 4, 'mean_probability': 0.6065011204914483, 'observed_rate': 0.5}]"
3,2022,return_above_0_5_percent,E_all_excluding_regime,hist_gradient,210,0.2619047619047619,0.3068207968079394,0.632258064516129,0.35720525655830093,0.4988269794721408,0.25,0.03636363636363636,0.06349206349206349,0.18933882502121122,0.048538513881890434,"[[149, 6], [53, 2]]","[{'lower': 0.0, 'upper': 0.2, 'n': 33, 'mean_probability': 0.1715343556474801, 'observed_rate': 0.12121212121212122}, {'lower': 0.2, 'upper': 0.4, 'n': 135, 'mean_probability': 0.2892009725870798, 'observed_rate': 0.2740740740740741}, {'lower': 0.4, 'upper': 0.6000000000000001, 'n': 41, 'mean_probability': 0.46609664845876875, 'observed_rate': 0.3170731707317073}, {'lower': 0.6000000000000001, 'upper': 0.8, 'n': 1, 'mean_probability': 0.6196397072351388, 'observed_rate': 1.0}]"
3,2022,return_above_0_5_percent,F_all_excluding_calendar,dummy,210,0.2619047619047619,0.32965299684542587,0.5,0.2619047619047619,0.5,0.0,0.0,0.0,0.1979004809339473,0.06774823494066395,"[[155, 0], [55, 0]]","[{'lower': 0.2, 'upper': 0.4, 'n': 210, 'mean_probability': 0.32965299684542587, 'observed_rate': 0.2619047619047619}]"
3,2022,return_above_0_5_percent,F_all_excluding_calendar,logistic,210,0.2619047619047619,0.3067252208348839,0.5947214076246334,0.32391692336175953,0.5287390029325513,0.42857142857142855,0.10909090909090909,0.17391304347826086,0.19664811864865578,0.05119360908642499,"[[147, 8], [49, 6]]","[{'lower': 0.0, 'upper': 0.2, 'n': 42, 'mean_probability': 0.16511118343007986, 'observed_rate': 0.11904761904761904}, {'lower': 0.2, 'upper': 0.4, 'n': 131, 'mean_probability': 0.29260167353884114, 'observed_rate': 0.29770992366412213}, {'lower': 0.4, 'upper': 0.6000000000000001, 'n': 30, 'mean_probability': 0.4715992593931082, 'observed_rate': 0.3}, {'lower': 0.6000000000000001, 'upper': 0.8, 'n': 6, 'mean_probability': 0.6930582943609611, 'observed_rate': 0.3333333333333333}, {'lower': 0.8, 'upper': 1.0, 'n': 1, 'mean_probability': 0.8404798897150723, 'observed_rate': 0.0}]"
3,2022,return_above_0_5_percent,F_all_excluding_calendar,forest,210,0.2619047619047619,0.30639335047394517,0.6389442815249267,0.36217742604199044,0.4988269794721408,0.25,0.03636363636363636,0.06349206349206349,0.1873784757973642,0.05182746492255946,"[[149, 6], [53, 2]]","[{'lower': 0.0, 'upper': 0.2, 'n': 42, 'mean_probability': 0.16448597330682335, 'observed_rate': 0.047619047619047616}, {'lower': 0.2, 'upper': 0.4, 'n': 131, 'mean_probability': 0.3076274671365444, 'observed_rate': 0.3053435114503817}, {'lower': 0.4, 'upper': 0.6000000000000001, 'n': 35, 'mean_probability': 0.45444504408168873, 'observed_rate': 0.3142857142857143}, {'lower': 0.6000000000000001, 'upper': 0.8, 'n': 2, 'mean_probability': 0.6147089914477566, 'observed_rate': 1.0}]"
3,2022,return_above_0_5_percent,F_all_excluding_calendar,hist_gradient,210,0.2619047619047619,0.3022333638930138,0.6247507331378298,0.3541249712601319,0.5079178885630499,0.3333333333333333,0.05454545454545454,0.09375,0.18972069047984585,0.04344216032171963,"[[149, 6], [52, 3]]","[{'lower': 0.0, 'upper': 0.2, 'n': 39, 'mean_probability': 0.17151502769810642, 'observed_rate': 0.1282051282051282}, {'lower': 0.2, 'upper': 0.4, 'n': 134, 'mean_probability': 0.2927271770889363, 'observed_rate': 0.2835820895522388}, {'lower': 0.4, 'upper': 0.6000000000000001, 'n': 36, 'mean_probability': 0.4689278397889831, 'observed_rate': 0.3055555555555556}, {'lower': 0.6000000000000001, 'upper': 0.8, 'n': 1, 'mean_probability': 0.6730763749858865, 'observed_rate': 1.0}]"
3,2022,return_above_1_percent,A_all,dummy,210,0.24761904761904763,0.3186119873817034,0.5,0.24761904761904763,0.5,0.0,0.0,0.0,0.19134385237142754,0.07099293976265575,"[[158, 0], [52, 0]]","[{'lower': 0.2, 'upper': 0.4, 'n': 210, 'mean_probability': 0.3186119873817034, 'observed_rate': 0.24761904761904763}]"
3,2022,return_above_1_percent,A_all,logistic,210,0.24761904761904763,0.29263570104852576,0.5915287244401168,0.3268983101508752,0.5483203505355404,0.5384615384615384,0.1346153846153846,0.2153846153846154,0.1894793518612635,0.04501665342947803,"[[152, 6], [45, 7]]","[{'lower': 0.0, 'upper': 0.2, 'n': 51, 'mean_probability': 0.16188180453559503, 'observed_rate': 0.13725490196078433}, {'lower': 0.2, 'upper': 0.4, 'n': 126, 'mean_probability': 0.28818303716282506, 'observed_rate': 0.2777777777777778}, {'lower': 0.4, 'upper': 0.6000000000000001, 'n': 27, 'mean_probability': 0.46085359303159507, 'observed_rate': 0.2962962962962963}, {'lower': 0.6000000000000001, 'upper': 0.8, 'n': 5, 'mean_probability': 0.711595418288945, 'observed_rate': 0.4}, {'lower': 0.8, 'upper': 1.0, 'n': 1, 'mean_probability': 0.8854384030612925, 'observed_rate': 0.0}]"
3,2022,return_above_1_percent,A_all,forest,210,0.24761904761904763,0.2924097009932321,0.6543330087633885,0.3381146827939869,0.497078870496592,0.2222222222222222,0.038461538461538464,0.06557377049180328,0.1805110713351256,0.044790653374184475,"[[151, 7], [50, 2]]","[{'lower': 0.0, 'upper': 0.2, 'n': 45, 'mean_probability': 0.15923174248083977, 'observed_rate': 0.06666666666666667}, {'lower': 0.2, 'upper': 0.4, 'n': 142, 'mean_probability': 0.30236852033828643, 'observed_rate': 0.29577464788732394}, {'lower': 0.4, 'upper': 0.6000000000000001, 'n': 21, 'mean_probability': 0.48013364724176677, 'observed_rate': 0.3333333333333333}, {'lower': 0.6000000000000001, 'upper': 0.8, 'n': 2, 'mean_probability': 0.6107361584135873, 'observed_rate': 0.0}]"
3,2022,return_above_1_percent,A_all,hist_gradient,210,0.24761904761904763,0.2890120522744142,0.6435004868549172,0.3627769367158644,0.509858812074002,0.3333333333333333,0.057692307692307696,0.09836065573770492,0.18032990474978133,0.04139300465536652,"[[152, 6], [49, 3]]","[{'lower': 0.0, 'upper': 0.2, 'n': 50, 'mean_probability': 0.16802261201066082, 'observed_rate': 0.14}, {'lower': 0.2, 'upper': 0.4, 'n': 123, 'mean_probability': 0.2872792730121874, 'observed_rate': 0.24390243902439024}, {'lower': 0.4, 'upper': 0.6000000000000001, 'n': 37, 'mean_probability': 0.4582716161241858, 'observed_rate': 0.40540540540540543}]"
3,2022,return_above_1_percent,B_reduced,dummy,210,0.24761904761904763,0.3186119873817034,0.5,0.24761904761904763,0.5,0.0,0.0,0.0,0.19134385237142754,0.07099293976265575,"[[158, 0], [52, 0]]","[{'lower': 0.2, 'upper': 0.4, 'n': 210, 'mean_probability': 0.3186119873817034, 'observed_rate': 0.24761904761904763}]"
3,2022,return_above_1_percent,B_reduced,logistic,210,0.24761904761904763,0.2941310993686976,0.6044303797468354,0.3286760217941159,0.509858812074002,0.3333333333333333,0.057692307692307696,0.09836065573770492,0.1870207787337646,0.04651205174964988,"[[152, 6], [49, 3]]","[{'lower': 0.0, 'upper': 0.2, 'n': 47, 'mean_probability': 0.16128019327873877, 'observed_rate': 0.14893617021276595}, {'lower': 0.2, 'upper': 0.4, 'n': 128, 'mean_probability': 0.28849588292761874, 'observed_rate': 0.265625}, {'lower': 0.4, 'upper': 0.6000000000000001, 'n': 31, 'mean_probability': 0.45964400783741394, 'observed_rate': 0.2903225806451613}, {'lower': 0.6000000000000001, 'upper': 0.8, 'n': 3, 'mean_probability': 0.7297132098803197, 'observed_rate': 0.6666666666666666}, {'lower': 0.8, 'upper': 1.0, 'n': 1, 'mean_probability': 0.8217848959897636, 'observed_rate': 0.0}]"
3,2022,return_above_1_percent,B_reduced,forest,210,0.24761904761904763,0.2942289392970081,0.6634615384615384,0.3520670092634984,0.5035296981499513,0.2727272727272727,0.057692307692307696,0.09523809523809523,0.1796720019035892,0.046609891677960556,"[[150, 8], [49, 3]]","[{'lower': 0.0, 'upper': 0.2, 'n': 38, 'mean_probability': 0.16247138795401164, 'observed_rate': 0.05263157894736842}, {'lower': 0.2, 'upper': 0.4, 'n': 145, 'mean_probability': 0.2933822796693413, 'observed_rate': 0.2827586206896552}, {'lower': 0.4, 'upper': 0.6000000000000001, 'n': 25, 'mean_probability': 0.47428688075155845, 'observed_rate': 0.32}, {'lower': 0.6000000000000001, 'upper': 0.8, 'n': 2, 'mean_probability': 0.6082809696379148, 'observed_rate': 0.5}]"
3,2022,return_above_1_percent,B_reduced,hist_gradient,210,0.24761904761904763,0.2965647285166685,0.637049659201558,0.35508616457036585,0.509858812074002,0.3333333333333333,0.057692307692307696,0.09836065573770492,0.18229004975307286,0.052678183578710035,"[[152, 6], [49, 3]]","[{'lower': 0.0, 'upper': 0.2, 'n': 43, 'mean_probability': 0.1677918329272495, 'observed_rate': 0.11627906976744186}, {'lower': 0.2, 'upper': 0.4, 'n': 138, 'mean_probability': 0.29836061022921484, 'observed_rate': 0.2608695652173913}, {'lower': 0.4, 'upper': 0.6000000000000001, 'n': 28, 'mean_probability': 0.4743461693754058, 'observed_rate': 0.35714285714285715}, {'lower': 0.6000000000000001, 'upper': 0.8, 'n': 1, 'mean_probability': 0.608087218485632, 'observed_rate': 1.0}]"
3,2022,return_above_1_percent,C_price_trend,dummy,210,0.24761904761904763,0.3186119873817034,0.5,0.24761904761904763,0.5,0.0,0.0,0.0,0.19134385237142754,0.07099293976265575,"[[158, 0], [52, 0]]","[{'lower': 0.2, 'upper': 0.4, 'n': 210, 'mean_probability': 0.3186119873817034, 'observed_rate': 0.24761904761904763}]"
3,2022,return_above_1_percent,C_price_trend,logistic,210,0.24761904761904763,0.28771029783588314,0.5764362220058423,0.3032325208926454,0.5290895813047712,0.45454545454545453,0.09615384615384616,0.15873015873015872,0.19174163772746355,0.04009125021683553,"[[152, 6], [47, 5]]","[{'lower': 0.0, 'upper': 0.2, 'n': 38, 'mean_probability': 0.1702587902951834, 'observed_rate': 0.10526315789473684}, {'lower': 0.2, 'upper': 0.4, 'n': 144, 'mean_probability': 0.2743492087496354, 'observed_rate': 0.2638888888888889}, {'lower': 0.4, 'upper': 0.6000000000000001, 'n': 23, 'mean_probability': 0.46394500613870404, 'observed_rate': 0.34782608695652173}, {'lower': 0.6000000000000001, 'upper': 0.8, 'n': 4, 'mean_probability': 0.7357324149769469, 'observed_rate': 0.5}, {'lower': 0.8, 'upper': 1.0, 'n': 1, 'mean_probability': 0.8293776532730099, 'observed_rate': 0.0}]"
3,2022,return_above_1_percent,C_price_trend,forest,210,0.24761904761904763,0.2882459889190211,0.6422833495618305,0.3526871946843822,0.5002434274586174,0.25,0.038461538461538464,0.06666666666666667,0.18125635872010792,0.040626941299973414,"[[152, 6], [50, 2]]","[{'lower': 0.0, 'upper': 0.2, 'n': 46, 'mean_probability': 0.1585404595581328, 'observed_rate': 0.043478260869565216}, {'lower': 0.2, 'upper': 0.4, 'n': 144, 'mean_probability': 0.2992540898789017, 'observed_rate': 0.2916666666666667}, {'lower': 0.4, 'upper': 0.6000000000000001, 'n': 16, 'mean_probability': 0.4801829593856465, 'observed_rate': 0.375}, {'lower': 0.6000000000000001, 'upper': 0.8, 'n': 4, 'mean_probability': 0.6158200601470315, 'observed_rate': 0.5}]"
3,2022,return_above_1_percent,C_price_trend,hist_gradient,210,0.24761904761904763,0.28859761366392045,0.6284079844206426,0.3447199060880454,0.5065725413826679,0.3333333333333333,0.038461538461538464,0.06896551724137931,0.1816911008148925,0.040978566044872836,"[[154, 4], [50, 2]]","[{'lower': 0.0, 'upper': 0.2, 'n': 45, 'mean_probability': 0.17315927943513967, 'observed_rate': 0.13333333333333333}, {'lower': 0.2, 'upper': 0.4, 'n': 140, 'mean_probability': 0.29300964429152077, 'observed_rate': 0.2642857142857143}, {'lower': 0.4, 'upper': 0.6000000000000001, 'n': 25, 'mean_probability': 0.47167924376116416, 'observed_rate': 0.36}]"
3,2022,return_above_1_percent,D_price_trend_volatility,dummy,210,0.24761904761904763,0.3186119873817034,0.5,0.24761904761904763,0.5,0.0,0.0,0.0,0.19134385237142754,0.07099293976265575,"[[158, 0], [52, 0]]","[{'lower': 0.2, 'upper': 0.4, 'n': 210, 'mean_probability': 0.3186119873817034, 'observed_rate': 0.24761904761904763}]"
3,2022,return_above_1_percent,D_price_trend_volatility,logistic,210,0.24761904761904763,0.2893768329079391,0.5928675754625122,0.31627763116875734,0.5259250243427459,0.4166666666666667,0.09615384615384616,0.15625,0.18951231462498846,0.04175778528889144,"[[151, 7], [47, 5]]","[{'lower': 0.0, 'upper': 0.2, 'n': 51, 'mean_probability': 0.16641006452050888, 'observed_rate': 0.1568627450980392}, {'lower': 0.2, 'upper': 0.4, 'n': 127, 'mean_probability': 0.2833513093493822, 'observed_rate': 0.2677165354330709}, {'lower': 0.4, 'upper': 0.6000000000000001, 'n': 26, 'mean_probability': 0.4611900054114172, 'observed_rate': 0.3076923076923077}, {'lower': 0.6000000000000001, 'upper': 0.8, 'n': 5, 'mean_probability': 0.6950032347773376, 'observed_rate': 0.4}, {'lower': 0.8, 'upper': 1.0, 'n': 1, 'mean_probability': 0.83064901816618, 'observed_rate': 0.0}]"
3,2022,return_above_1_percent,D_price_trend_volatility,forest,210,0.24761904761904763,0.2905168110258529,0.6539678675754625,0.3646284539373908,0.5002434274586174,0.25,0.038461538461538464,0.06666666666666667,0.18012746713061378,0.046670832532145816,"[[152, 6], [50, 2]]","[{'lower': 0.0, 'upper': 0.2, 'n': 47, 'mean_probability': 0.16327360093802049, 'observed_rate': 0.10638297872340426}, {'lower': 0.2, 'upper': 0.4, 'n': 141, 'mean_probability': 0.30155800598940113, 'observed_rate': 0.28368794326241137}, {'lower': 0.4, 'upper': 0.6000000000000001, 'n': 21, 'mean_probability': 0.48624592785701654, 'observed_rate': 0.2857142857142857}, {'lower': 0.6000000000000001, 'upper': 0.8, 'n': 1, 'mean_probability': 0.603827741839245, 'observed_rate': 1.0}]"
3,2022,return_above_1_percent,D_price_trend_volatility,hist_gradient,210,0.24761904761904763,0.28693012096098985,0.6351022395326192,0.36754004903093773,0.5065725413826679,0.3333333333333333,0.038461538461538464,0.06896551724137931,0.17997756296143383,0.04279405189783879,"[[154, 4], [50, 2]]","[{'lower': 0.0, 'upper': 0.2, 'n': 45, 'mean_probability': 0.16805663601467485, 'observed_rate': 0.1111111111111111}, {'lower': 0.2, 'upper': 0.4, 'n': 137, 'mean_probability': 0.2888006633375588, 'observed_rate': 0.27007299270072993}, {'lower': 0.4, 'upper': 0.6000000000000001, 'n': 27, 'mean_probability': 0.4626962463804105, 'observed_rate': 0.3333333333333333}, {'lower': 0.6000000000000001, 'upper': 0.8, 'n': 1, 'mean_probability': 0.6342872516308674, 'observed_rate': 1.0}]"
3,2022,return_above_1_percent,E_all_excluding_regime,dummy,210,0.24761904761904763,0.3186119873817034,0.5,0.24761904761904763,0.5,0.0,0.0,0.0,0.19134385237142754,0.07099293976265575,"[[158, 0], [52, 0]]","[{'lower': 0.2, 'upper': 0.4, 'n': 210, 'mean_probability': 0.3186119873817034, 'observed_rate': 0.24761904761904763}]"
3,2022,return_above_1_percent,E_all_excluding_regime,logistic,210,0.24761904761904763,0.2933120944984699,0.5869036027263875,0.3193727067434289,0.5259250243427459,0.4166666666666667,0.09615384615384616,0.15625,0.1902359127377873,0.055106840218523336,"[[151, 7], [47, 5]]","[{'lower': 0.0, 'upper': 0.2, 'n': 49, 'mean_probability': 0.16350105508968155, 'observed_rate': 0.1836734693877551}, {'lower': 0.2, 'upper': 0.4, 'n': 124, 'mean_probability': 0.283038999736801, 'observed_rate': 0.2661290322580645}, {'lower': 0.4, 'upper': 0.6000000000000001, 'n': 32, 'mean_probability': 0.46168507922409846, 'observed_rate': 0.25}, {'lower': 0.6000000000000001, 'upper': 0.8, 'n': 4, 'mean_probability': 0.7123049032413391, 'observed_rate': 0.5}, {'lower': 0.8, 'upper': 1.0, 'n': 1, 'mean_probability': 0.8640100297844584, 'observed_rate': 0.0}]"
3,2022,return_above_1_percent,E_all_excluding_regime,forest,210,0.24761904761904763,0.29217592082845023,0.6411879259980525,0.33632165665294134,0.509858812074002,0.3333333333333333,0.057692307692307696,0.09836065573770492,0.18187125938473672,0.04455687320940259,"[[152, 6], [49, 3]]","[{'lower': 0.0, 'upper': 0.2, 'n': 45, 'mean_probability': 0.1625220965377743, 'observed_rate': 0.06666666666666667}, {'lower': 0.2, 'upper': 0.4, 'n': 139, 'mean_probability': 0.2983772586148915, 'observed_rate': 0.2949640287769784}, {'lower': 0.4, 'upper': 0.6000000000000001, 'n': 24, 'mean_probability': 0.47349272118855196, 'observed_rate': 0.2916666666666667}, {'lower': 0.6000000000000001, 'upper': 0.8, 'n': 2, 'mean_probability': 0.602592386889767, 'observed_rate': 0.5}]"
3,2022,return_above_1_percent,E_all_excluding_regime,hist_gradient,210,0.24761904761904763,0.2899996855023113,0.6417964946445959,0.3559970442112569,0.509858812074002,0.3333333333333333,0.057692307692307696,0.09836065573770492,0.18067986462919988,0.04238063788326374,"[[152, 6], [49, 3]]","[{'lower': 0.0, 'upper': 0.2, 'n': 54, 'mean_probability': 0.16833529752304455, 'observed_rate': 0.14814814814814814}, {'lower': 0.2, 'upper': 0.4, 'n': 120, 'mean_probability': 0.29197408155457866, 'observed_rate': 0.24166666666666667}, {'lower': 0.4, 'upper': 0.6000000000000001, 'n': 36, 'mean_probability': 0.46591494729698724, 'observed_rate': 0.4166666666666667}]"
3,2022,return_above_1_percent,F_all_excluding_calendar,dummy,210,0.24761904761904763,0.3186119873817034,0.5,0.24761904761904763,0.5,0.0,0.0,0.0,0.19134385237142754,0.07099293976265575,"[[158, 0], [52, 0]]","[{'lower': 0.2, 'upper': 0.4, 'n': 210, 'mean_probability': 0.3186119873817034, 'observed_rate': 0.24761904761904763}]"
3,2022,return_above_1_percent,F_all_excluding_calendar,logistic,210,0.24761904761904763,0.29248320197896366,0.5826436222005843,0.31422384459451436,0.5387049659201558,0.5,0.11538461538461539,0.1875,0.19088858930591732,0.04486415435991603,"[[152, 6], [46, 6]]","[{'lower': 0.0, 'upper': 0.2, 'n': 51, 'mean_probability': 0.16168241446674714, 'observed_rate': 0.1568627450980392}, {'lower': 0.2, 'upper': 0.4, 'n': 128, 'mean_probability': 0.28839992656164476, 'observed_rate': 0.2734375}, {'lower': 0.4, 'upper': 0.6000000000000001, 'n': 25, 'mean_probability': 0.4712852749488625, 'observed_rate': 0.28}, {'lower': 0.6000000000000001, 'upper': 0.8, 'n': 5, 'mean_probability': 0.7193981948562426, 'observed_rate': 0.4}, {'lower': 0.8, 'upper': 1.0, 'n': 1, 'mean_probability': 0.8813558298849571, 'observed_rate': 0.0}]"
3,2022,return_above_1_percent,F_all_excluding_calendar,forest,210,0.24761904761904763,0.29379792708696295,0.6654089581304771,0.35969907521352157,0.5066942551119766,0.3,0.057692307692307696,0.0967741935483871,0.17942054400554097,0.04617887946791533,"[[151, 7], [49, 3]]","[{'lower': 0.0, 'upper': 0.2, 'n': 47, 'mean_probability': 0.16302711759455096, 'observed_rate': 0.06382978723404255}, {'lower': 0.2, 'upper': 0.4, 'n': 141, 'mean_probability': 0.30544842511020753, 'observed_rate': 0.2978723404255319}, {'lower': 0.4, 'upper': 0.6000000000000001, 'n': 19, 'mean_probability': 0.48086801083513275, 'observed_rate': 0.3157894736842105}, {'lower': 0.6000000000000001, 'upper': 0.8, 'n': 3, 'mean_probability': 0.6101900049705121, 'observed_rate': 0.3333333333333333}]"
3,2022,return_above_1_percent,F_all_excluding_calendar,hist_gradient,210,0.24761904761904763,0.28860648416104334,0.636319376825706,0.348877693961032,0.49391431353456666,0.2,0.038461538461538464,0.06451612903225806,0.18150915372007204,0.044642104816845496,"[[150, 8], [50, 2]]","[{'lower': 0.0, 'upper': 0.2, 'n': 48, 'mean_probability': 0.16605708243475634, 'observed_rate': 0.10416666666666667}, {'lower': 0.2, 'upper': 0.4, 'n': 128, 'mean_probability': 0.28825028950367815, 'observed_rate': 0.2578125}, {'lower': 0.4, 'upper': 0.6000000000000001, 'n': 33, 'mean_probability': 0.4583128736163398, 'observed_rate': 0.3939393939393939}, {'lower': 0.6000000000000001, 'upper': 0.8, 'n': 1, 'mean_probability': 0.6162598311407681, 'observed_rate': 1.0}]"
4,2023,profitable_after_fees,A_all,dummy,216,0.3333333333333333,0.34911242603550285,0.5,0.3333333333333333,0.5,0.0,0.0,0.0,0.22247120198872594,0.01577909270216954,"[[144, 0], [72, 0]]","[{'lower': 0.2, 'upper': 0.4, 'n': 216, 'mean_probability': 0.34911242603550285, 'observed_rate': 0.3333333333333333}]"
4,2023,profitable_after_fees,A_all,logistic,216,0.3333333333333333,0.2859742866244647,0.5494791666666667,0.3513246471078203,0.4930555555555556,0.25,0.027777777777777776,0.05,0.2299336088853369,0.09840581839715266,"[[138, 6], [70, 2]]","[{'lower': 0.0, 'upper': 0.2, 'n': 50, 'mean_probability': 0.14568069065740244, 'observed_rate': 0.22}, {'lower': 0.2, 'upper': 0.4, 'n': 128, 'mean_probability': 0.2888543752787467, 'observed_rate': 0.3828125}, {'lower': 0.4, 'upper': 0.6000000000000001, 'n': 38, 'mean_probability': 0.46086977216670194, 'observed_rate': 0.3157894736842105}]"
4,2023,profitable_after_fees,A_all,forest,216,0.3333333333333333,0.3033602552312863,0.5012538580246912,0.3206513026742915,0.4861111111111111,0.0,0.0,0.0,0.23560031676166593,0.09361640022901202,"[[140, 4], [72, 0]]","[{'lower': 0.0, 'upper': 0.2, 'n': 49, 'mean_probability': 0.17626116558029384, 'observed_rate': 0.2857142857142857}, {'lower': 0.2, 'upper': 0.4, 'n': 116, 'mean_probability': 0.2932374071276829, 'observed_rate': 0.3620689655172414}, {'lower': 0.4, 'upper': 0.6000000000000001, 'n': 51, 'mean_probability': 0.4484995841120042, 'observed_rate': 0.3137254901960784}]"
4,2023,profitable_after_fees,A_all,hist_gradient,216,0.3333333333333333,0.3111518017069442,0.4794560185185185,0.3152133608347919,0.4722222222222222,0.09090909090909091,0.013888888888888888,0.024096385542168676,0.23968440186210685,0.11525432554269933,"[[134, 10], [71, 1]]","[{'lower': 0.0, 'upper': 0.2, 'n': 36, 'mean_probability': 0.18189232872291902, 'observed_rate': 0.3333333333333333}, {'lower': 0.2, 'upper': 0.4, 'n': 136, 'mean_probability': 0.29124120288024524, 'observed_rate': 0.3602941176470588}, {'lower': 0.4, 'upper': 0.6000000000000001, 'n': 41, 'mean_probability': 0.46713099816499076, 'observed_rate': 0.24390243902439024}, {'lower': 0.6000000000000001, 'upper': 0.8, 'n': 3, 'mean_probability': 0.6331636060656235, 'observed_rate': 0.3333333333333333}]"
4,2023,profitable_after_fees,B_reduced,dummy,216,0.3333333333333333,0.34911242603550285,0.5,0.3333333333333333,0.5,0.0,0.0,0.0,0.22247120198872594,0.01577909270216954,"[[144, 0], [72, 0]]","[{'lower': 0.2, 'upper': 0.4, 'n': 216, 'mean_probability': 0.34911242603550285, 'observed_rate': 0.3333333333333333}]"
4,2023,profitable_after_fees,B_reduced,logistic,216,0.3333333333333333,0.28561767997182674,0.5426311728395061,0.344693509669134,0.49652777777777773,0.25,0.013888888888888888,0.02631578947368421,0.23047581013828394,0.10349242876754086,"[[141, 3], [71, 1]]","[{'lower': 0.0, 'upper': 0.2, 'n': 47, 'mean_probability': 0.14436829696745507, 'observed_rate': 0.2127659574468085}, {'lower': 0.2, 'upper': 0.4, 'n': 134, 'mean_probability': 0.29018072516860066, 'observed_rate': 0.3880597014925373}, {'lower': 0.4, 'upper': 0.6000000000000001, 'n': 35, 'mean_probability': 0.45782547839576293, 'observed_rate': 0.2857142857142857}]"
4,2023,profitable_after_fees,B_reduced,forest,216,0.3333333333333333,0.30877574647234646,0.4960455246913581,0.3147661189703437,0.47916666666666663,0.1111111111111111,0.013888888888888888,0.024691358024691357,0.2360288861863783,0.1080140064048965,"[[136, 8], [71, 1]]","[{'lower': 0.0, 'upper': 0.2, 'n': 34, 'mean_probability': 0.180533004778852, 'observed_rate': 0.3235294117647059}, {'lower': 0.2, 'upper': 0.4, 'n': 134, 'mean_probability': 0.28764287884181816, 'observed_rate': 0.3582089552238806}, {'lower': 0.4, 'upper': 0.6000000000000001, 'n': 48, 'mean_probability': 0.45861027730713017, 'observed_rate': 0.2708333333333333}]"
4,2023,profitable_after_fees,B_reduced,hist_gradient,216,0.3333333333333333,0.3177231342409262,0.5044367283950617,0.3419593462543749,0.4861111111111111,0.23076923076923078,0.041666666666666664,0.07058823529411765,0.23442032970292037,0.09014833668002298,"[[134, 10], [69, 3]]","[{'lower': 0.0, 'upper': 0.2, 'n': 30, 'mean_probability': 0.1794859516757938, 'observed_rate': 0.26666666666666666}, {'lower': 0.2, 'upper': 0.4, 'n': 135, 'mean_probability': 0.2903222191578055, 'observed_rate': 0.35555555555555557}, {'lower': 0.4, 'upper': 0.6000000000000001, 'n': 48, 'mean_probability': 0.46180318097310336, 'observed_rate': 0.3125}, {'lower': 0.6000000000000001, 'upper': 0.8, 'n': 3, 'mean_probability': 0.6278553909178516, 'observed_rate': 0.3333333333333333}]"
4,2023,profitable_after_fees,C_price_trend,dummy,216,0.3333333333333333,0.34911242603550285,0.5,0.3333333333333333,0.5,0.0,0.0,0.0,0.22247120198872594,0.01577909270216954,"[[144, 0], [72, 0]]","[{'lower': 0.2, 'upper': 0.4, 'n': 216, 'mean_probability': 0.34911242603550285, 'observed_rate': 0.3333333333333333}]"
4,2023,profitable_after_fees,C_price_trend,logistic,216,0.3333333333333333,0.31894797873514225,0.47762345679012347,0.32241263114802976,0.49652777777777773,0.25,0.013888888888888888,0.02631578947368421,0.22952768788394454,0.059310147848710915,"[[141, 3], [71, 1]]","[{'lower': 0.0, 'upper': 0.2, 'n': 1, 'mean_probability': 0.19935568381107374, 'observed_rate': 0.0}, {'lower': 0.2, 'upper': 0.4, 'n': 189, 'mean_probability': 0.3018036282313999, 'observed_rate': 0.3439153439153439}, {'lower': 0.4, 'upper': 0.6000000000000001, 'n': 26, 'mean_probability': 0.4481739225863487, 'observed_rate': 0.2692307692307692}]"
4,2023,profitable_after_fees,C_price_trend,forest,216,0.3333333333333333,0.3065438047176017,0.5162037037037037,0.32973403844002647,0.4791666666666667,0.0,0.0,0.0,0.23294290659900824,0.07064154489570773,"[[138, 6], [72, 0]]","[{'lower': 0.0, 'upper': 0.2, 'n': 35, 'mean_probability': 0.18363565030265802, 'observed_rate': 0.2}, {'lower': 0.2, 'upper': 0.4, 'n': 146, 'mean_probability': 0.30171367328884596, 'observed_rate': 0.3698630136986301}, {'lower': 0.4, 'upper': 0.6000000000000001, 'n': 35, 'mean_probability': 0.44960050737821183, 'observed_rate': 0.3142857142857143}]"
4,2023,profitable_after_fees,C_price_trend,hist_gradient,216,0.3333333333333333,0.31185260775724766,0.4962866512345679,0.3116066923651948,0.4652777777777778,0.0,0.0,0.0,0.238155436213315,0.10348341020341245,"[[134, 10], [72, 0]]","[{'lower': 0.0, 'upper': 0.2, 'n': 31, 'mean_probability': 0.18694388230882883, 'observed_rate': 0.2903225806451613}, {'lower': 0.2, 'upper': 0.4, 'n': 139, 'mean_probability': 0.2856734747067663, 'observed_rate': 0.3597122302158273}, {'lower': 0.4, 'upper': 0.6000000000000001, 'n': 45, 'mean_probability': 0.4718797575314231, 'observed_rate': 0.28888888888888886}, {'lower': 0.6000000000000001, 'upper': 0.8, 'n': 1, 'mean_probability': 0.6217008508372601, 'observed_rate': 0.0}]"
4,2023,profitable_after_fees,D_price_trend_volatility,dummy,216,0.3333333333333333,0.34911242603550285,0.5,0.3333333333333333,0.5,0.0,0.0,0.0,0.22247120198872594,0.01577909270216954,"[[144, 0], [72, 0]]","[{'lower': 0.2, 'upper': 0.4, 'n': 216, 'mean_probability': 0.34911242603550285, 'observed_rate': 0.3333333333333333}]"
4,2023,profitable_after_fees,D_price_trend_volatility,logistic,216,0.3333333333333333,0.29521569304098727,0.5402199074074074,0.35543407253838977,0.49652777777777773,0.25,0.013888888888888888,0.02631578947368421,0.22747714566928165,0.07661838598192149,"[[141, 3], [71, 1]]","[{'lower': 0.0, 'upper': 0.2, 'n': 28, 'mean_probability': 0.15972788335208188, 'observed_rate': 0.21428571428571427}, {'lower': 0.2, 'upper': 0.4, 'n': 164, 'mean_probability': 0.29351297822268785, 'observed_rate': 0.3597560975609756}, {'lower': 0.4, 'upper': 0.6000000000000001, 'n': 24, 'mean_probability': 0.46492002226975604, 'observed_rate': 0.2916666666666667}]"
4,2023,profitable_after_fees,D_price_trend_volatility,forest,216,0.3333333333333333,0.3070682283206569,0.5118634259259259,0.3223743234389451,0.4895833333333333,0.16666666666666666,0.013888888888888888,0.02564102564102564,0.23384087311917906,0.08979067173811314,"[[139, 5], [71, 1]]","[{'lower': 0.0, 'upper': 0.2, 'n': 42, 'mean_probability': 0.18002950800511666, 'observed_rate': 0.23809523809523808}, {'lower': 0.2, 'upper': 0.4, 'n': 128, 'mean_probability': 0.29613075605234235, 'observed_rate': 0.375}, {'lower': 0.4, 'upper': 0.6000000000000001, 'n': 46, 'mean_probability': 0.4534948088336339, 'observed_rate': 0.30434782608695654}]"
4,2023,profitable_after_fees,D_price_trend_volatility,hist_gradient,216,0.3333333333333333,0.3107352892206729,0.4943094135802469,0.32107128266412105,0.46875,0.08333333333333333,0.013888888888888888,0.023809523809523808,0.23740859613879556,0.11472770153160554,"[[133, 11], [71, 1]]","[{'lower': 0.0, 'upper': 0.2, 'n': 26, 'mean_probability': 0.18103315280077276, 'observed_rate': 0.38461538461538464}, {'lower': 0.2, 'upper': 0.4, 'n': 146, 'mean_probability': 0.2839860102575287, 'observed_rate': 0.3493150684931507}, {'lower': 0.4, 'upper': 0.6000000000000001, 'n': 42, 'mean_probability': 0.4699649166802087, 'observed_rate': 0.2619047619047619}, {'lower': 0.6000000000000001, 'upper': 0.8, 'n': 2, 'mean_probability': 0.6057382503386548, 'observed_rate': 0.0}]"
4,2023,profitable_after_fees,E_all_excluding_regime,dummy,216,0.3333333333333333,0.34911242603550285,0.5,0.3333333333333333,0.5,0.0,0.0,0.0,0.22247120198872594,0.01577909270216954,"[[144, 0], [72, 0]]","[{'lower': 0.2, 'upper': 0.4, 'n': 216, 'mean_probability': 0.34911242603550285, 'observed_rate': 0.3333333333333333}]"
4,2023,profitable_after_fees,E_all_excluding_regime,logistic,216,0.3333333333333333,0.294012833251237,0.5231481481481481,0.3498628173367897,0.5034722222222222,0.4,0.027777777777777776,0.05194805194805195,0.23069613446817916,0.10182442941112177,"[[141, 3], [70, 2]]","[{'lower': 0.0, 'upper': 0.2, 'n': 30, 'mean_probability': 0.14664591565606652, 'observed_rate': 0.26666666666666666}, {'lower': 0.2, 'upper': 0.4, 'n': 154, 'mean_probability': 0.2880322736691588, 'observed_rate': 0.36363636363636365}, {'lower': 0.4, 'upper': 0.6000000000000001, 'n': 32, 'mean_probability': 0.460950761485461, 'observed_rate': 0.25}]"
4,2023,profitable_after_fees,E_all_excluding_regime,forest,216,0.3333333333333333,0.30413568810689157,0.5054012345679012,0.32256963414442286,0.4861111111111111,0.0,0.0,0.0,0.2338204999174087,0.07959527301405442,"[[140, 4], [72, 0]]","[{'lower': 0.0, 'upper': 0.2, 'n': 39, 'mean_probability': 0.17783361121512092, 'observed_rate': 0.3076923076923077}, {'lower': 0.2, 'upper': 0.4, 'n': 131, 'mean_probability': 0.29247980147050917, 'observed_rate': 0.3435114503816794}, {'lower': 0.4, 'upper': 0.6000000000000001, 'n': 46, 'mean_probability': 0.44441182176222105, 'observed_rate': 0.32608695652173914}]"
4,2023,profitable_after_fees,E_all_excluding_regime,hist_gradient,216,0.3333333333333333,0.3124705141204488,0.4803240740740741,0.3158309334856242,0.4756944444444444,0.1,0.013888888888888888,0.024390243902439025,0.23908692264765458,0.10805638082729445,"[[135, 9], [71, 1]]","[{'lower': 0.0, 'upper': 0.2, 'n': 34, 'mean_probability': 0.1812125237841975, 'observed_rate': 0.29411764705882354}, {'lower': 0.2, 'upper': 0.4, 'n': 142, 'mean_probability': 0.2951795815985772, 'observed_rate': 0.36619718309859156}, {'lower': 0.4, 'upper': 0.6000000000000001, 'n': 37, 'mean_probability': 0.47319639772929123, 'observed_rate': 0.24324324324324326}, {'lower': 0.6000000000000001, 'upper': 0.8, 'n': 3, 'mean_probability': 0.6362126461241662, 'observed_rate': 0.3333333333333333}]"
4,2023,profitable_after_fees,F_all_excluding_calendar,dummy,216,0.3333333333333333,0.34911242603550285,0.5,0.3333333333333333,0.5,0.0,0.0,0.0,0.22247120198872594,0.01577909270216954,"[[144, 0], [72, 0]]","[{'lower': 0.2, 'upper': 0.4, 'n': 216, 'mean_probability': 0.34911242603550285, 'observed_rate': 0.3333333333333333}]"
4,2023,profitable_after_fees,F_all_excluding_calendar,logistic,216,0.3333333333333333,0.2834998915728078,0.5721450617283951,0.3639437076898559,0.4895833333333333,0.16666666666666666,0.013888888888888888,0.02564102564102564,0.22622964529080625,0.10465509894463101,"[[139, 5], [71, 1]]","[{'lower': 0.0, 'upper': 0.2, 'n': 50, 'mean_probability': 0.15008766883026115, 'observed_rate': 0.2}, {'lower': 0.2, 'upper': 0.4, 'n': 138, 'mean_probability': 0.2957308272632611, 'observed_rate': 0.39855072463768115}, {'lower': 0.4, 'upper': 0.6000000000000001, 'n': 28, 'mean_probability': 0.4614549634244069, 'observed_rate': 0.25}]"
4,2023,profitable_after_fees,F_all_excluding_calendar,forest,216,0.3333333333333333,0.3047727067781527,0.494116512345679,0.31558753985025223,0.4756944444444444,0.0,0.0,0.0,0.23663292935950095,0.09421312530777591,"[[137, 7], [72, 0]]","[{'lower': 0.0, 'upper': 0.2, 'n': 44, 'mean_probability': 0.17337332831827165, 'observed_rate': 0.3409090909090909}, {'lower': 0.2, 'upper': 0.4, 'n': 118, 'mean_probability': 0.28908481654912493, 'observed_rate': 0.3389830508474576}, {'lower': 0.4, 'upper': 0.6000000000000001, 'n': 54, 'mean_probability': 0.44611981232000547, 'observed_rate': 0.3148148148148148}]"
4,2023,profitable_after_fees,F_all_excluding_calendar,hist_gradient,216,0.3333333333333333,0.310330825976881,0.48900462962962965,0.32153738099069185,0.46527777777777773,0.07692307692307693,0.013888888888888888,0.023529411764705882,0.23860116685947025,0.09093557550225354,"[[132, 12], [71, 1]]","[{'lower': 0.0, 'upper': 0.2, 'n': 34, 'mean_probability': 0.18003379036008088, 'observed_rate': 0.3235294117647059}, {'lower': 0.2, 'upper': 0.4, 'n': 135, 'mean_probability': 0.2857299124371631, 'observed_rate': 0.34074074074074073}, {'lower': 0.4, 'upper': 0.6000000000000001, 'n': 45, 'mean_probability': 0.4689148967496869, 'observed_rate': 0.3111111111111111}, {'lower': 0.6000000000000001, 'upper': 0.8, 'n': 2, 'mean_probability': 0.6178005030053126, 'observed_rate': 0.5}]"
4,2023,return_above_0_5_percent,A_all,dummy,216,0.2638888888888889,0.3124260355029586,0.5,0.2638888888888889,0.5,0.0,0.0,0.0,0.19660739781131226,0.048537146614069715,"[[159, 0], [57, 0]]","[{'lower': 0.2, 'upper': 0.4, 'n': 216, 'mean_probability': 0.3124260355029586, 'observed_rate': 0.2638888888888889}]"
4,2023,return_above_0_5_percent,A_all,logistic,216,0.2638888888888889,0.2387747494932865,0.5527970870572658,0.2820583534710117,0.5,0.0,0.0,0.0,0.19865288269876327,0.06604334761340379,"[[159, 0], [57, 0]]","[{'lower': 0.0, 'upper': 0.2, 'n': 79, 'mean_probability': 0.1482632374389752, 'observed_rate': 0.189873417721519}, {'lower': 0.2, 'upper': 0.4, 'n': 127, 'mean_probability': 0.27907240665628574, 'observed_rate': 0.33070866141732286}, {'lower': 0.4, 'upper': 0.6000000000000001, 'n': 10, 'mean_probability': 0.44203544875225464, 'observed_rate': 0.0}]"
4,2023,return_above_0_5_percent,A_all,forest,216,0.2638888888888889,0.26843066590536246,0.5243296921549155,0.2652309718411693,0.49056603773584906,0.0,0.0,0.0,0.2036683644929948,0.06830327465975866,"[[156, 3], [57, 0]]","[{'lower': 0.0, 'upper': 0.2, 'n': 72, 'mean_probability': 0.15166043693323486, 'observed_rate': 0.2222222222222222}, {'lower': 0.2, 'upper': 0.4, 'n': 122, 'mean_probability': 0.3048705475027238, 'observed_rate': 0.319672131147541}, {'lower': 0.4, 'upper': 0.6000000000000001, 'n': 22, 'mean_probability': 0.4485120718651402, 'observed_rate': 0.09090909090909091}]"
4,2023,return_above_0_5_percent,A_all,hist_gradient,216,0.2638888888888889,0.27897659715568707,0.49189010261502814,0.25776575471648666,0.4811320754716981,0.0,0.0,0.0,0.20691618911680368,0.0822461304543029,"[[153, 6], [57, 0]]","[{'lower': 0.0, 'upper': 0.2, 'n': 64, 'mean_probability': 0.16792016255858577, 'observed_rate': 0.28125}, {'lower': 0.2, 'upper': 0.4, 'n': 122, 'mean_probability': 0.29330810085339376, 'observed_rate': 0.2540983606557377}, {'lower': 0.4, 'upper': 0.6000000000000001, 'n': 30, 'mean_probability': 0.4576155425921626, 'observed_rate': 0.26666666666666666}]"
4,2023,return_above_0_5_percent,B_reduced,dummy,216,0.2638888888888889,0.3124260355029586,0.5,0.2638888888888889,0.5,0.0,0.0,0.0,0.19660739781131226,0.048537146614069715,"[[159, 0], [57, 0]]","[{'lower': 0.2, 'upper': 0.4, 'n': 216, 'mean_probability': 0.3124260355029586, 'observed_rate': 0.2638888888888889}]"
4,2023,return_above_0_5_percent,B_reduced,logistic,216,0.2638888888888889,0.23983602318359842,0.5497076023391814,0.27889954825348284,0.4968553459119497,0.0,0.0,0.0,0.19881230227748364,0.05765469039089868,"[[158, 1], [57, 0]]","[{'lower': 0.0, 'upper': 0.2, 'n': 75, 'mean_probability': 0.14704615375194618, 'observed_rate': 0.18666666666666668}, {'lower': 0.2, 'upper': 0.4, 'n': 133, 'mean_probability': 0.2793016722572602, 'observed_rate': 0.3233082706766917}, {'lower': 0.4, 'upper': 0.6000000000000001, 'n': 8, 'mean_probability': 0.45362463325571123, 'observed_rate': 0.0}]"
4,2023,return_above_0_5_percent,B_reduced,forest,216,0.2638888888888889,0.2695803921451044,0.5350325499282799,0.26500780716019884,0.48427672955974843,0.0,0.0,0.0,0.20248457315272295,0.06331356002966815,"[[154, 5], [57, 0]]","[{'lower': 0.0, 'upper': 0.2, 'n': 70, 'mean_probability': 0.15334369751958574, 'observed_rate': 0.22857142857142856}, {'lower': 0.2, 'upper': 0.4, 'n': 128, 'mean_probability': 0.30502155501637584, 'observed_rate': 0.3125}, {'lower': 0.4, 'upper': 0.6000000000000001, 'n': 18, 'mean_probability': 0.4695859352708573, 'observed_rate': 0.05555555555555555}]"
4,2023,return_above_0_5_percent,B_reduced,hist_gradient,216,0.2638888888888889,0.2822720236080658,0.5087719298245613,0.2625846600075915,0.4779874213836478,0.0,0.0,0.0,0.20573263481315554,0.06991632307603246,"[[152, 7], [57, 0]]","[{'lower': 0.0, 'upper': 0.2, 'n': 52, 'mean_probability': 0.16220030110499226, 'observed_rate': 0.2692307692307692}, {'lower': 0.2, 'upper': 0.4, 'n': 130, 'mean_probability': 0.28441136723486937, 'observed_rate': 0.26153846153846155}, {'lower': 0.4, 'upper': 0.6000000000000001, 'n': 34, 'mean_probability': 0.4577312853338115, 'observed_rate': 0.2647058823529412}]"
4,2023,return_above_0_5_percent,C_price_trend,dummy,216,0.2638888888888889,0.3124260355029586,0.5,0.2638888888888889,0.5,0.0,0.0,0.0,0.19660739781131226,0.048537146614069715,"[[159, 0], [57, 0]]","[{'lower': 0.2, 'upper': 0.4, 'n': 216, 'mean_probability': 0.3124260355029586, 'observed_rate': 0.2638888888888889}]"
4,2023,return_above_0_5_percent,C_price_trend,logistic,216,0.2638888888888889,0.2804454219556187,0.5284122255323843,0.26710505059558143,0.48742138364779874,0.0,0.0,0.0,0.19985129288914477,0.022505059798085553,"[[155, 4], [57, 0]]","[{'lower': 0.0, 'upper': 0.2, 'n': 17, 'mean_probability': 0.18229523911631013, 'observed_rate': 0.17647058823529413}, {'lower': 0.2, 'upper': 0.4, 'n': 188, 'mean_probability': 0.2784976548564552, 'observed_rate': 0.28191489361702127}, {'lower': 0.4, 'upper': 0.6000000000000001, 'n': 11, 'mean_probability': 0.46542117858389015, 'observed_rate': 0.09090909090909091}]"
4,2023,return_above_0_5_percent,C_price_trend,forest,216,0.2638888888888889,0.2738934875954337,0.5391150833057486,0.2714962587780033,0.4811320754716981,0.0,0.0,0.0,0.2020191044207548,0.05348431429718072,"[[153, 6], [57, 0]]","[{'lower': 0.0, 'upper': 0.2, 'n': 61, 'mean_probability': 0.15252771665920195, 'observed_rate': 0.22950819672131148}, {'lower': 0.2, 'upper': 0.4, 'n': 140, 'mean_probability': 0.3037455835134411, 'observed_rate': 0.29285714285714287}, {'lower': 0.4, 'upper': 0.6000000000000001, 'n': 15, 'mean_probability': 0.4888280608347068, 'observed_rate': 0.13333333333333333}]"
4,2023,return_above_0_5_percent,C_price_trend,hist_gradient,216,0.2638888888888889,0.28730821633246745,0.4989517819706499,0.25590832330666036,0.4779874213836478,0.0,0.0,0.0,0.20560127884950227,0.049509625728968124,"[[152, 7], [57, 0]]","[{'lower': 0.0, 'upper': 0.2, 'n': 42, 'mean_probability': 0.17100589964709353, 'observed_rate': 0.23809523809523808}, {'lower': 0.2, 'upper': 0.4, 'n': 148, 'mean_probability': 0.289731537365131, 'observed_rate': 0.28378378378378377}, {'lower': 0.4, 'upper': 0.6000000000000001, 'n': 26, 'mean_probability': 0.4613869004844481, 'observed_rate': 0.19230769230769232}]"
4,2023,return_above_0_5_percent,D_price_trend_volatility,dummy,216,0.2638888888888889,0.3124260355029586,0.5,0.2638888888888889,0.5,0.0,0.0,0.0,0.19660739781131226,0.048537146614069715,"[[159, 0], [57, 0]]","[{'lower': 0.2, 'upper': 0.4, 'n': 216, 'mean_probability': 0.3124260355029586, 'observed_rate': 0.2638888888888889}]"
4,2023,return_above_0_5_percent,D_price_trend_volatility,logistic,216,0.2638888888888889,0.2466165659465006,0.5402184707050646,0.27785942868104274,0.5,0.0,0.0,0.0,0.19842964362869614,0.04534588594447125,"[[159, 0], [57, 0]]","[{'lower': 0.0, 'upper': 0.2, 'n': 58, 'mean_probability': 0.15787309885720638, 'observed_rate': 0.22413793103448276}, {'lower': 0.2, 'upper': 0.4, 'n': 149, 'mean_probability': 0.26899727319799466, 'observed_rate': 0.28859060402684567}, {'lower': 0.4, 'upper': 0.6000000000000001, 'n': 9, 'mean_probability': 0.4479938671361066, 'observed_rate': 0.1111111111111111}]"
4,2023,return_above_0_5_percent,D_price_trend_volatility,forest,216,0.2638888888888889,0.27312360454058776,0.5252124020743684,0.26586372149485593,0.48742138364779874,0.0,0.0,0.0,0.2035673946417512,0.06394827878949347,"[[155, 4], [57, 0]]","[{'lower': 0.0, 'upper': 0.2, 'n': 61, 'mean_probability': 0.15103442738976763, 'observed_rate': 0.22950819672131148}, {'lower': 0.2, 'upper': 0.4, 'n': 131, 'mean_probability': 0.2967773672545218, 'observed_rate': 0.3053435114503817}, {'lower': 0.4, 'upper': 0.6000000000000001, 'n': 24, 'mean_probability': 0.4543234749853655, 'observed_rate': 0.125}]"
4,2023,return_above_0_5_percent,D_price_trend_volatility,hist_gradient,216,0.2638888888888889,0.2912493912543923,0.4918901026150281,0.25772253302358133,0.48742138364779874,0.0,0.0,0.0,0.20552833382722488,0.05614304618647248,"[[155, 4], [57, 0]]","[{'lower': 0.0, 'upper': 0.2, 'n': 30, 'mean_probability': 0.16304950891117814, 'observed_rate': 0.26666666666666666}, {'lower': 0.2, 'upper': 0.4, 'n': 160, 'mean_probability': 0.28782319680604573, 'observed_rate': 0.26875}, {'lower': 0.4, 'upper': 0.6000000000000001, 'n': 26, 'mean_probability': 0.46025660594792617, 'observed_rate': 0.23076923076923078}]"
4,2023,return_above_0_5_percent,E_all_excluding_regime,dummy,216,0.2638888888888889,0.3124260355029586,0.5,0.2638888888888889,0.5,0.0,0.0,0.0,0.19660739781131226,0.048537146614069715,"[[159, 0], [57, 0]]","[{'lower': 0.2, 'upper': 0.4, 'n': 216, 'mean_probability': 0.3124260355029586, 'observed_rate': 0.2638888888888889}]"
4,2023,return_above_0_5_percent,E_all_excluding_regime,logistic,216,0.2638888888888889,0.24451296043432424,0.5265364669535474,0.2699408669098364,0.5,0.0,0.0,0.0,0.20015481086904968,0.04754818125057769,"[[159, 0], [57, 0]]","[{'lower': 0.0, 'upper': 0.2, 'n': 70, 'mean_probability': 0.15691096014669062, 'observed_rate': 0.22857142857142856}, {'lower': 0.2, 'upper': 0.4, 'n': 137, 'mean_probability': 0.275827948478659, 'observed_rate': 0.291970802919708}, {'lower': 0.4, 'upper': 0.6000000000000001, 'n': 9, 'mean_probability': 0.4491781446632679, 'observed_rate': 0.1111111111111111}]"
4,2023,return_above_0_5_percent,E_all_excluding_regime,forest,216,0.2638888888888889,0.269160118700393,0.5306190003310163,0.2685957821934626,0.49056603773584906,0.0,0.0,0.0,0.2028570979782827,0.06092516360142773,"[[156, 3], [57, 0]]","[{'lower': 0.0, 'upper': 0.2, 'n': 70, 'mean_probability': 0.15325830405329294, 'observed_rate': 0.22857142857142856}, {'lower': 0.2, 'upper': 0.4, 'n': 126, 'mean_probability': 0.3036610624361726, 'observed_rate': 0.30952380952380953}, {'lower': 0.4, 'upper': 0.6000000000000001, 'n': 20, 'mean_probability': 0.45746052442983204, 'observed_rate': 0.1}]"
4,2023,return_above_0_5_percent,E_all_excluding_regime,hist_gradient,216,0.2638888888888889,0.2784374658842202,0.4875868917576961,0.25637834960957323,0.4811320754716981,0.0,0.0,0.0,0.20733452724203694,0.0736723222101873,"[[153, 6], [57, 0]]","[{'lower': 0.0, 'upper': 0.2, 'n': 58, 'mean_probability': 0.16576957787578533, 'observed_rate': 0.27586206896551724}, {'lower': 0.2, 'upper': 0.4, 'n': 132, 'mean_probability': 0.29121197209201966, 'observed_rate': 0.26515151515151514}, {'lower': 0.4, 'upper': 0.6000000000000001, 'n': 26, 'mean_probability': 0.4649183383865157, 'observed_rate': 0.23076923076923078}]"
4,2023,return_above_0_5_percent,F_all_excluding_calendar,dummy,216,0.2638888888888889,0.3124260355029586,0.5,0.2638888888888889,0.5,0.0,0.0,0.0,0.19660739781131226,0.048537146614069715,"[[159, 0], [57, 0]]","[{'lower': 0.2, 'upper': 0.4, 'n': 216, 'mean_probability': 0.3124260355029586, 'observed_rate': 0.2638888888888889}]"
4,2023,return_above_0_5_percent,F_all_excluding_calendar,logistic,216,0.2638888888888889,0.2378226192624565,0.5690168818272096,0.28704025479990447,0.5,0.0,0.0,0.0,0.1966645245106537,0.06110648889748829,"[[159, 0], [57, 0]]","[{'lower': 0.0, 'upper': 0.2, 'n': 70, 'mean_probability': 0.14387756400353421, 'observed_rate': 0.17142857142857143}, {'lower': 0.2, 'upper': 0.4, 'n': 135, 'mean_probability': 0.2704734266605124, 'observed_rate': 0.32592592592592595}, {'lower': 0.4, 'upper': 0.6000000000000001, 'n': 11, 'mean_probability': 0.43494033466127585, 'observed_rate': 0.09090909090909091}]"
4,2023,return_above_0_5_percent,F_all_excluding_calendar,forest,216,0.2638888888888889,0.26725154947845914,0.5267571444334106,0.26442670673550145,0.48427672955974843,0.0,0.0,0.0,0.20414859879332214,0.06035864115677882,"[[154, 5], [57, 0]]","[{'lower': 0.0, 'upper': 0.2, 'n': 74, 'mean_probability': 0.14939582920389904, 'observed_rate': 0.21621621621621623}, {'lower': 0.2, 'upper': 0.4, 'n': 123, 'mean_probability': 0.3072288027451459, 'observed_rate': 0.3170731707317073}, {'lower': 0.4, 'upper': 0.6000000000000001, 'n': 19, 'mean_probability': 0.4674684520318789, 'observed_rate': 0.10526315789473684}]"
4,2023,return_above_0_5_percent,F_all_excluding_calendar,hist_gradient,216,0.2638888888888889,0.28002689957925814,0.49542094229283895,0.2620617215521131,0.48427672955974843,0.0,0.0,0.0,0.2058812157825486,0.09014722800968133,"[[154, 5], [57, 0]]","[{'lower': 0.0, 'upper': 0.2, 'n': 54, 'mean_probability': 0.16679638017619056, 'observed_rate': 0.3148148148148148}, {'lower': 0.2, 'upper': 0.4, 'n': 133, 'mean_probability': 0.28820394410058353, 'observed_rate': 0.24812030075187969}, {'lower': 0.4, 'upper': 0.6000000000000001, 'n': 29, 'mean_probability': 0.45336831773199476, 'observed_rate': 0.2413793103448276}]"
4,2023,return_above_1_percent,A_all,dummy,216,0.21296296296296297,0.3005917159763314,0.5,0.21296296296296297,0.5,0.0,0.0,0.0,0.17528853772367653,0.08762875301336842,"[[170, 0], [46, 0]]","[{'lower': 0.2, 'upper': 0.4, 'n': 216, 'mean_probability': 0.3005917159763314, 'observed_rate': 0.21296296296296297}]"
4,2023,return_above_1_percent,A_all,logistic,216,0.21296296296296297,0.22540856570511222,0.5597186700767263,0.23715254167490896,0.5,0.0,0.0,0.0,0.17062689840673195,0.020197488938793286,"[[170, 0], [46, 0]]","[{'lower': 0.0, 'upper': 0.2, 'n': 89, 'mean_probability': 0.14447667236531203, 'observed_rate': 0.14606741573033707}, {'lower': 0.2, 'upper': 0.4, 'n': 119, 'mean_probability': 0.27146531470798047, 'observed_rate': 0.2773109243697479}, {'lower': 0.4, 'upper': 0.6000000000000001, 'n': 8, 'mean_probability': 0.44068173769272434, 'observed_rate': 0.0}]"
4,2023,return_above_1_percent,A_all,forest,216,0.21296296296296297,0.2531190495350512,0.5305626598465473,0.2191862098213712,0.48823529411764705,0.0,0.0,0.0,0.17779364503411213,0.0561534455831002,"[[166, 4], [46, 0]]","[{'lower': 0.0, 'upper': 0.2, 'n': 76, 'mean_probability': 0.1483195424580357, 'observed_rate': 0.17105263157894737}, {'lower': 0.2, 'upper': 0.4, 'n': 127, 'mean_probability': 0.2929174960546742, 'observed_rate': 0.25984251968503935}, {'lower': 0.4, 'upper': 0.6000000000000001, 'n': 13, 'mean_probability': 0.47699288260128686, 'observed_rate': 0.0}]"
4,2023,return_above_1_percent,A_all,hist_gradient,216,0.21296296296296297,0.25730300181654564,0.489386189258312,0.20210096822708812,0.4852941176470588,0.0,0.0,0.0,0.18340677441622527,0.07118948308931179,"[[165, 5], [46, 0]]","[{'lower': 0.0, 'upper': 0.2, 'n': 81, 'mean_probability': 0.16173160521655872, 'observed_rate': 0.19753086419753085}, {'lower': 0.2, 'upper': 0.4, 'n': 118, 'mean_probability': 0.29150994184120177, 'observed_rate': 0.2542372881355932}, {'lower': 0.4, 'upper': 0.6000000000000001, 'n': 17, 'mean_probability': 0.4752361901512232, 'observed_rate': 0.0}]"
4,2023,return_above_1_percent,B_reduced,dummy,216,0.21296296296296297,0.3005917159763314,0.5,0.21296296296296297,0.5,0.0,0.0,0.0,0.17528853772367653,0.08762875301336842,"[[170, 0], [46, 0]]","[{'lower': 0.2, 'upper': 0.4, 'n': 216, 'mean_probability': 0.3005917159763314, 'observed_rate': 0.21296296296296297}]"
4,2023,return_above_1_percent,B_reduced,logistic,216,0.21296296296296297,0.22631881138443163,0.558695652173913,0.23599199639459917,0.5,0.0,0.0,0.0,0.17079630443684088,0.022836967006516027,"[[170, 0], [46, 0]]","[{'lower': 0.0, 'upper': 0.2, 'n': 91, 'mean_probability': 0.14663230280171438, 'observed_rate': 0.14285714285714285}, {'lower': 0.2, 'upper': 0.4, 'n': 117, 'mean_probability': 0.27329948028046913, 'observed_rate': 0.28205128205128205}, {'lower': 0.4, 'upper': 0.6000000000000001, 'n': 8, 'mean_probability': 0.4456605639082927, 'observed_rate': 0.0}]"
4,2023,return_above_1_percent,B_reduced,forest,216,0.21296296296296297,0.25162555368858847,0.5563938618925832,0.22783643444425244,0.49117647058823527,0.0,0.0,0.0,0.1746183253228551,0.04699979379376359,"[[167, 3], [46, 0]]","[{'lower': 0.0, 'upper': 0.2, 'n': 77, 'mean_probability': 0.14415041647585822, 'observed_rate': 0.15584415584415584}, {'lower': 0.2, 'upper': 0.4, 'n': 126, 'mean_probability': 0.29488593156503384, 'observed_rate': 0.2619047619047619}, {'lower': 0.4, 'upper': 0.6000000000000001, 'n': 13, 'mean_probability': 0.4689161654538273, 'observed_rate': 0.07692307692307693}]"
4,2023,return_above_1_percent,B_reduced,hist_gradient,216,0.21296296296296297,0.2667857112633542,0.5424552429667518,0.23222815567356636,0.4852941176470588,0.0,0.0,0.0,0.1785975474904788,0.07190090515599129,"[[165, 5], [46, 0]]","[{'lower': 0.0, 'upper': 0.2, 'n': 68, 'mean_probability': 0.16246410381757634, 'observed_rate': 0.19117647058823528}, {'lower': 0.2, 'upper': 0.4, 'n': 127, 'mean_probability': 0.2881329541358563, 'observed_rate': 0.23622047244094488}, {'lower': 0.4, 'upper': 0.6000000000000001, 'n': 20, 'mean_probability': 0.4686692415276609, 'observed_rate': 0.15}, {'lower': 0.6000000000000001, 'upper': 0.8, 'n': 1, 'mean_probability': 0.6118845674823434, 'observed_rate': 0.0}]"
4,2023,return_above_1_percent,C_price_trend,dummy,216,0.21296296296296297,0.3005917159763314,0.5,0.21296296296296297,0.5,0.0,0.0,0.0,0.17528853772367653,0.08762875301336842,"[[170, 0], [46, 0]]","[{'lower': 0.2, 'upper': 0.4, 'n': 216, 'mean_probability': 0.3005917159763314, 'observed_rate': 0.21296296296296297}]"
4,2023,return_above_1_percent,C_price_trend,logistic,216,0.21296296296296297,0.263314316916955,0.5447570332480819,0.2274872069918249,0.49117647058823527,0.0,0.0,0.0,0.17407410273428553,0.05035135395399202,"[[167, 3], [46, 0]]","[{'lower': 0.0, 'upper': 0.2, 'n': 32, 'mean_probability': 0.17730778888087573, 'observed_rate': 0.15625}, {'lower': 0.2, 'upper': 0.4, 'n': 174, 'mean_probability': 0.267725206967816, 'observed_rate': 0.22988505747126436}, {'lower': 0.4, 'upper': 0.6000000000000001, 'n': 10, 'mean_probability': 0.46178571974742716, 'observed_rate': 0.1}]"
4,2023,return_above_1_percent,C_price_trend,forest,216,0.21296296296296297,0.26070114902946895,0.5465473145780051,0.2264810642093369,0.47941176470588237,0.0,0.0,0.0,0.17764617411716815,0.07164215267495808,"[[163, 7], [46, 0]]","[{'lower': 0.0, 'upper': 0.2, 'n': 66, 'mean_probability': 0.14270260009526026, 'observed_rate': 0.18181818181818182}, {'lower': 0.2, 'upper': 0.4, 'n': 136, 'mean_probability': 0.2943494114420785, 'observed_rate': 0.2426470588235294}, {'lower': 0.4, 'upper': 0.6000000000000001, 'n': 14, 'mean_probability': 0.49011118771110324, 'observed_rate': 0.07142857142857142}]"
4,2023,return_above_1_percent,C_price_trend,hist_gradient,216,0.21296296296296297,0.2707343865182643,0.5147058823529411,0.21684185321507032,0.4852941176470588,0.0,0.0,0.0,0.17985650982005172,0.0711537453789631,"[[165, 5], [46, 0]]","[{'lower': 0.0, 'upper': 0.2, 'n': 63, 'mean_probability': 0.16753506734991325, 'observed_rate': 0.19047619047619047}, {'lower': 0.2, 'upper': 0.4, 'n': 132, 'mean_probability': 0.29049034701216164, 'observed_rate': 0.23484848484848486}, {'lower': 0.4, 'upper': 0.6000000000000001, 'n': 21, 'mean_probability': 0.4561520209188205, 'observed_rate': 0.14285714285714285}]"
4,2023,return_above_1_percent,D_price_trend_volatility,dummy,216,0.21296296296296297,0.3005917159763314,0.5,0.21296296296296297,0.5,0.0,0.0,0.0,0.17528853772367653,0.08762875301336842,"[[170, 0], [46, 0]]","[{'lower': 0.2, 'upper': 0.4, 'n': 216, 'mean_probability': 0.3005917159763314, 'observed_rate': 0.21296296296296297}]"
4,2023,return_above_1_percent,D_price_trend_volatility,logistic,216,0.21296296296296297,0.23321223848527167,0.5457800511508951,0.2312151630041377,0.5,0.0,0.0,0.0,0.17138054754662133,0.020249275522308676,"[[170, 0], [46, 0]]","[{'lower': 0.0, 'upper': 0.2, 'n': 71, 'mean_probability': 0.16101829999091383, 'observed_rate': 0.15492957746478872}, {'lower': 0.2, 'upper': 0.4, 'n': 140, 'mean_probability': 0.2615450963056163, 'observed_rate': 0.25}, {'lower': 0.4, 'upper': 0.6000000000000001, 'n': 5, 'mean_probability': 0.46504614613550227, 'observed_rate': 0.0}]"
4,2023,return_above_1_percent,D_price_trend_volatility,forest,216,0.21296296296296297,0.25413231555578747,0.5441176470588235,0.2235667812686517,0.49117647058823527,0.0,0.0,0.0,0.17659866445755742,0.06884563839065849,"[[167, 3], [46, 0]]","[{'lower': 0.0, 'upper': 0.2, 'n': 74, 'mean_probability': 0.148796772078837, 'observed_rate': 0.1891891891891892}, {'lower': 0.2, 'upper': 0.4, 'n': 129, 'mean_probability': 0.2919090520609896, 'observed_rate': 0.24806201550387597}, {'lower': 0.4, 'upper': 0.6000000000000001, 'n': 13, 'mean_probability': 0.47887317771911625, 'observed_rate': 0.0}]"
4,2023,return_above_1_percent,D_price_trend_volatility,hist_gradient,216,0.21296296296296297,0.2605879219211024,0.49079283887468034,0.2056590328251477,0.49117647058823527,0.0,0.0,0.0,0.1806668021134962,0.09049741888733669,"[[167, 3], [46, 0]]","[{'lower': 0.0, 'upper': 0.2, 'n': 62, 'mean_probability': 0.16725442463946294, 'observed_rate': 0.24193548387096775}, {'lower': 0.2, 'upper': 0.4, 'n': 138, 'mean_probability': 0.2789663652474596, 'observed_rate': 0.21739130434782608}, {'lower': 0.4, 'upper': 0.6000000000000001, 'n': 16, 'mean_probability': 0.46374115019762513, 'observed_rate': 0.0625}]"
4,2023,return_above_1_percent,E_all_excluding_regime,dummy,216,0.21296296296296297,0.3005917159763314,0.5,0.21296296296296297,0.5,0.0,0.0,0.0,0.17528853772367653,0.08762875301336842,"[[170, 0], [46, 0]]","[{'lower': 0.2, 'upper': 0.4, 'n': 216, 'mean_probability': 0.3005917159763314, 'observed_rate': 0.21296296296296297}]"
4,2023,return_above_1_percent,E_all_excluding_regime,logistic,216,0.21296296296296297,0.23076181402906892,0.5455242966751918,0.22797912732858863,0.5,0.0,0.0,0.0,0.17186736140215672,0.02123012585696051,"[[170, 0], [46, 0]]","[{'lower': 0.0, 'upper': 0.2, 'n': 81, 'mean_probability': 0.15591879410602116, 'observed_rate': 0.16049382716049382}, {'lower': 0.2, 'upper': 0.4, 'n': 129, 'mean_probability': 0.2674248797851121, 'observed_rate': 0.2558139534883721}, {'lower': 0.4, 'upper': 0.6000000000000001, 'n': 6, 'mean_probability': 0.45288666923528775, 'observed_rate': 0.0}]"
4,2023,return_above_1_percent,E_all_excluding_regime,forest,216,0.21296296296296297,0.25480476293382925,0.5508951406649616,0.22693729256623346,0.49411764705882355,0.0,0.0,0.0,0.1758004872940372,0.055965761878507964,"[[168, 2], [46, 0]]","[{'lower': 0.0, 'upper': 0.2, 'n': 77, 'mean_probability': 0.14902093654512585, 'observed_rate': 0.16883116883116883}, {'lower': 0.2, 'upper': 0.4, 'n': 125, 'mean_probability': 0.29580441925970297, 'observed_rate': 0.256}, {'lower': 0.4, 'upper': 0.6000000000000001, 'n': 14, 'mean_probability': 0.470547448019253, 'observed_rate': 0.07142857142857142}]"
4,2023,return_above_1_percent,E_all_excluding_regime,hist_gradient,216,0.21296296296296297,0.25806430353549575,0.4826086956521739,0.1998951871044611,0.4823529411764706,0.0,0.0,0.0,0.18397681167242916,0.07681638932340903,"[[164, 6], [46, 0]]","[{'lower': 0.0, 'upper': 0.2, 'n': 78, 'mean_probability': 0.16121506070391492, 'observed_rate': 0.20512820512820512}, {'lower': 0.2, 'upper': 0.4, 'n': 120, 'mean_probability': 0.2889895388156128, 'observed_rate': 0.25}, {'lower': 0.4, 'upper': 0.6000000000000001, 'n': 18, 'mean_probability': 0.4715761206048989, 'observed_rate': 0.0}]"
4,2023,return_above_1_percent,F_all_excluding_calendar,dummy,216,0.21296296296296297,0.3005917159763314,0.5,0.21296296296296297,0.5,0.0,0.0,0.0,0.17528853772367653,0.08762875301336842,"[[170, 0], [46, 0]]","[{'lower': 0.2, 'upper': 0.4, 'n': 216, 'mean_probability': 0.3005917159763314, 'observed_rate': 0.21296296296296297}]"
4,2023,return_above_1_percent,F_all_excluding_calendar,logistic,216,0.21296296296296297,0.22449270474340358,0.5810741687979539,0.24590095841568965,0.5,0.0,0.0,0.0,0.16853095809085622,0.031906306819092664,"[[170, 0], [46, 0]]","[{'lower': 0.0, 'upper': 0.2, 'n': 82, 'mean_probability': 0.14445656085204212, 'observed_rate': 0.13414634146341464}, {'lower': 0.2, 'upper': 0.4, 'n': 125, 'mean_probability': 0.26239464780660465, 'observed_rate': 0.28}, {'lower': 0.4, 'upper': 0.6000000000000001, 'n': 9, 'mean_probability': 0.4272950287646824, 'observed_rate': 0.0}]"
4,2023,return_above_1_percent,F_all_excluding_calendar,forest,216,0.21296296296296297,0.2504409477823725,0.5350383631713554,0.22152914377466026,0.49117647058823527,0.0,0.0,0.0,0.1768334290244256,0.07281498934554345,"[[167, 3], [46, 0]]","[{'lower': 0.0, 'upper': 0.2, 'n': 77, 'mean_probability': 0.1452416040412668, 'observed_rate': 0.19480519480519481}, {'lower': 0.2, 'upper': 0.4, 'n': 125, 'mean_probability': 0.2920779328277739, 'observed_rate': 0.24}, {'lower': 0.4, 'upper': 0.6000000000000001, 'n': 14, 'mean_probability': 0.45727854331022794, 'observed_rate': 0.07142857142857142}]"
4,2023,return_above_1_percent,F_all_excluding_calendar,hist_gradient,216,0.21296296296296297,0.2538575810781887,0.5038363171355499,0.2093791854196796,0.49117647058823527,0.0,0.0,0.0,0.17997642639560893,0.06953849007713328,"[[167, 3], [46, 0]]","[{'lower': 0.0, 'upper': 0.2, 'n': 75, 'mean_probability': 0.15875282437485314, 'observed_rate': 0.2}, {'lower': 0.2, 'upper': 0.4, 'n': 124, 'mean_probability': 0.2836277046180867, 'observed_rate': 0.25}, {'lower': 0.4, 'upper': 0.6000000000000001, 'n': 17, 'mean_probability': 0.4562906065960015, 'observed_rate': 0.0}]"
5,2024,profitable_after_fees,A_all,dummy,203,0.35960591133004927,0.34460093896713617,0.5,0.35960591133004927,0.5,0.0,0.0,0.0,0.2305146490621458,0.015004972362913094,"[[130, 0], [73, 0]]","[{'lower': 0.2, 'upper': 0.4, 'n': 203, 'mean_probability': 0.34460093896713617, 'observed_rate': 0.35960591133004927}]"
5,2024,profitable_after_fees,A_all,logistic,203,0.35960591133004927,0.33875458448408263,0.539304531085353,0.44283278134189236,0.5402528977871444,0.7777777777777778,0.0958904109589041,0.17073170731707318,0.23353942910460165,0.07292043982466227,"[[128, 2], [66, 7]]","[{'lower': 0.0, 'upper': 0.2, 'n': 19, 'mean_probability': 0.15965830275379264, 'observed_rate': 0.3157894736842105}, {'lower': 0.2, 'upper': 0.4, 'n': 125, 'mean_probability': 0.3075892634448728, 'observed_rate': 0.36}, {'lower': 0.4, 'upper': 0.6000000000000001, 'n': 59, 'mean_probability': 0.4624578808023323, 'observed_rate': 0.3728813559322034}]"
5,2024,profitable_after_fees,A_all,forest,203,0.35960591133004927,0.33943791070441315,0.6062170706006323,0.4519723890209867,0.5021601685985247,0.4,0.0273972602739726,0.05128205128205128,0.22491622599334918,0.02349082874792024,"[[127, 3], [71, 2]]","[{'lower': 0.0, 'upper': 0.2, 'n': 9, 'mean_probability': 0.1819225764423732, 'observed_rate': 0.4444444444444444}, {'lower': 0.2, 'upper': 0.4, 'n': 152, 'mean_probability': 0.32191661599080706, 'observed_rate': 0.3355263157894737}, {'lower': 0.4, 'upper': 0.6000000000000001, 'n': 42, 'mean_probability': 0.4366015965336153, 'observed_rate': 0.42857142857142855}]"
5,2024,profitable_after_fees,A_all,hist_gradient,203,0.35960591133004927,0.3430482273268435,0.5988408851422551,0.4493619739463781,0.5295574288724973,0.6666666666666666,0.0821917808219178,0.14634146341463414,0.22539744314272703,0.022549952153283658,"[[127, 3], [67, 6]]","[{'lower': 0.0, 'upper': 0.2, 'n': 10, 'mean_probability': 0.1773314471969246, 'observed_rate': 0.5}, {'lower': 0.2, 'upper': 0.4, 'n': 137, 'mean_probability': 0.309127965158041, 'observed_rate': 0.31386861313868614}, {'lower': 0.4, 'upper': 0.6000000000000001, 'n': 55, 'mean_probability': 0.45284962239082655, 'observed_rate': 0.45454545454545453}, {'lower': 0.6000000000000001, 'upper': 0.8, 'n': 1, 'mean_probability': 0.6082152172329014, 'observed_rate': 0.0}]"
5,2024,profitable_after_fees,B_reduced,dummy,203,0.35960591133004927,0.34460093896713617,0.5,0.35960591133004927,0.5,0.0,0.0,0.0,0.2305146490621458,0.015004972362913094,"[[130, 0], [73, 0]]","[{'lower': 0.2, 'upper': 0.4, 'n': 203, 'mean_probability': 0.34460093896713617, 'observed_rate': 0.35960591133004927}]"
5,2024,profitable_after_fees,B_reduced,logistic,203,0.35960591133004927,0.3439514191344163,0.5432033719704953,0.4489150120784502,0.5492623814541623,0.6666666666666666,0.136986301369863,0.22727272727272727,0.23217135270129297,0.06545897961676968,"[[125, 5], [63, 10]]","[{'lower': 0.0, 'upper': 0.2, 'n': 19, 'mean_probability': 0.1619533318655586, 'observed_rate': 0.3684210526315789}, {'lower': 0.2, 'upper': 0.4, 'n': 125, 'mean_probability': 0.31227242241101344, 'observed_rate': 0.344}, {'lower': 0.4, 'upper': 0.6000000000000001, 'n': 58, 'mean_probability': 0.46646819781457555, 'observed_rate': 0.3793103448275862}, {'lower': 0.6000000000000001, 'upper': 0.8, 'n': 1, 'mean_probability': 0.6558165042188415, 'observed_rate': 1.0}]"
5,2024,profitable_after_fees,B_reduced,forest,203,0.35960591133004927,0.3381584671771316,0.6036880927291886,0.44048287451098933,0.5128556375131718,0.6,0.0410958904109589,0.07692307692307693,0.2261113979299887,0.03291522134588051,"[[128, 2], [70, 3]]","[{'lower': 0.0, 'upper': 0.2, 'n': 11, 'mean_probability': 0.17687748781224355, 'observed_rate': 0.45454545454545453}, {'lower': 0.2, 'upper': 0.4, 'n': 155, 'mean_probability': 0.3260421747479826, 'observed_rate': 0.3419354838709677}, {'lower': 0.4, 'upper': 0.6000000000000001, 'n': 37, 'mean_probability': 0.43686430770501966, 'observed_rate': 0.40540540540540543}]"
5,2024,profitable_after_fees,B_reduced,hist_gradient,203,0.35960591133004927,0.34307672547673623,0.6043203371970495,0.4586715014507059,0.5364067439409905,0.7,0.0958904109589041,0.1686746987951807,0.22506613282746832,0.027232622062944148,"[[127, 3], [66, 7]]","[{'lower': 0.0, 'upper': 0.2, 'n': 13, 'mean_probability': 0.18268572638764008, 'observed_rate': 0.46153846153846156}, {'lower': 0.2, 'upper': 0.4, 'n': 140, 'mean_probability': 0.3175460240327781, 'observed_rate': 0.3142857142857143}, {'lower': 0.4, 'upper': 0.6000000000000001, 'n': 49, 'mean_probability': 0.4527196337440934, 'observed_rate': 0.46938775510204084}, {'lower': 0.6000000000000001, 'upper': 0.8, 'n': 1, 'mean_probability': 0.6299554106886246, 'observed_rate': 0.0}]"
5,2024,profitable_after_fees,C_price_trend,dummy,203,0.35960591133004927,0.34460093896713617,0.5,0.35960591133004927,0.5,0.0,0.0,0.0,0.2305146490621458,0.015004972362913094,"[[130, 0], [73, 0]]","[{'lower': 0.2, 'upper': 0.4, 'n': 203, 'mean_probability': 0.34460093896713617, 'observed_rate': 0.35960591133004927}]"
5,2024,profitable_after_fees,C_price_trend,logistic,203,0.35960591133004927,0.3313352652819505,0.5595363540569019,0.39881988453809414,0.5021601685985247,0.4,0.0273972602739726,0.05128205128205128,0.23199696029123712,0.07275739914575652,"[[127, 3], [71, 2]]","[{'lower': 0.0, 'upper': 0.2, 'n': 1, 'mean_probability': 0.16299818154571624, 'observed_rate': 0.0}, {'lower': 0.2, 'upper': 0.4, 'n': 168, 'mean_probability': 0.3080098417429981, 'observed_rate': 0.36904761904761907}, {'lower': 0.4, 'upper': 0.6000000000000001, 'n': 33, 'mean_probability': 0.44661107123373067, 'observed_rate': 0.3333333333333333}, {'lower': 0.6000000000000001, 'upper': 0.8, 'n': 1, 'mean_probability': 0.6142419071534225, 'observed_rate': 0.0}]"
5,2024,profitable_after_fees,C_price_trend,forest,203,0.35960591133004927,0.34122678941326884,0.6111696522655427,0.43935448017266077,0.5060063224446787,0.5,0.0273972602739726,0.05194805194805195,0.22624371846173477,0.018379121916780518,"[[128, 2], [71, 2]]","[{'lower': 0.0, 'upper': 0.2, 'n': 5, 'mean_probability': 0.18251808219560167, 'observed_rate': 0.4}, {'lower': 0.2, 'upper': 0.4, 'n': 166, 'mean_probability': 0.32543394807910325, 'observed_rate': 0.3313253012048193}, {'lower': 0.4, 'upper': 0.6000000000000001, 'n': 32, 'mean_probability': 0.44795038933701276, 'observed_rate': 0.5}]"
5,2024,profitable_after_fees,C_price_trend,hist_gradient,203,0.35960591133004927,0.3422009401337499,0.6082191780821917,0.4435791678169197,0.5021601685985247,0.4,0.0273972602739726,0.05128205128205128,0.22540852251802482,0.03100256152603296,"[[127, 3], [71, 2]]","[{'lower': 0.0, 'upper': 0.2, 'n': 7, 'mean_probability': 0.18294478656770097, 'observed_rate': 0.42857142857142855}, {'lower': 0.2, 'upper': 0.4, 'n': 150, 'mean_probability': 0.31586770278978643, 'observed_rate': 0.30666666666666664}, {'lower': 0.4, 'upper': 0.6000000000000001, 'n': 46, 'mean_probability': 0.4523048244067254, 'observed_rate': 0.5217391304347826}]"
5,2024,profitable_after_fees,D_price_trend_volatility,dummy,203,0.35960591133004927,0.34460093896713617,0.5,0.35960591133004927,0.5,0.0,0.0,0.0,0.2305146490621458,0.015004972362913094,"[[130, 0], [73, 0]]","[{'lower': 0.2, 'upper': 0.4, 'n': 203, 'mean_probability': 0.34460093896713617, 'observed_rate': 0.35960591133004927}]"
5,2024,profitable_after_fees,D_price_trend_volatility,logistic,203,0.35960591133004927,0.3349143883822745,0.5657534246575342,0.41387129718899407,0.5013171759747103,0.375,0.0410958904109589,0.07407407407407407,0.23007511842923942,0.06538484888752925,"[[125, 5], [70, 3]]","[{'lower': 0.0, 'upper': 0.2, 'n': 10, 'mean_probability': 0.17106462582010526, 'observed_rate': 0.4}, {'lower': 0.2, 'upper': 0.4, 'n': 146, 'mean_probability': 0.30922330137339443, 'observed_rate': 0.3561643835616438}, {'lower': 0.4, 'upper': 0.6000000000000001, 'n': 47, 'mean_probability': 0.4495823953805337, 'observed_rate': 0.3617021276595745}]"
5,2024,profitable_after_fees,D_price_trend_volatility,forest,203,0.35960591133004927,0.3380651725308314,0.6159114857744994,0.43557370043400556,0.49531085353003157,0.25,0.0136986301369863,0.025974025974025976,0.22546570579817402,0.030245819643063096,"[[127, 3], [72, 1]]","[{'lower': 0.0, 'upper': 0.2, 'n': 8, 'mean_probability': 0.18111517867159915, 'observed_rate': 0.375}, {'lower': 0.2, 'upper': 0.4, 'n': 161, 'mean_probability': 0.3248120676318987, 'observed_rate': 0.34782608695652173}, {'lower': 0.4, 'upper': 0.6000000000000001, 'n': 34, 'mean_probability': 0.4377519325191262, 'observed_rate': 0.4117647058823529}]"
5,2024,profitable_after_fees,D_price_trend_volatility,hist_gradient,203,0.35960591133004927,0.33597925825225206,0.6,0.44049599022350594,0.5051633298208641,0.42857142857142855,0.0410958904109589,0.075,0.22649231227425246,0.040571733497137746,"[[126, 4], [70, 3]]","[{'lower': 0.0, 'upper': 0.2, 'n': 9, 'mean_probability': 0.18002741059567062, 'observed_rate': 0.5555555555555556}, {'lower': 0.2, 'upper': 0.4, 'n': 141, 'mean_probability': 0.3039972841651281, 'observed_rate': 0.3262411347517731}, {'lower': 0.4, 'upper': 0.6000000000000001, 'n': 53, 'mean_probability': 0.4475457672181709, 'observed_rate': 0.41509433962264153}]"
5,2024,profitable_after_fees,E_all_excluding_regime,dummy,203,0.35960591133004927,0.34460093896713617,0.5,0.35960591133004927,0.5,0.0,0.0,0.0,0.2305146490621458,0.015004972362913094,"[[130, 0], [73, 0]]","[{'lower': 0.2, 'upper': 0.4, 'n': 203, 'mean_probability': 0.34460093896713617, 'observed_rate': 0.35960591133004927}]"
5,2024,profitable_after_fees,E_all_excluding_regime,logistic,203,0.35960591133004927,0.33324188436585167,0.5403582718651211,0.4206484845550719,0.5081664910432033,0.4444444444444444,0.0547945205479452,0.0975609756097561,0.23377931353025277,0.07280633969622008,"[[125, 5], [69, 4]]","[{'lower': 0.0, 'upper': 0.2, 'n': 17, 'mean_probability': 0.16909255830977765, 'observed_rate': 0.35294117647058826}, {'lower': 0.2, 'upper': 0.4, 'n': 131, 'mean_probability': 0.30113420143377095, 'observed_rate': 0.3511450381679389}, {'lower': 0.4, 'upper': 0.6000000000000001, 'n': 54, 'mean_probability': 0.4576647174500053, 'observed_rate': 0.37037037037037035}, {'lower': 0.6000000000000001, 'upper': 0.8, 'n': 1, 'mean_probability': 0.6110539048773923, 'observed_rate': 1.0}]"
5,2024,profitable_after_fees,E_all_excluding_regime,forest,203,0.35960591133004927,0.3384736251318054,0.6087460484720759,0.43570905287614053,0.4991570073761855,0.3333333333333333,0.0136986301369863,0.02631578947368421,0.22531008315198578,0.02599828153114901,"[[128, 2], [72, 1]]","[{'lower': 0.0, 'upper': 0.2, 'n': 10, 'mean_probability': 0.17625342830460788, 'observed_rate': 0.3}, {'lower': 0.2, 'upper': 0.4, 'n': 153, 'mean_probability': 0.32322688295699703, 'observed_rate': 0.3464052287581699}, {'lower': 0.4, 'upper': 0.6000000000000001, 'n': 40, 'mean_probability': 0.4373474631572469, 'observed_rate': 0.425}]"
5,2024,profitable_after_fees,E_all_excluding_regime,hist_gradient,203,0.35960591133004927,0.34094341936474976,0.6001053740779768,0.44654438860553747,0.515858798735511,0.5714285714285714,0.0547945205479452,0.1,0.2254656303668838,0.02845670046357903,"[[127, 3], [69, 4]]","[{'lower': 0.0, 'upper': 0.2, 'n': 8, 'mean_probability': 0.17620097660629996, 'observed_rate': 0.5}, {'lower': 0.2, 'upper': 0.4, 'n': 138, 'mean_probability': 0.3043051605983723, 'observed_rate': 0.2971014492753623}, {'lower': 0.4, 'upper': 0.6000000000000001, 'n': 57, 'mean_probability': 0.4527683185196217, 'observed_rate': 0.49122807017543857}]"
5,2024,profitable_after_fees,F_all_excluding_calendar,dummy,203,0.35960591133004927,0.34460093896713617,0.5,0.35960591133004927,0.5,0.0,0.0,0.0,0.2305146490621458,0.015004972362913094,"[[130, 0], [73, 0]]","[{'lower': 0.2, 'upper': 0.4, 'n': 203, 'mean_probability': 0.34460093896713617, 'observed_rate': 0.35960591133004927}]"
5,2024,profitable_after_fees,F_all_excluding_calendar,logistic,203,0.35960591133004927,0.3357549713642702,0.5442571127502633,0.43033656944976173,0.5257112750263435,0.6,0.0821917808219178,0.14457831325301204,0.2326236848453089,0.05456810700699761,"[[126, 4], [67, 6]]","[{'lower': 0.0, 'upper': 0.2, 'n': 19, 'mean_probability': 0.1616902889123688, 'observed_rate': 0.2631578947368421}, {'lower': 0.2, 'upper': 0.4, 'n': 128, 'mean_probability': 0.3074379577694646, 'observed_rate': 0.3515625}, {'lower': 0.4, 'upper': 0.6000000000000001, 'n': 55, 'mean_probability': 0.4566871355397033, 'observed_rate': 0.4}, {'lower': 0.6000000000000001, 'upper': 0.8, 'n': 1, 'mean_probability': 0.6162926484366921, 'observed_rate': 1.0}]"
5,2024,profitable_after_fees,F_all_excluding_calendar,forest,203,0.35960591133004927,0.3394470431214693,0.6168598524762907,0.4464349797336625,0.5030031612223393,0.5,0.0136986301369863,0.02666666666666667,0.22523988790429872,0.03894843385954003,"[[129, 1], [72, 1]]","[{'lower': 0.0, 'upper': 0.2, 'n': 10, 'mean_probability': 0.17897496691141565, 'observed_rate': 0.5}, {'lower': 0.2, 'upper': 0.4, 'n': 154, 'mean_probability': 0.32604454007124456, 'observed_rate': 0.34415584415584416}, {'lower': 0.4, 'upper': 0.6000000000000001, 'n': 39, 'mean_probability': 0.43351643368134474, 'observed_rate': 0.38461538461538464}]"
5,2024,profitable_after_fees,F_all_excluding_calendar,hist_gradient,203,0.35960591133004927,0.3414025003590068,0.5852476290832455,0.4215305881281413,0.5051633298208641,0.42857142857142855,0.0410958904109589,0.075,0.22785686566171745,0.03401358768714147,"[[126, 4], [70, 3]]","[{'lower': 0.0, 'upper': 0.2, 'n': 11, 'mean_probability': 0.17920390789966573, 'observed_rate': 0.36363636363636365}, {'lower': 0.2, 'upper': 0.4, 'n': 136, 'mean_probability': 0.3068289091860148, 'observed_rate': 0.33088235294117646}, {'lower': 0.4, 'upper': 0.6000000000000001, 'n': 56, 'mean_probability': 0.4572273738693581, 'observed_rate': 0.42857142857142855}]"
5,2024,return_above_0_5_percent,A_all,dummy,203,0.29064039408866993,0.30140845070422534,0.5,0.29064039408866993,0.5,0.0,0.0,0.0,0.2062845064559284,0.01076805661555541,"[[144, 0], [59, 0]]","[{'lower': 0.2, 'upper': 0.4, 'n': 203, 'mean_probability': 0.30140845070422534, 'observed_rate': 0.29064039408866993}]"
5,2024,return_above_0_5_percent,A_all,logistic,203,0.29064039408866993,0.2869515502247995,0.5873352165725049,0.38480882854667536,0.5050023540489642,0.5,0.01694915254237288,0.03278688524590164,0.20340758478809598,0.013492702936663076,"[[143, 1], [58, 1]]","[{'lower': 0.0, 'upper': 0.2, 'n': 42, 'mean_probability': 0.16695258214608466, 'observed_rate': 0.19047619047619047}, {'lower': 0.2, 'upper': 0.4, 'n': 132, 'mean_probability': 0.2897277617394719, 'observed_rate': 0.29545454545454547}, {'lower': 0.4, 'upper': 0.6000000000000001, 'n': 29, 'mean_probability': 0.44810661020305, 'observed_rate': 0.41379310344827586}]"
5,2024,return_above_0_5_percent,A_all,forest,203,0.29064039408866993,0.29739567068558137,0.6372410546139359,0.3867027520064292,0.4965277777777778,0.0,0.0,0.0,0.198729259310869,0.016201040003505453,"[[143, 1], [59, 0]]","[{'lower': 0.0, 'upper': 0.2, 'n': 39, 'mean_probability': 0.15490397472386405, 'observed_rate': 0.1794871794871795}, {'lower': 0.2, 'upper': 0.4, 'n': 148, 'mean_probability': 0.3187524548345194, 'observed_rate': 0.30405405405405406}, {'lower': 0.4, 'upper': 0.6000000000000001, 'n': 16, 'mean_probability': 0.4471689262145895, 'observed_rate': 0.4375}]"
5,2024,return_above_0_5_percent,A_all,hist_gradient,203,0.29064039408866993,0.30138551415935594,0.612758945386064,0.3523907531926247,0.501530131826742,0.3333333333333333,0.01694915254237288,0.03225806451612903,0.20079009216086133,0.02650059097665581,"[[142, 2], [58, 1]]","[{'lower': 0.0, 'upper': 0.2, 'n': 39, 'mean_probability': 0.15819166716431987, 'observed_rate': 0.1794871794871795}, {'lower': 0.2, 'upper': 0.4, 'n': 128, 'mean_probability': 0.30649488034090305, 'observed_rate': 0.3125}, {'lower': 0.4, 'upper': 0.6000000000000001, 'n': 36, 'mean_probability': 0.4383455464251443, 'observed_rate': 0.3333333333333333}]"
5,2024,return_above_0_5_percent,B_reduced,dummy,203,0.29064039408866993,0.30140845070422534,0.5,0.29064039408866993,0.5,0.0,0.0,0.0,0.2062845064559284,0.01076805661555541,"[[144, 0], [59, 0]]","[{'lower': 0.2, 'upper': 0.4, 'n': 203, 'mean_probability': 0.30140845070422534, 'observed_rate': 0.29064039408866993}]"
5,2024,return_above_0_5_percent,B_reduced,logistic,203,0.29064039408866993,0.2897007092449603,0.5895715630885121,0.3868434488208597,0.5100047080979284,0.5,0.03389830508474576,0.06349206349206349,0.20256146243749212,0.027871033254504823,"[[142, 2], [57, 2]]","[{'lower': 0.0, 'upper': 0.2, 'n': 39, 'mean_probability': 0.16470418739853196, 'observed_rate': 0.23076923076923078}, {'lower': 0.2, 'upper': 0.4, 'n': 133, 'mean_probability': 0.2878477509718113, 'observed_rate': 0.2781954887218045}, {'lower': 0.4, 'upper': 0.6000000000000001, 'n': 30, 'mean_probability': 0.4483260328148269, 'observed_rate': 0.4}, {'lower': 0.6000000000000001, 'upper': 0.8, 'n': 1, 'mean_probability': 0.6522488044884875, 'observed_rate': 1.0}]"
5,2024,return_above_0_5_percent,B_reduced,forest,203,0.29064039408866993,0.2941294418543669,0.6308851224105463,0.3820435318050159,0.4965277777777778,0.0,0.0,0.0,0.19917200556038558,0.03459777077771954,"[[143, 1], [59, 0]]","[{'lower': 0.0, 'upper': 0.2, 'n': 36, 'mean_probability': 0.15545068073557144, 'observed_rate': 0.19444444444444445}, {'lower': 0.2, 'upper': 0.4, 'n': 153, 'mean_probability': 0.31284844498141684, 'observed_rate': 0.2875816993464052}, {'lower': 0.4, 'upper': 0.6000000000000001, 'n': 14, 'mean_probability': 0.44616000769993863, 'observed_rate': 0.5714285714285714}]"
5,2024,return_above_0_5_percent,B_reduced,hist_gradient,203,0.29064039408866993,0.2988840602949756,0.6229990583804144,0.38366618881453596,0.49805790960451973,0.25,0.01694915254237288,0.031746031746031744,0.1996111535597583,0.01621415520690336,"[[141, 3], [58, 1]]","[{'lower': 0.0, 'upper': 0.2, 'n': 39, 'mean_probability': 0.15874347093434166, 'observed_rate': 0.1794871794871795}, {'lower': 0.2, 'upper': 0.4, 'n': 135, 'mean_probability': 0.30882082355224916, 'observed_rate': 0.2962962962962963}, {'lower': 0.4, 'upper': 0.6000000000000001, 'n': 29, 'mean_probability': 0.44109164461679545, 'observed_rate': 0.41379310344827586}]"
5,2024,return_above_0_5_percent,C_price_trend,dummy,203,0.29064039408866993,0.30140845070422534,0.5,0.29064039408866993,0.5,0.0,0.0,0.0,0.2062845064559284,0.01076805661555541,"[[144, 0], [59, 0]]","[{'lower': 0.2, 'upper': 0.4, 'n': 203, 'mean_probability': 0.30140845070422534, 'observed_rate': 0.29064039408866993}]"
5,2024,return_above_0_5_percent,C_price_trend,logistic,203,0.29064039408866993,0.28879928483865164,0.5825094161958568,0.3459485027694461,0.5100047080979284,0.5,0.03389830508474576,0.06349206349206349,0.20509348803736205,0.036605155519919996,"[[142, 2], [57, 2]]","[{'lower': 0.0, 'upper': 0.2, 'n': 17, 'mean_probability': 0.1787539616949279, 'observed_rate': 0.23529411764705882}, {'lower': 0.2, 'upper': 0.4, 'n': 165, 'mean_probability': 0.27914476834568175, 'observed_rate': 0.296969696969697}, {'lower': 0.4, 'upper': 0.6000000000000001, 'n': 21, 'mean_probability': 0.45374050935214366, 'observed_rate': 0.2857142857142857}]"
5,2024,return_above_0_5_percent,C_price_trend,forest,203,0.29064039408866993,0.29590578495783193,0.6365348399246705,0.3885858381466019,0.501530131826742,0.3333333333333333,0.01694915254237288,0.03225806451612903,0.1996879427337714,0.02658250028979307,"[[142, 2], [58, 1]]","[{'lower': 0.0, 'upper': 0.2, 'n': 32, 'mean_probability': 0.15113479355643578, 'observed_rate': 0.21875}, {'lower': 0.2, 'upper': 0.4, 'n': 157, 'mean_probability': 0.31060647242798795, 'observed_rate': 0.2929936305732484}, {'lower': 0.4, 'upper': 0.6000000000000001, 'n': 14, 'mean_probability': 0.4619531986742735, 'observed_rate': 0.42857142857142855}]"
5,2024,return_above_0_5_percent,C_price_trend,hist_gradient,203,0.29064039408866993,0.29982214479360203,0.6207627118644068,0.37562035451946113,0.501530131826742,0.3333333333333333,0.01694915254237288,0.03225806451612903,0.20122951722228447,0.0417488647730357,"[[142, 2], [58, 1]]","[{'lower': 0.0, 'upper': 0.2, 'n': 36, 'mean_probability': 0.1581788311690967, 'observed_rate': 0.25}, {'lower': 0.2, 'upper': 0.4, 'n': 139, 'mean_probability': 0.30715518637933314, 'observed_rate': 0.2949640287769784}, {'lower': 0.4, 'upper': 0.6000000000000001, 'n': 28, 'mean_probability': 0.44553166301022934, 'observed_rate': 0.32142857142857145}]"
5,2024,return_above_0_5_percent,D_price_trend_volatility,dummy,203,0.29064039408866993,0.30140845070422534,0.5,0.29064039408866993,0.5,0.0,0.0,0.0,0.2062845064559284,0.01076805661555541,"[[144, 0], [59, 0]]","[{'lower': 0.2, 'upper': 0.4, 'n': 203, 'mean_probability': 0.30140845070422534, 'observed_rate': 0.29064039408866993}]"
5,2024,return_above_0_5_percent,D_price_trend_volatility,logistic,203,0.29064039408866993,0.28614248854952873,0.6028719397363466,0.3807998428515015,0.5100047080979284,0.5,0.03389830508474576,0.06349206349206349,0.20190788617662292,0.03400214533054479,"[[142, 2], [57, 2]]","[{'lower': 0.0, 'upper': 0.2, 'n': 30, 'mean_probability': 0.1697414945575623, 'observed_rate': 0.3}, {'lower': 0.2, 'upper': 0.4, 'n': 152, 'mean_probability': 0.28644978800508225, 'observed_rate': 0.28289473684210525}, {'lower': 0.4, 'upper': 0.6000000000000001, 'n': 21, 'mean_probability': 0.45020536009785517, 'observed_rate': 0.3333333333333333}]"
5,2024,return_above_0_5_percent,D_price_trend_volatility,forest,203,0.29064039408866993,0.2936836329734007,0.6430084745762712,0.38244580573518494,0.4930555555555556,0.0,0.0,0.0,0.19867453085923545,0.019339868524139,"[[142, 2], [59, 0]]","[{'lower': 0.0, 'upper': 0.2, 'n': 34, 'mean_probability': 0.15723212034117828, 'observed_rate': 0.20588235294117646}, {'lower': 0.2, 'upper': 0.4, 'n': 157, 'mean_probability': 0.3109088391950295, 'observed_rate': 0.3057324840764331}, {'lower': 0.4, 'upper': 0.6000000000000001, 'n': 12, 'mean_probability': 0.454933137365054, 'observed_rate': 0.3333333333333333}]"
5,2024,return_above_0_5_percent,D_price_trend_volatility,hist_gradient,203,0.29064039408866993,0.2955194781463195,0.6268832391713747,0.3774922975640752,0.501530131826742,0.3333333333333333,0.01694915254237288,0.03225806451612903,0.1995070170034619,0.024694548844171483,"[[142, 2], [58, 1]]","[{'lower': 0.0, 'upper': 0.2, 'n': 37, 'mean_probability': 0.16212216177599362, 'observed_rate': 0.1891891891891892}, {'lower': 0.2, 'upper': 0.4, 'n': 139, 'mean_probability': 0.3020878441615559, 'observed_rate': 0.30935251798561153}, {'lower': 0.4, 'upper': 0.6000000000000001, 'n': 27, 'mean_probability': 0.4445082866494384, 'observed_rate': 0.3333333333333333}]"
5,2024,return_above_0_5_percent,E_all_excluding_regime,dummy,203,0.29064039408866993,0.30140845070422534,0.5,0.29064039408866993,0.5,0.0,0.0,0.0,0.2062845064559284,0.01076805661555541,"[[144, 0], [59, 0]]","[{'lower': 0.2, 'upper': 0.4, 'n': 203, 'mean_probability': 0.30140845070422534, 'observed_rate': 0.29064039408866993}]"
5,2024,return_above_0_5_percent,E_all_excluding_regime,logistic,203,0.29064039408866993,0.2837579940941026,0.594632768361582,0.3924290019590052,0.5169491525423728,1.0,0.03389830508474576,0.06557377049180328,0.20228412671099769,0.025045977491932297,"[[144, 0], [57, 2]]","[{'lower': 0.0, 'upper': 0.2, 'n': 41, 'mean_probability': 0.17110093926382236, 'observed_rate': 0.1951219512195122}, {'lower': 0.2, 'upper': 0.4, 'n': 136, 'mean_probability': 0.2848833174654674, 'observed_rate': 0.3014705882352941}, {'lower': 0.4, 'upper': 0.6000000000000001, 'n': 26, 'mean_probability': 0.45552319676855935, 'observed_rate': 0.38461538461538464}]"
5,2024,return_above_0_5_percent,E_all_excluding_regime,forest,203,0.29064039408866993,0.29531717987690836,0.6333568738229755,0.39061992707375437,0.5050023540489642,0.5,0.01694915254237288,0.03278688524590164,0.19856731949590606,0.018734846445414264,"[[143, 1], [58, 1]]","[{'lower': 0.0, 'upper': 0.2, 'n': 36, 'mean_probability': 0.15480852342490695, 'observed_rate': 0.19444444444444445}, {'lower': 0.2, 'upper': 0.4, 'n': 152, 'mean_probability': 0.31340277846456327, 'observed_rate': 0.3026315789473684}, {'lower': 0.4, 'upper': 0.6000000000000001, 'n': 15, 'mean_probability': 0.4492705563401419, 'observed_rate': 0.4}]"
5,2024,return_above_0_5_percent,E_all_excluding_regime,hist_gradient,203,0.29064039408866993,0.30063569495056586,0.6216454802259886,0.3744634912787901,0.501530131826742,0.3333333333333333,0.01694915254237288,0.03225806451612903,0.19922838031496248,0.04453695301608435,"[[142, 2], [58, 1]]","[{'lower': 0.0, 'upper': 0.2, 'n': 36, 'mean_probability': 0.15610380090838713, 'observed_rate': 0.1388888888888889}, {'lower': 0.2, 'upper': 0.4, 'n': 133, 'mean_probability': 0.3044663331304502, 'observed_rate': 0.3308270676691729}, {'lower': 0.4, 'upper': 0.6000000000000001, 'n': 34, 'mean_probability': 0.438684909879796, 'observed_rate': 0.29411764705882354}]"
5,2024,return_above_0_5_percent,F_all_excluding_calendar,dummy,203,0.29064039408866993,0.30140845070422534,0.5,0.29064039408866993,0.5,0.0,0.0,0.0,0.2062845064559284,0.01076805661555541,"[[144, 0], [59, 0]]","[{'lower': 0.2, 'upper': 0.4, 'n': 203, 'mean_probability': 0.30140845070422534, 'observed_rate': 0.29064039408866993}]"
5,2024,return_above_0_5_percent,F_all_excluding_calendar,logistic,203,0.29064039408866993,0.2854785461489846,0.5876883239171375,0.374720714600431,0.501530131826742,0.3333333333333333,0.01694915254237288,0.03225806451612903,0.20316444429400815,0.021944419439742457,"[[142, 2], [58, 1]]","[{'lower': 0.0, 'upper': 0.2, 'n': 38, 'mean_probability': 0.1644398384470547, 'observed_rate': 0.23684210526315788}, {'lower': 0.2, 'upper': 0.4, 'n': 137, 'mean_probability': 0.2860376567327753, 'observed_rate': 0.2773722627737226}, {'lower': 0.4, 'upper': 0.6000000000000001, 'n': 28, 'mean_probability': 0.4470097155309135, 'observed_rate': 0.42857142857142855}]"
5,2024,return_above_0_5_percent,F_all_excluding_calendar,forest,203,0.29064039408866993,0.29508834497449676,0.6299435028248588,0.37948233338077314,0.4965277777777778,0.0,0.0,0.0,0.1994409908623081,0.014113496466381818,"[[143, 1], [59, 0]]","[{'lower': 0.0, 'upper': 0.2, 'n': 39, 'mean_probability': 0.15433197752752995, 'observed_rate': 0.1794871794871795}, {'lower': 0.2, 'upper': 0.4, 'n': 151, 'mean_probability': 0.3181120705400203, 'observed_rate': 0.31125827814569534}, {'lower': 0.4, 'upper': 0.6000000000000001, 'n': 13, 'mean_probability': 0.4499280195927779, 'observed_rate': 0.38461538461538464}]"
5,2024,return_above_0_5_percent,F_all_excluding_calendar,hist_gradient,203,0.29064039408866993,0.29951472949392227,0.6149952919020716,0.3583836811648117,0.4930555555555556,0.0,0.0,0.0,0.20088070616644876,0.01846757663610579,"[[142, 2], [59, 0]]","[{'lower': 0.0, 'upper': 0.2, 'n': 36, 'mean_probability': 0.15559900618068515, 'observed_rate': 0.16666666666666666}, {'lower': 0.2, 'upper': 0.4, 'n': 133, 'mean_probability': 0.30394527663581733, 'observed_rate': 0.3082706766917293}, {'lower': 0.4, 'upper': 0.6000000000000001, 'n': 34, 'mean_probability': 0.4345648256528779, 'observed_rate': 0.35294117647058826}]"
5,2024,return_above_1_percent,A_all,dummy,203,0.24630541871921183,0.2816901408450705,0.5,0.24630541871921183,0.5,0.0,0.0,0.0,0.18689113798868975,0.035384722125858664,"[[153, 0], [50, 0]]","[{'lower': 0.2, 'upper': 0.4, 'n': 203, 'mean_probability': 0.2816901408450705, 'observed_rate': 0.24630541871921183}]"
5,2024,return_above_1_percent,A_all,logistic,203,0.24630541871921183,0.26251247161351837,0.5584313725490195,0.32460687607222916,0.5067320261437909,0.5,0.02,0.038461538461538464,0.18733863135407577,0.019982096375845006,"[[152, 1], [49, 1]]","[{'lower': 0.0, 'upper': 0.2, 'n': 58, 'mean_probability': 0.15931376656041954, 'observed_rate': 0.15517241379310345}, {'lower': 0.2, 'upper': 0.4, 'n': 127, 'mean_probability': 0.2817838943555665, 'observed_rate': 0.2755905511811024}, {'lower': 0.4, 'upper': 0.6000000000000001, 'n': 17, 'mean_probability': 0.44979091807406535, 'observed_rate': 0.29411764705882354}, {'lower': 0.6000000000000001, 'upper': 0.8, 'n': 1, 'mean_probability': 0.6168330866238512, 'observed_rate': 1.0}]"
5,2024,return_above_1_percent,A_all,forest,203,0.24630541871921183,0.27523212776767425,0.5891503267973857,0.326957217836369,0.51,1.0,0.02,0.0392156862745098,0.18464420626199782,0.04463276134565287,"[[153, 0], [49, 1]]","[{'lower': 0.0, 'upper': 0.2, 'n': 45, 'mean_probability': 0.14235190426300373, 'observed_rate': 0.17777777777777778}, {'lower': 0.2, 'upper': 0.4, 'n': 147, 'mean_probability': 0.3021063224927643, 'observed_rate': 0.25170068027210885}, {'lower': 0.4, 'upper': 0.6000000000000001, 'n': 11, 'mean_probability': 0.45969607623330416, 'observed_rate': 0.45454545454545453}]"
5,2024,return_above_1_percent,A_all,hist_gradient,203,0.24630541871921183,0.27271909389341725,0.5615686274509804,0.3191063050434104,0.5167320261437909,0.6666666666666666,0.04,0.07547169811320754,0.1873584925470749,0.02898376812857538,"[[152, 1], [48, 2]]","[{'lower': 0.0, 'upper': 0.2, 'n': 52, 'mean_probability': 0.1488295300986816, 'observed_rate': 0.15384615384615385}, {'lower': 0.2, 'upper': 0.4, 'n': 134, 'mean_probability': 0.29866991495934536, 'observed_rate': 0.27611940298507465}, {'lower': 0.4, 'upper': 0.6000000000000001, 'n': 17, 'mean_probability': 0.4471218759223512, 'observed_rate': 0.29411764705882354}]"
5,2024,return_above_1_percent,B_reduced,dummy,203,0.24630541871921183,0.2816901408450705,0.5,0.24630541871921183,0.5,0.0,0.0,0.0,0.18689113798868975,0.035384722125858664,"[[153, 0], [50, 0]]","[{'lower': 0.2, 'upper': 0.4, 'n': 203, 'mean_probability': 0.2816901408450705, 'observed_rate': 0.24630541871921183}]"
5,2024,return_above_1_percent,B_reduced,logistic,203,0.24630541871921183,0.26482571101393704,0.5593464052287582,0.3347364134517691,0.52,1.0,0.04,0.07692307692307693,0.18670695831086767,0.021760181079794327,"[[153, 0], [48, 2]]","[{'lower': 0.0, 'upper': 0.2, 'n': 61, 'mean_probability': 0.1630271782507951, 'observed_rate': 0.14754098360655737}, {'lower': 0.2, 'upper': 0.4, 'n': 121, 'mean_probability': 0.28226002309085557, 'observed_rate': 0.2809917355371901}, {'lower': 0.4, 'upper': 0.6000000000000001, 'n': 20, 'mean_probability': 0.4495173690110851, 'observed_rate': 0.3}, {'lower': 0.6000000000000001, 'upper': 0.8, 'n': 1, 'mean_probability': 0.6711512883154782, 'observed_rate': 1.0}]"
5,2024,return_above_1_percent,B_reduced,forest,203,0.24630541871921183,0.2729362958654063,0.6071895424836602,0.337650411340734,0.5034640522875817,0.3333333333333333,0.02,0.03773584905660377,0.18330326123830165,0.03842274962554922,"[[151, 2], [49, 1]]","[{'lower': 0.0, 'upper': 0.2, 'n': 46, 'mean_probability': 0.14789402050751072, 'observed_rate': 0.17391304347826086}, {'lower': 0.2, 'upper': 0.4, 'n': 145, 'mean_probability': 0.29769893923788543, 'observed_rate': 0.25517241379310346}, {'lower': 0.4, 'upper': 0.6000000000000001, 'n': 12, 'mean_probability': 0.45304974398655, 'observed_rate': 0.4166666666666667}]"
5,2024,return_above_1_percent,B_reduced,hist_gradient,203,0.24630541871921183,0.270056059402912,0.576078431372549,0.30841909668439016,0.5167320261437909,0.6666666666666666,0.04,0.07547169811320754,0.18523348356937042,0.035788349952510484,"[[152, 1], [48, 2]]","[{'lower': 0.0, 'upper': 0.2, 'n': 57, 'mean_probability': 0.15400302647746927, 'observed_rate': 0.17543859649122806}, {'lower': 0.2, 'upper': 0.4, 'n': 130, 'mean_probability': 0.2985860246089009, 'observed_rate': 0.27692307692307694}, {'lower': 0.4, 'upper': 0.6000000000000001, 'n': 16, 'mean_probability': 0.4516890219011416, 'observed_rate': 0.25}]"
5,2024,return_above_1_percent,C_price_trend,dummy,203,0.24630541871921183,0.2816901408450705,0.5,0.24630541871921183,0.5,0.0,0.0,0.0,0.18689113798868975,0.035384722125858664,"[[153, 0], [50, 0]]","[{'lower': 0.2, 'upper': 0.4, 'n': 203, 'mean_probability': 0.2816901408450705, 'observed_rate': 0.24630541871921183}]"
5,2024,return_above_1_percent,C_price_trend,logistic,203,0.24630541871921183,0.2657029275231502,0.5652287581699347,0.3041010922250158,0.5167320261437909,0.6666666666666666,0.04,0.07547169811320754,0.18651849419107916,0.0384782578676959,"[[152, 1], [48, 2]]","[{'lower': 0.0, 'upper': 0.2, 'n': 40, 'mean_probability': 0.17658259925071537, 'observed_rate': 0.225}, {'lower': 0.2, 'upper': 0.4, 'n': 148, 'mean_probability': 0.2699717976112271, 'observed_rate': 0.25675675675675674}, {'lower': 0.4, 'upper': 0.6000000000000001, 'n': 15, 'mean_probability': 0.46123761804728486, 'observed_rate': 0.2}]"
5,2024,return_above_1_percent,C_price_trend,forest,203,0.24630541871921183,0.2759020603477966,0.6256209150326797,0.34637856445999415,0.5034640522875817,0.3333333333333333,0.02,0.03773584905660377,0.18219447883578876,0.033481718391262856,"[[151, 2], [49, 1]]","[{'lower': 0.0, 'upper': 0.2, 'n': 44, 'mean_probability': 0.15012874337700385, 'observed_rate': 0.1590909090909091}, {'lower': 0.2, 'upper': 0.4, 'n': 144, 'mean_probability': 0.29498272769849937, 'observed_rate': 0.2569444444444444}, {'lower': 0.4, 'upper': 0.6000000000000001, 'n': 15, 'mean_probability': 0.4616627168953744, 'observed_rate': 0.4}]"
5,2024,return_above_1_percent,C_price_trend,hist_gradient,203,0.24630541871921183,0.27503731105038387,0.608235294117647,0.3362988786422192,0.5001960784313725,0.25,0.02,0.037037037037037035,0.18347909587303238,0.06066563413571534,"[[150, 3], [49, 1]]","[{'lower': 0.0, 'upper': 0.2, 'n': 50, 'mean_probability': 0.15517450413677725, 'observed_rate': 0.22}, {'lower': 0.2, 'upper': 0.4, 'n': 138, 'mean_probability': 0.2985752062213913, 'observed_rate': 0.2463768115942029}, {'lower': 0.4, 'upper': 0.6000000000000001, 'n': 15, 'mean_probability': 0.4580313651891387, 'observed_rate': 0.3333333333333333}]"
5,2024,return_above_1_percent,D_price_trend_volatility,dummy,203,0.24630541871921183,0.2816901408450705,0.5,0.24630541871921183,0.5,0.0,0.0,0.0,0.18689113798868975,0.035384722125858664,"[[153, 0], [50, 0]]","[{'lower': 0.2, 'upper': 0.4, 'n': 203, 'mean_probability': 0.2816901408450705, 'observed_rate': 0.24630541871921183}]"
5,2024,return_above_1_percent,D_price_trend_volatility,logistic,203,0.24630541871921183,0.26102133992173354,0.5820915032679739,0.3221791840026428,0.5067320261437909,0.5,0.02,0.038461538461538464,0.1847066427203144,0.016281461763481952,"[[152, 1], [49, 1]]","[{'lower': 0.0, 'upper': 0.2, 'n': 47, 'mean_probability': 0.16683186453324556, 'observed_rate': 0.1702127659574468}, {'lower': 0.2, 'upper': 0.4, 'n': 143, 'mean_probability': 0.27425044977520485, 'observed_rate': 0.25874125874125875}, {'lower': 0.4, 'upper': 0.6000000000000001, 'n': 13, 'mean_probability': 0.4560323117842373, 'observed_rate': 0.38461538461538464}]"
5,2024,return_above_1_percent,D_price_trend_volatility,forest,203,0.24630541871921183,0.2694234285760298,0.6079738562091502,0.3357747911934571,0.5067320261437909,0.5,0.02,0.038461538461538464,0.18330203045259788,0.04061486703262403,"[[152, 1], [49, 1]]","[{'lower': 0.0, 'upper': 0.2, 'n': 43, 'mean_probability': 0.14474579061989953, 'observed_rate': 0.18604651162790697}, {'lower': 0.2, 'upper': 0.4, 'n': 150, 'mean_probability': 0.29165403817073, 'observed_rate': 0.26}, {'lower': 0.4, 'upper': 0.6000000000000001, 'n': 10, 'mean_probability': 0.4720781278668859, 'observed_rate': 0.3}]"
5,2024,return_above_1_percent,D_price_trend_volatility,hist_gradient,203,0.24630541871921183,0.26778250059588754,0.5902614379084967,0.31752745493635337,0.5167320261437909,0.6666666666666666,0.04,0.07547169811320754,0.18449852782440967,0.049351940667773236,"[[152, 1], [48, 2]]","[{'lower': 0.0, 'upper': 0.2, 'n': 59, 'mean_probability': 0.15543562428311192, 'observed_rate': 0.2033898305084746}, {'lower': 0.2, 'upper': 0.4, 'n': 121, 'mean_probability': 0.29008448991922975, 'observed_rate': 0.2727272727272727}, {'lower': 0.4, 'upper': 0.6000000000000001, 'n': 23, 'mean_probability': 0.4386488046971638, 'observed_rate': 0.21739130434782608}]"
5,2024,return_above_1_percent,E_all_excluding_regime,dummy,203,0.24630541871921183,0.2816901408450705,0.5,0.24630541871921183,0.5,0.0,0.0,0.0,0.18689113798868975,0.035384722125858664,"[[153, 0], [50, 0]]","[{'lower': 0.2, 'upper': 0.4, 'n': 203, 'mean_probability': 0.2816901408450705, 'observed_rate': 0.24630541871921183}]"
5,2024,return_above_1_percent,E_all_excluding_regime,logistic,203,0.24630541871921183,0.2596568921433554,0.5597385620915033,0.32543323089605514,0.5167320261437909,0.6666666666666666,0.04,0.07547169811320754,0.18664686160667238,0.024858406188446452,"[[152, 1], [48, 2]]","[{'lower': 0.0, 'upper': 0.2, 'n': 57, 'mean_probability': 0.1618204199186076, 'observed_rate': 0.17543859649122806}, {'lower': 0.2, 'upper': 0.4, 'n': 128, 'mean_probability': 0.27533371386827815, 'observed_rate': 0.2578125}, {'lower': 0.4, 'upper': 0.6000000000000001, 'n': 17, 'mean_probability': 0.4491522003257815, 'observed_rate': 0.35294117647058826}, {'lower': 0.6000000000000001, 'upper': 0.8, 'n': 1, 'mean_probability': 0.6082823890626253, 'observed_rate': 1.0}]"
5,2024,return_above_1_percent,E_all_excluding_regime,forest,203,0.24630541871921183,0.2715862429855328,0.5937254901960785,0.32400035362001456,0.5067320261437909,0.5,0.02,0.038461538461538464,0.18347717816942805,0.03329592857947972,"[[152, 1], [49, 1]]","[{'lower': 0.0, 'upper': 0.2, 'n': 49, 'mean_probability': 0.14666259004519164, 'observed_rate': 0.16326530612244897}, {'lower': 0.2, 'upper': 0.4, 'n': 145, 'mean_probability': 0.3013983952467104, 'observed_rate': 0.2689655172413793}, {'lower': 0.4, 'upper': 0.6000000000000001, 'n': 9, 'mean_probability': 0.47141923367508437, 'observed_rate': 0.3333333333333333}]"
5,2024,return_above_1_percent,E_all_excluding_regime,hist_gradient,203,0.24630541871921183,0.27278454018896237,0.5715032679738562,0.3265490094389942,0.5167320261437909,0.6666666666666666,0.04,0.07547169811320754,0.18621303011844137,0.026848598017756894,"[[152, 1], [48, 2]]","[{'lower': 0.0, 'upper': 0.2, 'n': 53, 'mean_probability': 0.15023581378070486, 'observed_rate': 0.1509433962264151}, {'lower': 0.2, 'upper': 0.4, 'n': 133, 'mean_probability': 0.2988088396190321, 'observed_rate': 0.2857142857142857}, {'lower': 0.4, 'upper': 0.6000000000000001, 'n': 17, 'mean_probability': 0.4512463446265139, 'observed_rate': 0.23529411764705882}]"
5,2024,return_above_1_percent,F_all_excluding_calendar,dummy,203,0.24630541871921183,0.2816901408450705,0.5,0.24630541871921183,0.5,0.0,0.0,0.0,0.18689113798868975,0.035384722125858664,"[[153, 0], [50, 0]]","[{'lower': 0.2, 'upper': 0.4, 'n': 203, 'mean_probability': 0.2816901408450705, 'observed_rate': 0.24630541871921183}]"
5,2024,return_above_1_percent,F_all_excluding_calendar,logistic,203,0.24630541871921183,0.26095953049206716,0.5583006535947712,0.3246279819720335,0.5167320261437909,0.6666666666666666,0.04,0.07547169811320754,0.18686027482606704,0.02135785344149902,"[[152, 1], [48, 2]]","[{'lower': 0.0, 'upper': 0.2, 'n': 60, 'mean_probability': 0.16149884496932682, 'observed_rate': 0.16666666666666666}, {'lower': 0.2, 'upper': 0.4, 'n': 126, 'mean_probability': 0.28184368592774356, 'observed_rate': 0.2698412698412698}, {'lower': 0.4, 'upper': 0.6000000000000001, 'n': 16, 'mean_probability': 0.4464318776475802, 'observed_rate': 0.3125}, {'lower': 0.6000000000000001, 'upper': 0.8, 'n': 1, 'mean_probability': 0.6296395224730629, 'observed_rate': 1.0}]"
5,2024,return_above_1_percent,F_all_excluding_calendar,forest,203,0.24630541871921183,0.2738398932529964,0.6032679738562092,0.33460782106191683,0.51,1.0,0.02,0.0392156862745098,0.18349337500521812,0.03991074320792795,"[[153, 0], [49, 1]]","[{'lower': 0.0, 'upper': 0.2, 'n': 47, 'mean_probability': 0.14348529211860533, 'observed_rate': 0.1702127659574468}, {'lower': 0.2, 'upper': 0.4, 'n': 145, 'mean_probability': 0.30229387534531976, 'observed_rate': 0.2689655172413793}, {'lower': 0.4, 'upper': 0.6000000000000001, 'n': 11, 'mean_probability': 0.4557343341556778, 'observed_rate': 0.2727272727272727}]"
5,2024,return_above_1_percent,F_all_excluding_calendar,hist_gradient,203,0.24630541871921183,0.2763386531973011,0.5708496732026145,0.3241148283383425,0.52,1.0,0.04,0.07692307692307693,0.18638669651756717,0.03379701983519833,"[[153, 0], [48, 2]]","[{'lower': 0.0, 'upper': 0.2, 'n': 51, 'mean_probability': 0.1493720742402634, 'observed_rate': 0.1568627450980392}, {'lower': 0.2, 'upper': 0.4, 'n': 134, 'mean_probability': 0.3017548901406639, 'observed_rate': 0.2835820895522388}, {'lower': 0.4, 'upper': 0.6000000000000001, 'n': 18, 'mean_probability': 0.4468675296638738, 'observed_rate': 0.2222222222222222}]"
