target,feature_set,model,evaluation_year,pair,n,prevalence,mean_probability,roc_auc,pr_auc_ap,balanced_accuracy,precision,recall,f1,brier
profitable_after_fees,A_all,dummy,2020,BTC/USDT,107,0.37383177570093457,0.321266968325792,0.5,0.37383177570093457,0.5,0.0,0.0,0.0,0.23684463815160656
profitable_after_fees,A_all,dummy,2020,ETH/USDT,101,0.38613861386138615,0.32126696832579194,0.5,0.38613861386138615,0.5,0.0,0.0,0.0,0.24124391514108923
profitable_after_fees,A_all,dummy,2021,BTC/USDT,97,0.3917525773195876,0.35034802784222746,0.5,0.3917525773195876,0.5,0.0,0.0,0.0,0.23999683220047138
profitable_after_fees,A_all,dummy,2021,ETH/USDT,104,0.3942307692307692,0.35034802784222746,0.5,0.3942307692307692,0.5,0.0,0.0,0.0,0.24073856481425887
profitable_after_fees,A_all,dummy,2022,BTC/USDT,104,0.25961538461538464,0.3643533123028391,0.5,0.25961538461538464,0.5,0.0,0.0,0.0,0.20318527018265298
profitable_after_fees,A_all,dummy,2022,ETH/USDT,106,0.3490566037735849,0.3643533123028391,0.5,0.3490566037735849,0.5,0.0,0.0,0.0,0.2274500804274644
profitable_after_fees,A_all,dummy,2023,BTC/USDT,114,0.32456140350877194,0.3491124260355029,0.5,0.32456140350877194,0.5,0.0,0.0,0.0,0.21982405156829612
profitable_after_fees,A_all,dummy,2023,ETH/USDT,102,0.3431372549019608,0.3491124260355029,0.5,0.3431372549019608,0.5,0.0,0.0,0.0,0.2254297818703827
profitable_after_fees,A_all,dummy,2024,BTC/USDT,105,0.41904761904761906,0.34460093896713617,0.5,0.41904761904761906,0.5,0.0,0.0,0.0,0.24898902019314637
profitable_after_fees,A_all,dummy,2024,ETH/USDT,98,0.29591836734693877,0.34460093896713617,0.5,0.29591836734693877,0.5,0.0,0.0,0.0,0.21072067999321661
profitable_after_fees,A_all,forest,2020,BTC/USDT,107,0.37383177570093457,0.3386301097765046,0.567910447761194,0.41324592595390236,0.5,0.0,0.0,0.0,0.23339427142801045
profitable_after_fees,A_all,forest,2020,ETH/USDT,101,0.38613861386138615,0.3438091413794486,0.6608767576509512,0.5899976173873784,0.5,0.0,0.0,0.0,0.22473315510787278
profitable_after_fees,A_all,forest,2021,BTC/USDT,97,0.3917525773195876,0.39601353151745816,0.6565566458519179,0.5264787086686045,0.5374665477252454,0.5,0.21052631578947367,0.2962962962962963,0.2244282644684229
profitable_after_fees,A_all,forest,2021,ETH/USDT,104,0.3942307692307692,0.3953706909061888,0.5617499032133179,0.4725914130783571,0.5139372822299652,0.4375,0.17073170731707318,0.24561403508771928,0.23659792623894085
profitable_after_fees,A_all,forest,2022,BTC/USDT,104,0.25961538461538464,0.3259869941471625,0.5757575757575758,0.32573656935512874,0.4925444925444925,0.2,0.037037037037037035,0.0625,0.19767763516225964
profitable_after_fees,A_all,forest,2022,ETH/USDT,106,0.3490566037735849,0.3581797146010804,0.6404230317273796,0.4479669406633218,0.4980415197806502,0.3333333333333333,0.05405405405405406,0.09302325581395349,0.2162074345906006
profitable_after_fees,A_all,forest,2023,BTC/USDT,114,0.32456140350877194,0.29653490619340417,0.5096525096525097,0.3158886336104041,0.487012987012987,0.0,0.0,0.0,0.23241928334916306
profitable_after_fees,A_all,forest,2023,ETH/USDT,102,0.3431372549019608,0.31098858650891925,0.4916844349680171,0.34429988870094635,0.48507462686567165,0.0,0.0,0.0,0.23915558939916914
profitable_after_fees,A_all,forest,2024,BTC/USDT,105,0.41904761904761906,0.33607394550520375,0.580849478390462,0.4820565324508624,0.4918032786885246,0.0,0.0,0.0,0.24789288857882022
profitable_after_fees,A_all,forest,2024,ETH/USDT,98,0.29591836734693877,0.3430421591321375,0.6426786606696652,0.4320568642870843,0.5199900049975013,0.5,0.06896551724137931,0.12121212121212122,0.20029837322320157
profitable_after_fees,A_all,hist_gradient,2020,BTC/USDT,107,0.37383177570093457,0.35983947644680575,0.5151119402985074,0.36462820231545734,0.45802238805970147,0.2631578947368421,0.125,0.1694915254237288,0.25122141066015186
profitable_after_fees,A_all,hist_gradient,2020,ETH/USDT,101,0.38613861386138615,0.3376132534242507,0.6559139784946236,0.5235184962034635,0.5237799834574028,0.5,0.1282051282051282,0.20408163265306123,0.22400691256010583
profitable_after_fees,A_all,hist_gradient,2021,BTC/USDT,97,0.3917525773195876,0.40020086208844635,0.5976806422836752,0.45597351333659336,0.5731489741302409,0.5454545454545454,0.3157894736842105,0.4,0.23529497357578363
profitable_after_fees,A_all,hist_gradient,2021,ETH/USDT,104,0.3942307692307692,0.3976951037323897,0.5114208284939992,0.44238597773884075,0.5267131242740999,0.45454545454545453,0.24390243902439024,0.31746031746031744,0.2467601867127861
profitable_after_fees,A_all,hist_gradient,2022,BTC/USDT,104,0.25961538461538464,0.32097893599278177,0.5108225108225108,0.3359379269490129,0.5175565175565175,0.4,0.07407407407407407,0.125,0.2025636729418781
profitable_after_fees,A_all,hist_gradient,2022,ETH/USDT,106,0.3490566037735849,0.34917306599822695,0.5738347042694869,0.4578656997633345,0.5385820603211907,0.5555555555555556,0.13513513513513514,0.21739130434782608,0.22675911904433105
profitable_after_fees,A_all,hist_gradient,2023,BTC/USDT,114,0.32456140350877194,0.3076819427986424,0.482976482976483,0.30295335834093556,0.4805194805194805,0.0,0.0,0.0,0.2356259414592531
profitable_after_fees,A_all,hist_gradient,2023,ETH/USDT,102,0.3431372549019608,0.3150298793103402,0.4742004264392324,0.3541907114401585,0.46204690831556505,0.125,0.02857142857142857,0.046511627906976744,0.24422032819470801
profitable_after_fees,A_all,hist_gradient,2024,BTC/USDT,105,0.41904761904761906,0.3420744161021766,0.5819672131147541,0.49047540045654325,0.5176974664679582,0.6,0.06818181818181818,0.12244897959183673,0.24762632158841094
profitable_after_fees,A_all,hist_gradient,2024,ETH/USDT,98,0.29591836734693877,0.3440915964961294,0.6251874062968517,0.450133048743309,0.5444777611194404,0.75,0.10344827586206896,0.18181818181818182,0.20158078766520854
profitable_after_fees,A_all,logistic,2020,BTC/USDT,107,0.37383177570093457,0.348634978433053,0.5664179104477612,0.432244804487792,0.5152985074626866,0.42857142857142855,0.15,0.2222222222222222,0.2441112253708571
profitable_after_fees,A_all,logistic,2020,ETH/USDT,101,0.38613861386138615,0.3380381515639741,0.5922249793217536,0.5494902089623,0.5446650124069479,0.6,0.15384615384615385,0.24489795918367346,0.22938862977310331
profitable_after_fees,A_all,logistic,2021,BTC/USDT,97,0.3917525773195876,0.41643226584575027,0.6016949152542372,0.4971754163412045,0.5825156110615521,0.5384615384615384,0.3684210526315789,0.4375,0.24184695743187204
profitable_after_fees,A_all,logistic,2021,ETH/USDT,104,0.3942307692307692,0.4911103028211909,0.5582655826558266,0.45944685597337637,0.548586914440573,0.4594594594594595,0.4146341463414634,0.4358974358974359,0.2875480056769055
profitable_after_fees,A_all,logistic,2022,BTC/USDT,104,0.25961538461538464,0.3456051940604033,0.6354016354016354,0.359785384430372,0.4795574795574795,0.14285714285714285,0.037037037037037035,0.058823529411764705,0.19244693665161575
profitable_after_fees,A_all,logistic,2022,ETH/USDT,106,0.3490566037735849,0.3506223835092529,0.63572267920094,0.44493624531230935,0.5168429298864081,0.4166666666666667,0.13513513513513514,0.20408163265306123,0.22102057074083803
profitable_after_fees,A_all,logistic,2023,BTC/USDT,114,0.32456140350877194,0.2730913987862764,0.5559845559845559,0.34221539218153135,0.487012987012987,0.0,0.0,0.0,0.2270705893232162
profitable_after_fees,A_all,logistic,2023,ETH/USDT,102,0.3431372549019608,0.3003728083259692,0.5377398720682303,0.37455890621099786,0.4987206823027719,0.3333333333333333,0.05714285714285714,0.0975609756097561,0.23313345427829532
profitable_after_fees,A_all,logistic,2024,BTC/USDT,105,0.41904761904761906,0.3293331243609195,0.5551415797317436,0.5008304110356298,0.53725782414307,0.8,0.09090909090909091,0.16326530612244897,0.252510770364719
profitable_after_fees,A_all,logistic,2024,ETH/USDT,98,0.29591836734693877,0.34884900604461455,0.5367316341829086,0.41564002644910913,0.5444777611194404,0.75,0.10344827586206896,0.18181818181818182,0.21321299204019012
profitable_after_fees,B_reduced,dummy,2020,BTC/USDT,107,0.37383177570093457,0.321266968325792,0.5,0.37383177570093457,0.5,0.0,0.0,0.0,0.23684463815160656
profitable_after_fees,B_reduced,dummy,2020,ETH/USDT,101,0.38613861386138615,0.32126696832579194,0.5,0.38613861386138615,0.5,0.0,0.0,0.0,0.24124391514108923
profitable_after_fees,B_reduced,dummy,2021,BTC/USDT,97,0.3917525773195876,0.35034802784222746,0.5,0.3917525773195876,0.5,0.0,0.0,0.0,0.23999683220047138
profitable_after_fees,B_reduced,dummy,2021,ETH/USDT,104,0.3942307692307692,0.35034802784222746,0.5,0.3942307692307692,0.5,0.0,0.0,0.0,0.24073856481425887
profitable_after_fees,B_reduced,dummy,2022,BTC/USDT,104,0.25961538461538464,0.3643533123028391,0.5,0.25961538461538464,0.5,0.0,0.0,0.0,0.20318527018265298
profitable_after_fees,B_reduced,dummy,2022,ETH/USDT,106,0.3490566037735849,0.3643533123028391,0.5,0.3490566037735849,0.5,0.0,0.0,0.0,0.2274500804274644
profitable_after_fees,B_reduced,dummy,2023,BTC/USDT,114,0.32456140350877194,0.3491124260355029,0.5,0.32456140350877194,0.5,0.0,0.0,0.0,0.21982405156829612
profitable_after_fees,B_reduced,dummy,2023,ETH/USDT,102,0.3431372549019608,0.3491124260355029,0.5,0.3431372549019608,0.5,0.0,0.0,0.0,0.2254297818703827
profitable_after_fees,B_reduced,dummy,2024,BTC/USDT,105,0.41904761904761906,0.34460093896713617,0.5,0.41904761904761906,0.5,0.0,0.0,0.0,0.24898902019314637
profitable_after_fees,B_reduced,dummy,2024,ETH/USDT,98,0.29591836734693877,0.34460093896713617,0.5,0.29591836734693877,0.5,0.0,0.0,0.0,0.21072067999321661
profitable_after_fees,B_reduced,forest,2020,BTC/USDT,107,0.37383177570093457,0.3421502203048065,0.5216417910447761,0.3772825365699431,0.5,0.0,0.0,0.0,0.2370254118207926
profitable_after_fees,B_reduced,forest,2020,ETH/USDT,101,0.38613861386138615,0.3438600114252121,0.6393713813068653,0.5537434145599499,0.5,0.0,0.0,0.0,0.22960863300141898
profitable_after_fees,B_reduced,forest,2021,BTC/USDT,97,0.3917525773195876,0.39454988437704874,0.6721677074041034,0.5414846673375986,0.5582069580731489,0.6363636363636364,0.18421052631578946,0.2857142857142857,0.22238566338316548
profitable_after_fees,B_reduced,forest,2021,ETH/USDT,104,0.3942307692307692,0.39395923622230516,0.5648470770421989,0.4811567794053234,0.5414246999612853,0.6,0.14634146341463414,0.23529411764705882,0.2354688401678192
profitable_after_fees,B_reduced,forest,2022,BTC/USDT,104,0.25961538461538464,0.3337532296047746,0.5863395863395863,0.3335425493035371,0.49903799903799906,0.25,0.037037037037037035,0.06451612903225806,0.1966830045105993
profitable_after_fees,B_reduced,forest,2022,ETH/USDT,106,0.3490566037735849,0.36165436528989187,0.6208382295338817,0.4384749685113996,0.5043086564825695,0.375,0.08108108108108109,0.13333333333333333,0.22032098170020425
profitable_after_fees,B_reduced,forest,2023,BTC/USDT,114,0.32456140350877194,0.30372895609891737,0.4952614952614953,0.3099998075321957,0.474025974025974,0.0,0.0,0.0,0.2332065805857257
profitable_after_fees,B_reduced,forest,2023,ETH/USDT,102,0.3431372549019608,0.31441627688970847,0.49296375266524517,0.33169457518329526,0.4844349680170576,0.2,0.02857142857142857,0.05,0.23918322774004883
profitable_after_fees,B_reduced,forest,2024,BTC/USDT,105,0.41904761904761906,0.33413153562785447,0.5823397913561847,0.4869754891178408,0.4918032786885246,0.0,0.0,0.0,0.24909520768697396
profitable_after_fees,B_reduced,forest,2024,ETH/USDT,98,0.29591836734693877,0.34247303669421425,0.6401799100449774,0.42441184232710555,0.5444777611194404,0.75,0.10344827586206896,0.18181818181818182,0.20148588747607593
profitable_after_fees,B_reduced,hist_gradient,2020,BTC/USDT,107,0.37383177570093457,0.3590069998313521,0.48208955223880595,0.34604684744533626,0.48302238805970144,0.3333333333333333,0.175,0.22950819672131148,0.2551604154618027
profitable_after_fees,B_reduced,hist_gradient,2020,ETH/USDT,101,0.38613861386138615,0.34718695021764423,0.6321339950372208,0.5046121207363904,0.5413564929693961,0.5384615384615384,0.1794871794871795,0.2692307692307692,0.22773826722206825
profitable_after_fees,B_reduced,hist_gradient,2021,BTC/USDT,97,0.3917525773195876,0.39656056390124667,0.6284567350579838,0.533585974797316,0.5731489741302409,0.5454545454545454,0.3157894736842105,0.4,0.2284156832676017
profitable_after_fees,B_reduced,hist_gradient,2021,ETH/USDT,104,0.3942307692307692,0.3846949467505235,0.5369725125822687,0.44781646818847687,0.5255516840882695,0.5,0.14634146341463414,0.22641509433962265,0.23913649084279748
profitable_after_fees,B_reduced,hist_gradient,2022,BTC/USDT,104,0.25961538461538464,0.3294571626052845,0.5569985569985569,0.348257757991144,0.5416065416065416,0.4444444444444444,0.14814814814814814,0.2222222222222222,0.19935964906374093
profitable_after_fees,B_reduced,hist_gradient,2022,ETH/USDT,106,0.3490566037735849,0.356712981683133,0.6008617312965139,0.4214711082717603,0.5168429298864081,0.4166666666666667,0.13513513513513514,0.20408163265306123,0.22304551992421373
profitable_after_fees,B_reduced,hist_gradient,2023,BTC/USDT,114,0.32456140350877194,0.31236240262018966,0.515970515970516,0.33208888712849405,0.48104598104598106,0.16666666666666666,0.02702702702702703,0.046511627906976744,0.23037106068717825
profitable_after_fees,B_reduced,hist_gradient,2023,ETH/USDT,102,0.3431372549019608,0.32371454016998474,0.49637526652452024,0.36638093157828333,0.4912579957356077,0.2857142857142857,0.05714285714285714,0.09523809523809523,0.23894598330874986
profitable_after_fees,B_reduced,hist_gradient,2024,BTC/USDT,105,0.41904761904761906,0.34100131052622507,0.5905365126676602,0.504292068219521,0.5176974664679582,0.6,0.06818181818181818,0.12244897959183673,0.24683477927050765
profitable_after_fees,B_reduced,hist_gradient,2024,ETH/USDT,98,0.29591836734693877,0.34530038435228394,0.6336831584207896,0.472514849699084,0.5617191404297851,0.8,0.13793103448275862,0.23529411764705882,0.201742583067069
profitable_after_fees,B_reduced,logistic,2020,BTC/USDT,107,0.37383177570093457,0.3543884591314241,0.567910447761194,0.4377196318095284,0.5126865671641792,0.4444444444444444,0.1,0.16326530612244897,0.2360843056381419
profitable_after_fees,B_reduced,logistic,2020,ETH/USDT,101,0.38613861386138615,0.3537844764172355,0.6236559139784946,0.5495426965696104,0.565550041356493,0.7,0.1794871794871795,0.2857142857142857,0.2240854362804539
profitable_after_fees,B_reduced,logistic,2021,BTC/USDT,97,0.3917525773195876,0.4102132870205159,0.6195361284567351,0.5018922567985499,0.6173059768064229,0.5925925925925926,0.42105263157894735,0.49230769230769234,0.2397740747273787
profitable_after_fees,B_reduced,logistic,2021,ETH/USDT,104,0.3942307692307692,0.491087644006622,0.5571041424699962,0.4655486823978418,0.5607820363917925,0.47368421052631576,0.43902439024390244,0.45569620253164556,0.28626667682221474
profitable_after_fees,B_reduced,logistic,2022,BTC/USDT,104,0.25961538461538464,0.3483103017934646,0.6354016354016354,0.37240585103701185,0.511063011063011,0.3333333333333333,0.07407407407407407,0.12121212121212122,0.19148509135004207
profitable_after_fees,B_reduced,logistic,2022,ETH/USDT,106,0.3490566037735849,0.35660858804331075,0.6318057187622406,0.4403589498056901,0.5158636897767332,0.4,0.16216216216216217,0.23076923076923078,0.22017185654119564
profitable_after_fees,B_reduced,logistic,2023,BTC/USDT,114,0.32456140350877194,0.2718639480602336,0.5517725517725518,0.34132219073318737,0.4935064935064935,0.0,0.0,0.0,0.22667466203045256
profitable_after_fees,B_reduced,logistic,2023,ETH/USDT,102,0.3431372549019608,0.30098949799066615,0.5275053304904052,0.3597676531930339,0.49936034115138594,0.3333333333333333,0.02857142857142857,0.05263157894736842,0.23472415214115427
profitable_after_fees,B_reduced,logistic,2024,BTC/USDT,105,0.41904761904761906,0.3305712372915915,0.5588673621460507,0.5284467879005572,0.5486214605067063,0.8333333333333334,0.11363636363636363,0.2,0.25031861963830093
profitable_after_fees,B_reduced,logistic,2024,ETH/USDT,98,0.29591836734693877,0.35828732825172865,0.551224387806097,0.4073581289976232,0.5572213893053473,0.5555555555555556,0.1724137931034483,0.2631578947368421,0.21272785241164163
profitable_after_fees,C_price_trend,dummy,2020,BTC/USDT,107,0.37383177570093457,0.321266968325792,0.5,0.37383177570093457,0.5,0.0,0.0,0.0,0.23684463815160656
profitable_after_fees,C_price_trend,dummy,2020,ETH/USDT,101,0.38613861386138615,0.32126696832579194,0.5,0.38613861386138615,0.5,0.0,0.0,0.0,0.24124391514108923
profitable_after_fees,C_price_trend,dummy,2021,BTC/USDT,97,0.3917525773195876,0.35034802784222746,0.5,0.3917525773195876,0.5,0.0,0.0,0.0,0.23999683220047138
profitable_after_fees,C_price_trend,dummy,2021,ETH/USDT,104,0.3942307692307692,0.35034802784222746,0.5,0.3942307692307692,0.5,0.0,0.0,0.0,0.24073856481425887
profitable_after_fees,C_price_trend,dummy,2022,BTC/USDT,104,0.25961538461538464,0.3643533123028391,0.5,0.25961538461538464,0.5,0.0,0.0,0.0,0.20318527018265298
profitable_after_fees,C_price_trend,dummy,2022,ETH/USDT,106,0.3490566037735849,0.3643533123028391,0.5,0.3490566037735849,0.5,0.0,0.0,0.0,0.2274500804274644
profitable_after_fees,C_price_trend,dummy,2023,BTC/USDT,114,0.32456140350877194,0.3491124260355029,0.5,0.32456140350877194,0.5,0.0,0.0,0.0,0.21982405156829612
profitable_after_fees,C_price_trend,dummy,2023,ETH/USDT,102,0.3431372549019608,0.3491124260355029,0.5,0.3431372549019608,0.5,0.0,0.0,0.0,0.2254297818703827
profitable_after_fees,C_price_trend,dummy,2024,BTC/USDT,105,0.41904761904761906,0.34460093896713617,0.5,0.41904761904761906,0.5,0.0,0.0,0.0,0.24898902019314637
profitable_after_fees,C_price_trend,dummy,2024,ETH/USDT,98,0.29591836734693877,0.34460093896713617,0.5,0.29591836734693877,0.5,0.0,0.0,0.0,0.21072067999321661
profitable_after_fees,C_price_trend,forest,2020,BTC/USDT,107,0.37383177570093457,0.34194723797518656,0.541044776119403,0.4240448868182851,0.5,0.0,0.0,0.0,0.23521044514055794
profitable_after_fees,C_price_trend,forest,2020,ETH/USDT,101,0.38613861386138615,0.33576637940139736,0.620347394540943,0.4955350632792516,0.5,0.0,0.0,0.0,0.22947717963270253
profitable_after_fees,C_price_trend,forest,2021,BTC/USDT,97,0.3917525773195876,0.38201309419295515,0.6257805530776093,0.4911646085840023,0.5637823371989296,0.5555555555555556,0.2631578947368421,0.35714285714285715,0.2272680776884135
profitable_after_fees,C_price_trend,forest,2021,ETH/USDT,104,0.3942307692307692,0.40820458565171075,0.6016260162601627,0.5075202042377678,0.5516840882694541,0.4827586206896552,0.34146341463414637,0.4,0.23293750793835025
profitable_after_fees,C_price_trend,forest,2022,BTC/USDT,104,0.25961538461538464,0.3184166929295667,0.5064935064935064,0.288411744133802,0.512025012025012,0.5,0.037037037037037035,0.06896551724137931,0.20238787279734088
profitable_after_fees,C_price_trend,forest,2022,ETH/USDT,106,0.3490566037735849,0.3484951919762985,0.6094790442616529,0.43874937279991005,0.4917743830787309,0.25,0.02702702702702703,0.04878048780487805,0.21988778426030525
profitable_after_fees,C_price_trend,forest,2023,BTC/USDT,114,0.32456140350877194,0.3022251437614081,0.5387855387855388,0.339249072946608,0.474025974025974,0.0,0.0,0.0,0.22812155699529738
profitable_after_fees,C_price_trend,forest,2023,ETH/USDT,102,0.3431372549019608,0.31137054343334747,0.4904051172707889,0.33500571687017155,0.48507462686567165,0.0,0.0,0.0,0.2383314738031557
profitable_after_fees,C_price_trend,forest,2024,BTC/USDT,105,0.41904761904761906,0.33586150371537987,0.5916542473919523,0.4849973466063867,0.4918032786885246,0.0,0.0,0.0,0.24960656158521125
profitable_after_fees,C_price_trend,forest,2024,ETH/USDT,98,0.29591836734693877,0.34697530980386404,0.6541729135432284,0.42460826580276806,0.5272363818090955,0.6666666666666666,0.06896551724137931,0.125,0.20121210082943847
profitable_after_fees,C_price_trend,hist_gradient,2020,BTC/USDT,107,0.37383177570093457,0.35958993136449596,0.4951492537313432,0.346447629766354,0.40317164179104475,0.14285714285714285,0.075,0.09836065573770492,0.25793552706124256
profitable_after_fees,C_price_trend,hist_gradient,2020,ETH/USDT,101,0.38613861386138615,0.3365657604129734,0.6290322580645162,0.508253021039633,0.5062034739454094,0.42857142857142855,0.07692307692307693,0.13043478260869565,0.2290838507643732
profitable_after_fees,C_price_trend,hist_gradient,2021,BTC/USDT,97,0.3917525773195876,0.37253207663988236,0.5633363068688672,0.4415069732357378,0.4895182872435325,0.35714285714285715,0.13157894736842105,0.19230769230769232,0.23965169778959797
profitable_after_fees,C_price_trend,hist_gradient,2021,ETH/USDT,104,0.3942307692307692,0.39686110750353226,0.5768486256291134,0.48165333206994754,0.5383275261324042,0.5,0.21951219512195122,0.3050847457627119,0.2334781804281012
profitable_after_fees,C_price_trend,hist_gradient,2022,BTC/USDT,104,0.25961538461538464,0.31936681738479733,0.4872534872534872,0.3144978926810842,0.536075036075036,0.5,0.1111111111111111,0.18181818181818182,0.2046465031908045
profitable_after_fees,C_price_trend,hist_gradient,2022,ETH/USDT,106,0.3490566037735849,0.34095244946740777,0.5695260477869173,0.38942670821183734,0.5052878965922445,0.4,0.05405405405405406,0.09523809523809523,0.22677655135298092
profitable_after_fees,C_price_trend,hist_gradient,2023,BTC/USDT,114,0.32456140350877194,0.3086880135123605,0.5354510354510355,0.328699604215432,0.45454545454545453,0.0,0.0,0.0,0.23044445587778695
profitable_after_fees,C_price_trend,hist_gradient,2023,ETH/USDT,102,0.3431372549019608,0.31538950720741576,0.4486140724946695,0.303753696888049,0.47761194029850745,0.0,0.0,0.0,0.24677359070596402
profitable_after_fees,C_price_trend,hist_gradient,2024,BTC/USDT,105,0.41904761904761906,0.34079676070923287,0.5827123695976155,0.49044626442912886,0.48360655737704916,0.0,0.0,0.0,0.2489757557152881
profitable_after_fees,C_price_trend,hist_gradient,2024,ETH/USDT,98,0.29591836734693877,0.34370541808858973,0.6501749125437282,0.4319352538425166,0.5272363818090955,0.6666666666666666,0.06896551724137931,0.125,0.20015791552095696
profitable_after_fees,C_price_trend,logistic,2020,BTC/USDT,107,0.37383177570093457,0.33013459356732905,0.5324626865671642,0.41870664262687324,0.49011194029850746,0.25,0.025,0.045454545454545456,0.2423887969501761
profitable_after_fees,C_price_trend,logistic,2020,ETH/USDT,101,0.38613861386138615,0.3322419409987032,0.6116625310173698,0.5463852565316241,0.5641025641025641,1.0,0.1282051282051282,0.22727272727272727,0.23131246660455243
profitable_after_fees,C_price_trend,logistic,2021,BTC/USDT,97,0.3917525773195876,0.4047066500116215,0.6427297056199821,0.5188726711858628,0.5909901873327387,0.56,0.3684210526315789,0.4444444444444444,0.22798234156439112
profitable_after_fees,C_price_trend,logistic,2021,ETH/USDT,104,0.3942307692307692,0.43051336027430753,0.6000774293457221,0.44815520283069166,0.5638792102206736,0.5,0.36585365853658536,0.4225352112676056,0.24174361537726324
profitable_after_fees,C_price_trend,logistic,2022,BTC/USDT,104,0.25961538461538464,0.3304361623004027,0.4973544973544973,0.2885785501537971,0.5055315055315055,0.3333333333333333,0.037037037037037035,0.06666666666666667,0.20338303985892858
profitable_after_fees,C_price_trend,logistic,2022,ETH/USDT,106,0.3490566037735849,0.3417469407156746,0.6036036036036035,0.41134269377566807,0.5115550332941637,0.42857142857142855,0.08108108108108109,0.13636363636363635,0.2270641082976032
profitable_after_fees,C_price_trend,logistic,2023,BTC/USDT,114,0.32456140350877194,0.3163056387104702,0.48367848367848376,0.31488010762848995,0.487012987012987,0.0,0.0,0.0,0.22657342574782327
profitable_after_fees,C_price_trend,logistic,2023,ETH/USDT,102,0.3431372549019608,0.3219011822921287,0.48315565031982943,0.3515552144138354,0.50682302771855,0.5,0.02857142857142857,0.05405405405405406,0.23282951027137413
profitable_after_fees,C_price_trend,logistic,2024,BTC/USDT,105,0.41904761904761906,0.3276926513996251,0.547317436661699,0.4572519610238788,0.5031669150521609,0.5,0.022727272727272728,0.043478260869565216,0.25390683555892984
profitable_after_fees,C_price_trend,logistic,2024,ETH/USDT,98,0.29591836734693877,0.3352380658701562,0.5802098950524738,0.35728071798528177,0.5027486256871564,0.3333333333333333,0.034482758620689655,0.0625,0.208522093932995
profitable_after_fees,D_price_trend_volatility,dummy,2020,BTC/USDT,107,0.37383177570093457,0.321266968325792,0.5,0.37383177570093457,0.5,0.0,0.0,0.0,0.23684463815160656
profitable_after_fees,D_price_trend_volatility,dummy,2020,ETH/USDT,101,0.38613861386138615,0.32126696832579194,0.5,0.38613861386138615,0.5,0.0,0.0,0.0,0.24124391514108923
profitable_after_fees,D_price_trend_volatility,dummy,2021,BTC/USDT,97,0.3917525773195876,0.35034802784222746,0.5,0.3917525773195876,0.5,0.0,0.0,0.0,0.23999683220047138
profitable_after_fees,D_price_trend_volatility,dummy,2021,ETH/USDT,104,0.3942307692307692,0.35034802784222746,0.5,0.3942307692307692,0.5,0.0,0.0,0.0,0.24073856481425887
profitable_after_fees,D_price_trend_volatility,dummy,2022,BTC/USDT,104,0.25961538461538464,0.3643533123028391,0.5,0.25961538461538464,0.5,0.0,0.0,0.0,0.20318527018265298
profitable_after_fees,D_price_trend_volatility,dummy,2022,ETH/USDT,106,0.3490566037735849,0.3643533123028391,0.5,0.3490566037735849,0.5,0.0,0.0,0.0,0.2274500804274644
profitable_after_fees,D_price_trend_volatility,dummy,2023,BTC/USDT,114,0.32456140350877194,0.3491124260355029,0.5,0.32456140350877194,0.5,0.0,0.0,0.0,0.21982405156829612
profitable_after_fees,D_price_trend_volatility,dummy,2023,ETH/USDT,102,0.3431372549019608,0.3491124260355029,0.5,0.3431372549019608,0.5,0.0,0.0,0.0,0.2254297818703827
profitable_after_fees,D_price_trend_volatility,dummy,2024,BTC/USDT,105,0.41904761904761906,0.34460093896713617,0.5,0.41904761904761906,0.5,0.0,0.0,0.0,0.24898902019314637
profitable_after_fees,D_price_trend_volatility,dummy,2024,ETH/USDT,98,0.29591836734693877,0.34460093896713617,0.5,0.29591836734693877,0.5,0.0,0.0,0.0,0.21072067999321661
profitable_after_fees,D_price_trend_volatility,forest,2020,BTC/USDT,107,0.37383177570093457,0.3406021199493689,0.5544776119402985,0.40027639816799643,0.5,0.0,0.0,0.0,0.2335706128710335
profitable_after_fees,D_price_trend_volatility,forest,2020,ETH/USDT,101,0.38613861386138615,0.339993259012068,0.6645988420181967,0.6158831650553733,0.5,0.0,0.0,0.0,0.22685666535489235
profitable_after_fees,D_price_trend_volatility,forest,2021,BTC/USDT,97,0.3917525773195876,0.3955391197349857,0.6578947368421053,0.5413747279221899,0.5590990187332738,0.5625,0.23684210526315788,0.3333333333333333,0.22424469630690153
profitable_after_fees,D_price_trend_volatility,forest,2021,ETH/USDT,104,0.3942307692307692,0.3979972769041766,0.5849787069299265,0.49899612893487766,0.5505226480836236,0.5263157894736842,0.24390243902439024,0.3333333333333333,0.23389023635285827
profitable_after_fees,D_price_trend_volatility,forest,2022,BTC/USDT,104,0.25961538461538464,0.3261163712224018,0.5468975468975469,0.312602911985824,0.49903799903799906,0.25,0.037037037037037035,0.06451612903225806,0.19936054929483576
profitable_after_fees,D_price_trend_volatility,forest,2022,ETH/USDT,106,0.3490566037735849,0.3579770430755019,0.6227967097532314,0.4456807440912575,0.517822169996083,0.4444444444444444,0.10810810810810811,0.17391304347826086,0.21898641624491183
profitable_after_fees,D_price_trend_volatility,forest,2023,BTC/USDT,114,0.32456140350877194,0.30270133819908485,0.5085995085995085,0.31501172240028774,0.4805194805194805,0.0,0.0,0.0,0.2316218763709527
profitable_after_fees,D_price_trend_volatility,forest,2023,ETH/USDT,102,0.3431372549019608,0.31194887022123735,0.5053304904051172,0.34034506978836315,0.49936034115138594,0.3333333333333333,0.02857142857142857,0.05263157894736842,0.23632092830837328
profitable_after_fees,D_price_trend_volatility,forest,2024,BTC/USDT,105,0.41904761904761906,0.3327542641663778,0.592026825633383,0.47942285847117283,0.48360655737704916,0.0,0.0,0.0,0.24837046485686848
profitable_after_fees,D_price_trend_volatility,forest,2024,ETH/USDT,98,0.29591836734693877,0.343755431492746,0.657671164417791,0.42760841592226706,0.5099950024987506,0.5,0.034482758620689655,0.06451612903225806,0.20092489252100146
profitable_after_fees,D_price_trend_volatility,hist_gradient,2020,BTC/USDT,107,0.37383177570093457,0.36397120251233334,0.5130597014925373,0.3621672528621679,0.4505597014925373,0.25,0.125,0.16666666666666666,0.25190654560885306
profitable_after_fees,D_price_trend_volatility,hist_gradient,2020,ETH/USDT,101,0.38613861386138615,0.3403152877586632,0.6546732837055418,0.5435480123439291,0.5318444995864351,0.5555555555555556,0.1282051282051282,0.20833333333333334,0.22440731050262505
profitable_after_fees,D_price_trend_volatility,hist_gradient,2021,BTC/USDT,97,0.3917525773195876,0.3900204107867655,0.6164139161462978,0.5100517571194876,0.5637823371989296,0.5555555555555556,0.2631578947368421,0.35714285714285715,0.22963428903005736
profitable_after_fees,D_price_trend_volatility,hist_gradient,2021,ETH/USDT,104,0.3942307692307692,0.38600088812018224,0.5102593883081687,0.45052032827222843,0.4657375145180023,0.29411764705882354,0.12195121951219512,0.1724137931034483,0.2433860799673392
profitable_after_fees,D_price_trend_volatility,hist_gradient,2022,BTC/USDT,104,0.25961538461538464,0.3121539120840081,0.4935064935064935,0.30505048278490055,0.5045695045695046,0.2857142857142857,0.07407407407407407,0.11764705882352941,0.2042545052272864
profitable_after_fees,D_price_trend_volatility,hist_gradient,2022,ETH/USDT,106,0.3490566037735849,0.3468453488078326,0.5832354093223658,0.4138208151737569,0.49608303956130045,0.3333333333333333,0.10810810810810811,0.16326530612244897,0.22580373961891584
profitable_after_fees,D_price_trend_volatility,hist_gradient,2023,BTC/USDT,114,0.32456140350877194,0.3068235188287791,0.5033345033345034,0.3173014429540235,0.4805194805194805,0.0,0.0,0.0,0.2322589831766821
profitable_after_fees,D_price_trend_volatility,hist_gradient,2023,ETH/USDT,102,0.3431372549019608,0.31510726789396604,0.4788912579957356,0.33515010859446165,0.45458422174840085,0.1111111111111111,0.02857142857142857,0.045454545454545456,0.24316404591998123
profitable_after_fees,D_price_trend_volatility,hist_gradient,2024,BTC/USDT,105,0.41904761904761906,0.33254996609079307,0.5763785394932937,0.4756963422123105,0.4867734724292101,0.25,0.022727272727272728,0.041666666666666664,0.2508524989071464
profitable_after_fees,D_price_trend_volatility,hist_gradient,2024,ETH/USDT,98,0.29591836734693877,0.33965349985381504,0.6411794102948526,0.4597396471586233,0.5272363818090955,0.6666666666666666,0.06896551724137931,0.125,0.20039211231043758
profitable_after_fees,D_price_trend_volatility,logistic,2020,BTC/USDT,107,0.37383177570093457,0.3357237302198945,0.5470149253731342,0.418469216162069,0.49514925373134333,0.3333333333333333,0.05,0.08695652173913043,0.24226066823613587
profitable_after_fees,D_price_trend_volatility,logistic,2020,ETH/USDT,101,0.38613861386138615,0.34019403749574545,0.6191066997518611,0.5638720972251087,0.5560380479735318,0.8333333333333334,0.1282051282051282,0.2222222222222222,0.22886107512541753
profitable_after_fees,D_price_trend_volatility,logistic,2021,BTC/USDT,97,0.3917525773195876,0.41156338440814605,0.6347011596788581,0.5324596888730508,0.5693577163247101,0.52,0.34210526315789475,0.4126984126984127,0.22640834213552288
profitable_after_fees,D_price_trend_volatility,logistic,2021,ETH/USDT,104,0.3942307692307692,0.42785434083465196,0.5938830816879598,0.4420534556651188,0.5480061943476577,0.46875,0.36585365853658536,0.410958904109589,0.24237358587970378
profitable_after_fees,D_price_trend_volatility,logistic,2022,BTC/USDT,104,0.25961538461538464,0.3370568287896555,0.582972582972583,0.325728456541273,0.4925444925444925,0.2,0.037037037037037035,0.0625,0.19812294689589852
profitable_after_fees,D_price_trend_volatility,logistic,2022,ETH/USDT,106,0.3490566037735849,0.34792804451406784,0.6220133176654916,0.4214044587577329,0.49706227967097527,0.3333333333333333,0.08108108108108109,0.13043478260869565,0.2240027400967451
profitable_after_fees,D_price_trend_volatility,logistic,2023,BTC/USDT,114,0.32456140350877194,0.2855720150767845,0.5236925236925236,0.330487279960176,0.487012987012987,0.0,0.0,0.0,0.22614201710704113
profitable_after_fees,D_price_trend_volatility,logistic,2023,ETH/USDT,102,0.3431372549019608,0.30599392135391973,0.5603411513859275,0.3947128407427811,0.50682302771855,0.5,0.02857142857142857,0.05405405405405406,0.2289693481800211
profitable_after_fees,D_price_trend_volatility,logistic,2024,BTC/USDT,105,0.41904761904761906,0.3322785489284289,0.555886736214605,0.45303183505353944,0.4867734724292101,0.25,0.022727272727272728,0.041666666666666664,0.2517323151028143
profitable_after_fees,D_price_trend_volatility,logistic,2024,ETH/USDT,98,0.29591836734693877,0.33773850208282336,0.5797101449275363,0.384308495735242,0.5199900049975013,0.5,0.06896551724137931,0.12121212121212122,0.20687097913612348
profitable_after_fees,E_all_excluding_regime,dummy,2020,BTC/USDT,107,0.37383177570093457,0.321266968325792,0.5,0.37383177570093457,0.5,0.0,0.0,0.0,0.23684463815160656
profitable_after_fees,E_all_excluding_regime,dummy,2020,ETH/USDT,101,0.38613861386138615,0.32126696832579194,0.5,0.38613861386138615,0.5,0.0,0.0,0.0,0.24124391514108923
profitable_after_fees,E_all_excluding_regime,dummy,2021,BTC/USDT,97,0.3917525773195876,0.35034802784222746,0.5,0.3917525773195876,0.5,0.0,0.0,0.0,0.23999683220047138
profitable_after_fees,E_all_excluding_regime,dummy,2021,ETH/USDT,104,0.3942307692307692,0.35034802784222746,0.5,0.3942307692307692,0.5,0.0,0.0,0.0,0.24073856481425887
profitable_after_fees,E_all_excluding_regime,dummy,2022,BTC/USDT,104,0.25961538461538464,0.3643533123028391,0.5,0.25961538461538464,0.5,0.0,0.0,0.0,0.20318527018265298
profitable_after_fees,E_all_excluding_regime,dummy,2022,ETH/USDT,106,0.3490566037735849,0.3643533123028391,0.5,0.3490566037735849,0.5,0.0,0.0,0.0,0.2274500804274644
profitable_after_fees,E_all_excluding_regime,dummy,2023,BTC/USDT,114,0.32456140350877194,0.3491124260355029,0.5,0.32456140350877194,0.5,0.0,0.0,0.0,0.21982405156829612
profitable_after_fees,E_all_excluding_regime,dummy,2023,ETH/USDT,102,0.3431372549019608,0.3491124260355029,0.5,0.3431372549019608,0.5,0.0,0.0,0.0,0.2254297818703827
profitable_after_fees,E_all_excluding_regime,dummy,2024,BTC/USDT,105,0.41904761904761906,0.34460093896713617,0.5,0.41904761904761906,0.5,0.0,0.0,0.0,0.24898902019314637
profitable_after_fees,E_all_excluding_regime,dummy,2024,ETH/USDT,98,0.29591836734693877,0.34460093896713617,0.5,0.29591836734693877,0.5,0.0,0.0,0.0,0.21072067999321661
profitable_after_fees,E_all_excluding_regime,forest,2020,BTC/USDT,107,0.37383177570093457,0.336924325327672,0.5597014925373134,0.4140039503017437,0.5,0.0,0.0,0.0,0.23347809652699567
profitable_after_fees,E_all_excluding_regime,forest,2020,ETH/USDT,101,0.38613861386138615,0.34117255761457904,0.6670802315963607,0.5669001837629802,0.5,0.0,0.0,0.0,0.22709049407557685
profitable_after_fees,E_all_excluding_regime,forest,2021,BTC/USDT,97,0.3917525773195876,0.3903344719532508,0.648528099910794,0.5175461662120961,0.5459411239964318,0.5333333333333333,0.21052631578947367,0.3018867924528302,0.2243298436642838
profitable_after_fees,E_all_excluding_regime,forest,2021,ETH/USDT,104,0.3942307692307692,0.4026122524208911,0.5625241966705381,0.4694855380875984,0.5181958962446768,0.4444444444444444,0.1951219512195122,0.2711864406779661,0.23696992161426525
profitable_after_fees,E_all_excluding_regime,forest,2022,BTC/USDT,104,0.25961538461538464,0.3278524200593464,0.5526695526695526,0.29818071416452296,0.49903799903799906,0.25,0.037037037037037035,0.06451612903225806,0.19986609825675353
profitable_after_fees,E_all_excluding_regime,forest,2022,ETH/USDT,106,0.3490566037735849,0.35925148726130374,0.6294555424990207,0.4364965228142599,0.517822169996083,0.4444444444444444,0.10810810810810811,0.17391304347826086,0.218595295196018
profitable_after_fees,E_all_excluding_regime,forest,2023,BTC/USDT,114,0.32456140350877194,0.29775369108137983,0.5187785187785188,0.32322123614362863,0.4935064935064935,0.0,0.0,0.0,0.2291128612111496
profitable_after_fees,E_all_excluding_regime,forest,2023,ETH/USDT,102,0.3431372549019608,0.31126850831187536,0.48742004264392325,0.33588620446016015,0.47761194029850745,0.0,0.0,0.0,0.239081978471463
profitable_after_fees,E_all_excluding_regime,forest,2024,BTC/USDT,105,0.41904761904761906,0.33591931771342465,0.5875558867362146,0.47850337593148823,0.4918032786885246,0.0,0.0,0.0,0.2488715021565595
profitable_after_fees,E_all_excluding_regime,forest,2024,ETH/USDT,98,0.29591836734693877,0.34121038308007046,0.6451774112943529,0.41927486397095837,0.5099950024987506,0.5,0.034482758620689655,0.06451612903225806,0.20006570564708542
profitable_after_fees,E_all_excluding_regime,hist_gradient,2020,BTC/USDT,107,0.37383177570093457,0.35890136469917094,0.5061567164179104,0.36863416231324975,0.45802238805970147,0.2631578947368421,0.125,0.1694915254237288,0.2517782727335063
profitable_after_fees,E_all_excluding_regime,hist_gradient,2020,ETH/USDT,101,0.38613861386138615,0.33851476049813,0.6637717121588088,0.5286332762121073,0.5318444995864351,0.5555555555555556,0.1282051282051282,0.20833333333333334,0.2230833902426716
profitable_after_fees,E_all_excluding_regime,hist_gradient,2021,BTC/USDT,97,0.3917525773195876,0.4005075987505877,0.5990187332738626,0.45577568442274174,0.5336752899197146,0.47368421052631576,0.23684210526315788,0.3157894736842105,0.2373323667519225
profitable_after_fees,E_all_excluding_regime,hist_gradient,2021,ETH/USDT,104,0.3942307692307692,0.3917670752912657,0.516066589237321,0.4473483252353789,0.55420054200542,0.5625,0.21951219512195122,0.3157894736842105,0.24691155683988758
profitable_after_fees,E_all_excluding_regime,hist_gradient,2022,BTC/USDT,104,0.25961538461538464,0.3207722743213027,0.5161135161135161,0.3359512728868306,0.5240500240500241,0.5,0.07407407407407407,0.12903225806451613,0.20271073808322576
profitable_after_fees,E_all_excluding_regime,hist_gradient,2022,ETH/USDT,106,0.3490566037735849,0.34824639704725324,0.5722679200940071,0.4545986367541261,0.5313356835095966,0.5,0.13513513513513514,0.2127659574468085,0.22683605754741598
profitable_after_fees,E_all_excluding_regime,hist_gradient,2023,BTC/USDT,114,0.32456140350877194,0.3084777758053036,0.4878904878904879,0.3057493650745615,0.487012987012987,0.0,0.0,0.0,0.23447213877617668
profitable_after_fees,E_all_excluding_regime,hist_gradient,2023,ETH/USDT,102,0.3431372549019608,0.316932986355023,0.4720682302771855,0.3512457250791581,0.46204690831556505,0.125,0.02857142857142857,0.046511627906976744,0.24424462226871804
profitable_after_fees,E_all_excluding_regime,hist_gradient,2024,BTC/USDT,105,0.41904761904761906,0.34030953729308716,0.5879284649776453,0.49941383382960025,0.5063338301043219,0.5,0.045454545454545456,0.08333333333333333,0.24737651007834116
profitable_after_fees,E_all_excluding_regime,hist_gradient,2024,ETH/USDT,98,0.29591836734693877,0.3416225787272455,0.6256871564217892,0.444627952532768,0.5272363818090955,0.6666666666666666,0.06896551724137931,0.125,0.2019896878188938
profitable_after_fees,E_all_excluding_regime,logistic,2020,BTC/USDT,107,0.37383177570093457,0.34500860299577635,0.5455223880597014,0.4203480372513996,0.5227611940298508,0.46153846153846156,0.15,0.22641509433962265,0.24610177412279585
profitable_after_fees,E_all_excluding_regime,logistic,2020,ETH/USDT,101,0.38613861386138615,0.33620864279526136,0.575268817204301,0.522002727554501,0.5237799834574028,0.5,0.1282051282051282,0.20408163265306123,0.23599304470932608
profitable_after_fees,E_all_excluding_regime,logistic,2021,BTC/USDT,97,0.3917525773195876,0.412801947587349,0.6132917038358607,0.5069556650712529,0.556199821587868,0.5,0.3157894736842105,0.3870967741935484,0.23109464688800915
profitable_after_fees,E_all_excluding_regime,logistic,2021,ETH/USDT,104,0.3942307692307692,0.42849823054328423,0.5749128919860627,0.43062141720791536,0.5315524583817267,0.4482758620689655,0.3170731707317073,0.37142857142857144,0.24671569716521566
profitable_after_fees,E_all_excluding_regime,logistic,2022,BTC/USDT,104,0.25961538461538464,0.34382666461377226,0.6228956228956228,0.3503660044797088,0.4730639730639731,0.125,0.037037037037037035,0.05714285714285714,0.19451500242596753
profitable_after_fees,E_all_excluding_regime,logistic,2022,ETH/USDT,106,0.3490566037735849,0.3511054465318212,0.6196631414022719,0.427551606297654,0.5168429298864081,0.4166666666666667,0.13513513513513514,0.20408163265306123,0.22294800823693153
profitable_after_fees,E_all_excluding_regime,logistic,2023,BTC/USDT,114,0.32456140350877194,0.28420207887309396,0.528957528957529,0.3372861993975731,0.4935064935064935,0.0,0.0,0.0,0.22740208414448987
profitable_after_fees,E_all_excluding_regime,logistic,2023,ETH/USDT,102,0.3431372549019608,0.3049777940268087,0.5125799573560768,0.37550346748885793,0.5136460554371002,0.5,0.05714285714285714,0.10256410256410256,0.2343777201240672
profitable_after_fees,E_all_excluding_regime,logistic,2024,BTC/USDT,105,0.41904761904761906,0.32758073298322077,0.555886736214605,0.47618386024757436,0.5063338301043219,0.5,0.045454545454545456,0.08333333333333333,0.25253719971725147
profitable_after_fees,E_all_excluding_regime,logistic,2024,ETH/USDT,98,0.29591836734693877,0.33930740370438484,0.5312343828085957,0.37653809081389,0.512743628185907,0.4,0.06896551724137931,0.11764705882352941,0.21368157832989698
profitable_after_fees,F_all_excluding_calendar,dummy,2020,BTC/USDT,107,0.37383177570093457,0.321266968325792,0.5,0.37383177570093457,0.5,0.0,0.0,0.0,0.23684463815160656
profitable_after_fees,F_all_excluding_calendar,dummy,2020,ETH/USDT,101,0.38613861386138615,0.32126696832579194,0.5,0.38613861386138615,0.5,0.0,0.0,0.0,0.24124391514108923
profitable_after_fees,F_all_excluding_calendar,dummy,2021,BTC/USDT,97,0.3917525773195876,0.35034802784222746,0.5,0.3917525773195876,0.5,0.0,0.0,0.0,0.23999683220047138
profitable_after_fees,F_all_excluding_calendar,dummy,2021,ETH/USDT,104,0.3942307692307692,0.35034802784222746,0.5,0.3942307692307692,0.5,0.0,0.0,0.0,0.24073856481425887
profitable_after_fees,F_all_excluding_calendar,dummy,2022,BTC/USDT,104,0.25961538461538464,0.3643533123028391,0.5,0.25961538461538464,0.5,0.0,0.0,0.0,0.20318527018265298
profitable_after_fees,F_all_excluding_calendar,dummy,2022,ETH/USDT,106,0.3490566037735849,0.3643533123028391,0.5,0.3490566037735849,0.5,0.0,0.0,0.0,0.2274500804274644
profitable_after_fees,F_all_excluding_calendar,dummy,2023,BTC/USDT,114,0.32456140350877194,0.3491124260355029,0.5,0.32456140350877194,0.5,0.0,0.0,0.0,0.21982405156829612
profitable_after_fees,F_all_excluding_calendar,dummy,2023,ETH/USDT,102,0.3431372549019608,0.3491124260355029,0.5,0.3431372549019608,0.5,0.0,0.0,0.0,0.2254297818703827
profitable_after_fees,F_all_excluding_calendar,dummy,2024,BTC/USDT,105,0.41904761904761906,0.34460093896713617,0.5,0.41904761904761906,0.5,0.0,0.0,0.0,0.24898902019314637
profitable_after_fees,F_all_excluding_calendar,dummy,2024,ETH/USDT,98,0.29591836734693877,0.34460093896713617,0.5,0.29591836734693877,0.5,0.0,0.0,0.0,0.21072067999321661
profitable_after_fees,F_all_excluding_calendar,forest,2020,BTC/USDT,107,0.37383177570093457,0.34035094394485477,0.5611940298507463,0.4111546805129391,0.5,0.0,0.0,0.0,0.23257249922958784
profitable_after_fees,F_all_excluding_calendar,forest,2020,ETH/USDT,101,0.38613861386138615,0.33799986267783083,0.6617038875103392,0.6065811281791282,0.5,0.0,0.0,0.0,0.22544424041051445
profitable_after_fees,F_all_excluding_calendar,forest,2021,BTC/USDT,97,0.3917525773195876,0.3970262703422747,0.6592328278322925,0.5276211479994599,0.5374665477252454,0.5,0.21052631578947367,0.2962962962962963,0.22368575192111878
profitable_after_fees,F_all_excluding_calendar,forest,2021,ETH/USDT,104,0.3942307692307692,0.4017264133636245,0.5656213704994193,0.48055949179039303,0.5181958962446768,0.4444444444444444,0.1951219512195122,0.2711864406779661,0.2359577434696629
profitable_after_fees,F_all_excluding_calendar,forest,2022,BTC/USDT,104,0.25961538461538464,0.3247860641920454,0.5695045695045695,0.30533486788145725,0.49903799903799906,0.25,0.037037037037037035,0.06451612903225806,0.19778360384299334
profitable_after_fees,F_all_excluding_calendar,forest,2022,ETH/USDT,106,0.3490566037735849,0.3592251341285061,0.6243634939287113,0.41927149866123614,0.5115550332941637,0.42857142857142855,0.08108108108108109,0.13636363636363635,0.21824928652520287
profitable_after_fees,F_all_excluding_calendar,forest,2023,BTC/USDT,114,0.32456140350877194,0.2979590639307646,0.5061425061425062,0.3150517579800599,0.474025974025974,0.0,0.0,0.0,0.23191585768430645
profitable_after_fees,F_all_excluding_calendar,forest,2023,ETH/USDT,102,0.3431372549019608,0.31238795466641006,0.4831556503198294,0.33306279355739826,0.47761194029850745,0.0,0.0,0.0,0.24190495064354192
profitable_after_fees,F_all_excluding_calendar,forest,2024,BTC/USDT,105,0.41904761904761906,0.3373211619255618,0.6013412816691506,0.49838459673990315,0.5,0.0,0.0,0.0,0.2481004938829096
profitable_after_fees,F_all_excluding_calendar,forest,2024,ETH/USDT,98,0.29591836734693877,0.3417247729742274,0.647176411794103,0.4211732962479012,0.5099950024987506,0.5,0.034482758620689655,0.06451612903225806,0.2007463814986442
profitable_after_fees,F_all_excluding_calendar,hist_gradient,2020,BTC/USDT,107,0.37383177570093457,0.3582176380025613,0.5194029850746269,0.37105459888090836,0.46305970149253733,0.2857142857142857,0.15,0.19672131147540983,0.2500742236581809
profitable_after_fees,F_all_excluding_calendar,hist_gradient,2020,ETH/USDT,101,0.38613861386138615,0.3364191132889814,0.6695616211745244,0.5429913668760048,0.5446650124069479,0.6,0.15384615384615385,0.24489795918367346,0.2212286362383331
profitable_after_fees,F_all_excluding_calendar,hist_gradient,2021,BTC/USDT,97,0.3917525773195876,0.39302161629776117,0.6097234611953612,0.4791992949677654,0.5769402319357717,0.5789473684210527,0.2894736842105263,0.38596491228070173,0.2332425594374454
profitable_after_fees,F_all_excluding_calendar,hist_gradient,2021,ETH/USDT,104,0.3942307692307692,0.4001526782063593,0.5036778939217963,0.4576088762968775,0.5023228803716608,0.4,0.1951219512195122,0.26229508196721313,0.24699230012559473
profitable_after_fees,F_all_excluding_calendar,hist_gradient,2022,BTC/USDT,104,0.25961538461538464,0.3201971367076088,0.5113035113035113,0.292610818958118,0.4925444925444925,0.2,0.037037037037037035,0.0625,0.20553883691847308
profitable_after_fees,F_all_excluding_calendar,hist_gradient,2022,ETH/USDT,106,0.3490566037735849,0.35030888325112,0.5648256952604779,0.42109611990247736,0.4888366627497062,0.3076923076923077,0.10810810810810811,0.16,0.2272293439633859
profitable_after_fees,F_all_excluding_calendar,hist_gradient,2023,BTC/USDT,114,0.32456140350877194,0.30722135333363093,0.4936819936819937,0.3081223409800041,0.4675324675324675,0.0,0.0,0.0,0.23583482813118034
profitable_after_fees,F_all_excluding_calendar,hist_gradient,2023,ETH/USDT,102,0.3431372549019608,0.31380611893110183,0.48400852878464823,0.3616108459776534,0.46204690831556505,0.125,0.02857142857142857,0.046511627906976744,0.2416929572028531
profitable_after_fees,F_all_excluding_calendar,hist_gradient,2024,BTC/USDT,105,0.41904761904761906,0.33871457117767256,0.5637108792846498,0.4726125450947398,0.5063338301043219,0.5,0.045454545454545456,0.08333333333333333,0.25058569015828036
profitable_after_fees,F_all_excluding_calendar,hist_gradient,2024,ETH/USDT,98,0.29591836734693877,0.3442824244818648,0.6216891554222889,0.3880165446680933,0.5027486256871564,0.3333333333333333,0.034482758620689655,0.0625,0.20350455370111437
profitable_after_fees,F_all_excluding_calendar,logistic,2020,BTC/USDT,107,0.37383177570093457,0.3508049004541129,0.5604477611940298,0.42805658396939916,0.5152985074626866,0.42857142857142855,0.15,0.2222222222222222,0.24619070569781526
profitable_after_fees,F_all_excluding_calendar,logistic,2020,ETH/USDT,101,0.38613861386138615,0.33845572777080507,0.586848635235732,0.5520901205563024,0.5703060380479735,0.6666666666666666,0.20512820512820512,0.3137254901960784,0.23012522897972937
profitable_after_fees,F_all_excluding_calendar,logistic,2021,BTC/USDT,97,0.3917525773195876,0.40835351899960853,0.5976806422836753,0.4838614154702329,0.5909901873327387,0.56,0.3684210526315789,0.4444444444444444,0.24298899549688277
profitable_after_fees,F_all_excluding_calendar,logistic,2021,ETH/USDT,104,0.3942307692307692,0.48381604286098956,0.5524583817266744,0.45970478548147714,0.540650406504065,0.4473684210526316,0.4146341463414634,0.43037974683544306,0.2870545996536198
profitable_after_fees,F_all_excluding_calendar,logistic,2022,BTC/USDT,104,0.25961538461538464,0.34350702108033576,0.6050986050986051,0.34518684103172426,0.511063011063011,0.3333333333333333,0.07407407407407407,0.12121212121212122,0.19615857526639083
profitable_after_fees,F_all_excluding_calendar,logistic,2022,ETH/USDT,106,0.3490566037735849,0.3518628573604582,0.6220133176654916,0.42557050198312363,0.536623580101841,0.4666666666666667,0.1891891891891892,0.2692307692307692,0.22448673184245097
profitable_after_fees,F_all_excluding_calendar,logistic,2023,BTC/USDT,114,0.32456140350877194,0.27127115230085763,0.5703755703755703,0.3580359049596199,0.487012987012987,0.0,0.0,0.0,0.22358505112700222
profitable_after_fees,F_all_excluding_calendar,logistic,2023,ETH/USDT,102,0.3431372549019608,0.2971673060532226,0.5756929637526652,0.3822232801612072,0.49189765458422174,0.25,0.02857142857142857,0.05128205128205128,0.22918536817976362
profitable_after_fees,F_all_excluding_calendar,logistic,2024,BTC/USDT,105,0.41904761904761906,0.32686266319593305,0.5499254843517138,0.4901272317433143,0.5176974664679582,0.6,0.06818181818181818,0.12244897959183673,0.25368191370667015
profitable_after_fees,F_all_excluding_calendar,logistic,2024,ETH/USDT,98,0.29591836734693877,0.3452824444017743,0.5557221389305347,0.38916643196624084,0.5372313843078461,0.6,0.10344827586206896,0.17647058823529413,0.2100612967795647
return_above_0_5_percent,A_all,dummy,2020,BTC/USDT,107,0.32710280373831774,0.2624434389140271,0.5,0.32710280373831774,0.5,0.0,0.0,0.0,0.22428739298433006
return_above_0_5_percent,A_all,dummy,2020,ETH/USDT,101,0.37623762376237624,0.2624434389140271,0.5,0.37623762376237624,0.5,0.0,0.0,0.0,0.24763199073331713
return_above_0_5_percent,A_all,dummy,2021,BTC/USDT,97,0.3711340206185567,0.30626450116009274,0.5,0.3711340206185567,0.5,0.0,0.0,0.0,0.2376016139128335
return_above_0_5_percent,A_all,dummy,2021,ETH/USDT,104,0.38461538461538464,0.30626450116009274,0.5,0.38461538461538464,0.5,0.0,0.0,0.0,0.2428252514707691
return_above_0_5_percent,A_all,dummy,2022,BTC/USDT,104,0.23076923076923078,0.3296529968454259,0.5,0.23076923076923078,0.5,0.0,0.0,0.0,0.18729279209281996
return_above_0_5_percent,A_all,dummy,2022,ETH/USDT,106,0.29245283018867924,0.32965299684542587,0.5,0.29245283018867924,0.5,0.0,0.0,0.0,0.20830802470260054
return_above_0_5_percent,A_all,dummy,2023,BTC/USDT,114,0.24561403508771928,0.3124260355029586,0.5,0.24561403508771928,0.5,0.0,0.0,0.0,0.1897516242551338
return_above_0_5_percent,A_all,dummy,2023,ETH/USDT,102,0.28431372549019607,0.31242603550295867,0.5,0.28431372549019607,0.5,0.0,0.0,0.0,0.2042697329623352
return_above_0_5_percent,A_all,dummy,2024,BTC/USDT,105,0.3142857142857143,0.3014084507042254,0.5,0.3142857142857143,0.5,0.0,0.0,0.0,0.21567602799897984
return_above_0_5_percent,A_all,dummy,2024,ETH/USDT,98,0.2653061224489796,0.3014084507042254,0.5,0.2653061224489796,0.5,0.0,0.0,0.0,0.19622216194551617
return_above_0_5_percent,A_all,forest,2020,BTC/USDT,107,0.32710280373831774,0.28663773186092417,0.5305555555555554,0.3468595702261657,0.5,0.0,0.0,0.0,0.22385477318042774
return_above_0_5_percent,A_all,forest,2020,ETH/USDT,101,0.37623762376237624,0.28075792073095773,0.6633249791144528,0.5809217716078034,0.5,0.0,0.0,0.0,0.2311791346439208
return_above_0_5_percent,A_all,forest,2021,BTC/USDT,97,0.3711340206185567,0.35068040855553373,0.6876138433515482,0.5220286063918792,0.5448542805100182,0.625,0.1388888888888889,0.22727272727272727,0.21393307425739883
return_above_0_5_percent,A_all,forest,2021,ETH/USDT,104,0.38461538461538464,0.36695976237139827,0.6,0.505028845385619,0.5515625,0.6666666666666666,0.15,0.24489795918367346,0.22944611846156546
return_above_0_5_percent,A_all,forest,2022,BTC/USDT,104,0.23076923076923078,0.2867329856079281,0.5619791666666667,0.29179115043064946,0.5020833333333333,0.25,0.041666666666666664,0.07142857142857142,0.18381572287818496
return_above_0_5_percent,A_all,forest,2022,ETH/USDT,106,0.29245283018867924,0.32168255905736637,0.6713978494623656,0.3892455627162287,0.4827956989247312,0.16666666666666666,0.03225806451612903,0.05405405405405406,0.1940956986372401
return_above_0_5_percent,A_all,forest,2023,BTC/USDT,114,0.24561403508771928,0.2648157603795036,0.5307308970099667,0.2593004969129838,0.4941860465116279,0.0,0.0,0.0,0.19321290081516268
return_above_0_5_percent,A_all,forest,2023,ETH/USDT,102,0.28431372549019607,0.27247085443426355,0.5092111478507322,0.28432341774940234,0.4863013698630137,0.0,0.0,0.0,0.21535388272116013
return_above_0_5_percent,A_all,forest,2024,BTC/USDT,105,0.3142857142857143,0.29010804460378015,0.6544612794612795,0.4441860659137451,0.5,0.0,0.0,0.0,0.206116993809813
return_above_0_5_percent,A_all,forest,2024,ETH/USDT,98,0.2653061224489796,0.3052038414875112,0.624465811965812,0.35902492562226385,0.4930555555555556,0.0,0.0,0.0,0.19081382949057185
return_above_0_5_percent,A_all,hist_gradient,2020,BTC/USDT,107,0.32710280373831774,0.2962583002433535,0.5015873015873016,0.3092667284098668,0.4513888888888889,0.0,0.0,0.0,0.24211566466160392
return_above_0_5_percent,A_all,hist_gradient,2020,ETH/USDT,101,0.37623762376237624,0.2810499339445585,0.5977443609022557,0.5303943181844901,0.5131578947368421,1.0,0.02631578947368421,0.05128205128205128,0.23755835989096458
return_above_0_5_percent,A_all,hist_gradient,2021,BTC/USDT,97,0.3711340206185567,0.3482659240831,0.6434426229508198,0.47982547845845314,0.5063752276867031,0.4,0.1111111111111111,0.17391304347826086,0.22176732308339336
return_above_0_5_percent,A_all,hist_gradient,2021,ETH/USDT,104,0.38461538461538464,0.3576078262745105,0.568359375,0.45166384393534936,0.503125,0.4,0.1,0.16,0.23603331420796275
return_above_0_5_percent,A_all,hist_gradient,2022,BTC/USDT,104,0.23076923076923078,0.28775675941345835,0.5635416666666666,0.3175615953491149,0.5020833333333333,0.25,0.041666666666666664,0.07142857142857142,0.18232318340136572
return_above_0_5_percent,A_all,hist_gradient,2022,ETH/USDT,106,0.29245283018867924,0.3202170577875428,0.6645161290322581,0.3951148289866395,0.4961290322580645,0.25,0.03225806451612903,0.05714285714285714,0.19532727750102338
return_above_0_5_percent,A_all,hist_gradient,2023,BTC/USDT,114,0.24561403508771928,0.27537927116155947,0.4929401993355482,0.25098874207586525,0.4941860465116279,0.0,0.0,0.0,0.19645861155161198
return_above_0_5_percent,A_all,hist_gradient,2023,ETH/USDT,102,0.28431372549019607,0.2829971379726533,0.4855928200283419,0.2820800101443049,0.4657534246575342,0.0,0.0,0.0,0.2186040699249591
return_above_0_5_percent,A_all,hist_gradient,2024,BTC/USDT,105,0.3142857142857143,0.29690878905079354,0.617003367003367,0.39789913885126843,0.5012626262626263,0.3333333333333333,0.030303030303030304,0.05555555555555555,0.20926119030172588
return_above_0_5_percent,A_all,hist_gradient,2024,ETH/USDT,98,0.2653061224489796,0.30618200534710144,0.6121794871794871,0.3256960299789232,0.5,0.0,0.0,0.0,0.19171391558136364
return_above_0_5_percent,A_all,logistic,2020,BTC/USDT,107,0.32710280373831774,0.28948761578660903,0.5432539682539682,0.37201181142107503,0.4869047619047619,0.25,0.05714285714285714,0.09302325581395349,0.2315348841034864
return_above_0_5_percent,A_all,logistic,2020,ETH/USDT,101,0.37623762376237624,0.29465306786917245,0.575187969924812,0.5450916070080613,0.5921052631578947,1.0,0.18421052631578946,0.3111111111111111,0.23172171282516613
return_above_0_5_percent,A_all,logistic,2021,BTC/USDT,97,0.3711340206185567,0.36982121402159474,0.6329690346083789,0.5014662031413215,0.6092896174863388,0.631578947368421,0.3333333333333333,0.43636363636363634,0.2324927850537434
return_above_0_5_percent,A_all,logistic,2021,ETH/USDT,104,0.38461538461538464,0.48930132784306074,0.5203125,0.4269349191615066,0.528125,0.42105263157894735,0.4,0.41025641025641024,0.30617048481958764
return_above_0_5_percent,A_all,logistic,2022,BTC/USDT,104,0.23076923076923078,0.293919273587109,0.5578125,0.30268069163500866,0.5020833333333333,0.25,0.041666666666666664,0.07142857142857142,0.18342631370092993
return_above_0_5_percent,A_all,logistic,2022,ETH/USDT,106,0.29245283018867924,0.31996735379497593,0.6163440860215054,0.36583189248964687,0.5245161290322581,0.4,0.12903225806451613,0.1951219512195122,0.2086171674960248
return_above_0_5_percent,A_all,logistic,2023,BTC/USDT,114,0.24561403508771928,0.2284413415807669,0.545265780730897,0.265971921958828,0.5,0.0,0.0,0.0,0.18990226407938937
return_above_0_5_percent,A_all,logistic,2023,ETH/USDT,102,0.28431372549019607,0.2503238524543379,0.5517241379310345,0.3091273592682963,0.5,0.0,0.0,0.0,0.20843298586159292
return_above_0_5_percent,A_all,logistic,2024,BTC/USDT,105,0.3142857142857143,0.2738046984125343,0.6199494949494949,0.42188133577803666,0.4930555555555556,0.0,0.0,0.0,0.21032780951741264
return_above_0_5_percent,A_all,logistic,2024,ETH/USDT,98,0.2653061224489796,0.3010374628807979,0.5598290598290598,0.4097013189050487,0.5192307692307693,1.0,0.038461538461538464,0.07407407407407407,0.1959930582923996
return_above_0_5_percent,B_reduced,dummy,2020,BTC/USDT,107,0.32710280373831774,0.2624434389140271,0.5,0.32710280373831774,0.5,0.0,0.0,0.0,0.22428739298433006
return_above_0_5_percent,B_reduced,dummy,2020,ETH/USDT,101,0.37623762376237624,0.2624434389140271,0.5,0.37623762376237624,0.5,0.0,0.0,0.0,0.24763199073331713
return_above_0_5_percent,B_reduced,dummy,2021,BTC/USDT,97,0.3711340206185567,0.30626450116009274,0.5,0.3711340206185567,0.5,0.0,0.0,0.0,0.2376016139128335
return_above_0_5_percent,B_reduced,dummy,2021,ETH/USDT,104,0.38461538461538464,0.30626450116009274,0.5,0.38461538461538464,0.5,0.0,0.0,0.0,0.2428252514707691
return_above_0_5_percent,B_reduced,dummy,2022,BTC/USDT,104,0.23076923076923078,0.3296529968454259,0.5,0.23076923076923078,0.5,0.0,0.0,0.0,0.18729279209281996
return_above_0_5_percent,B_reduced,dummy,2022,ETH/USDT,106,0.29245283018867924,0.32965299684542587,0.5,0.29245283018867924,0.5,0.0,0.0,0.0,0.20830802470260054
return_above_0_5_percent,B_reduced,dummy,2023,BTC/USDT,114,0.24561403508771928,0.3124260355029586,0.5,0.24561403508771928,0.5,0.0,0.0,0.0,0.1897516242551338
return_above_0_5_percent,B_reduced,dummy,2023,ETH/USDT,102,0.28431372549019607,0.31242603550295867,0.5,0.28431372549019607,0.5,0.0,0.0,0.0,0.2042697329623352
return_above_0_5_percent,B_reduced,dummy,2024,BTC/USDT,105,0.3142857142857143,0.3014084507042254,0.5,0.3142857142857143,0.5,0.0,0.0,0.0,0.21567602799897984
return_above_0_5_percent,B_reduced,dummy,2024,ETH/USDT,98,0.2653061224489796,0.3014084507042254,0.5,0.2653061224489796,0.5,0.0,0.0,0.0,0.19622216194551617
return_above_0_5_percent,B_reduced,forest,2020,BTC/USDT,107,0.32710280373831774,0.28738902241416864,0.5238095238095238,0.3619921705737279,0.5,0.0,0.0,0.0,0.22330006223515284
return_above_0_5_percent,B_reduced,forest,2020,ETH/USDT,101,0.37623762376237624,0.2852651124762388,0.6232247284878865,0.4957408537657624,0.5,0.0,0.0,0.0,0.23467330211276072
return_above_0_5_percent,B_reduced,forest,2021,BTC/USDT,97,0.3711340206185567,0.3536182282244966,0.6903460837887068,0.5261470538970887,0.5170765027322404,0.5,0.08333333333333333,0.14285714285714285,0.2140048486147052
return_above_0_5_percent,B_reduced,forest,2021,ETH/USDT,104,0.38461538461538464,0.36374416461598563,0.6273437499999999,0.5017643539974883,0.4984375,0.375,0.075,0.125,0.22580862571449847
return_above_0_5_percent,B_reduced,forest,2022,BTC/USDT,104,0.23076923076923078,0.28587346297014055,0.578125,0.28453464263463235,0.5020833333333333,0.25,0.041666666666666664,0.07142857142857142,0.1820686409844801
return_above_0_5_percent,B_reduced,forest,2022,ETH/USDT,106,0.29245283018867924,0.3261101130909522,0.6838709677419355,0.41718803100966706,0.5083870967741936,0.3333333333333333,0.0967741935483871,0.15,0.19394045466222623
return_above_0_5_percent,B_reduced,forest,2023,BTC/USDT,114,0.24561403508771928,0.26503418816595625,0.5398671096345515,0.26016638371681067,0.4883720930232558,0.0,0.0,0.0,0.1926004787319125
return_above_0_5_percent,B_reduced,forest,2023,ETH/USDT,102,0.28431372549019607,0.27466144365121103,0.5243268776570619,0.28231241581395516,0.4794520547945205,0.0,0.0,0.0,0.21353150221127584
return_above_0_5_percent,B_reduced,forest,2024,BTC/USDT,105,0.3142857142857143,0.28586887877979517,0.6430976430976431,0.4307790129708686,0.5,0.0,0.0,0.0,0.20763554861225475
return_above_0_5_percent,B_reduced,forest,2024,ETH/USDT,98,0.2653061224489796,0.30298004514855104,0.6276709401709402,0.36148285806207475,0.4930555555555556,0.0,0.0,0.0,0.19010392371909718
return_above_0_5_percent,B_reduced,hist_gradient,2020,BTC/USDT,107,0.32710280373831774,0.29735027056232455,0.4805555555555556,0.31397752402782114,0.4795634920634921,0.16666666666666666,0.02857142857142857,0.04878048780487805,0.2423596991580923
return_above_0_5_percent,B_reduced,hist_gradient,2020,ETH/USDT,101,0.37623762376237624,0.2839840215099359,0.6351294903926483,0.5510791309534153,0.5183792815371763,0.6666666666666666,0.05263157894736842,0.0975609756097561,0.22909952897847
return_above_0_5_percent,B_reduced,hist_gradient,2021,BTC/USDT,97,0.3711340206185567,0.359862258451761,0.6061020036429872,0.43006112220382475,0.4735883424408015,0.2857142857142857,0.1111111111111111,0.16,0.22993300653772722
return_above_0_5_percent,B_reduced,hist_gradient,2021,ETH/USDT,104,0.38461538461538464,0.355766884309935,0.61015625,0.5067076554348731,0.5140625,0.5,0.075,0.13043478260869565,0.22920809783836343
return_above_0_5_percent,B_reduced,hist_gradient,2022,BTC/USDT,104,0.23076923076923078,0.29112287877841564,0.5125,0.31218511656472325,0.5083333333333333,0.3333333333333333,0.041666666666666664,0.07407407407407407,0.1857521839381335
return_above_0_5_percent,B_reduced,hist_gradient,2022,ETH/USDT,106,0.29245283018867924,0.3208311231014444,0.6516129032258065,0.40066631222344185,0.5150537634408602,0.375,0.0967741935483871,0.15384615384615385,0.1976591360533661
return_above_0_5_percent,B_reduced,hist_gradient,2023,BTC/USDT,114,0.24561403508771928,0.28129289226558385,0.4954318936877077,0.24631759332860237,0.4883720930232558,0.0,0.0,0.0,0.19804815659865094
return_above_0_5_percent,B_reduced,hist_gradient,2023,ETH/USDT,102,0.28431372549019607,0.28336634687319273,0.5224374114312706,0.29471604452932476,0.4657534246575342,0.0,0.0,0.0,0.21432116928819006
return_above_0_5_percent,B_reduced,hist_gradient,2024,BTC/USDT,105,0.3142857142857143,0.2912808772334819,0.6346801346801347,0.4275348207004104,0.4861111111111111,0.0,0.0,0.0,0.20726704342291918
return_above_0_5_percent,B_reduced,hist_gradient,2024,ETH/USDT,98,0.2653061224489796,0.30703032786086165,0.6121794871794872,0.36276168839643164,0.5122863247863249,0.5,0.038461538461538464,0.07142857142857142,0.1914084144206574
return_above_0_5_percent,B_reduced,logistic,2020,BTC/USDT,107,0.32710280373831774,0.2894881192491128,0.5297619047619048,0.3550125071000551,0.5077380952380952,0.4,0.05714285714285714,0.1,0.2305257189365563
return_above_0_5_percent,B_reduced,logistic,2020,ETH/USDT,101,0.37623762376237624,0.29980891244170776,0.5994152046783626,0.5518033276649325,0.5630743525480367,0.75,0.15789473684210525,0.2608695652173913,0.22837050292901068
return_above_0_5_percent,B_reduced,logistic,2021,BTC/USDT,97,0.3711340206185567,0.3641682954555098,0.6466302367941712,0.498161674815363,0.6010928961748634,0.6,0.3333333333333333,0.42857142857142855,0.23089036728216442
return_above_0_5_percent,B_reduced,logistic,2021,ETH/USDT,104,0.38461538461538464,0.4808371933459037,0.530078125,0.43269463225242444,0.53125,0.42857142857142855,0.375,0.4,0.30283765441985866
return_above_0_5_percent,B_reduced,logistic,2022,BTC/USDT,104,0.23076923076923078,0.2966668066051736,0.5567708333333333,0.2921755248885621,0.5145833333333334,0.5,0.041666666666666664,0.07692307692307693,0.18308761288841072
return_above_0_5_percent,B_reduced,logistic,2022,ETH/USDT,106,0.29245283018867924,0.3217188662880818,0.6210752688172043,0.36868756289876214,0.4950537634408602,0.2727272727272727,0.0967741935483871,0.14285714285714285,0.20530278472744096
return_above_0_5_percent,B_reduced,logistic,2023,BTC/USDT,114,0.24561403508771928,0.22876957527943753,0.5460963455149501,0.26500466349819707,0.5,0.0,0.0,0.0,0.1895563870822746
return_above_0_5_percent,B_reduced,logistic,2023,ETH/USDT,102,0.28431372549019607,0.25220440613530776,0.5413320736891828,0.30084039232988924,0.4931506849315068,0.0,0.0,0.0,0.20915714867212903
return_above_0_5_percent,B_reduced,logistic,2024,BTC/USDT,105,0.3142857142857143,0.27474161549583864,0.6216329966329965,0.4479157835430104,0.4930555555555556,0.0,0.0,0.0,0.20973006115231355
return_above_0_5_percent,B_reduced,logistic,2024,ETH/USDT,98,0.2653061224489796,0.30572830969044784,0.561965811965812,0.3777545456718657,0.531517094017094,0.6666666666666666,0.07692307692307693,0.13793103448275862,0.19488082095732637
return_above_0_5_percent,C_price_trend,dummy,2020,BTC/USDT,107,0.32710280373831774,0.2624434389140271,0.5,0.32710280373831774,0.5,0.0,0.0,0.0,0.22428739298433006
return_above_0_5_percent,C_price_trend,dummy,2020,ETH/USDT,101,0.37623762376237624,0.2624434389140271,0.5,0.37623762376237624,0.5,0.0,0.0,0.0,0.24763199073331713
return_above_0_5_percent,C_price_trend,dummy,2021,BTC/USDT,97,0.3711340206185567,0.30626450116009274,0.5,0.3711340206185567,0.5,0.0,0.0,0.0,0.2376016139128335
return_above_0_5_percent,C_price_trend,dummy,2021,ETH/USDT,104,0.38461538461538464,0.30626450116009274,0.5,0.38461538461538464,0.5,0.0,0.0,0.0,0.2428252514707691
return_above_0_5_percent,C_price_trend,dummy,2022,BTC/USDT,104,0.23076923076923078,0.3296529968454259,0.5,0.23076923076923078,0.5,0.0,0.0,0.0,0.18729279209281996
return_above_0_5_percent,C_price_trend,dummy,2022,ETH/USDT,106,0.29245283018867924,0.32965299684542587,0.5,0.29245283018867924,0.5,0.0,0.0,0.0,0.20830802470260054
return_above_0_5_percent,C_price_trend,dummy,2023,BTC/USDT,114,0.24561403508771928,0.3124260355029586,0.5,0.24561403508771928,0.5,0.0,0.0,0.0,0.1897516242551338
return_above_0_5_percent,C_price_trend,dummy,2023,ETH/USDT,102,0.28431372549019607,0.31242603550295867,0.5,0.28431372549019607,0.5,0.0,0.0,0.0,0.2042697329623352
return_above_0_5_percent,C_price_trend,dummy,2024,BTC/USDT,105,0.3142857142857143,0.3014084507042254,0.5,0.3142857142857143,0.5,0.0,0.0,0.0,0.21567602799897984
return_above_0_5_percent,C_price_trend,dummy,2024,ETH/USDT,98,0.2653061224489796,0.3014084507042254,0.5,0.2653061224489796,0.5,0.0,0.0,0.0,0.19622216194551617
return_above_0_5_percent,C_price_trend,forest,2020,BTC/USDT,107,0.32710280373831774,0.28348879688243395,0.55,0.3444261006598066,0.5,0.0,0.0,0.0,0.2228061325754179
return_above_0_5_percent,C_price_trend,forest,2020,ETH/USDT,101,0.37623762376237624,0.2753386586495626,0.6436925647451963,0.521977271386935,0.5,0.0,0.0,0.0,0.23354561357245895
return_above_0_5_percent,C_price_trend,forest,2021,BTC/USDT,97,0.3711340206185567,0.3410398853831473,0.6680327868852459,0.4937758375640402,0.5284608378870674,0.5,0.1388888888888889,0.21739130434782608,0.21660819009996457
return_above_0_5_percent,C_price_trend,forest,2021,ETH/USDT,104,0.38461538461538464,0.367495253310469,0.619921875,0.4923536937887852,0.5375,0.5,0.2,0.2857142857142857,0.22723253892338352
return_above_0_5_percent,C_price_trend,forest,2022,BTC/USDT,104,0.23076923076923078,0.28104788929173713,0.540625,0.27939838687280905,0.5083333333333333,0.3333333333333333,0.041666666666666664,0.07407407407407407,0.1844117002826824
return_above_0_5_percent,C_price_trend,forest,2022,ETH/USDT,106,0.29245283018867924,0.31686446711726,0.6516129032258065,0.3979144875384254,0.4961290322580645,0.25,0.03225806451612903,0.05714285714285714,0.19667252857227996
return_above_0_5_percent,C_price_trend,forest,2023,BTC/USDT,114,0.24561403508771928,0.2708978007155014,0.5477574750830565,0.2680894441324019,0.47674418604651164,0.0,0.0,0.0,0.1923058929657857
return_above_0_5_percent,C_price_trend,forest,2023,ETH/USDT,102,0.28431372549019607,0.2772416082259463,0.5210203117619273,0.28612461884668317,0.4863013698630137,0.0,0.0,0.0,0.212875046635132
return_above_0_5_percent,C_price_trend,forest,2024,BTC/USDT,105,0.3142857142857143,0.28610491927384013,0.6447811447811448,0.4308183603420478,0.4930555555555556,0.0,0.0,0.0,0.20888274931967593
return_above_0_5_percent,C_price_trend,forest,2024,ETH/USDT,98,0.2653061224489796,0.3064067124763945,0.6314102564102564,0.37564663739971155,0.5122863247863249,0.5,0.038461538461538464,0.07142857142857142,0.1898363642488737
return_above_0_5_percent,C_price_trend,hist_gradient,2020,BTC/USDT,107,0.32710280373831774,0.303010048606584,0.4841269841269841,0.29859262410990595,0.4795634920634921,0.16666666666666666,0.02857142857142857,0.04878048780487805,0.24213162120633996
return_above_0_5_percent,C_price_trend,hist_gradient,2020,ETH/USDT,101,0.37623762376237624,0.27949726044446027,0.5931495405179616,0.4683708914200957,0.5183792815371763,0.6666666666666666,0.05263157894736842,0.0975609756097561,0.23948502246925873
return_above_0_5_percent,C_price_trend,hist_gradient,2021,BTC/USDT,97,0.3711340206185567,0.32988903797199437,0.5806010928961748,0.40832282159277866,0.456511839708561,0.125,0.027777777777777776,0.045454545454545456,0.23511452300200572
return_above_0_5_percent,C_price_trend,hist_gradient,2021,ETH/USDT,104,0.38461538461538464,0.35398537891380993,0.6039062500000001,0.46412304610929944,0.5078125,0.4166666666666667,0.125,0.19230769230769232,0.23261483373300737
return_above_0_5_percent,C_price_trend,hist_gradient,2022,BTC/USDT,104,0.23076923076923078,0.29127194327826167,0.5354166666666667,0.3113759278062218,0.5291666666666667,0.5,0.08333333333333333,0.14285714285714285,0.1835805233840983
return_above_0_5_percent,C_price_trend,hist_gradient,2022,ETH/USDT,106,0.29245283018867924,0.31046451668917985,0.6318279569892473,0.3651226223735724,0.4961290322580645,0.25,0.03225806451612903,0.05714285714285714,0.20066112167493635
return_above_0_5_percent,C_price_trend,hist_gradient,2023,BTC/USDT,114,0.24561403508771928,0.28774790540092815,0.5141196013289037,0.25309180088878835,0.46511627906976744,0.0,0.0,0.0,0.19796331926891347
return_above_0_5_percent,C_price_trend,hist_gradient,2023,ETH/USDT,102,0.28431372549019607,0.2868167991383055,0.4785073216816249,0.27298391104104286,0.4931506849315068,0.0,0.0,0.0,0.21413782191016026
return_above_0_5_percent,C_price_trend,hist_gradient,2024,BTC/USDT,105,0.3142857142857143,0.29082157830744204,0.6157407407407407,0.397571336254427,0.4930555555555556,0.0,0.0,0.0,0.21137278043833196
return_above_0_5_percent,C_price_trend,hist_gradient,2024,ETH/USDT,98,0.2653061224489796,0.3094656088859162,0.6340811965811965,0.3958386430943851,0.5122863247863249,0.5,0.038461538461538464,0.07142857142857142,0.19036173520509067
return_above_0_5_percent,C_price_trend,logistic,2020,BTC/USDT,107,0.32710280373831774,0.2730376038664917,0.5376984126984127,0.37664386924804294,0.5216269841269842,0.6666666666666666,0.05714285714285714,0.10526315789473684,0.22686185533815836
return_above_0_5_percent,C_price_trend,logistic,2020,ETH/USDT,101,0.37623762376237624,0.28881298143465756,0.5868838763575606,0.5225454191253909,0.5526315789473684,1.0,0.10526315789473684,0.19047619047619047,0.23332558711453477
return_above_0_5_percent,C_price_trend,logistic,2021,BTC/USDT,97,0.3711340206185567,0.35286420225885845,0.6707650273224044,0.5172460798822183,0.5341530054644809,0.5,0.16666666666666666,0.25,0.21770892642295356
return_above_0_5_percent,C_price_trend,logistic,2021,ETH/USDT,104,0.38461538461538464,0.40972661984713077,0.598828125,0.47012271347823975,0.5375,0.4482758620689655,0.325,0.37681159420289856,0.2403721258043829
return_above_0_5_percent,C_price_trend,logistic,2022,BTC/USDT,104,0.23076923076923078,0.2852018352898237,0.46562499999999996,0.2643221065482035,0.5083333333333333,0.3333333333333333,0.041666666666666664,0.07407407407407407,0.18864320772821197
return_above_0_5_percent,C_price_trend,logistic,2022,ETH/USDT,106,0.29245283018867924,0.31714230676738847,0.61247311827957,0.3584267191691246,0.5378494623655914,0.5,0.12903225806451613,0.20512820512820512,0.21080879989361564
return_above_0_5_percent,C_price_trend,logistic,2023,BTC/USDT,114,0.24561403508771928,0.27538615784967146,0.5137043189368772,0.25537648254765394,0.4883720930232558,0.0,0.0,0.0,0.19125890117815222
return_above_0_5_percent,C_price_trend,logistic,2023,ETH/USDT,102,0.28431372549019607,0.2860998936034422,0.5403873405762872,0.29463563230180545,0.4863013698630137,0.0,0.0,0.0,0.20945455421319523
return_above_0_5_percent,C_price_trend,logistic,2024,BTC/USDT,105,0.3142857142857143,0.2794132395705029,0.5921717171717172,0.3879571744102936,0.4930555555555556,0.0,0.0,0.0,0.21389723495355717
return_above_0_5_percent,C_price_trend,logistic,2024,ETH/USDT,98,0.2653061224489796,0.29885576191166807,0.5844017094017094,0.33652532875221997,0.531517094017094,0.6666666666666666,0.07692307692307693,0.13793103448275862,0.1956609020557244
return_above_0_5_percent,D_price_trend_volatility,dummy,2020,BTC/USDT,107,0.32710280373831774,0.2624434389140271,0.5,0.32710280373831774,0.5,0.0,0.0,0.0,0.22428739298433006
return_above_0_5_percent,D_price_trend_volatility,dummy,2020,ETH/USDT,101,0.37623762376237624,0.2624434389140271,0.5,0.37623762376237624,0.5,0.0,0.0,0.0,0.24763199073331713
return_above_0_5_percent,D_price_trend_volatility,dummy,2021,BTC/USDT,97,0.3711340206185567,0.30626450116009274,0.5,0.3711340206185567,0.5,0.0,0.0,0.0,0.2376016139128335
return_above_0_5_percent,D_price_trend_volatility,dummy,2021,ETH/USDT,104,0.38461538461538464,0.30626450116009274,0.5,0.38461538461538464,0.5,0.0,0.0,0.0,0.2428252514707691
return_above_0_5_percent,D_price_trend_volatility,dummy,2022,BTC/USDT,104,0.23076923076923078,0.3296529968454259,0.5,0.23076923076923078,0.5,0.0,0.0,0.0,0.18729279209281996
return_above_0_5_percent,D_price_trend_volatility,dummy,2022,ETH/USDT,106,0.29245283018867924,0.32965299684542587,0.5,0.29245283018867924,0.5,0.0,0.0,0.0,0.20830802470260054
return_above_0_5_percent,D_price_trend_volatility,dummy,2023,BTC/USDT,114,0.24561403508771928,0.3124260355029586,0.5,0.24561403508771928,0.5,0.0,0.0,0.0,0.1897516242551338
return_above_0_5_percent,D_price_trend_volatility,dummy,2023,ETH/USDT,102,0.28431372549019607,0.31242603550295867,0.5,0.28431372549019607,0.5,0.0,0.0,0.0,0.2042697329623352
return_above_0_5_percent,D_price_trend_volatility,dummy,2024,BTC/USDT,105,0.3142857142857143,0.3014084507042254,0.5,0.3142857142857143,0.5,0.0,0.0,0.0,0.21567602799897984
return_above_0_5_percent,D_price_trend_volatility,dummy,2024,ETH/USDT,98,0.2653061224489796,0.3014084507042254,0.5,0.2653061224489796,0.5,0.0,0.0,0.0,0.19622216194551617
return_above_0_5_percent,D_price_trend_volatility,forest,2020,BTC/USDT,107,0.32710280373831774,0.28567823738319065,0.5305555555555556,0.34770262735619306,0.5,0.0,0.0,0.0,0.2230679301653106
return_above_0_5_percent,D_price_trend_volatility,forest,2020,ETH/USDT,101,0.37623762376237624,0.2801345909332962,0.6549707602339181,0.6292723579587708,0.5,0.0,0.0,0.0,0.23130850860615482
return_above_0_5_percent,D_price_trend_volatility,forest,2021,BTC/USDT,97,0.3711340206185567,0.34640824047414714,0.6876138433515483,0.5073630691731228,0.5145719489981785,0.4444444444444444,0.1111111111111111,0.17777777777777778,0.2136356108360359
return_above_0_5_percent,D_price_trend_volatility,forest,2021,ETH/USDT,104,0.38461538461538464,0.36479967570095084,0.625,0.5072002933510684,0.5484375,0.5833333333333334,0.175,0.2692307692307692,0.2271974994432517
return_above_0_5_percent,D_price_trend_volatility,forest,2022,BTC/USDT,104,0.23076923076923078,0.2836653114324148,0.5526041666666667,0.30266143370098075,0.5020833333333333,0.25,0.041666666666666664,0.07142857142857142,0.18322061657434513
return_above_0_5_percent,D_price_trend_volatility,forest,2022,ETH/USDT,106,0.29245283018867924,0.3246403589814971,0.6765591397849462,0.41755558108462665,0.4989247311827957,0.2857142857142857,0.06451612903225806,0.10526315789473684,0.19374823867776994
return_above_0_5_percent,D_price_trend_volatility,forest,2023,BTC/USDT,114,0.24561403508771928,0.2705502192095166,0.5332225913621262,0.259391001614046,0.4883720930232558,0.0,0.0,0.0,0.194735523731672
return_above_0_5_percent,D_price_trend_volatility,forest,2023,ETH/USDT,102,0.28431372549019607,0.27599974108707903,0.5144071799716581,0.28958524260235496,0.4863013698630137,0.0,0.0,0.0,0.21343830918831025
return_above_0_5_percent,D_price_trend_volatility,forest,2024,BTC/USDT,105,0.3142857142857143,0.284852290854619,0.6527777777777778,0.42953838944875083,0.4930555555555556,0.0,0.0,0.0,0.2067500397260003
return_above_0_5_percent,D_price_trend_volatility,forest,2024,ETH/USDT,98,0.2653061224489796,0.303145785243524,0.6340811965811965,0.36522241792293253,0.4930555555555556,0.0,0.0,0.0,0.19002219993055894
return_above_0_5_percent,D_price_trend_volatility,hist_gradient,2020,BTC/USDT,107,0.32710280373831774,0.30262840323330126,0.49563492063492065,0.30480125840650363,0.4375,0.0,0.0,0.0,0.2413137238788102
return_above_0_5_percent,D_price_trend_volatility,hist_gradient,2020,ETH/USDT,101,0.37623762376237624,0.2772808880192172,0.5756056808688388,0.5063034039180119,0.5263157894736842,1.0,0.05263157894736842,0.1,0.23989649202164773
return_above_0_5_percent,D_price_trend_volatility,hist_gradient,2021,BTC/USDT,97,0.3711340206185567,0.33896381738145587,0.6033697632058288,0.44526904654144794,0.4924863387978142,0.3333333333333333,0.08333333333333333,0.13333333333333333,0.23010395133706363
return_above_0_5_percent,D_price_trend_volatility,hist_gradient,2021,ETH/USDT,104,0.38461538461538464,0.3490519320736306,0.5921875,0.4612336718612826,0.503125,0.4,0.1,0.16,0.23471798979014094
return_above_0_5_percent,D_price_trend_volatility,hist_gradient,2022,BTC/USDT,104,0.23076923076923078,0.28185045250985036,0.55,0.31886942499840026,0.5229166666666667,0.4,0.08333333333333333,0.13793103448275862,0.1820411757241291
return_above_0_5_percent,D_price_trend_volatility,hist_gradient,2022,ETH/USDT,106,0.29245283018867924,0.3160315541937721,0.6589247311827957,0.40503880294854877,0.5055913978494624,0.3333333333333333,0.06451612903225806,0.10810810810810811,0.19575224679782377
return_above_0_5_percent,D_price_trend_volatility,hist_gradient,2023,BTC/USDT,114,0.24561403508771928,0.2899868152194255,0.46636212624584716,0.23477863605926164,0.4883720930232558,0.0,0.0,0.0,0.19951533744967526
return_above_0_5_percent,D_price_trend_volatility,hist_gradient,2023,ETH/USDT,102,0.28431372549019607,0.2926605056464141,0.5186584789796882,0.2984629226056169,0.4863013698630137,0.0,0.0,0.0,0.21224874154330972
return_above_0_5_percent,D_price_trend_volatility,hist_gradient,2024,BTC/USDT,105,0.3142857142857143,0.28970716233079014,0.6165824915824916,0.39961167880955095,0.4861111111111111,0.0,0.0,0.0,0.21053166749625196
return_above_0_5_percent,D_price_trend_volatility,hist_gradient,2024,ETH/USDT,98,0.2653061224489796,0.3017469593772439,0.6367521367521368,0.384722639937615,0.5192307692307693,1.0,0.038461538461538464,0.07407407407407407,0.18769489147547255
return_above_0_5_percent,D_price_trend_volatility,logistic,2020,BTC/USDT,107,0.32710280373831774,0.2775000633477187,0.5523809523809524,0.3855919545932377,0.5003968253968254,0.3333333333333333,0.02857142857142857,0.05263157894736842,0.22659227655029912
return_above_0_5_percent,D_price_trend_volatility,logistic,2020,ETH/USDT,101,0.37623762376237624,0.2980411921937598,0.600250626566416,0.5394106576075496,0.5578529657477026,0.8333333333333334,0.13157894736842105,0.22727272727272727,0.23035001220098508
return_above_0_5_percent,D_price_trend_volatility,logistic,2021,BTC/USDT,97,0.3711340206185567,0.36848298631167303,0.6739526411657559,0.5283428582564538,0.5430327868852459,0.47368421052631576,0.25,0.32727272727272727,0.21467014306119103
return_above_0_5_percent,D_price_trend_volatility,logistic,2021,ETH/USDT,104,0.38461538461538464,0.426399178926475,0.6039062500000001,0.4539409384450713,0.578125,0.5172413793103449,0.375,0.43478260869565216,0.242247768394266
return_above_0_5_percent,D_price_trend_volatility,logistic,2022,BTC/USDT,104,0.23076923076923078,0.287682443440472,0.55,0.29593476796604323,0.5083333333333333,0.3333333333333333,0.041666666666666664,0.07407407407407407,0.18387464867576142
return_above_0_5_percent,D_price_trend_volatility,logistic,2022,ETH/USDT,106,0.29245283018867924,0.31993389011995277,0.618494623655914,0.36400301972966675,0.5178494623655914,0.36363636363636365,0.12903225806451613,0.19047619047619047,0.20796567032742916
return_above_0_5_percent,D_price_trend_volatility,logistic,2023,BTC/USDT,114,0.24561403508771928,0.2383410396262813,0.4975083056478406,0.2509188692815353,0.5,0.0,0.0,0.0,0.1914482810000703
return_above_0_5_percent,D_price_trend_volatility,logistic,2023,ETH/USDT,102,0.28431372549019607,0.2558656835985104,0.5847897968823808,0.3259673595202697,0.5,0.0,0.0,0.0,0.20623234303716034
return_above_0_5_percent,D_price_trend_volatility,logistic,2024,BTC/USDT,105,0.3142857142857143,0.2778821864697792,0.6136363636363636,0.41585413221637657,0.5,0.0,0.0,0.0,0.21096512459709815
return_above_0_5_percent,D_price_trend_volatility,logistic,2024,ETH/USDT,98,0.2653061224489796,0.29499281220640317,0.593482905982906,0.36601249975395256,0.5245726495726496,0.5,0.07692307692307693,0.13333333333333333,0.19220370215468507
return_above_0_5_percent,E_all_excluding_regime,dummy,2020,BTC/USDT,107,0.32710280373831774,0.2624434389140271,0.5,0.32710280373831774,0.5,0.0,0.0,0.0,0.22428739298433006
return_above_0_5_percent,E_all_excluding_regime,dummy,2020,ETH/USDT,101,0.37623762376237624,0.2624434389140271,0.5,0.37623762376237624,0.5,0.0,0.0,0.0,0.24763199073331713
return_above_0_5_percent,E_all_excluding_regime,dummy,2021,BTC/USDT,97,0.3711340206185567,0.30626450116009274,0.5,0.3711340206185567,0.5,0.0,0.0,0.0,0.2376016139128335
return_above_0_5_percent,E_all_excluding_regime,dummy,2021,ETH/USDT,104,0.38461538461538464,0.30626450116009274,0.5,0.38461538461538464,0.5,0.0,0.0,0.0,0.2428252514707691
return_above_0_5_percent,E_all_excluding_regime,dummy,2022,BTC/USDT,104,0.23076923076923078,0.3296529968454259,0.5,0.23076923076923078,0.5,0.0,0.0,0.0,0.18729279209281996
return_above_0_5_percent,E_all_excluding_regime,dummy,2022,ETH/USDT,106,0.29245283018867924,0.32965299684542587,0.5,0.29245283018867924,0.5,0.0,0.0,0.0,0.20830802470260054
return_above_0_5_percent,E_all_excluding_regime,dummy,2023,BTC/USDT,114,0.24561403508771928,0.3124260355029586,0.5,0.24561403508771928,0.5,0.0,0.0,0.0,0.1897516242551338
return_above_0_5_percent,E_all_excluding_regime,dummy,2023,ETH/USDT,102,0.28431372549019607,0.31242603550295867,0.5,0.28431372549019607,0.5,0.0,0.0,0.0,0.2042697329623352
return_above_0_5_percent,E_all_excluding_regime,dummy,2024,BTC/USDT,105,0.3142857142857143,0.3014084507042254,0.5,0.3142857142857143,0.5,0.0,0.0,0.0,0.21567602799897984
return_above_0_5_percent,E_all_excluding_regime,dummy,2024,ETH/USDT,98,0.2653061224489796,0.3014084507042254,0.5,0.2653061224489796,0.5,0.0,0.0,0.0,0.19622216194551617
return_above_0_5_percent,E_all_excluding_regime,forest,2020,BTC/USDT,107,0.32710280373831774,0.28565085739019586,0.5357142857142857,0.34329016150815944,0.5,0.0,0.0,0.0,0.22278353109192037
return_above_0_5_percent,E_all_excluding_regime,forest,2020,ETH/USDT,101,0.37623762376237624,0.27957369942309884,0.6499582289055973,0.5218680503602541,0.5,0.0,0.0,0.0,0.23399605050718783
return_above_0_5_percent,E_all_excluding_regime,forest,2021,BTC/USDT,97,0.3711340206185567,0.3512341998441556,0.691712204007286,0.529855490393196,0.5587431693989071,0.6666666666666666,0.16666666666666666,0.26666666666666666,0.21307680610615173
return_above_0_5_percent,E_all_excluding_regime,forest,2021,ETH/USDT,104,0.38461538461538464,0.36411546018757784,0.6101562500000001,0.49927120076720183,0.5515625,0.6666666666666666,0.15,0.24489795918367346,0.22960189646439735
return_above_0_5_percent,E_all_excluding_regime,forest,2022,BTC/USDT,104,0.23076923076923078,0.2882015884305289,0.5583333333333333,0.29084410062165106,0.5020833333333333,0.25,0.041666666666666664,0.07142857142857142,0.1844643309867245
return_above_0_5_percent,E_all_excluding_regime,forest,2022,ETH/USDT,106,0.29245283018867924,0.32583690839628277,0.666236559139785,0.39655958207961495,0.4827956989247312,0.16666666666666666,0.03225806451612903,0.05405405405405406,0.19526500764502988
return_above_0_5_percent,E_all_excluding_regime,forest,2023,BTC/USDT,114,0.24561403508771928,0.2641231934917435,0.5311461794019933,0.2588639090924958,0.4941860465116279,0.0,0.0,0.0,0.19307228932966655
return_above_0_5_percent,E_all_excluding_regime,forest,2023,ETH/USDT,102,0.28431372549019607,0.2747896233453543,0.5219650448748229,0.2909541038935929,0.4863013698630137,0.0,0.0,0.0,0.21379306058555955
return_above_0_5_percent,E_all_excluding_regime,forest,2024,BTC/USDT,105,0.3142857142857143,0.2872800282821802,0.6506734006734006,0.44904951210731603,0.5,0.0,0.0,0.0,0.2070036274649508
return_above_0_5_percent,E_all_excluding_regime,forest,2024,ETH/USDT,98,0.2653061224489796,0.3039284137284028,0.6212606837606838,0.36238987752255536,0.5122863247863249,0.5,0.038461538461538464,0.07142857142857142,0.189528418100501
return_above_0_5_percent,E_all_excluding_regime,hist_gradient,2020,BTC/USDT,107,0.32710280373831774,0.2971365892714934,0.49126984126984125,0.3037657149316057,0.4513888888888889,0.0,0.0,0.0,0.24200238210621974
return_above_0_5_percent,E_all_excluding_regime,hist_gradient,2020,ETH/USDT,101,0.37623762376237624,0.2800626612978571,0.5705931495405179,0.49119018424281247,0.5131578947368421,1.0,0.02631578947368421,0.05128205128205128,0.24150006391118395
return_above_0_5_percent,E_all_excluding_regime,hist_gradient,2021,BTC/USDT,97,0.3711340206185567,0.34664531989326125,0.6047358834244081,0.44652182284119324,0.49817850637522765,0.36363636363636365,0.1111111111111111,0.1702127659574468,0.22827828447839535
return_above_0_5_percent,E_all_excluding_regime,hist_gradient,2021,ETH/USDT,104,0.38461538461538464,0.35172320326099044,0.6015625,0.4556499250249091,0.515625,0.45454545454545453,0.125,0.19607843137254902,0.23277374819824542
return_above_0_5_percent,E_all_excluding_regime,hist_gradient,2022,BTC/USDT,104,0.23076923076923078,0.29057922920137125,0.5682291666666667,0.32133977497137495,0.5020833333333333,0.25,0.041666666666666664,0.07142857142857142,0.18239594555986396
return_above_0_5_percent,E_all_excluding_regime,hist_gradient,2022,ETH/USDT,106,0.29245283018867924,0.3227559197426856,0.6559139784946236,0.3897020993026221,0.4961290322580645,0.25,0.03225806451612903,0.05714285714285714,0.19615070675687268
return_above_0_5_percent,E_all_excluding_regime,hist_gradient,2023,BTC/USDT,114,0.24561403508771928,0.2750960591581009,0.4825581395348837,0.24420820100668858,0.4941860465116279,0.0,0.0,0.0,0.19811487550229087
return_above_0_5_percent,E_all_excluding_regime,hist_gradient,2023,ETH/USDT,102,0.28431372549019607,0.28217197928400045,0.4893717524799245,0.2860895895592501,0.4657534246575342,0.0,0.0,0.0,0.21763884389234142
return_above_0_5_percent,E_all_excluding_regime,hist_gradient,2024,BTC/USDT,105,0.3142857142857143,0.2968648872780422,0.6172138047138046,0.40701786233321186,0.5012626262626263,0.3333333333333333,0.030303030303030304,0.05555555555555555,0.20872232189039736
return_above_0_5_percent,E_all_excluding_regime,hist_gradient,2024,ETH/USDT,98,0.2653061224489796,0.3046758460282698,0.6362179487179488,0.38610355021092624,0.5,0.0,0.0,0.0,0.18905630005556792
return_above_0_5_percent,E_all_excluding_regime,logistic,2020,BTC/USDT,107,0.32710280373831774,0.2857702929384075,0.5091269841269841,0.35355459245681636,0.5007936507936508,0.3333333333333333,0.05714285714285714,0.0975609756097561,0.2343113566515919
return_above_0_5_percent,E_all_excluding_regime,logistic,2020,ETH/USDT,101,0.37623762376237624,0.29580046024718654,0.537593984962406,0.49446474543512453,0.5657894736842105,1.0,0.13157894736842105,0.23255813953488372,0.24102349732227107
return_above_0_5_percent,E_all_excluding_regime,logistic,2021,BTC/USDT,97,0.3711340206185567,0.3653680823996479,0.645264116575592,0.4945823645886959,0.5373406193078324,0.47058823529411764,0.2222222222222222,0.3018867924528302,0.22075612837403985
return_above_0_5_percent,E_all_excluding_regime,logistic,2021,ETH/USDT,104,0.38461538461538464,0.42631774536433736,0.58359375,0.43909956716545573,0.5296875,0.43333333333333335,0.325,0.37142857142857144,0.2463369082813822
return_above_0_5_percent,E_all_excluding_regime,logistic,2022,BTC/USDT,104,0.23076923076923078,0.29253553251958525,0.5562499999999999,0.29797110053946513,0.5020833333333333,0.25,0.041666666666666664,0.07142857142857142,0.18372486699142884
return_above_0_5_percent,E_all_excluding_regime,logistic,2022,ETH/USDT,106,0.29245283018867924,0.32178781824871594,0.616774193548387,0.3639327550642914,0.5178494623655914,0.36363636363636365,0.12903225806451613,0.19047619047619047,0.2090029412185413
return_above_0_5_percent,E_all_excluding_regime,logistic,2023,BTC/USDT,114,0.24561403508771928,0.235900679155059,0.5091362126245847,0.25248213343172465,0.5,0.0,0.0,0.0,0.19163937711968526
return_above_0_5_percent,E_all_excluding_regime,logistic,2023,ETH/USDT,102,0.28431372549019607,0.254138451275856,0.5347189418989136,0.30032682641401043,0.5,0.0,0.0,0.0,0.20967206035363345
return_above_0_5_percent,E_all_excluding_regime,logistic,2024,BTC/USDT,105,0.3142857142857143,0.2736040307820372,0.6262626262626262,0.4804494616768745,0.5,0.0,0.0,0.0,0.2079432311315999
return_above_0_5_percent,E_all_excluding_regime,logistic,2024,ETH/USDT,98,0.2653061224489796,0.29463724049988693,0.5598290598290598,0.36178624234613277,0.5384615384615384,1.0,0.07692307692307693,0.14285714285714285,0.19622080054606672
return_above_0_5_percent,F_all_excluding_calendar,dummy,2020,BTC/USDT,107,0.32710280373831774,0.2624434389140271,0.5,0.32710280373831774,0.5,0.0,0.0,0.0,0.22428739298433006
return_above_0_5_percent,F_all_excluding_calendar,dummy,2020,ETH/USDT,101,0.37623762376237624,0.2624434389140271,0.5,0.37623762376237624,0.5,0.0,0.0,0.0,0.24763199073331713
return_above_0_5_percent,F_all_excluding_calendar,dummy,2021,BTC/USDT,97,0.3711340206185567,0.30626450116009274,0.5,0.3711340206185567,0.5,0.0,0.0,0.0,0.2376016139128335
return_above_0_5_percent,F_all_excluding_calendar,dummy,2021,ETH/USDT,104,0.38461538461538464,0.30626450116009274,0.5,0.38461538461538464,0.5,0.0,0.0,0.0,0.2428252514707691
return_above_0_5_percent,F_all_excluding_calendar,dummy,2022,BTC/USDT,104,0.23076923076923078,0.3296529968454259,0.5,0.23076923076923078,0.5,0.0,0.0,0.0,0.18729279209281996
return_above_0_5_percent,F_all_excluding_calendar,dummy,2022,ETH/USDT,106,0.29245283018867924,0.32965299684542587,0.5,0.29245283018867924,0.5,0.0,0.0,0.0,0.20830802470260054
return_above_0_5_percent,F_all_excluding_calendar,dummy,2023,BTC/USDT,114,0.24561403508771928,0.3124260355029586,0.5,0.24561403508771928,0.5,0.0,0.0,0.0,0.1897516242551338
return_above_0_5_percent,F_all_excluding_calendar,dummy,2023,ETH/USDT,102,0.28431372549019607,0.31242603550295867,0.5,0.28431372549019607,0.5,0.0,0.0,0.0,0.2042697329623352
return_above_0_5_percent,F_all_excluding_calendar,dummy,2024,BTC/USDT,105,0.3142857142857143,0.3014084507042254,0.5,0.3142857142857143,0.5,0.0,0.0,0.0,0.21567602799897984
return_above_0_5_percent,F_all_excluding_calendar,dummy,2024,ETH/USDT,98,0.2653061224489796,0.3014084507042254,0.5,0.2653061224489796,0.5,0.0,0.0,0.0,0.19622216194551617
return_above_0_5_percent,F_all_excluding_calendar,forest,2020,BTC/USDT,107,0.32710280373831774,0.28678436284839903,0.5329365079365079,0.3517543171545372,0.5,0.0,0.0,0.0,0.22257751793505282
return_above_0_5_percent,F_all_excluding_calendar,forest,2020,ETH/USDT,101,0.37623762376237624,0.2837236463802933,0.6616541353383458,0.5696423694751714,0.5,0.0,0.0,0.0,0.23069971848801177
return_above_0_5_percent,F_all_excluding_calendar,forest,2021,BTC/USDT,97,0.3711340206185567,0.3463959015621201,0.6944444444444445,0.515112826982793,0.5170765027322404,0.5,0.08333333333333333,0.14285714285714285,0.21256001503539304
return_above_0_5_percent,F_all_excluding_calendar,forest,2021,ETH/USDT,104,0.38461538461538464,0.36639022631736473,0.6199218750000001,0.5176659459330721,0.5359375,0.5454545454545454,0.15,0.23529411764705882,0.22766399202573417
return_above_0_5_percent,F_all_excluding_calendar,forest,2022,BTC/USDT,104,0.23076923076923078,0.28612937755690665,0.5697916666666666,0.29710548778566503,0.5145833333333334,0.5,0.041666666666666664,0.07692307692307693,0.18196866285593466
return_above_0_5_percent,F_all_excluding_calendar,forest,2022,ETH/USDT,106,0.29245283018867924,0.3262749842793416,0.6748387096774193,0.4120978396141113,0.4827956989247312,0.16666666666666666,0.03225806451612903,0.05405405405405406,0.19268621679650252
return_above_0_5_percent,F_all_excluding_calendar,forest,2023,BTC/USDT,114,0.24561403508771928,0.26281422583367314,0.5394518272425248,0.2599000212010783,0.48255813953488375,0.0,0.0,0.0,0.1931812196724561
return_above_0_5_percent,F_all_excluding_calendar,forest,2023,ETH/USDT,102,0.28431372549019607,0.27221091119910223,0.5087387812942843,0.2843924477164518,0.4863013698630137,0.0,0.0,0.0,0.21640625781076064
return_above_0_5_percent,F_all_excluding_calendar,forest,2024,BTC/USDT,105,0.3142857142857143,0.28767280085035835,0.6426767676767676,0.44179171275666285,0.5,0.0,0.0,0.0,0.2076799040339955
return_above_0_5_percent,F_all_excluding_calendar,forest,2024,ETH/USDT,98,0.2653061224489796,0.3030335708217879,0.6228632478632479,0.3442997369199438,0.4930555555555556,0.0,0.0,0.0,0.19061358389264293
return_above_0_5_percent,F_all_excluding_calendar,hist_gradient,2020,BTC/USDT,107,0.32710280373831774,0.2968591741302175,0.501984126984127,0.31058896837611566,0.4513888888888889,0.0,0.0,0.0,0.24176760848379233
return_above_0_5_percent,F_all_excluding_calendar,hist_gradient,2020,ETH/USDT,101,0.37623762376237624,0.27954023419969853,0.5948203842940685,0.5278982893031976,0.5131578947368421,1.0,0.02631578947368421,0.05128205128205128,0.23839975081909595
return_above_0_5_percent,F_all_excluding_calendar,hist_gradient,2021,BTC/USDT,97,0.3711340206185567,0.3369591869943111,0.6183970856102003,0.4577595634013673,0.511384335154827,0.5,0.05555555555555555,0.1,0.22561783659632795
return_above_0_5_percent,F_all_excluding_calendar,hist_gradient,2021,ETH/USDT,104,0.38461538461538464,0.3537912293301879,0.5765625,0.45699892446820967,0.5109375,0.4444444444444444,0.1,0.16326530612244897,0.23484018846409688
return_above_0_5_percent,F_all_excluding_calendar,hist_gradient,2022,BTC/USDT,104,0.23076923076923078,0.2860440027962325,0.5536458333333334,0.3080287993719857,0.5020833333333333,0.25,0.041666666666666664,0.07142857142857142,0.18341381598410456
return_above_0_5_percent,F_all_excluding_calendar,hist_gradient,2022,ETH/USDT,106,0.29245283018867924,0.31811726534645957,0.6572043010752688,0.39846102184659427,0.512258064516129,0.4,0.06451612903225806,0.1111111111111111,0.195908567343592
return_above_0_5_percent,F_all_excluding_calendar,hist_gradient,2023,BTC/USDT,114,0.24561403508771928,0.2776035960823838,0.502906976744186,0.25093426335891844,0.4941860465116279,0.0,0.0,0.0,0.19649339654890155
return_above_0_5_percent,F_all_excluding_calendar,hist_gradient,2023,ETH/USDT,102,0.28431372549019607,0.28273529760517646,0.48748228625413326,0.28733079265214284,0.4726027397260274,0.0,0.0,0.0,0.21637348433780118
return_above_0_5_percent,F_all_excluding_calendar,hist_gradient,2024,BTC/USDT,105,0.3142857142857143,0.2951279411435861,0.6157407407407407,0.39436477935071224,0.4861111111111111,0.0,0.0,0.0,0.20972610377556425
return_above_0_5_percent,F_all_excluding_calendar,hist_gradient,2024,ETH/USDT,98,0.2653061224489796,0.3042148598692824,0.6233974358974359,0.3415365877102195,0.5,0.0,0.0,0.0,0.19140349444239643
return_above_0_5_percent,F_all_excluding_calendar,logistic,2020,BTC/USDT,107,0.32710280373831774,0.28969353510577833,0.5630952380952381,0.3835796114422176,0.49384920634920637,0.2857142857142857,0.05714285714285714,0.09523809523809523,0.22845928741772137
return_above_0_5_percent,F_all_excluding_calendar,logistic,2020,ETH/USDT,101,0.37623762376237624,0.29307964064391023,0.5910609857978278,0.5510382809034199,0.5657894736842105,1.0,0.13157894736842105,0.23255813953488372,0.23147287961694513
return_above_0_5_percent,F_all_excluding_calendar,logistic,2021,BTC/USDT,97,0.3711340206185567,0.36722568414613116,0.6288706739526411,0.5043595553395444,0.6010928961748634,0.6,0.3333333333333333,0.42857142857142855,0.23166128537404906
return_above_0_5_percent,F_all_excluding_calendar,logistic,2021,ETH/USDT,104,0.38461538461538464,0.4856377662900673,0.5230468749999999,0.43163178072798,0.5078125,0.39473684210526316,0.375,0.38461538461538464,0.3058229583571286
return_above_0_5_percent,F_all_excluding_calendar,logistic,2022,BTC/USDT,104,0.23076923076923078,0.29209237956424844,0.5541666666666667,0.3018821776989459,0.5291666666666667,0.5,0.08333333333333333,0.14285714285714285,0.1840196285970048
return_above_0_5_percent,F_all_excluding_calendar,logistic,2022,ETH/USDT,106,0.29245283018867924,0.3210819707607904,0.61247311827957,0.36075594280550277,0.5245161290322581,0.4,0.12903225806451613,0.1951219512195122,0.20903833530310584
return_above_0_5_percent,F_all_excluding_calendar,logistic,2023,BTC/USDT,114,0.24561403508771928,0.22786817815020582,0.5581395348837208,0.2709087630585184,0.5,0.0,0.0,0.0,0.18819126975620568
return_above_0_5_percent,F_all_excluding_calendar,logistic,2023,ETH/USDT,102,0.28431372549019607,0.2489481710937956,0.5753424657534246,0.3144429279687167,0.5,0.0,0.0,0.0,0.2061346327656249
return_above_0_5_percent,F_all_excluding_calendar,logistic,2024,BTC/USDT,105,0.3142857142857143,0.27271389576577093,0.6178451178451179,0.42365569979195905,0.4930555555555556,0.0,0.0,0.0,0.2110375834562861
return_above_0_5_percent,F_all_excluding_calendar,logistic,2024,ETH/USDT,98,0.2653061224489796,0.2991549572738564,0.5592948717948718,0.3620580602407272,0.5122863247863249,0.5,0.038461538461538464,0.07142857142857142,0.1947289380487104
return_above_1_percent,A_all,dummy,2020,BTC/USDT,107,0.308411214953271,0.25339366515837103,0.5,0.308411214953271,0.5,0.0,0.0,0.0,0.21632066822975257
return_above_1_percent,A_all,dummy,2020,ETH/USDT,101,0.37623762376237624,0.253393665158371,0.5,0.37623762376237624,0.5,0.0,0.0,0.0,0.2497735123935194
return_above_1_percent,A_all,dummy,2021,BTC/USDT,97,0.35051546391752575,0.29698375870069604,0.5,0.35051546391752575,0.5,0.0,0.0,0.0,0.230520016935629
return_above_1_percent,A_all,dummy,2021,ETH/USDT,104,0.375,0.29698375870069604,0.5,0.375,0.5,0.0,0.0,0.0,0.24046153390647124
return_above_1_percent,A_all,dummy,2022,BTC/USDT,104,0.20192307692307693,0.3186119873817034,0.5,0.20192307692307693,0.5,0.0,0.0,0.0,0.17476644975301545
return_above_1_percent,A_all,dummy,2022,ETH/USDT,106,0.29245283018867924,0.3186119873817034,0.5,0.29245283018867924,0.5,0.0,0.0,0.0,0.20760847380836012
return_above_1_percent,A_all,dummy,2023,BTC/USDT,114,0.18421052631578946,0.3005917159763314,0.5,0.18421052631578946,0.5,0.0,0.0,0.0,0.16382158961705232
return_above_1_percent,A_all,dummy,2023,ETH/USDT,102,0.24509803921568626,0.3005917159763314,0.5,0.24509803921568626,0.5,0.0,0.0,0.0,0.1881045385487272
return_above_1_percent,A_all,dummy,2024,BTC/USDT,105,0.2571428571428571,0.2816901408450705,0.5,0.2571428571428571,0.5,0.0,0.0,0.0,0.1916229773004222
return_above_1_percent,A_all,dummy,2024,ETH/USDT,98,0.23469387755102042,0.2816901408450705,0.5,0.23469387755102042,0.5,0.0,0.0,0.0,0.1818213101546907
return_above_1_percent,A_all,forest,2020,BTC/USDT,107,0.308411214953271,0.27966037423289947,0.5180180180180181,0.3294866277140084,0.5,0.0,0.0,0.0,0.2167807356252083
return_above_1_percent,A_all,forest,2020,ETH/USDT,101,0.37623762376237624,0.2694025786010634,0.6441102756892231,0.5020733098307772,0.5,0.0,0.0,0.0,0.23750108634822442
return_above_1_percent,A_all,forest,2021,BTC/USDT,97,0.35051546391752575,0.339483191105324,0.6834733893557423,0.5150483217172516,0.5203081232492996,0.5,0.08823529411764706,0.15,0.20943923693634012
return_above_1_percent,A_all,forest,2021,ETH/USDT,104,0.375,0.35876377246970514,0.6512820512820514,0.5010035999417253,0.5333333333333333,0.5555555555555556,0.1282051282051282,0.20833333333333334,0.22041868470164092
return_above_1_percent,A_all,forest,2022,BTC/USDT,104,0.20192307692307693,0.27264503984217453,0.5880665519219735,0.2661205216240665,0.5117613310384395,0.3333333333333333,0.047619047619047616,0.08333333333333333,0.1659271764138401
return_above_1_percent,A_all,forest,2022,ETH/USDT,106,0.29245283018867924,0.31180144400936405,0.6696774193548387,0.39030103502776314,0.4827956989247312,0.16666666666666666,0.03225806451612903,0.05405405405405406,0.1948197984277076
return_above_1_percent,A_all,forest,2023,BTC/USDT,114,0.18421052631578946,0.25082067302707395,0.5550435227854582,0.20679384847086268,0.489247311827957,0.0,0.0,0.0,0.1605503607561281
return_above_1_percent,A_all,forest,2023,ETH/USDT,102,0.24509803921568626,0.25568782327926115,0.5132467532467532,0.25268858833775154,0.487012987012987,0.0,0.0,0.0,0.19706555099185893
return_above_1_percent,A_all,forest,2024,BTC/USDT,105,0.2571428571428571,0.2646175098729601,0.587369420702754,0.33709721830873157,0.5,0.0,0.0,0.0,0.1891779257571055
return_above_1_percent,A_all,forest,2024,ETH/USDT,98,0.23469387755102042,0.28660493265486797,0.5936231884057971,0.33870710218201705,0.5217391304347826,1.0,0.043478260869565216,0.08333333333333333,0.17978664966009672
return_above_1_percent,A_all,hist_gradient,2020,BTC/USDT,107,0.308411214953271,0.2856184865157481,0.49795249795249796,0.293234677862099,0.49324324324324326,0.0,0.0,0.0,0.22719048089160912
return_above_1_percent,A_all,hist_gradient,2020,ETH/USDT,101,0.37623762376237624,0.2637007430038069,0.6040100250626567,0.502510639760268,0.5131578947368421,1.0,0.02631578947368421,0.05128205128205128,0.23967703767329665
return_above_1_percent,A_all,hist_gradient,2021,BTC/USDT,97,0.35051546391752575,0.34199288417204576,0.6125116713352008,0.4498972913345322,0.527077497665733,0.5,0.11764705882352941,0.19047619047619047,0.22042585838870546
return_above_1_percent,A_all,hist_gradient,2021,ETH/USDT,104,0.375,0.3529552398803242,0.6248520710059171,0.5150549520576857,0.5641025641025641,0.6153846153846154,0.20512820512820512,0.3076923076923077,0.22398201298890597
return_above_1_percent,A_all,hist_gradient,2022,BTC/USDT,104,0.20192307692307693,0.27053275344995015,0.5605278255880665,0.3336567221698904,0.5117613310384395,0.3333333333333333,0.047619047619047616,0.08333333333333333,0.16514015922672964
return_above_1_percent,A_all,hist_gradient,2022,ETH/USDT,106,0.29245283018867924,0.3071426850833222,0.6688172043010753,0.4079627591729569,0.5055913978494624,0.3333333333333333,0.06451612903225806,0.10810810810810811,0.19523305130069996
return_above_1_percent,A_all,hist_gradient,2023,BTC/USDT,114,0.18421052631578946,0.25513382733107687,0.5033282130056324,0.18266641624994026,0.4946236559139785,0.0,0.0,0.0,0.1659360641925211
return_above_1_percent,A_all,hist_gradient,2023,ETH/USDT,102,0.24509803921568626,0.25972737330030493,0.47688311688311685,0.2368017815211587,0.474025974025974,0.0,0.0,0.0,0.2029328623133064
return_above_1_percent,A_all,hist_gradient,2024,BTC/USDT,105,0.2571428571428571,0.26458684274976096,0.5769230769230769,0.37443335428457153,0.5121082621082621,0.5,0.037037037037037035,0.06896551724137931,0.19054321156002826
return_above_1_percent,A_all,hist_gradient,2024,ETH/USDT,98,0.23469387755102042,0.2814322201187632,0.551304347826087,0.3088580174387744,0.5217391304347826,1.0,0.043478260869565216,0.08333333333333333,0.18394629360462494
return_above_1_percent,A_all,logistic,2020,BTC/USDT,107,0.308411214953271,0.28584822731458476,0.5524160524160524,0.3624513537080878,0.51003276003276,0.4,0.06060606060606061,0.10526315789473684,0.2204925480276962
return_above_1_percent,A_all,logistic,2020,ETH/USDT,101,0.37623762376237624,0.27744057071688016,0.5768588137009191,0.552607540530743,0.5657894736842105,1.0,0.13157894736842105,0.23255813953488372,0.23431730365186187
return_above_1_percent,A_all,logistic,2021,BTC/USDT,97,0.35051546391752575,0.3621369288209826,0.6414565826330533,0.4962841661083961,0.6062091503267973,0.6111111111111112,0.3235294117647059,0.4230769230769231,0.22150423080346204
return_above_1_percent,A_all,logistic,2021,ETH/USDT,104,0.375,0.4831660170486086,0.547534516765286,0.4356816578937716,0.517948717948718,0.4,0.358974358974359,0.3783783783783784,0.29658893105729267
return_above_1_percent,A_all,logistic,2022,BTC/USDT,104,0.20192307692307693,0.27737259606017106,0.546758462421113,0.2936473631962575,0.5415949512335054,0.6666666666666666,0.09523809523809523,0.16666666666666666,0.16831282541700793
return_above_1_percent,A_all,logistic,2022,ETH/USDT,106,0.29245283018867924,0.3076108229238925,0.6081720430107527,0.36821041805262367,0.5473118279569893,0.5,0.16129032258064516,0.24390243902439024,0.21024650988204246
return_above_1_percent,A_all,logistic,2023,BTC/USDT,114,0.18421052631578946,0.21345810652779953,0.5898617511520737,0.23472292200335332,0.5,0.0,0.0,0.0,0.1511404444302441
return_above_1_percent,A_all,logistic,2023,ETH/USDT,102,0.24509803921568626,0.23876496125622634,0.5184415584415585,0.2565977169809383,0.5,0.0,0.0,0.0,0.1924058763804537
return_above_1_percent,A_all,logistic,2024,BTC/USDT,105,0.2571428571428571,0.2419677842091749,0.5754985754985755,0.3057927221803223,0.5,0.0,0.0,0.0,0.19184056825481363
return_above_1_percent,A_all,logistic,2024,ETH/USDT,98,0.23469387755102042,0.2845246366896007,0.5489855072463767,0.3615225267211244,0.515072463768116,0.5,0.043478260869565216,0.08,0.18251512753185667
return_above_1_percent,B_reduced,dummy,2020,BTC/USDT,107,0.308411214953271,0.25339366515837103,0.5,0.308411214953271,0.5,0.0,0.0,0.0,0.21632066822975257
return_above_1_percent,B_reduced,dummy,2020,ETH/USDT,101,0.37623762376237624,0.253393665158371,0.5,0.37623762376237624,0.5,0.0,0.0,0.0,0.2497735123935194
return_above_1_percent,B_reduced,dummy,2021,BTC/USDT,97,0.35051546391752575,0.29698375870069604,0.5,0.35051546391752575,0.5,0.0,0.0,0.0,0.230520016935629
return_above_1_percent,B_reduced,dummy,2021,ETH/USDT,104,0.375,0.29698375870069604,0.5,0.375,0.5,0.0,0.0,0.0,0.24046153390647124
return_above_1_percent,B_reduced,dummy,2022,BTC/USDT,104,0.20192307692307693,0.3186119873817034,0.5,0.20192307692307693,0.5,0.0,0.0,0.0,0.17476644975301545
return_above_1_percent,B_reduced,dummy,2022,ETH/USDT,106,0.29245283018867924,0.3186119873817034,0.5,0.29245283018867924,0.5,0.0,0.0,0.0,0.20760847380836012
return_above_1_percent,B_reduced,dummy,2023,BTC/USDT,114,0.18421052631578946,0.3005917159763314,0.5,0.18421052631578946,0.5,0.0,0.0,0.0,0.16382158961705232
return_above_1_percent,B_reduced,dummy,2023,ETH/USDT,102,0.24509803921568626,0.3005917159763314,0.5,0.24509803921568626,0.5,0.0,0.0,0.0,0.1881045385487272
return_above_1_percent,B_reduced,dummy,2024,BTC/USDT,105,0.2571428571428571,0.2816901408450705,0.5,0.2571428571428571,0.5,0.0,0.0,0.0,0.1916229773004222
return_above_1_percent,B_reduced,dummy,2024,ETH/USDT,98,0.23469387755102042,0.2816901408450705,0.5,0.23469387755102042,0.5,0.0,0.0,0.0,0.1818213101546907
return_above_1_percent,B_reduced,forest,2020,BTC/USDT,107,0.308411214953271,0.27805778494185973,0.49549549549549543,0.32280458777788024,0.5,0.0,0.0,0.0,0.21969395021583474
return_above_1_percent,B_reduced,forest,2020,ETH/USDT,101,0.37623762376237624,0.2708380679423273,0.6169590643274854,0.4711167014330091,0.5,0.0,0.0,0.0,0.23916141600897484
return_above_1_percent,B_reduced,forest,2021,BTC/USDT,97,0.35051546391752575,0.34139874966984235,0.6914098972922502,0.5304575823966741,0.4988328664799253,0.3333333333333333,0.029411764705882353,0.05405405405405406,0.20790339993829712
return_above_1_percent,B_reduced,forest,2021,ETH/USDT,104,0.375,0.35531374887444495,0.665483234714004,0.5294473918528789,0.5205128205128206,0.5,0.10256410256410256,0.1702127659574468,0.21835773430756217
return_above_1_percent,B_reduced,forest,2022,BTC/USDT,104,0.20192307692307693,0.27353107860490755,0.597819850831899,0.26939289046050935,0.5117613310384395,0.3333333333333333,0.047619047619047616,0.08333333333333333,0.16542047447526959
return_above_1_percent,B_reduced,forest,2022,ETH/USDT,106,0.29245283018867924,0.3145362743156729,0.6873118279569892,0.4121864101779634,0.4922580645161291,0.25,0.06451612903225806,0.10256410256410256,0.19365463258797827
return_above_1_percent,B_reduced,forest,2023,BTC/USDT,114,0.18421052631578946,0.24830632927052187,0.5765488991295442,0.22025005732621056,0.4946236559139785,0.0,0.0,0.0,0.15747378196166426
return_above_1_percent,B_reduced,forest,2023,ETH/USDT,102,0.24509803921568626,0.2553352750970158,0.5340259740259741,0.255052332065286,0.487012987012987,0.0,0.0,0.0,0.19377987378536252
return_above_1_percent,B_reduced,forest,2024,BTC/USDT,105,0.2571428571428571,0.26102941979960026,0.6120607787274454,0.36851379648744115,0.5,0.0,0.0,0.0,0.18745632330631357
return_above_1_percent,B_reduced,forest,2024,ETH/USDT,98,0.23469387755102042,0.28569366307877003,0.6040579710144927,0.34136252118145405,0.5084057971014493,0.3333333333333333,0.043478260869565216,0.07692307692307693,0.17885355187971744
return_above_1_percent,B_reduced,hist_gradient,2020,BTC/USDT,107,0.308411214953271,0.2845336864098008,0.4764537264537264,0.29612776267061525,0.5016380016380017,0.3333333333333333,0.030303030303030304,0.05555555555555555,0.23023825045108548
return_above_1_percent,B_reduced,hist_gradient,2020,ETH/USDT,101,0.37623762376237624,0.2673936192179936,0.618421052631579,0.49783451208987506,0.5131578947368421,1.0,0.02631578947368421,0.05128205128205128,0.23675015274253616
return_above_1_percent,B_reduced,hist_gradient,2021,BTC/USDT,97,0.35051546391752575,0.3569818856458505,0.6078431372549019,0.4238074571591675,0.49533146591970123,0.3333333333333333,0.11764705882352941,0.17391304347826086,0.2236170197866141
return_above_1_percent,B_reduced,hist_gradient,2021,ETH/USDT,104,0.375,0.35049652110483565,0.6173570019723866,0.5224180673429917,0.5205128205128206,0.5,0.10256410256410256,0.1702127659574468,0.22495451774646824
return_above_1_percent,B_reduced,hist_gradient,2022,BTC/USDT,104,0.20192307692307693,0.2784896782394252,0.5415949512335054,0.2718792238603649,0.5117613310384395,0.3333333333333333,0.047619047619047616,0.08333333333333333,0.17063448052627272
return_above_1_percent,B_reduced,hist_gradient,2022,ETH/USDT,106,0.29245283018867924,0.3142987401094353,0.6731182795698925,0.4190601897258711,0.5055913978494624,0.3333333333333333,0.06451612903225806,0.10810810810810811,0.19372570257936736
return_above_1_percent,B_reduced,hist_gradient,2023,BTC/USDT,114,0.18421052631578946,0.2629223780683155,0.5514592933947773,0.21925359062535993,0.4946236559139785,0.0,0.0,0.0,0.1622684798847301
return_above_1_percent,B_reduced,hist_gradient,2023,ETH/USDT,102,0.24509803921568626,0.2711035542460445,0.5288311688311688,0.26138116283754464,0.474025974025974,0.0,0.0,0.0,0.19684768187337445
return_above_1_percent,B_reduced,hist_gradient,2024,BTC/USDT,105,0.2571428571428571,0.2590935634141068,0.594017094017094,0.3473504351051052,0.5121082621082621,0.5,0.037037037037037035,0.06896551724137931,0.1877574893950158
return_above_1_percent,B_reduced,hist_gradient,2024,ETH/USDT,98,0.23469387755102042,0.28180159081948897,0.566376811594203,0.3043924921099024,0.5217391304347826,1.0,0.043478260869565216,0.08333333333333333,0.18252919161332182
return_above_1_percent,B_reduced,logistic,2020,BTC/USDT,107,0.308411214953271,0.2851337418752102,0.5446355446355446,0.3551728373731041,0.5235462735462736,0.6666666666666666,0.06060606060606061,0.1111111111111111,0.22028488139925642
return_above_1_percent,B_reduced,logistic,2020,ETH/USDT,101,0.37623762376237624,0.2823889503430025,0.5960735171261486,0.5559399090538674,0.5446950710108605,0.8,0.10526315789473684,0.18604651162790697,0.23112070974779464
return_above_1_percent,B_reduced,logistic,2021,BTC/USDT,97,0.35051546391752575,0.35654993855982636,0.6587301587301587,0.49797310150618723,0.6141456582633054,0.6470588235294118,0.3235294117647059,0.43137254901960786,0.2205209547660486
return_above_1_percent,B_reduced,logistic,2021,ETH/USDT,104,0.375,0.47362014249851625,0.5538461538461539,0.4356912056944975,0.5512820512820513,0.4444444444444444,0.41025641025641024,0.4266666666666667,0.2925160705202463
return_above_1_percent,B_reduced,logistic,2022,BTC/USDT,104,0.20192307692307693,0.2802501319143774,0.555364314400459,0.28343840896093275,0.5177854274239816,0.5,0.047619047619047616,0.08695652173913043,0.1679863049886694
return_above_1_percent,B_reduced,logistic,2022,ETH/USDT,106,0.29245283018867924,0.30775016177670983,0.618494623655914,0.37590223523717853,0.4989247311827957,0.2857142857142857,0.06451612903225806,0.10526315789473684,0.20569611146480138
return_above_1_percent,B_reduced,logistic,2023,BTC/USDT,114,0.18421052631578946,0.21375348740869274,0.5985663082437276,0.2386897438214477,0.5,0.0,0.0,0.0,0.15097177630105849
return_above_1_percent,B_reduced,logistic,2023,ETH/USDT,102,0.24509803921568626,0.24036240876908108,0.5049350649350649,0.25047618266703897,0.5,0.0,0.0,0.0,0.1929531300003624
return_above_1_percent,B_reduced,logistic,2024,BTC/USDT,105,0.2571428571428571,0.24301576547918408,0.5802469135802469,0.31005107474424054,0.5,0.0,0.0,0.0,0.19170041771743745
return_above_1_percent,B_reduced,logistic,2024,ETH/USDT,98,0.23469387755102042,0.2881935098011722,0.5518840579710145,0.3832237746343098,0.5434782608695652,1.0,0.08695652173913043,0.16,0.18135682323240007
return_above_1_percent,C_price_trend,dummy,2020,BTC/USDT,107,0.308411214953271,0.25339366515837103,0.5,0.308411214953271,0.5,0.0,0.0,0.0,0.21632066822975257
return_above_1_percent,C_price_trend,dummy,2020,ETH/USDT,101,0.37623762376237624,0.253393665158371,0.5,0.37623762376237624,0.5,0.0,0.0,0.0,0.2497735123935194
return_above_1_percent,C_price_trend,dummy,2021,BTC/USDT,97,0.35051546391752575,0.29698375870069604,0.5,0.35051546391752575,0.5,0.0,0.0,0.0,0.230520016935629
return_above_1_percent,C_price_trend,dummy,2021,ETH/USDT,104,0.375,0.29698375870069604,0.5,0.375,0.5,0.0,0.0,0.0,0.24046153390647124
return_above_1_percent,C_price_trend,dummy,2022,BTC/USDT,104,0.20192307692307693,0.3186119873817034,0.5,0.20192307692307693,0.5,0.0,0.0,0.0,0.17476644975301545
return_above_1_percent,C_price_trend,dummy,2022,ETH/USDT,106,0.29245283018867924,0.3186119873817034,0.5,0.29245283018867924,0.5,0.0,0.0,0.0,0.20760847380836012
return_above_1_percent,C_price_trend,dummy,2023,BTC/USDT,114,0.18421052631578946,0.3005917159763314,0.5,0.18421052631578946,0.5,0.0,0.0,0.0,0.16382158961705232
return_above_1_percent,C_price_trend,dummy,2023,ETH/USDT,102,0.24509803921568626,0.3005917159763314,0.5,0.24509803921568626,0.5,0.0,0.0,0.0,0.1881045385487272
return_above_1_percent,C_price_trend,dummy,2024,BTC/USDT,105,0.2571428571428571,0.2816901408450705,0.5,0.2571428571428571,0.5,0.0,0.0,0.0,0.1916229773004222
return_above_1_percent,C_price_trend,dummy,2024,ETH/USDT,98,0.23469387755102042,0.2816901408450705,0.5,0.23469387755102042,0.5,0.0,0.0,0.0,0.1818213101546907
return_above_1_percent,C_price_trend,forest,2020,BTC/USDT,107,0.308411214953271,0.275081850985232,0.5184275184275184,0.3284036961606499,0.5,0.0,0.0,0.0,0.21858366877825047
return_above_1_percent,C_price_trend,forest,2020,ETH/USDT,101,0.37623762376237624,0.2638373171396522,0.6207184628237259,0.4802925054636874,0.5,0.0,0.0,0.0,0.23957881548309032
return_above_1_percent,C_price_trend,forest,2021,BTC/USDT,97,0.35051546391752575,0.32915421742775275,0.661531279178338,0.5097229453293428,0.527077497665733,0.5,0.11764705882352941,0.19047619047619047,0.212786084958614
return_above_1_percent,C_price_trend,forest,2021,ETH/USDT,104,0.375,0.35820903645989,0.6560157790927021,0.5200223625143716,0.5487179487179488,0.5333333333333333,0.20512820512820512,0.2962962962962963,0.21881735441227848
return_above_1_percent,C_price_trend,forest,2022,BTC/USDT,104,0.20192307692307693,0.2705525735639924,0.580608146873207,0.2850518023889964,0.5117613310384395,0.3333333333333333,0.047619047619047616,0.08333333333333333,0.16685961875954933
return_above_1_percent,C_price_trend,forest,2022,ETH/USDT,106,0.29245283018867924,0.30560556624848306,0.6653763440860215,0.4149893583458021,0.48946236559139783,0.2,0.03225806451612903,0.05555555555555555,0.19538146207763712
return_above_1_percent,C_price_trend,forest,2023,BTC/USDT,114,0.18421052631578946,0.25937703837173454,0.5714285714285714,0.21812228448250365,0.478494623655914,0.0,0.0,0.0,0.16143037384674433
return_above_1_percent,C_price_trend,forest,2023,ETH/USDT,102,0.24509803921568626,0.26218103741164267,0.5189610389610391,0.24941999662820963,0.4805194805194805,0.0,0.0,0.0,0.1957697155958772
return_above_1_percent,C_price_trend,forest,2024,BTC/USDT,105,0.2571428571428571,0.2651612799482997,0.6571699905033238,0.40445421015241434,0.4935897435897436,0.0,0.0,0.0,0.18454422727230405
return_above_1_percent,C_price_trend,forest,2024,ETH/USDT,98,0.23469387755102042,0.2874100393472575,0.6,0.3320264005386697,0.515072463768116,0.5,0.043478260869565216,0.08,0.17967689122523667
return_above_1_percent,C_price_trend,hist_gradient,2020,BTC/USDT,107,0.308411214953271,0.28818977158557213,0.46498771498771496,0.27336179738573546,0.4594594594594595,0.0,0.0,0.0,0.234237925239641
return_above_1_percent,C_price_trend,hist_gradient,2020,ETH/USDT,101,0.37623762376237624,0.2620566974569197,0.5833333333333334,0.4582704431292176,0.5263157894736842,1.0,0.05263157894736842,0.1,0.24580173226871388
return_above_1_percent,C_price_trend,hist_gradient,2021,BTC/USDT,97,0.35051546391752575,0.3161193315929188,0.5676937441643324,0.41781413763255904,0.4988328664799253,0.3333333333333333,0.029411764705882353,0.05405405405405406,0.22775989252393586
return_above_1_percent,C_price_trend,hist_gradient,2021,ETH/USDT,104,0.375,0.3440983267798515,0.6078895463510847,0.49585035541658146,0.5461538461538462,0.6,0.15384615384615385,0.24489795918367346,0.22617655046321727
return_above_1_percent,C_price_trend,hist_gradient,2022,BTC/USDT,104,0.20192307692307693,0.27531008135252183,0.561675272518646,0.30575255575776006,0.5177854274239816,0.5,0.047619047619047616,0.08695652173913043,0.1652484463532304
return_above_1_percent,C_price_trend,hist_gradient,2022,ETH/USDT,106,0.29245283018867924,0.30163443781850025,0.6503225806451614,0.3932300636950793,0.4961290322580645,0.25,0.03225806451612903,0.05714285714285714,0.19782351651312705
return_above_1_percent,C_price_trend,hist_gradient,2023,BTC/USDT,114,0.18421052631578946,0.2726005426740584,0.5396825396825397,0.2158214779534942,0.478494623655914,0.0,0.0,0.0,0.1648569796511629
return_above_1_percent,C_price_trend,hist_gradient,2023,ETH/USDT,102,0.24509803921568626,0.26864868257943564,0.49662337662337663,0.24256565346267175,0.4935064935064935,0.0,0.0,0.0,0.19662069059704504
return_above_1_percent,C_price_trend,hist_gradient,2024,BTC/USDT,105,0.2571428571428571,0.2610631448837135,0.6481481481481481,0.41820452636066885,0.4935897435897436,0.0,0.0,0.0,0.1827961576716825
return_above_1_percent,C_price_trend,hist_gradient,2024,ETH/USDT,98,0.23469387755102042,0.2900096319432451,0.5640579710144927,0.3005748362911692,0.5084057971014493,0.3333333333333333,0.043478260869565216,0.07692307692307693,0.1842108153744787
return_above_1_percent,C_price_trend,logistic,2020,BTC/USDT,107,0.308411214953271,0.27074999452678844,0.5311220311220312,0.36094202294268907,0.5083947583947585,0.5,0.030303030303030304,0.05714285714285714,0.21907105149387374
return_above_1_percent,C_price_trend,logistic,2020,ETH/USDT,101,0.37623762376237624,0.2742024347763188,0.5802005012531328,0.522278315603808,0.5394736842105263,1.0,0.07894736842105263,0.14634146341463414,0.23636261923241142
return_above_1_percent,C_price_trend,logistic,2021,BTC/USDT,97,0.35051546391752575,0.3438585662618414,0.6858076563958917,0.5069033630687272,0.5406162464985994,0.5,0.17647058823529413,0.2608695652173913,0.20897264895804143
return_above_1_percent,C_price_trend,logistic,2021,ETH/USDT,104,0.375,0.4036301405444353,0.6331360946745563,0.48829278193711556,0.5384615384615385,0.4444444444444444,0.3076923076923077,0.36363636363636365,0.23020344703437431
return_above_1_percent,C_price_trend,logistic,2022,BTC/USDT,104,0.20192307692307693,0.26849931270422495,0.47160068846815834,0.255836685136327,0.5117613310384395,0.3333333333333333,0.047619047619047616,0.08333333333333333,0.17054110508991555
return_above_1_percent,C_price_trend,logistic,2022,ETH/USDT,106,0.29245283018867924,0.3065588115499629,0.6172043010752688,0.36146477657835435,0.5378494623655914,0.5,0.12903225806451613,0.20512820512820512,0.21254216031524648
return_above_1_percent,C_price_trend,logistic,2023,BTC/USDT,114,0.18421052631578946,0.25529379639065,0.5606758832565284,0.2222611514359309,0.4946236559139785,0.0,0.0,0.0,0.15711474209244355
return_above_1_percent,C_price_trend,logistic,2023,ETH/USDT,102,0.24509803921568626,0.2722784280934135,0.5142857142857142,0.2485878211297282,0.487012987012987,0.0,0.0,0.0,0.1930286822751678
return_above_1_percent,C_price_trend,logistic,2024,BTC/USDT,105,0.2571428571428571,0.24931286851317502,0.5631528964862298,0.3093351365499219,0.5,0.0,0.0,0.0,0.19137204873612365
return_above_1_percent,C_price_trend,logistic,2024,ETH/USDT,98,0.23469387755102042,0.2832637050338379,0.5710144927536231,0.31590149865026834,0.5368115942028986,0.6666666666666666,0.08695652173913043,0.15384615384615385,0.1813182571785315
return_above_1_percent,D_price_trend_volatility,dummy,2020,BTC/USDT,107,0.308411214953271,0.25339366515837103,0.5,0.308411214953271,0.5,0.0,0.0,0.0,0.21632066822975257
return_above_1_percent,D_price_trend_volatility,dummy,2020,ETH/USDT,101,0.37623762376237624,0.253393665158371,0.5,0.37623762376237624,0.5,0.0,0.0,0.0,0.2497735123935194
return_above_1_percent,D_price_trend_volatility,dummy,2021,BTC/USDT,97,0.35051546391752575,0.29698375870069604,0.5,0.35051546391752575,0.5,0.0,0.0,0.0,0.230520016935629
return_above_1_percent,D_price_trend_volatility,dummy,2021,ETH/USDT,104,0.375,0.29698375870069604,0.5,0.375,0.5,0.0,0.0,0.0,0.24046153390647124
return_above_1_percent,D_price_trend_volatility,dummy,2022,BTC/USDT,104,0.20192307692307693,0.3186119873817034,0.5,0.20192307692307693,0.5,0.0,0.0,0.0,0.17476644975301545
return_above_1_percent,D_price_trend_volatility,dummy,2022,ETH/USDT,106,0.29245283018867924,0.3186119873817034,0.5,0.29245283018867924,0.5,0.0,0.0,0.0,0.20760847380836012
return_above_1_percent,D_price_trend_volatility,dummy,2023,BTC/USDT,114,0.18421052631578946,0.3005917159763314,0.5,0.18421052631578946,0.5,0.0,0.0,0.0,0.16382158961705232
return_above_1_percent,D_price_trend_volatility,dummy,2023,ETH/USDT,102,0.24509803921568626,0.3005917159763314,0.5,0.24509803921568626,0.5,0.0,0.0,0.0,0.1881045385487272
return_above_1_percent,D_price_trend_volatility,dummy,2024,BTC/USDT,105,0.2571428571428571,0.2816901408450705,0.5,0.2571428571428571,0.5,0.0,0.0,0.0,0.1916229773004222
return_above_1_percent,D_price_trend_volatility,dummy,2024,ETH/USDT,98,0.23469387755102042,0.2816901408450705,0.5,0.23469387755102042,0.5,0.0,0.0,0.0,0.1818213101546907
return_above_1_percent,D_price_trend_volatility,forest,2020,BTC/USDT,107,0.308411214953271,0.2751869433361598,0.5102375102375103,0.32039654535334716,0.5,0.0,0.0,0.0,0.21764970962906938
return_above_1_percent,D_price_trend_volatility,forest,2020,ETH/USDT,101,0.37623762376237624,0.26834797696843243,0.6512113617376776,0.5614837885319884,0.5,0.0,0.0,0.0,0.23604356508341107
return_above_1_percent,D_price_trend_volatility,forest,2021,BTC/USDT,97,0.35051546391752575,0.33919374638518823,0.669467787114846,0.4964618525454795,0.519140989729225,0.4444444444444444,0.11764705882352941,0.18604651162790697,0.21102384453351106
return_above_1_percent,D_price_trend_volatility,forest,2021,ETH/USDT,104,0.375,0.3612009195232181,0.6619329388560157,0.5275637267855956,0.5564102564102564,0.5714285714285714,0.20512820512820512,0.3018867924528302,0.21814501302424516
return_above_1_percent,D_price_trend_volatility,forest,2022,BTC/USDT,104,0.20192307692307693,0.2693067633152485,0.570281124497992,0.2708547759017844,0.5117613310384395,0.3333333333333333,0.047619047619047616,0.08333333333333333,0.16671461943121116
return_above_1_percent,D_price_trend_volatility,forest,2022,ETH/USDT,106,0.29245283018867924,0.311326669157012,0.6774193548387097,0.41865686922150336,0.48946236559139783,0.2,0.03225806451612903,0.05555555555555555,0.1932872422319145
return_above_1_percent,D_price_trend_volatility,forest,2023,BTC/USDT,114,0.18421052631578946,0.25223268128122256,0.5601638504864311,0.20930867173893217,0.4946236559139785,0.0,0.0,0.0,0.16075573138039675
return_above_1_percent,D_price_trend_volatility,forest,2023,ETH/USDT,102,0.24509803921568626,0.2562554362155953,0.5303896103896103,0.2543923314666813,0.487012987012987,0.0,0.0,0.0,0.19430547201438408
return_above_1_percent,D_price_trend_volatility,forest,2024,BTC/USDT,105,0.2571428571428571,0.256816757902244,0.6225071225071225,0.35569795259275727,0.5,0.0,0.0,0.0,0.18714683869811793
return_above_1_percent,D_price_trend_volatility,forest,2024,ETH/USDT,98,0.23469387755102042,0.2829305757265145,0.6017391304347827,0.34708219429015863,0.515072463768116,0.5,0.043478260869565216,0.08,0.17918259304668357
return_above_1_percent,D_price_trend_volatility,hist_gradient,2020,BTC/USDT,107,0.308411214953271,0.2956840135344928,0.4782964782964783,0.28375686719666965,0.46621621621621623,0.0,0.0,0.0,0.2321509441026617
return_above_1_percent,D_price_trend_volatility,hist_gradient,2020,ETH/USDT,101,0.37623762376237624,0.2637133007320342,0.5618212197159566,0.4739276025569499,0.5263157894736842,1.0,0.05263157894736842,0.1,0.2457510787885969
return_above_1_percent,D_price_trend_volatility,hist_gradient,2021,BTC/USDT,97,0.35051546391752575,0.33207068737854684,0.61531279178338,0.4454971130980423,0.527077497665733,0.5,0.11764705882352941,0.19047619047619047,0.22072737717223306
return_above_1_percent,D_price_trend_volatility,hist_gradient,2021,ETH/USDT,104,0.375,0.35408538385253274,0.6216962524654832,0.49320204498263115,0.5256410256410257,0.5,0.1282051282051282,0.20408163265306123,0.22548496409357413
return_above_1_percent,D_price_trend_volatility,hist_gradient,2022,BTC/USDT,104,0.20192307692307693,0.26704408525965534,0.5576592082616179,0.2890256649467346,0.4879518072289157,0.0,0.0,0.0,0.16501814870502468
return_above_1_percent,D_price_trend_volatility,hist_gradient,2022,ETH/USDT,106,0.29245283018867924,0.30644094844154457,0.6576344086021506,0.4222724228713344,0.5189247311827957,0.5,0.06451612903225806,0.11428571428571428,0.1946547241186654
return_above_1_percent,D_price_trend_volatility,hist_gradient,2023,BTC/USDT,114,0.18421052631578946,0.2603032317810386,0.4756784434203789,0.17523483994547112,0.4946236559139785,0.0,0.0,0.0,0.16634488443515869
return_above_1_percent,D_price_trend_volatility,hist_gradient,2023,ETH/USDT,102,0.24509803921568626,0.2609061050188208,0.4981818181818182,0.24972006929647972,0.487012987012987,0.0,0.0,0.0,0.19667365128340283
return_above_1_percent,D_price_trend_volatility,hist_gradient,2024,BTC/USDT,105,0.2571428571428571,0.2583297374039888,0.6208452041785375,0.34282746364687033,0.5121082621082621,0.5,0.037037037037037035,0.06896551724137931,0.18605939227992713
return_above_1_percent,D_price_trend_volatility,hist_gradient,2024,ETH/USDT,98,0.23469387755102042,0.27791046115863616,0.56,0.3115862771308565,0.5217391304347826,1.0,0.043478260869565216,0.08333333333333333,0.18282617305064106
return_above_1_percent,D_price_trend_volatility,logistic,2020,BTC/USDT,107,0.308411214953271,0.2752829446311843,0.5573300573300574,0.38029461234063455,0.5016380016380017,0.3333333333333333,0.030303030303030304,0.05555555555555555,0.21786201024911764
return_above_1_percent,D_price_trend_volatility,logistic,2020,ETH/USDT,101,0.37623762376237624,0.28203755246617546,0.5952380952380953,0.5393677423088826,0.5446950710108605,0.8,0.10526315789473684,0.18604651162790697,0.23301493259541786
return_above_1_percent,D_price_trend_volatility,logistic,2021,BTC/USDT,97,0.35051546391752575,0.3588864847093616,0.6848739495798319,0.527304241794746,0.576797385620915,0.5625,0.2647058823529412,0.36,0.20692255613087923
return_above_1_percent,D_price_trend_volatility,logistic,2021,ETH/USDT,104,0.375,0.4210028285024831,0.6284023668639052,0.4718710541836394,0.5717948717948718,0.5,0.358974358974359,0.417910447761194,0.23238579259844155
return_above_1_percent,D_price_trend_volatility,logistic,2022,BTC/USDT,104,0.20192307692307693,0.27028521965192753,0.5261044176706828,0.2854251931186328,0.5177854274239816,0.5,0.047619047619047616,0.08695652173913043,0.16890540517692365
return_above_1_percent,D_price_trend_volatility,logistic,2022,ETH/USDT,106,0.29245283018867924,0.3081082270459127,0.6180645161290323,0.3653475272613179,0.5245161290322581,0.4,0.12903225806451613,0.1951219512195122,0.20973041446082563
return_above_1_percent,D_price_trend_volatility,logistic,2023,BTC/USDT,114,0.18421052631578946,0.2233656523393485,0.5386584741423451,0.21049408107797143,0.5,0.0,0.0,0.0,0.1545638209411119
return_above_1_percent,D_price_trend_volatility,logistic,2023,ETH/USDT,102,0.24509803921568626,0.24421724653071522,0.5371428571428571,0.2626528553869972,0.5,0.0,0.0,0.0,0.19017571257630833
return_above_1_percent,D_price_trend_volatility,logistic,2024,BTC/USDT,105,0.2571428571428571,0.24584726592763925,0.5826210826210826,0.3193124833459286,0.5,0.0,0.0,0.0,0.19027471965331658
return_above_1_percent,D_price_trend_volatility,logistic,2024,ETH/USDT,98,0.23469387755102042,0.2772792763439775,0.5860869565217391,0.3469163904909246,0.515072463768116,0.5,0.043478260869565216,0.08,0.17874084600638349
return_above_1_percent,E_all_excluding_regime,dummy,2020,BTC/USDT,107,0.308411214953271,0.25339366515837103,0.5,0.308411214953271,0.5,0.0,0.0,0.0,0.21632066822975257
return_above_1_percent,E_all_excluding_regime,dummy,2020,ETH/USDT,101,0.37623762376237624,0.253393665158371,0.5,0.37623762376237624,0.5,0.0,0.0,0.0,0.2497735123935194
return_above_1_percent,E_all_excluding_regime,dummy,2021,BTC/USDT,97,0.35051546391752575,0.29698375870069604,0.5,0.35051546391752575,0.5,0.0,0.0,0.0,0.230520016935629
return_above_1_percent,E_all_excluding_regime,dummy,2021,ETH/USDT,104,0.375,0.29698375870069604,0.5,0.375,0.5,0.0,0.0,0.0,0.24046153390647124
return_above_1_percent,E_all_excluding_regime,dummy,2022,BTC/USDT,104,0.20192307692307693,0.3186119873817034,0.5,0.20192307692307693,0.5,0.0,0.0,0.0,0.17476644975301545
return_above_1_percent,E_all_excluding_regime,dummy,2022,ETH/USDT,106,0.29245283018867924,0.3186119873817034,0.5,0.29245283018867924,0.5,0.0,0.0,0.0,0.20760847380836012
return_above_1_percent,E_all_excluding_regime,dummy,2023,BTC/USDT,114,0.18421052631578946,0.3005917159763314,0.5,0.18421052631578946,0.5,0.0,0.0,0.0,0.16382158961705232
return_above_1_percent,E_all_excluding_regime,dummy,2023,ETH/USDT,102,0.24509803921568626,0.3005917159763314,0.5,0.24509803921568626,0.5,0.0,0.0,0.0,0.1881045385487272
return_above_1_percent,E_all_excluding_regime,dummy,2024,BTC/USDT,105,0.2571428571428571,0.2816901408450705,0.5,0.2571428571428571,0.5,0.0,0.0,0.0,0.1916229773004222
return_above_1_percent,E_all_excluding_regime,dummy,2024,ETH/USDT,98,0.23469387755102042,0.2816901408450705,0.5,0.23469387755102042,0.5,0.0,0.0,0.0,0.1818213101546907
return_above_1_percent,E_all_excluding_regime,forest,2020,BTC/USDT,107,0.308411214953271,0.27798449858896623,0.4868959868959869,0.3112767974753563,0.5,0.0,0.0,0.0,0.22061592728869076
return_above_1_percent,E_all_excluding_regime,forest,2020,ETH/USDT,101,0.37623762376237624,0.2690629762973378,0.6436925647451963,0.5219024425355397,0.5,0.0,0.0,0.0,0.2377308938350865
return_above_1_percent,E_all_excluding_regime,forest,2021,BTC/USDT,97,0.35051546391752575,0.33873828833992586,0.6811391223155929,0.5208216489718362,0.5282446311858077,0.6,0.08823529411764706,0.15384615384615385,0.20964791245394304
return_above_1_percent,E_all_excluding_regime,forest,2021,ETH/USDT,104,0.375,0.36016002920877377,0.6414201183431952,0.5081506680320368,0.5205128205128206,0.5,0.10256410256410256,0.1702127659574468,0.2220533436685477
return_above_1_percent,E_all_excluding_regime,forest,2022,BTC/USDT,104,0.20192307692307693,0.27261887002270063,0.5651176133103845,0.2794126416007082,0.5117613310384395,0.3333333333333333,0.047619047619047616,0.08333333333333333,0.16902754017495789
return_above_1_percent,E_all_excluding_regime,forest,2022,ETH/USDT,106,0.29245283018867924,0.3113639706756007,0.6670967741935484,0.3916598999817124,0.5055913978494624,0.3333333333333333,0.06451612903225806,0.10810810810810811,0.19447264426980282
return_above_1_percent,E_all_excluding_regime,forest,2023,BTC/USDT,114,0.18421052631578946,0.25144538267162114,0.5745007680491552,0.21409409837364773,0.5,0.0,0.0,0.0,0.15820222862343702
return_above_1_percent,E_all_excluding_regime,forest,2023,ETH/USDT,102,0.24509803921568626,0.2585593644033558,0.5220779220779221,0.25339433988760374,0.487012987012987,0.0,0.0,0.0,0.19546912933764904
return_above_1_percent,E_all_excluding_regime,forest,2024,BTC/USDT,105,0.2571428571428571,0.26133355627564936,0.590693257359924,0.3468258625321464,0.5,0.0,0.0,0.0,0.18870258593962072
return_above_1_percent,E_all_excluding_regime,forest,2024,ETH/USDT,98,0.23469387755102042,0.2825712644604079,0.601159420289855,0.3229303045456607,0.515072463768116,0.5,0.043478260869565216,0.08,0.1778785269870787
return_above_1_percent,E_all_excluding_regime,hist_gradient,2020,BTC/USDT,107,0.308411214953271,0.2884945396589374,0.481981981981982,0.2848965495321981,0.4864864864864865,0.0,0.0,0.0,0.23030782952706613
return_above_1_percent,E_all_excluding_regime,hist_gradient,2020,ETH/USDT,101,0.37623762376237624,0.2676029377925818,0.570593149540518,0.4810411977185739,0.5131578947368421,1.0,0.02631578947368421,0.05128205128205128,0.24477309802990632
return_above_1_percent,E_all_excluding_regime,hist_gradient,2021,BTC/USDT,97,0.35051546391752575,0.3423842165382842,0.607843137254902,0.4339468861078904,0.519140989729225,0.4444444444444444,0.11764705882352941,0.18604651162790697,0.2220023900973008
return_above_1_percent,E_all_excluding_regime,hist_gradient,2021,ETH/USDT,104,0.375,0.35239301429185615,0.6110453648915187,0.5035562689352293,0.5410256410256411,0.625,0.1282051282051282,0.2127659574468085,0.22627412089824586
return_above_1_percent,E_all_excluding_regime,hist_gradient,2022,BTC/USDT,104,0.20192307692307693,0.270768237483824,0.5668387837062536,0.3373152435815543,0.5117613310384395,0.3333333333333333,0.047619047619047616,0.08333333333333333,0.16455417735593056
return_above_1_percent,E_all_excluding_regime,hist_gradient,2022,ETH/USDT,106,0.29245283018867924,0.3088682760110159,0.6615053763440861,0.3897449594960306,0.5055913978494624,0.3333333333333333,0.06451612903225806,0.10810810810810811,0.1965012936520301
return_above_1_percent,E_all_excluding_regime,hist_gradient,2023,BTC/USDT,114,0.18421052631578946,0.25487281854127625,0.4848950332821301,0.1771364734887888,0.4946236559139785,0.0,0.0,0.0,0.16645997359469078
return_above_1_percent,E_all_excluding_regime,hist_gradient,2023,ETH/USDT,102,0.24509803921568626,0.26163125735256465,0.47844155844155845,0.2383945891744259,0.4675324675324675,0.0,0.0,0.0,0.20355445422990143
return_above_1_percent,E_all_excluding_regime,hist_gradient,2024,BTC/USDT,105,0.2571428571428571,0.26509669994456453,0.5773979107312441,0.3660188527071182,0.5121082621082621,0.5,0.037037037037037035,0.06896551724137931,0.18991372438982262
return_above_1_percent,E_all_excluding_regime,hist_gradient,2024,ETH/USDT,98,0.23469387755102042,0.28102151187938856,0.5692753623188406,0.3318801943115479,0.5217391304347826,1.0,0.043478260869565216,0.08333333333333333,0.18224800054196139
return_above_1_percent,E_all_excluding_regime,logistic,2020,BTC/USDT,107,0.308411214953271,0.28298389935752,0.5155610155610155,0.3592964990556341,0.51003276003276,0.4,0.06060606060606061,0.10526315789473684,0.22408259763045543
return_above_1_percent,E_all_excluding_regime,logistic,2020,ETH/USDT,101,0.37623762376237624,0.2789220812377706,0.5238095238095238,0.487333565024758,0.5657894736842105,1.0,0.13157894736842105,0.23255813953488372,0.24375671430589374
return_above_1_percent,E_all_excluding_regime,logistic,2021,BTC/USDT,97,0.35051546391752575,0.3577652457797502,0.6610644257703081,0.4983254005787183,0.5247432306255836,0.42857142857142855,0.17647058823529413,0.25,0.21217252450397592
return_above_1_percent,E_all_excluding_regime,logistic,2021,ETH/USDT,104,0.375,0.42179480276562464,0.6078895463510848,0.43998198309069503,0.5307692307692308,0.42857142857142855,0.3076923076923077,0.3582089552238806,0.23616736684787012
return_above_1_percent,E_all_excluding_regime,logistic,2022,BTC/USDT,104,0.20192307692307693,0.27540048479722146,0.5393000573723465,0.2838099689303563,0.5177854274239816,0.5,0.047619047619047616,0.08695652173913043,0.16894997573882128
return_above_1_percent,E_all_excluding_regime,logistic,2022,ETH/USDT,106,0.29245283018867924,0.31088574929969487,0.6038709677419355,0.3642658180053984,0.5245161290322581,0.4,0.12903225806451613,0.1951219512195122,0.2111202282839426
return_above_1_percent,E_all_excluding_regime,logistic,2023,BTC/USDT,114,0.18421052631578946,0.22062902016962563,0.5765488991295442,0.22391289599152048,0.5,0.0,0.0,0.0,0.15204918937608802
return_above_1_percent,E_all_excluding_regime,logistic,2023,ETH/USDT,102,0.24509803921568626,0.2420867012837409,0.4955844155844155,0.24221344788001845,0.5,0.0,0.0,0.0,0.19401708307835108
return_above_1_percent,E_all_excluding_regime,logistic,2024,BTC/USDT,105,0.2571428571428571,0.2419586137327037,0.5830959164292497,0.34620430587974743,0.5,0.0,0.0,0.0,0.1896136403320682
return_above_1_percent,E_all_excluding_regime,logistic,2024,ETH/USDT,98,0.23469387755102042,0.27861933329762517,0.5391304347826088,0.3463223956618906,0.5368115942028986,0.6666666666666666,0.08695652173913043,0.15384615384615385,0.18346817011517683
return_above_1_percent,F_all_excluding_calendar,dummy,2020,BTC/USDT,107,0.308411214953271,0.25339366515837103,0.5,0.308411214953271,0.5,0.0,0.0,0.0,0.21632066822975257
return_above_1_percent,F_all_excluding_calendar,dummy,2020,ETH/USDT,101,0.37623762376237624,0.253393665158371,0.5,0.37623762376237624,0.5,0.0,0.0,0.0,0.2497735123935194
return_above_1_percent,F_all_excluding_calendar,dummy,2021,BTC/USDT,97,0.35051546391752575,0.29698375870069604,0.5,0.35051546391752575,0.5,0.0,0.0,0.0,0.230520016935629
return_above_1_percent,F_all_excluding_calendar,dummy,2021,ETH/USDT,104,0.375,0.29698375870069604,0.5,0.375,0.5,0.0,0.0,0.0,0.24046153390647124
return_above_1_percent,F_all_excluding_calendar,dummy,2022,BTC/USDT,104,0.20192307692307693,0.3186119873817034,0.5,0.20192307692307693,0.5,0.0,0.0,0.0,0.17476644975301545
return_above_1_percent,F_all_excluding_calendar,dummy,2022,ETH/USDT,106,0.29245283018867924,0.3186119873817034,0.5,0.29245283018867924,0.5,0.0,0.0,0.0,0.20760847380836012
return_above_1_percent,F_all_excluding_calendar,dummy,2023,BTC/USDT,114,0.18421052631578946,0.3005917159763314,0.5,0.18421052631578946,0.5,0.0,0.0,0.0,0.16382158961705232
return_above_1_percent,F_all_excluding_calendar,dummy,2023,ETH/USDT,102,0.24509803921568626,0.3005917159763314,0.5,0.24509803921568626,0.5,0.0,0.0,0.0,0.1881045385487272
return_above_1_percent,F_all_excluding_calendar,dummy,2024,BTC/USDT,105,0.2571428571428571,0.2816901408450705,0.5,0.2571428571428571,0.5,0.0,0.0,0.0,0.1916229773004222
return_above_1_percent,F_all_excluding_calendar,dummy,2024,ETH/USDT,98,0.23469387755102042,0.2816901408450705,0.5,0.23469387755102042,0.5,0.0,0.0,0.0,0.1818213101546907
return_above_1_percent,F_all_excluding_calendar,forest,2020,BTC/USDT,107,0.308411214953271,0.2747025191955416,0.5143325143325144,0.3126922517936618,0.5,0.0,0.0,0.0,0.21623195742981477
return_above_1_percent,F_all_excluding_calendar,forest,2020,ETH/USDT,101,0.37623762376237624,0.2713890408797075,0.6274018379281537,0.5032481627291886,0.5,0.0,0.0,0.0,0.23753300383798054
return_above_1_percent,F_all_excluding_calendar,forest,2021,BTC/USDT,97,0.35051546391752575,0.3371867213933499,0.6881419234360411,0.5197818953889928,0.5214752567693743,0.6666666666666666,0.058823529411764705,0.10810810810810811,0.20797506856250073
return_above_1_percent,F_all_excluding_calendar,forest,2021,ETH/USDT,104,0.375,0.35834778394310185,0.6457593688362918,0.5093344221155611,0.5205128205128206,0.5,0.10256410256410256,0.1702127659574468,0.2212713665593757
return_above_1_percent,F_all_excluding_calendar,forest,2022,BTC/USDT,104,0.20192307692307693,0.27280738357669765,0.6075731497418245,0.2775685527709958,0.5177854274239816,0.5,0.047619047619047616,0.08695652173913043,0.16493873795352001
return_above_1_percent,F_all_excluding_calendar,forest,2022,ETH/USDT,106,0.29245283018867924,0.3143924226064685,0.6795698924731183,0.41551766798091483,0.4922580645161291,0.25,0.06451612903225806,0.10256410256410256,0.19362910843393888
return_above_1_percent,F_all_excluding_calendar,forest,2023,BTC/USDT,114,0.18421052631578946,0.24816964054139412,0.5683563748079877,0.20984807470866423,0.4946236559139785,0.0,0.0,0.0,0.15873175282156596
return_above_1_percent,F_all_excluding_calendar,forest,2023,ETH/USDT,102,0.24509803921568626,0.2529794676399367,0.5064935064935066,0.2514584089944474,0.487012987012987,0.0,0.0,0.0,0.1970647141923275
return_above_1_percent,F_all_excluding_calendar,forest,2024,BTC/USDT,105,0.2571428571428571,0.2624198908869762,0.5968660968660968,0.34083512177638575,0.5,0.0,0.0,0.0,0.1887453954492823
return_above_1_percent,F_all_excluding_calendar,forest,2024,ETH/USDT,98,0.23469387755102042,0.28607561007373233,0.6168115942028985,0.3540916204154717,0.5217391304347826,1.0,0.043478260869565216,0.08333333333333333,0.17786621024372082
return_above_1_percent,F_all_excluding_calendar,hist_gradient,2020,BTC/USDT,107,0.308411214953271,0.28572393232181226,0.5024570024570025,0.2958936090142074,0.4797297297297297,0.0,0.0,0.0,0.22744355310433262
return_above_1_percent,F_all_excluding_calendar,hist_gradient,2020,ETH/USDT,101,0.37623762376237624,0.26200491045837954,0.6115288220551378,0.5059739697958182,0.5131578947368421,1.0,0.02631578947368421,0.05128205128205128,0.23922978156744412
return_above_1_percent,F_all_excluding_calendar,hist_gradient,2021,BTC/USDT,97,0.35051546391752575,0.3314026917302863,0.6204481792717087,0.457632510981382,0.5350140056022409,0.5714285714285714,0.11764705882352941,0.1951219512195122,0.219039186079013
return_above_1_percent,F_all_excluding_calendar,hist_gradient,2021,ETH/USDT,104,0.375,0.3535707203828102,0.608284023668639,0.5000716707734579,0.5641025641025641,0.6153846153846154,0.20512820512820512,0.3076923076923077,0.22707583887326652
return_above_1_percent,F_all_excluding_calendar,hist_gradient,2022,BTC/USDT,104,0.20192307692307693,0.2710817904462646,0.5599541021227767,0.2976509772667053,0.5117613310384395,0.3333333333333333,0.047619047619047616,0.08333333333333333,0.16579849409849368
return_above_1_percent,F_all_excluding_calendar,hist_gradient,2022,ETH/USDT,106,0.29245283018867924,0.30580052327742985,0.661505376344086,0.4009453091361924,0.4761290322580645,0.14285714285714285,0.03225806451612903,0.05263157894736842,0.19692338580162064
return_above_1_percent,F_all_excluding_calendar,hist_gradient,2023,BTC/USDT,114,0.18421052631578946,0.2515594799311866,0.5156169994879672,0.1879585248918762,0.5,0.0,0.0,0.0,0.163022770538727
return_above_1_percent,F_all_excluding_calendar,hist_gradient,2023,ETH/USDT,102,0.24509803921568626,0.2564260470660145,0.4909090909090909,0.2437721321551149,0.4805194805194805,0.0,0.0,0.0,0.19892463000035931
return_above_1_percent,F_all_excluding_calendar,hist_gradient,2024,BTC/USDT,105,0.2571428571428571,0.2680894756493374,0.5726495726495726,0.36381727025573013,0.5185185185185185,1.0,0.037037037037037035,0.07142857142857142,0.19014756700552848
return_above_1_percent,F_all_excluding_calendar,hist_gradient,2024,ETH/USDT,98,0.23469387755102042,0.2851770577129766,0.5727536231884058,0.32870832816861595,0.5217391304347826,1.0,0.043478260869565216,0.08333333333333333,0.1823571924233229
return_above_1_percent,F_all_excluding_calendar,logistic,2020,BTC/USDT,107,0.308411214953271,0.28729927825771195,0.5552825552825553,0.3677819452380251,0.51003276003276,0.4,0.06060606060606061,0.10526315789473684,0.22018592382357025
return_above_1_percent,F_all_excluding_calendar,logistic,2020,ETH/USDT,101,0.37623762376237624,0.2768810254853181,0.576858813700919,0.5470567148220822,0.5657894736842105,1.0,0.13157894736842105,0.23255813953488372,0.23489958682608533
return_above_1_percent,F_all_excluding_calendar,logistic,2021,BTC/USDT,97,0.35051546391752575,0.3587716115429353,0.6447245564892624,0.4995873430755553,0.6062091503267973,0.6111111111111112,0.3235294117647059,0.4230769230769231,0.2203766725248828
return_above_1_percent,F_all_excluding_calendar,logistic,2021,ETH/USDT,104,0.375,0.4789328897708414,0.5546351084812623,0.43955427546400005,0.5230769230769231,0.40540540540540543,0.38461538461538464,0.39473684210526316,0.29611416757352194
return_above_1_percent,F_all_excluding_calendar,logistic,2022,BTC/USDT,104,0.20192307692307693,0.27597081080083863,0.5295467584624212,0.2844286864915687,0.5415949512335054,0.6666666666666666,0.09523809523809523,0.16666666666666666,0.17029486041903333
return_above_1_percent,F_all_excluding_calendar,logistic,2022,ETH/USDT,106,0.29245283018867924,0.308684038606558,0.6086021505376344,0.3630341973711259,0.5311827956989248,0.4444444444444444,0.12903225806451613,0.2,0.2110937572704073
return_above_1_percent,F_all_excluding_calendar,logistic,2023,BTC/USDT,114,0.18421052631578946,0.21275620045403218,0.6077828981054787,0.24258030248483053,0.5,0.0,0.0,0.0,0.15048689549811342
return_above_1_percent,F_all_excluding_calendar,logistic,2023,ETH/USDT,102,0.24509803921568626,0.23760997424328925,0.5376623376623376,0.2612070721625722,0.5,0.0,0.0,0.0,0.18869785157686292
return_above_1_percent,F_all_excluding_calendar,logistic,2024,BTC/USDT,105,0.2571428571428571,0.2408636959131102,0.5769230769230769,0.3054582989524567,0.5,0.0,0.0,0.0,0.19246798970968976
return_above_1_percent,F_all_excluding_calendar,logistic,2024,ETH/USDT,98,0.23469387755102042,0.282490781826664,0.5605797101449276,0.3792967002269816,0.5368115942028986,0.6666666666666666,0.08695652173913043,0.15384615384615385,0.18085200887932845
