row_id,dataset,year,decision_time,feature_candle_open,pair,net_profit_ratio,net_profit_usdt,profitable_after_fees,return_above_0_5_percent,return_above_1_percent,stoploss_hit,exit_reason,duration_minutes,mfe_ratio,mae_ratio,strategy_outcome_end,boundary_forced_exit,forward_6h_return,forward_12h_return,forward_24h_return,forward_48h_return,label_end,horizon_censored
ETH/USDT|2019-01-01T23:00:00+00:00,B_opportunities,2019,2019-01-01 23:00:00+00:00,2019-01-01 22:00:00+00:00,ETH/USDT,0.04999033229834909,5.00380508,1,1,1,0,roi,540,0.07018308631211867,-0.006756756756756577,2019-01-02 08:00:00+00:00,0,0.011262079488483678,0.08006975223425128,0.11654435806146912,0.07382111458257645,2019-01-03 23:00:00+00:00,0
BTC/USDT|2019-01-02T05:00:00+00:00,B_opportunities,2019,2019-01-02 05:00:00+00:00,2019-01-02 04:00:00+00:00,BTC/USDT,-0.002722157101304843,-0.27246808,0,0,0,0,sma_cross_down,2520,0.02806554806999695,-0.012224058302614305,2019-01-03 23:00:00+00:00,0,0.0030690523539551595,0.012837589138891214,0.015406166173694169,-0.0002859858966584028,2019-01-04 05:00:00+00:00,0
ETH/USDT|2019-01-04T17:00:00+00:00,B_opportunities,2019,2019-01-04 17:00:00+00:00,2019-01-04 16:00:00+00:00,ETH/USDT,0.04998197096153914,5.00290836,1,1,1,0,roi,420,0.07410660001351066,-0.010268188880632412,2019-01-05 00:00:00+00:00,0,0.026614428532828915,0.06052418265333692,0.03917860037827614,0.023101864360983715,2019-01-06 17:00:00+00:00,0
BTC/USDT|2019-01-05T10:00:00+00:00,B_opportunities,2019,2019-01-05 10:00:00+00:00,2019-01-05 09:00:00+00:00,BTC/USDT,0.002528890311438426,0.2530731,1,0,0,0,sma_cross_down,1800,0.009306756171959973,-0.013119702774875175,2019-01-06 16:00:00+00:00,0,-0.0012610939330301996,0.004276638630631435,-0.005028546101161879,0.043966799987336325,2019-01-07 10:00:00+00:00,0
BTC/USDT|2019-01-06T18:00:00+00:00,B_opportunities,2019,2019-01-06 18:00:00+00:00,2019-01-06 17:00:00+00:00,BTC/USDT,-0.013237924343842975,-1.32482329,0,0,0,0,sma_cross_down,2880,0.015639622373119888,-0.021361922373369424,2019-01-08 18:00:00+00:00,0,-0.004868845626898266,-0.0030321104237218677,-0.006930181602202046,-0.011257489811859478,2019-01-08 18:00:00+00:00,0
ETH/USDT|2019-01-07T09:00:00+00:00,B_opportunities,2019,2019-01-07 09:00:00+00:00,2019-01-07 08:00:00+00:00,ETH/USDT,-0.01944854906213896,-1.94667026,0,0,0,0,sma_cross_down,420,0.0,-0.03223070398642913,2019-01-07 16:00:00+00:00,0,-0.011874469889737171,-0.021008677497227124,-0.03953807007242127,-0.025967247341293298,2019-01-09 09:00:00+00:00,0
BTC/USDT|2019-01-09T02:00:00+00:00,B_opportunities,2019,2019-01-09 02:00:00+00:00,2019-01-09 01:00:00+00:00,BTC/USDT,-0.0036956676023273804,-0.36979708,0,0,0,0,sma_cross_down,1560,0.005286345822858474,-0.011225017186269004,2019-01-10 04:00:00+00:00,0,0.00047165077772204356,-0.00449322629202209,-0.0008931259407927161,-0.09860762669342704,2019-01-11 02:00:00+00:00,0
ETH/USDT|2019-01-09T14:00:00+00:00,B_opportunities,2019,2019-01-09 14:00:00+00:00,2019-01-09 13:00:00+00:00,ETH/USDT,-0.009856285456828016,-0.98647813,0,0,0,0,sma_cross_down,960,0.008816205666599464,-0.10424658456154523,2019-01-10 06:00:00+00:00,0,-6.729927989768125e-05,0.0003364963994885173,-0.12833972676492356,-0.1869573995558248,2019-01-11 14:00:00+00:00,0
BTC/USDT|2019-01-14T23:00:00+00:00,B_opportunities,2019,2019-01-14 23:00:00+00:00,2019-01-14 22:00:00+00:00,BTC/USDT,-0.016564478835416924,-1.65801811,0,0,0,0,sma_cross_down,1920,0.007016284846812049,-0.02936240684515601,2019-01-16 07:00:00+00:00,0,0.0011951883318703782,-0.0033730257310523593,-0.021775613741629618,-0.011860795062464513,2019-01-16 23:00:00+00:00,0
ETH/USDT|2019-01-14T23:00:00+00:00,B_opportunities,2019,2019-01-14 23:00:00+00:00,2019-01-14 22:00:00+00:00,ETH/USDT,-0.0518391415395236,-5.18902101,0,0,0,1,stop_loss,1260,0.01929893658920845,-0.08625443087829854,2019-01-15 20:00:00+00:00,0,-0.0009452540370225027,-0.01402126821583305,-0.07365104371799924,-0.04293028751476957,2019-01-16 23:00:00+00:00,0
BTC/USDT|2019-01-17T17:00:00+00:00,B_opportunities,2019,2019-01-17 17:00:00+00:00,2019-01-17 16:00:00+00:00,BTC/USDT,-0.018163384297380205,-1.81766499,0,0,0,0,sma_cross_down,4380,0.03853176176304718,-0.029866163406830903,2019-01-20 18:00:00+00:00,0,0.00693471208661145,0.002573995388025496,0.002448366545876768,0.03048314060938373,2019-01-20 18:00:00+00:00,0
ETH/USDT|2019-01-18T11:00:00+00:00,B_opportunities,2019,2019-01-18 11:00:00+00:00,2019-01-18 10:00:00+00:00,ETH/USDT,-0.010576338507454423,-1.05867174,0,0,0,0,sma_cross_down,480,0.01093215388467006,-0.018108987732621262,2019-01-18 19:00:00+00:00,0,-0.0019189053896212505,-0.008509928249624488,0.034540297013182064,0.021191389954947404,2019-01-20 11:00:00+00:00,0
ETH/USDT|2019-01-19T15:00:00+00:00,B_opportunities,2019,2019-01-19 15:00:00+00:00,2019-01-19 14:00:00+00:00,ETH/USDT,-0.05185763141967521,-5.19075684,0,0,0,1,stop_loss,1260,0.005109489051094984,-0.061800486618004746,2019-01-20 12:00:00+00:00,0,-0.0013786392020112004,-0.006082231773578806,-0.044765225853539814,-0.05863271429729955,2019-01-21 15:00:00+00:00,0
BTC/USDT|2019-01-22T17:00:00+00:00,B_opportunities,2019,2019-01-22 17:00:00+00:00,2019-01-22 16:00:00+00:00,BTC/USDT,-0.010981232679279388,-1.09892463,0,0,0,0,sma_cross_down,2160,0.01029190254609813,-0.01602580255001762,2019-01-24 05:00:00+00:00,0,0.0017442381347010372,-0.0004255605079850344,-0.0002687750576746417,-0.004779156494277403,2019-01-24 17:00:00+00:00,0
ETH/USDT|2019-01-22T20:00:00+00:00,B_opportunities,2019,2019-01-22 20:00:00+00:00,2019-01-22 19:00:00+00:00,ETH/USDT,-0.022933926185171833,-2.29546737,0,0,0,0,sma_cross_down,1800,0.010319742852309188,-0.028929115208932488,2019-01-24 02:00:00+00:00,0,-0.002113628677713919,-0.005157253973621878,-0.021305377071356046,-0.014372675008454516,2019-01-24 20:00:00+00:00,0
BTC/USDT|2019-01-25T03:00:00+00:00,B_opportunities,2019,2019-01-25 03:00:00+00:00,2019-01-25 02:00:00+00:00,BTC/USDT,-0.0021826643617790338,-0.21844452,0,0,0,0,sma_cross_down,3240,0.026910946326693663,-0.012458823364498994,2019-01-27 09:00:00+00:00,0,-0.004836105099077059,-0.0010961838224574638,0.0024979534163929173,0.0029493232256401214,2019-01-27 09:00:00+00:00,0
ETH/USDT|2019-01-26T16:00:00+00:00,B_opportunities,2019,2019-01-26 16:00:00+00:00,2019-01-26 15:00:00+00:00,ETH/USDT,-0.007011784211378036,-0.70181815,0,0,0,0,sma_cross_down,840,0.0062364660025984175,-0.020268514508445246,2019-01-27 06:00:00+00:00,0,8.661758336936387e-05,-0.0009527934170636687,-0.017843222174101392,-0.10688609787786918,2019-01-28 16:00:00+00:00,0
ETH/USDT|2019-01-30T05:00:00+00:00,B_opportunities,2019,2019-01-30 05:00:00+00:00,2019-01-30 04:00:00+00:00,ETH/USDT,0.05004271233243773,5.00880864,1,1,1,0,roi,1140,0.05443279313632021,-0.0074356530028598655,2019-01-31 00:00:00+00:00,0,0.0025743707093821566,0.031559877955758875,0.03985507246376829,-0.0028604118993135197,2019-02-01 05:00:00+00:00,0
BTC/USDT|2019-01-30T09:00:00+00:00,B_opportunities,2019,2019-01-30 09:00:00+00:00,2019-01-30 08:00:00+00:00,BTC/USDT,-0.001558979858249029,-0.15604038,0,0,0,0,sma_cross_down,2340,0.01649192009532152,-0.004017374635479354,2019-02-01 00:00:00+00:00,0,0.008534436304851178,0.005985756520979102,0.00286325968862422,0.0014068712406973827,2019-02-01 09:00:00+00:00,0
BTC/USDT|2019-02-01T22:00:00+00:00,B_opportunities,2019,2019-02-01 22:00:00+00:00,2019-02-01 21:00:00+00:00,BTC/USDT,-0.013351764152322568,-1.33632475,0,0,0,0,sma_cross_down,2820,0.01257099540001505,-0.01625787481838381,2019-02-03 21:00:00+00:00,0,-0.005005125731170401,-0.005079786241216633,-0.004631823180939687,-0.013662873338444737,2019-02-03 22:00:00+00:00,0
ETH/USDT|2019-02-02T04:00:00+00:00,B_opportunities,2019,2019-02-02 04:00:00+00:00,2019-02-02 03:00:00+00:00,ETH/USDT,-0.0018115814858242177,-0.18132602,0,0,0,0,sma_cross_down,2760,0.03810591202017388,-0.011674605398337534,2019-02-04 02:00:00+00:00,0,0.003362600410984573,0.001214272370633207,0.025219503082383632,0.0019615169064075566,2019-02-04 04:00:00+00:00,0
BTC/USDT|2019-02-05T07:00:00+00:00,B_opportunities,2019,2019-02-05 07:00:00+00:00,2019-02-05 06:00:00+00:00,BTC/USDT,-0.015207169630098438,-1.52199416,0,0,0,0,sma_cross_down,1200,0.004925482954135418,-0.024713978618729593,2019-02-06 03:00:00+00:00,0,-0.0006579820728743746,-0.002637700064066606,-0.01396768961715833,-0.01555204118736897,2019-02-07 07:00:00+00:00,0
ETH/USDT|2019-02-05T08:00:00+00:00,B_opportunities,2019,2019-02-05 08:00:00+00:00,2019-02-05 07:00:00+00:00,ETH/USDT,-0.010065099827017823,-1.00750675,0,0,0,0,sma_cross_down,600,0.00511009941466134,-0.010498931524667854,2019-02-05 18:00:00+00:00,0,-0.001300752578277442,-0.006782495586732273,-0.03614233949642298,-0.021183684846232453,2019-02-07 08:00:00+00:00,0
ETH/USDT|2019-02-07T15:00:00+00:00,B_opportunities,2019,2019-02-07 15:00:00+00:00,2019-02-07 14:00:00+00:00,ETH/USDT,0.050007064855438946,5.00528441,1,1,1,0,roi,1440,0.0754915060125978,-0.013075014315709121,2019-02-08 15:00:00+00:00,0,-0.0006681301899398306,-0.008590245299226806,0.03941968120645223,0.14345709649708893,2019-02-09 15:00:00+00:00,0
BTC/USDT|2019-02-08T14:00:00+00:00,B_opportunities,2019,2019-02-08 14:00:00+00:00,2019-02-08 13:00:00+00:00,BTC/USDT,0.04999896942244072,5.00381428,1,1,1,0,roi,120,0.08297244694027306,-0.0005598210893017486,2019-02-08 16:00:00+00:00,0,0.06420075427908323,0.05723817812590659,0.06295329271830585,0.053315926892950394,2019-02-10 14:00:00+00:00,0
ETH/USDT|2019-02-11T05:00:00+00:00,B_opportunities,2019,2019-02-11 05:00:00+00:00,2019-02-11 04:00:00+00:00,ETH/USDT,0.00015625721235226425,0.01564097,1,0,0,0,sma_cross_down,2220,0.028559568285595693,-0.01884599418845989,2019-02-12 18:00:00+00:00,0,-0.00024904532624925313,0.0024074381537440015,0.0039847252199900485,0.02274613979744311,2019-02-13 05:00:00+00:00,0
ETH/USDT|2019-02-12T22:00:00+00:00,B_opportunities,2019,2019-02-12 22:00:00+00:00,2019-02-12 21:00:00+00:00,ETH/USDT,-0.002739092590577739,-0.27415575,0,0,0,0,sma_cross_down,2340,0.04348184818481848,-0.009075907590759158,2019-02-14 13:00:00+00:00,0,0.018147323269817717,0.014765322114987933,0.0037119524870081744,0.0019797079930710115,2019-02-14 22:00:00+00:00,0
BTC/USDT|2019-02-13T07:00:00+00:00,B_opportunities,2019,2019-02-13 07:00:00+00:00,2019-02-13 06:00:00+00:00,BTC/USDT,-0.010339287076403832,-1.03472658,0,0,0,0,sma_cross_down,600,9.887855241808019e-05,-0.013480442646319646,2019-02-13 17:00:00+00:00,0,-0.005238406557485198,-0.007669444734398789,-0.006754715115288912,-0.006886568033358853,2019-02-15 07:00:00+00:00,0
BTC/USDT|2019-02-15T12:00:00+00:00,B_opportunities,2019,2019-02-15 12:00:00+00:00,2019-02-15 11:00:00+00:00,BTC/USDT,-0.002133541830694739,-0.21351691,0,0,0,0,sma_cross_down,840,0.012550063055197569,-0.009562216771296761,2019-02-16 02:00:00+00:00,0,-0.002815964523281589,-0.0015327050997783198,0.0049916851441242915,0.004359756097561007,2019-02-17 12:00:00+00:00,0
ETH/USDT|2019-02-15T21:00:00+00:00,B_opportunities,2019,2019-02-15 21:00:00+00:00,2019-02-15 20:00:00+00:00,ETH/USDT,0.004750815775440433,0.47551384,1,0,0,0,sma_cross_down,240,0.010225960745505525,-0.0004123371268349718,2019-02-16 01:00:00+00:00,0,0.007668838129793132,0.01253401500783391,0.02135730188834839,0.0687721612929828,2019-02-17 21:00:00+00:00,0
BTC/USDT|2019-02-16T03:00:00+00:00,B_opportunities,2019,2019-02-16 03:00:00+00:00,2019-02-16 02:00:00+00:00,BTC/USDT,0.049999256225617676,5.00419579,1,1,1,0,roi,3480,0.0652817265979917,-0.0021565864475567853,2019-02-18 13:00:00+00:00,0,0.0017491226710653063,0.006476182041602607,0.0043036166985863655,0.02800810353034966,2019-02-18 13:00:00+00:00,0
ETH/USDT|2019-02-16T06:00:00+00:00,B_opportunities,2019,2019-02-16 06:00:00+00:00,2019-02-16 05:00:00+00:00,ETH/USDT,0.04999147075710471,5.00356354,1,1,1,0,roi,1680,0.07049394831534195,-0.0005724566568532374,2019-02-17 10:00:00+00:00,0,0.0050703303892705165,0.004988550866863006,0.012185148838730786,0.1275760549558389,2019-02-18 06:00:00+00:00,0
ETH/USDT|2019-02-21T01:00:00+00:00,B_opportunities,2019,2019-02-21 01:00:00+00:00,2019-02-21 00:00:00+00:00,ETH/USDT,-0.012437637081027925,-1.24490568,0,0,0,0,sma_cross_down,1380,0.016234207308789772,-0.03070235022415435,2019-02-22 00:00:00+00:00,0,-0.0050264909659014645,-0.020241814970791916,-0.013517185165059176,-0.0006792555359326213,2019-02-23 01:00:00+00:00,0
BTC/USDT|2019-02-22T15:00:00+00:00,B_opportunities,2019,2019-02-22 15:00:00+00:00,2019-02-22 14:00:00+00:00,BTC/USDT,0.05000097435358769,5.00450076,1,1,1,0,roi,2160,0.05676260097520203,-0.009908093371697069,2019-02-24 03:00:00+00:00,0,-0.004156073001888028,-0.0015380742605412001,-0.005155443675267435,-0.045945877910635646,2019-02-24 15:00:00+00:00,0
ETH/USDT|2019-02-22T15:00:00+00:00,B_opportunities,2019,2019-02-22 15:00:00+00:00,2019-02-22 14:00:00+00:00,ETH/USDT,0.04998690947514899,5.00337981,1,1,1,0,roi,1560,0.06707813347802505,-0.011258817145957667,2019-02-23 17:00:00+00:00,0,-0.0008816547982366529,-0.002509325194981149,0.0006781959986437158,-0.05127161749745679,2019-02-24 15:00:00+00:00,0
BTC/USDT|2019-02-26T13:00:00+00:00,B_opportunities,2019,2019-02-26 13:00:00+00:00,2019-02-26 12:00:00+00:00,BTC/USDT,-0.000794016130446122,-0.07947151,0,0,0,0,sma_cross_down,660,0.00743024453836294,-0.004520700603460881,2019-02-27 00:00:00+00:00,0,-0.0003757462372825371,-0.0010668040023544823,0.004043870343899636,0.00630623055578905,2019-02-28 13:00:00+00:00,0
ETH/USDT|2019-02-27T19:00:00+00:00,B_opportunities,2019,2019-02-27 19:00:00+00:00,2019-02-27 18:00:00+00:00,ETH/USDT,-0.05185044882393005,-5.18958037,0,0,0,1,stop_loss,60,0.0027179901564680087,-0.06824359068537422,2019-02-27 20:00:00+00:00,0,0.0036729596709028645,-0.003599500477484807,0.0029383677367222916,0.005582898699772132,2019-03-01 19:00:00+00:00,0
ETH/USDT|2019-02-28T02:00:00+00:00,B_opportunities,2019,2019-02-28 02:00:00+00:00,2019-02-28 01:00:00+00:00,ETH/USDT,-0.009282156464664843,-0.92905,0,0,0,0,sma_cross_down,120,0.002043646449164216,-0.014816436756441176,2019-02-28 04:00:00+00:00,0,-0.01029121961900592,-0.004598204510619652,-0.00832056054302599,-0.00956134588716151,2019-03-02 02:00:00+00:00,0
BTC/USDT|2019-02-28T12:00:00+00:00,B_opportunities,2019,2019-02-28 12:00:00+00:00,2019-02-28 11:00:00+00:00,BTC/USDT,-0.00806912486612038,-0.80753069,0,0,0,0,sma_cross_down,2820,0.014227355965628963,-0.018153313194868348,2019-03-02 11:00:00+00:00,0,-0.004794173957045511,-0.005250637745121134,-0.0013641746352202055,-0.004397702552545568,2019-03-02 12:00:00+00:00,0
ETH/USDT|2019-02-28T19:00:00+00:00,B_opportunities,2019,2019-02-28 19:00:00+00:00,2019-02-28 18:00:00+00:00,ETH/USDT,-0.011132530080533028,-1.11432786,0,0,0,0,sma_cross_down,300,0.010470820824485694,-0.013472944277659882,2019-03-01 00:00:00+00:00,0,-0.0052003222734930965,-0.003735442759832952,0.002636783124587927,-0.03610928001171909,2019-03-02 19:00:00+00:00,0
ETH/USDT|2019-03-01T16:00:00+00:00,B_opportunities,2019,2019-03-01 16:00:00+00:00,2019-03-01 15:00:00+00:00,ETH/USDT,-0.0024390103930536982,-0.2441166,0,0,0,0,sma_cross_down,600,0.015981735159817267,-0.006481072322875203,2019-03-02 02:00:00+00:00,0,0.007291743389555627,-0.0017676953671651452,-0.027546586138322282,-0.033217942107976905,2019-03-03 16:00:00+00:00,0
ETH/USDT|2019-03-05T17:00:00+00:00,B_opportunities,2019,2019-03-05 17:00:00+00:00,2019-03-05 16:00:00+00:00,ETH/USDT,0.0007239553800418362,0.0724643,1,0,0,0,sma_cross_down,3420,0.034129441250184245,-0.017175291169099105,2019-03-08 02:00:00+00:00,0,-0.001326455416359451,-0.0029476787030211504,0.015401621223286588,0.013485630066322862,2019-03-08 02:00:00+00:00,0
BTC/USDT|2019-03-05T19:00:00+00:00,B_opportunities,2019,2019-03-05 19:00:00+00:00,2019-03-05 18:00:00+00:00,BTC/USDT,0.016177007260405326,1.61890837,1,1,1,0,sma_cross_down,7380,0.03212201219290356,-0.012509939867052622,2019-03-10 22:00:00+00:00,0,-0.0029112611219273,0.001161905108483463,0.004080964251272912,0.010072443613810877,2019-03-10 22:00:00+00:00,0
ETH/USDT|2019-03-09T22:00:00+00:00,B_opportunities,2019,2019-03-09 22:00:00+00:00,2019-03-09 21:00:00+00:00,ETH/USDT,-0.010994282415704599,-1.10042378,0,0,0,0,sma_cross_down,780,0.007695126419934084,-0.017955294979846048,2019-03-10 11:00:00+00:00,0,0.0007331378299120228,-0.009017595307918014,-0.003885630498533743,-0.023313782991202348,2019-03-11 22:00:00+00:00,0
BTC/USDT|2019-03-13T01:00:00+00:00,B_opportunities,2019,2019-03-13 01:00:00+00:00,2019-03-13 00:00:00+00:00,BTC/USDT,-0.007317116113799817,-0.73222578,0,0,0,0,sma_cross_down,1320,0.0025000965536774444,-0.011290343344876885,2019-03-13 23:00:00+00:00,0,-0.002157625067586766,-0.0015628620716290342,-0.0014804706609335971,0.0004840495378357623,2019-03-15 01:00:00+00:00,0
ETH/USDT|2019-03-13T01:00:00+00:00,B_opportunities,2019,2019-03-13 01:00:00+00:00,2019-03-13 00:00:00+00:00,ETH/USDT,-0.009778527359718087,-0.9787977,0,0,0,0,sma_cross_down,780,0.0005247376311843244,-0.02113943028485754,2019-03-13 14:00:00+00:00,0,-0.011392594813371182,-0.006820566631689395,-0.009368910208364611,-0.002173587168340485,2019-03-15 01:00:00+00:00,0
BTC/USDT|2019-03-15T01:00:00+00:00,B_opportunities,2019,2019-03-15 01:00:00+00:00,2019-03-15 00:00:00+00:00,BTC/USDT,0.025297888981280693,2.5321532,1,1,1,0,sma_cross_down,4020,0.04433489928566825,-0.0032305811184761835,2019-03-17 20:00:00+00:00,0,0.00013124778036832652,0.007604650803699542,0.014426961896967905,0.024450689436869677,2019-03-17 20:00:00+00:00,0
ETH/USDT|2019-03-15T02:00:00+00:00,B_opportunities,2019,2019-03-15 02:00:00+00:00,2019-03-15 01:00:00+00:00,ETH/USDT,0.050036561725335424,5.00852755,1,1,1,0,roi,1560,0.08225335231103448,-0.006891902015132345,2019-03-16 04:00:00+00:00,0,0.0010491606714628787,0.009892086330935301,0.044289568345323715,0.03851918465227833,2019-03-17 02:00:00+00:00,0
BTC/USDT|2019-03-18T09:00:00+00:00,B_opportunities,2019,2019-03-18 09:00:00+00:00,2019-03-18 08:00:00+00:00,BTC/USDT,-0.002285852271514945,-0.2288086,0,0,0,0,sma_cross_down,780,0.0019362201070940444,-0.00848224922563745,2019-03-18 22:00:00+00:00,0,-0.002257257081517028,-0.00023575796184738262,-0.0011888220629322488,0.005480118581238758,2019-03-20 09:00:00+00:00,0
BTC/USDT|2019-03-19T15:00:00+00:00,B_opportunities,2019,2019-03-19 15:00:00+00:00,2019-03-19 14:00:00+00:00,BTC/USDT,-0.0056027808371174005,-0.56075271,0,0,0,0,sma_cross_down,3300,0.017892385543012645,-0.029461277355739002,2019-03-21 22:00:00+00:00,0,0.0026416444236536663,-0.0024615323038591486,0.006121310515796008,-0.021891127226698726,2019-03-21 22:00:00+00:00,0
ETH/USDT|2019-03-20T05:00:00+00:00,B_opportunities,2019,2019-03-20 05:00:00+00:00,2019-03-20 04:00:00+00:00,ETH/USDT,-0.0004007341814233901,-0.04010884,0,0,0,0,sma_cross_down,780,0.009748290411756066,-0.010548523206751148,2019-03-20 18:00:00+00:00,0,0.004582818069396977,0.0042918454935623185,0.008729177275041744,-0.01869498799738123,2019-03-22 05:00:00+00:00,0
ETH/USDT|2019-03-20T23:00:00+00:00,B_opportunities,2019,2019-03-20 23:00:00+00:00,2019-03-20 22:00:00+00:00,ETH/USDT,-0.05186227983942625,-5.19087119,0,0,0,1,stop_loss,900,0.001794687724335997,-0.05807609475951181,2019-03-21 14:00:00+00:00,0,-0.004165170556553077,-0.004739676840215368,-0.030161579892279966,-0.022549371633752147,2019-03-22 23:00:00+00:00,0
ETH/USDT|2019-03-23T05:00:00+00:00,B_opportunities,2019,2019-03-23 05:00:00+00:00,2019-03-23 04:00:00+00:00,ETH/USDT,-0.0014129637823211427,-0.14142575,0,0,0,0,sma_cross_down,1680,0.01275005495713355,-0.005715541877335695,2019-03-24 09:00:00+00:00,0,0.005275498241500642,0.0012456037514654295,-0.00029308323563881356,-0.0037368112543961773,2019-03-25 05:00:00+00:00,0
BTC/USDT|2019-03-23T08:00:00+00:00,B_opportunities,2019,2019-03-23 08:00:00+00:00,2019-03-23 07:00:00+00:00,BTC/USDT,-0.007576410767375555,-0.75825859,0,0,0,0,sma_cross_down,1320,0.0023291983613227263,-0.007309638587302603,2019-03-24 06:00:00+00:00,0,-0.003947565543071185,-0.0034981273408239977,-0.005840199750312025,-0.002816479400749139,2019-03-25 08:00:00+00:00,0
ETH/USDT|2019-03-27T07:00:00+00:00,B_opportunities,2019,2019-03-27 07:00:00+00:00,2019-03-27 06:00:00+00:00,ETH/USDT,0.00433228189133701,0.43361649,1,0,0,0,sma_cross_down,2760,0.021726450860309,-0.0021872265966752513,2019-03-29 05:00:00+00:00,0,0.004811547714514974,0.006561201428883834,0.006998614857476104,0.00677990814318008,2019-03-29 07:00:00+00:00,0
BTC/USDT|2019-03-27T08:00:00+00:00,B_opportunities,2019,2019-03-27 08:00:00+00:00,2019-03-27 07:00:00+00:00,BTC/USDT,0.01930435064935065,1.9323655,1,1,1,0,sma_cross_down,5760,0.03499999999999992,-0.0034125000000000405,2019-03-31 08:00:00+00:00,0,0.004952499999999915,0.005029999999999868,0.006477499999999914,0.014407500000000129,2019-03-31 08:00:00+00:00,0
ETH/USDT|2019-03-29T10:00:00+00:00,B_opportunities,2019,2019-03-29 10:00:00+00:00,2019-03-29 09:00:00+00:00,ETH/USDT,-0.008280960088713268,-0.82884951,0,0,0,0,sma_cross_down,2760,0.03197283723562272,-0.009266463889085363,2019-03-31 08:00:00+00:00,0,-0.003395585738540041,-0.0010611205432937698,0.0048811544991511635,0.0006366723259760843,2019-03-31 10:00:00+00:00,0
BTC/USDT|2019-03-31T14:00:00+00:00,B_opportunities,2019,2019-03-31 14:00:00+00:00,2019-03-31 13:00:00+00:00,BTC/USDT,0.04999986763746939,5.00477547,1,1,1,0,roi,2280,0.11327827392905565,-0.010050410268019005,2019-04-02 04:00:00+00:00,0,-0.0002580814807058296,0.002366558483454906,0.010174740640285673,0.1599642581496532,2019-04-02 14:00:00+00:00,0
ETH/USDT|2019-04-01T07:00:00+00:00,B_opportunities,2019,2019-04-01 07:00:00+00:00,2019-04-01 06:00:00+00:00,ETH/USDT,0.050002382198571525,5.00503009,1,1,1,0,roi,1500,0.0645003151481196,-0.021360039218432547,2019-04-02 08:00:00+00:00,0,-0.002311086210518787,-0.013306253939351587,0.04678198753414109,0.16170600182085582,2019-04-03 07:00:00+00:00,0
ETH/USDT|2019-04-05T19:00:00+00:00,B_opportunities,2019,2019-04-05 19:00:00+00:00,2019-04-05 18:00:00+00:00,ETH/USDT,0.05000554322481265,5.00492698,1,1,1,0,roi,1440,0.06163205112449299,-0.02175248863217416,2019-04-06 19:00:00+00:00,0,0.007494317832790642,0.006572885312365662,0.03378585908225329,0.0284415504637876,2019-04-07 19:00:00+00:00,0
BTC/USDT|2019-04-05T22:00:00+00:00,B_opportunities,2019,2019-04-05 22:00:00+00:00,2019-04-05 21:00:00+00:00,BTC/USDT,0.04999927953695164,5.00361096,1,1,1,0,roi,3000,0.05399046424090326,-0.010571643663738972,2019-04-08 00:00:00+00:00,0,0.0027717800652775626,-0.002773788601556748,0.0072347476776299935,0.03176098418277684,2019-04-08 00:00:00+00:00,0
BTC/USDT|2019-04-10T08:00:00+00:00,B_opportunities,2019,2019-04-10 08:00:00+00:00,2019-04-10 07:00:00+00:00,BTC/USDT,-0.0518981018981019,-5.1947922,0,0,0,1,stop_loss,1620,0.042692307692307585,-0.05249999999999999,2019-04-11 11:00:00+00:00,0,0.006130804600795736,0.031511720259924436,-0.008069277322753754,-0.04000792312263335,2019-04-12 08:00:00+00:00,0
ETH/USDT|2019-04-10T09:00:00+00:00,B_opportunities,2019,2019-04-10 09:00:00+00:00,2019-04-10 08:00:00+00:00,ETH/USDT,-0.05188141848121788,-5.19307614,0,0,0,1,stop_loss,660,0.02401649392622307,-0.06385824139083918,2019-04-10 20:00:00+00:00,0,-0.0021175814990247455,-0.023627751462802937,-0.05851212036779052,-0.10281415436054608,2019-04-12 09:00:00+00:00,0
BTC/USDT|2019-04-13T05:00:00+00:00,B_opportunities,2019,2019-04-13 05:00:00+00:00,2019-04-13 04:00:00+00:00,BTC/USDT,-0.009741525292468967,-0.97497715,0,0,0,0,sma_cross_down,1800,0.0008474759570482604,-0.01684923776321401,2019-04-14 11:00:00+00:00,0,-0.014918329666181007,-0.007017730140846057,-0.010940501682170867,0.014611586628363149,2019-04-15 05:00:00+00:00,0
ETH/USDT|2019-04-13T08:00:00+00:00,B_opportunities,2019,2019-04-13 08:00:00+00:00,2019-04-13 07:00:00+00:00,ETH/USDT,-0.011661379269454238,-1.16715779,0,0,0,0,sma_cross_down,660,0.0010961573594785445,-0.02113147798550641,2019-04-13 19:00:00+00:00,0,-0.009074299634591831,-0.013946406820950052,-0.013641900121802553,0.015408038976857608,2019-04-15 08:00:00+00:00,0
BTC/USDT|2019-04-14T23:00:00+00:00,B_opportunities,2019,2019-04-14 23:00:00+00:00,2019-04-14 22:00:00+00:00,BTC/USDT,-0.019104662594209766,-1.91145649,0,0,0,0,sma_cross_down,1740,0.007090235821477275,-0.03527577470278698,2019-04-16 04:00:00+00:00,0,0.005687200096670786,-0.0039525845771241075,-0.017533259790832645,0.00646680257736576,2019-04-16 23:00:00+00:00,0
ETH/USDT|2019-04-15T00:00:00+00:00,B_opportunities,2019,2019-04-15 00:00:00+00:00,2019-04-14 23:00:00+00:00,ETH/USDT,-0.051895117620851736,-5.19426388,0,0,0,1,stop_loss,1020,0.00956880569343932,-0.0688355959571797,2019-04-15 17:00:00+00:00,0,-0.00023919153261964254,-0.012736949112001406,-0.043532858936793595,-0.011122406266818041,2019-04-17 00:00:00+00:00,0
BTC/USDT|2019-04-17T01:00:00+00:00,B_opportunities,2019,2019-04-17 01:00:00+00:00,2019-04-17 00:00:00+00:00,BTC/USDT,0.013162996545088753,1.31753018,1,1,1,0,sma_cross_down,4020,0.024698705836352364,-0.008661785864936267,2019-04-19 20:00:00+00:00,0,-0.00205517578783343,-0.005458639346504257,0.0028699268264964495,0.011816779248695397,2019-04-19 20:00:00+00:00,0
ETH/USDT|2019-04-17T03:00:00+00:00,B_opportunities,2019,2019-04-17 03:00:00+00:00,2019-04-17 02:00:00+00:00,ETH/USDT,0.04998566603497415,5.00301768,1,1,1,0,roi,2280,0.05849296029971596,-0.010332950631458115,2019-04-18 17:00:00+00:00,0,-0.006524497070017565,-0.0014498882377816935,0.03280372137981025,0.02670210837914566,2019-04-19 03:00:00+00:00,0
BTC/USDT|2019-04-19T22:00:00+00:00,B_opportunities,2019,2019-04-19 22:00:00+00:00,2019-04-19 21:00:00+00:00,BTC/USDT,-0.006215969876020712,-0.62205337,0,0,0,0,sma_cross_down,2400,0.016286359435589093,-0.015806171933802737,2019-04-21 14:00:00+00:00,0,0.00569458499854214,0.008316990941645619,0.0017285771732522548,-0.0026548048537380353,2019-04-21 22:00:00+00:00,0
BTC/USDT|2019-04-22T18:00:00+00:00,B_opportunities,2019,2019-04-22 18:00:00+00:00,2019-04-22 17:00:00+00:00,BTC/USDT,0.004716262017941882,0.47208337,1,0,0,0,sma_cross_down,2940,0.050032157234815244,-0.0019069333998353866,2019-04-24 19:00:00+00:00,0,0.004498279628362356,0.032597995556097326,0.04121766685729833,0.009682832847379252,2019-04-24 19:00:00+00:00,0
ETH/USDT|2019-04-22T21:00:00+00:00,B_opportunities,2019,2019-04-22 21:00:00+00:00,2019-04-22 20:00:00+00:00,ETH/USDT,-0.01602555570344736,-1.60401696,0,0,0,0,sma_cross_down,2040,0.029751098096632678,-0.05897510980966325,2019-04-24 07:00:00+00:00,0,0.0021087160262418525,0.02055998125585745,0.006560449859418949,-0.04252577319587625,2019-04-24 21:00:00+00:00,0
ETH/USDT|2019-04-27T18:00:00+00:00,B_opportunities,2019,2019-04-27 18:00:00+00:00,2019-04-27 17:00:00+00:00,ETH/USDT,-0.02014124111014968,-2.01593396,0,0,0,0,sma_cross_down,1980,0.006204628652975108,-0.026369671775144266,2019-04-29 03:00:00+00:00,0,-0.01172456575682379,-0.013337468982630107,-0.015446650124069317,-0.031079404466501148,2019-04-29 18:00:00+00:00,0
BTC/USDT|2019-04-27T23:00:00+00:00,B_opportunities,2019,2019-04-27 23:00:00+00:00,2019-04-27 22:00:00+00:00,BTC/USDT,-0.008084557308461509,-0.80914813,0,0,0,0,sma_cross_down,240,0.0010424394962482708,-0.008273776542293998,2019-04-28 03:00:00+00:00,0,-0.0048365436087188796,0.0008715169842505865,-0.0020698528375955316,-0.020531362402682274,2019-04-29 23:00:00+00:00,0
BTC/USDT|2019-04-28T06:00:00+00:00,B_opportunities,2019,2019-04-28 06:00:00+00:00,2019-04-28 05:00:00+00:00,BTC/USDT,-0.00796403645649625,-0.79684953,0,0,0,0,sma_cross_down,1800,0.005430075539053725,-0.017184569849147735,2019-04-29 12:00:00+00:00,0,0.004664783427495323,0.0018135593220338642,0.0015762711864406587,-0.02005649717514124,2019-04-30 06:00:00+00:00,0
ETH/USDT|2019-04-30T17:00:00+00:00,B_opportunities,2019,2019-04-30 17:00:00+00:00,2019-04-30 16:00:00+00:00,ETH/USDT,0.012469441603065982,1.24803548,1,1,1,0,sma_cross_down,2700,0.03290054203958159,-0.0069960922727845265,2019-05-02 14:00:00+00:00,0,0.021180030257186067,0.013489662128088886,0.012670196671709544,0.012355017650025335,2019-05-02 17:00:00+00:00,0
BTC/USDT|2019-05-01T00:00:00+00:00,B_opportunities,2019,2019-05-01 00:00:00+00:00,2019-04-30 23:00:00+00:00,BTC/USDT,0.04999920086685445,5.0048826,1,1,1,0,roi,3000,0.05224786450053931,-0.0010785540611130129,2019-05-03 02:00:00+00:00,0,0.005296186107002443,0.00776761432939721,0.011725658311422471,0.032337181744884536,2019-05-03 02:00:00+00:00,0
ETH/USDT|2019-05-02T16:00:00+00:00,B_opportunities,2019,2019-05-02 16:00:00+00:00,2019-05-02 15:00:00+00:00,ETH/USDT,0.04998062720987744,5.00230282,1,1,1,0,roi,1020,0.05436593643937049,-0.012403579142240218,2019-05-03 09:00:00+00:00,0,0.0002468069352750124,0.002159560683655082,0.03837847843524411,-0.0004936138705496917,2019-05-04 16:00:00+00:00,0
BTC/USDT|2019-05-05T13:00:00+00:00,B_opportunities,2019,2019-05-05 13:00:00+00:00,2019-05-05 12:00:00+00:00,BTC/USDT,-0.02060271340892823,-2.06182161,0,0,0,0,sma_cross_down,780,0.0044351907960726855,-0.025863601913571732,2019-05-06 02:00:00+00:00,0,-0.002289261877056692,-0.012955219551608499,-0.019381036072275815,0.031233059289465626,2019-05-07 13:00:00+00:00,0
ETH/USDT|2019-05-06T16:00:00+00:00,B_opportunities,2019,2019-05-06 16:00:00+00:00,2019-05-06 15:00:00+00:00,ETH/USDT,0.05000503278273917,5.00522953,1,1,1,0,roi,480,0.07121505187269195,-0.00041029247992507845,2019-05-07 00:00:00+00:00,0,0.026669011195123327,0.055917003692632195,0.01664615204267017,-0.0018756227653714541,2019-05-08 16:00:00+00:00,0
BTC/USDT|2019-05-07T04:00:00+00:00,B_opportunities,2019,2019-05-07 04:00:00+00:00,2019-05-07 03:00:00+00:00,BTC/USDT,0.05000076562200568,5.00506307,1,1,1,0,roi,4200,0.061799120537415764,-0.030844992620775002,2019-05-10 02:00:00+00:00,0,3.189524928659537e-05,-0.006222931005539611,-0.013019976498237384,0.019832130266912884,2019-05-10 02:00:00+00:00,0
ETH/USDT|2019-05-10T09:00:00+00:00,B_opportunities,2019,2019-05-10 09:00:00+00:00,2019-05-10 08:00:00+00:00,ETH/USDT,0.050019629816677784,5.00637212,1,1,1,0,roi,1380,0.08181503690036895,-0.016835793357933504,2019-05-11 08:00:00+00:00,0,-0.006688191881918826,-0.004324261992619927,0.06601706642066407,0.13370618081180807,2019-05-12 09:00:00+00:00,0
BTC/USDT|2019-05-13T13:00:00+00:00,B_opportunities,2019,2019-05-13 13:00:00+00:00,2019-05-13 12:00:00+00:00,BTC/USDT,0.05000019767858265,5.00477289,1,1,1,0,roi,120,0.07811714351868981,-0.004132123837668922,2019-05-13 15:00:00+00:00,0,0.06916375184787871,0.0774321097259727,0.12345542005587129,0.08875297818441386,2019-05-15 13:00:00+00:00,0
ETH/USDT|2019-05-13T20:00:00+00:00,B_opportunities,2019,2019-05-13 20:00:00+00:00,2019-05-13 19:00:00+00:00,ETH/USDT,0.05001967576105168,5.00645683,1,1,1,0,roi,480,0.05666500249625561,-0.0453320019970046,2019-05-14 04:00:00+00:00,0,-0.004244482173174857,0.07200639169080203,0.014031758713672238,0.20728053530410473,2019-05-15 20:00:00+00:00,0
BTC/USDT|2019-05-15T17:00:00+00:00,B_opportunities,2019,2019-05-15 17:00:00+00:00,2019-05-15 16:00:00+00:00,BTC/USDT,-0.037827745114715663,-3.78653362,0,0,0,0,sma_cross_down,1680,0.04000650004062534,-0.03686898043112763,2019-05-16 21:00:00+00:00,0,0.01964887280545513,-0.0026400165001031484,-0.010926318289489312,-0.1124932030825192,2019-05-17 17:00:00+00:00,0
BTC/USDT|2019-05-19T00:00:00+00:00,B_opportunities,2019,2019-05-19 00:00:00+00:00,2019-05-18 23:00:00+00:00,BTC/USDT,0.04999977612619259,5.00163909,1,1,1,0,roi,120,0.07578417377213631,-0.0019621568292427227,2019-05-19 02:00:00+00:00,0,0.08804332100117818,0.09741162529538605,0.12277452824339119,0.09379327449724073,2019-05-21 00:00:00+00:00,0
ETH/USDT|2019-05-19T04:00:00+00:00,B_opportunities,2019,2019-05-19 04:00:00+00:00,2019-05-19 03:00:00+00:00,ETH/USDT,-0.05186256897250866,-5.19143111,0,0,0,1,stop_loss,1980,0.044386422976501194,-0.058469815649972334,2019-05-20 13:00:00+00:00,0,0.015034619188921905,0.007754698318496622,0.005143422354104921,-0.010722057368941718,2019-05-21 04:00:00+00:00,0
ETH/USDT|2019-05-21T19:00:00+00:00,B_opportunities,2019,2019-05-21 19:00:00+00:00,2019-05-21 18:00:00+00:00,ETH/USDT,-0.05188835009086167,-5.19330603,0,0,0,1,stop_loss,1500,0.024037521985538435,-0.05557944107875712,2019-05-22 20:00:00+00:00,0,0.009185069376587807,0.003869454758647528,-0.0125854993160055,-0.062341215555989815,2019-05-23 19:00:00+00:00,0
BTC/USDT|2019-05-21T21:00:00+00:00,B_opportunities,2019,2019-05-21 21:00:00+00:00,2019-05-21 20:00:00+00:00,BTC/USDT,-0.019692071577841443,-1.97046602,0,0,0,0,sma_cross_down,1260,0.0024343152444472604,-0.03649478547986418,2019-05-22 18:00:00+00:00,0,-0.012026988117599946,-0.015022205492104312,-0.02584761660220447,-0.022454781939948543,2019-05-23 21:00:00+00:00,0
BTC/USDT|2019-05-24T06:00:00+00:00,B_opportunities,2019,2019-05-24 06:00:00+00:00,2019-05-24 05:00:00+00:00,BTC/USDT,0.015554922019406336,1.55700024,1,1,1,0,sma_cross_down,3180,0.03985869177334922,-0.0037833973065997117,2019-05-26 11:00:00+00:00,0,0.020562323386476677,0.02536838590750423,0.014937554447174817,0.018903163660692224,2019-05-26 11:00:00+00:00,0
ETH/USDT|2019-05-24T12:00:00+00:00,B_opportunities,2019,2019-05-24 12:00:00+00:00,2019-05-24 11:00:00+00:00,ETH/USDT,-0.018008304342447094,-1.80229922,0,0,0,0,sma_cross_down,2580,0.024362087496516693,-0.023048445523665584,2019-05-26 07:00:00+00:00,0,-0.0018314289126885042,-0.009157144563442965,0.01246167934068576,-0.020185531711589766,2019-05-26 12:00:00+00:00,0
BTC/USDT|2019-05-26T21:00:00+00:00,B_opportunities,2019,2019-05-26 21:00:00+00:00,2019-05-26 20:00:00+00:00,BTC/USDT,0.025006265460378933,2.50261282,1,1,1,0,sma_cross_down,3060,0.049615775247961125,-0.004373634711955066,2019-05-29 00:00:00+00:00,0,0.01862645926324147,0.020086017245891874,0.026919295167896262,0.024827812242838476,2019-05-29 00:00:00+00:00,0
ETH/USDT|2019-05-26T23:00:00+00:00,B_opportunities,2019,2019-05-26 23:00:00+00:00,2019-05-26 22:00:00+00:00,ETH/USDT,0.05001723234997615,5.00598922,1,1,1,0,roi,1020,0.06287777988975463,-0.011594753849078154,2019-05-27 16:00:00+00:00,0,0.006652727618323473,0.011746816194639687,0.01862763733130568,0.03387188747386416,2019-05-28 23:00:00+00:00,0
ETH/USDT|2019-05-30T03:00:00+00:00,B_opportunities,2019,2019-05-30 03:00:00+00:00,2019-05-30 02:00:00+00:00,ETH/USDT,0.049983571256020806,5.00281462,1,1,1,0,roi,0,0.05577703949796975,-0.0017349575489109537,2019-05-30 03:00:00+00:00,0,0.04301909087552147,0.04774565193308966,-0.05915586573612497,0.0009231564565561623,2019-06-01 03:00:00+00:00,0
BTC/USDT|2019-05-30T07:00:00+00:00,B_opportunities,2019,2019-05-30 07:00:00+00:00,2019-05-30 06:00:00+00:00,BTC/USDT,-0.0518981018981019,-5.19307785,0,0,0,1,stop_loss,840,0.043018390804597795,-0.0798850574712644,2019-05-30 21:00:00+00:00,0,0.0015839080459771893,-0.00548620689655166,-0.04564137931034484,-0.020044827586206848,2019-06-01 07:00:00+00:00,0
BTC/USDT|2019-06-01T09:00:00+00:00,B_opportunities,2019,2019-06-01 09:00:00+00:00,2019-06-01 08:00:00+00:00,BTC/USDT,-0.020044845512081116,-2.00626153,0,0,0,0,sma_cross_down,3240,0.03056463257086417,-0.027106338452185463,2019-06-03 15:00:00+00:00,0,-0.008487068910089768,-0.0009363832227248237,0.019077200763602198,-0.011514824898675391,2019-06-03 15:00:00+00:00,0
ETH/USDT|2019-06-01T10:00:00+00:00,B_opportunities,2019,2019-06-01 10:00:00+00:00,2019-06-01 09:00:00+00:00,ETH/USDT,-0.0518759175027699,-5.19165604,0,0,0,1,stop_loss,2700,0.012151748666271445,-0.05338618850029653,2019-06-03 07:00:00+00:00,0,-0.015962962962962957,-0.008222222222222353,0.0037037037037037646,-0.03066666666666662,2019-06-03 10:00:00+00:00,0
ETH/USDT|2019-06-06T02:00:00+00:00,B_opportunities,2019,2019-06-06 02:00:00+00:00,2019-06-06 01:00:00+00:00,ETH/USDT,-0.016000219682726753,-1.6012327,0,0,0,0,sma_cross_down,1260,0.016422691699444325,-0.047037833015692865,2019-06-06 23:00:00+00:00,0,-0.011190398962049874,-0.013420369769704732,-0.0015001621796949527,0.007987349983782144,2019-06-08 02:00:00+00:00,0
BTC/USDT|2019-06-06T12:00:00+00:00,B_opportunities,2019,2019-06-06 12:00:00+00:00,2019-06-06 11:00:00+00:00,BTC/USDT,-0.014963684069837987,-1.49690329,0,0,0,0,sma_cross_down,600,0.0021757005909122107,-0.049461437494573546,2019-06-06 22:00:00+00:00,0,-0.02501050244461156,-0.005721757362245672,0.00785161482268415,0.019035920275910945,2019-06-08 12:00:00+00:00,0
ETH/USDT|2019-06-07T11:00:00+00:00,B_opportunities,2019,2019-06-07 11:00:00+00:00,2019-06-07 10:00:00+00:00,ETH/USDT,-0.02679608320749916,-2.68180788,0,0,0,0,sma_cross_down,1980,0.021661086684684028,-0.030414263240692185,2019-06-08 20:00:00+00:00,0,0.015000604863099287,0.00931489172950517,-0.0007258357191822773,-0.02133150530263328,2019-06-09 11:00:00+00:00,0
BTC/USDT|2019-06-07T12:00:00+00:00,B_opportunities,2019,2019-06-07 12:00:00+00:00,2019-06-07 11:00:00+00:00,BTC/USDT,-0.0016793600082685052,-0.16797339,0,0,0,0,sma_cross_down,2160,0.02625697474647648,-0.01796076404198277,2019-06-09 00:00:00+00:00,0,0.02185227416698332,0.011089573039402056,0.011097174711769853,-0.005114658558216134,2019-06-09 12:00:00+00:00,0
BTC/USDT|2019-06-10T21:00:00+00:00,B_opportunities,2019,2019-06-10 21:00:00+00:00,2019-06-10 20:00:00+00:00,BTC/USDT,0.002842939001380972,0.28438819,1,0,0,0,sma_cross_down,1920,0.016762360708612034,-0.02782225805921623,2019-06-12 05:00:00+00:00,0,0.0011336679149231976,0.0008126515822692859,-0.002063856973321565,0.021107455793902385,2019-06-12 21:00:00+00:00,0
ETH/USDT|2019-06-10T21:00:00+00:00,B_opportunities,2019,2019-06-10 21:00:00+00:00,2019-06-10 20:00:00+00:00,ETH/USDT,0.04998853470378446,5.00344466,1,1,1,0,roi,2580,0.06483575216872928,-0.027710397566089617,2019-06-12 16:00:00+00:00,0,0.0037830502898967833,0.011061310086763365,0.001603684362021518,0.0463834861630823,2019-06-12 21:00:00+00:00,0
BTC/USDT|2019-06-12T09:00:00+00:00,B_opportunities,2019,2019-06-12 09:00:00+00:00,2019-06-12 08:00:00+00:00,BTC/USDT,0.04999958799720801,5.00261359,1,1,1,0,roi,3060,0.05364720641786391,-0.010373984927743662,2019-06-14 12:00:00+00:00,0,0.004631524851147706,0.017673354687639753,0.020050207392049657,0.04227069417450657,2019-06-14 12:00:00+00:00,0
ETH/USDT|2019-06-15T03:00:00+00:00,B_opportunities,2019,2019-06-15 03:00:00+00:00,2019-06-15 02:00:00+00:00,ETH/USDT,0.0061198259672749535,0.61254714,1,1,0,0,sma_cross_down,5040,0.048199152542372836,-0.014036016949152463,2019-06-18 15:00:00+00:00,0,-0.004728221810341604,0.0006052123917235086,0.02265763891515693,0.014109013882059207,2019-06-18 15:00:00+00:00,0
ETH/USDT|2019-06-20T00:00:00+00:00,B_opportunities,2019,2019-06-20 00:00:00+00:00,2019-06-19 23:00:00+00:00,ETH/USDT,0.04999367429513238,5.00420986,1,1,1,0,roi,1500,0.059516706443913936,-0.009136336515513266,2019-06-21 01:00:00+00:00,0,0.002797046319086949,-0.0034683374356679897,0.01148653688371759,0.09774744536436208,2019-06-22 00:00:00+00:00,0
BTC/USDT|2019-06-20T01:00:00+00:00,B_opportunities,2019,2019-06-20 01:00:00+00:00,2019-06-20 00:00:00+00:00,BTC/USDT,0.04999991283219643,5.00187824,1,1,1,0,roi,1440,0.05452279841729624,-0.007543586004884806,2019-06-21 01:00:00+00:00,0,0.004311738941839005,0.00039050119367867175,0.035377677394091256,0.09095216306291398,2019-06-22 01:00:00+00:00,0
ETH/USDT|2019-06-25T06:00:00+00:00,B_opportunities,2019,2019-06-25 06:00:00+00:00,2019-06-25 05:00:00+00:00,ETH/USDT,0.05001006060077607,5.00538527,1,1,1,0,roi,1260,0.0664374621971795,-0.02269760927004738,2019-06-26 03:00:00+00:00,0,-0.002833582731064266,-0.010474704702473692,0.05167308733165665,0.06813333757840123,2019-06-27 06:00:00+00:00,0
BTC/USDT|2019-06-29T01:00:00+00:00,B_opportunities,2019,2019-06-29 01:00:00+00:00,2019-06-29 00:00:00+00:00,BTC/USDT,-0.051897654848286394,-5.19169819,0,0,0,1,stop_loss,60,0.009399453137535874,-0.05376666387017992,2019-06-29 02:00:00+00:00,0,-0.035403600228068766,-0.014417202899731252,-0.011563899975564063,-0.09655942005375895,2019-07-01 01:00:00+00:00,0
ETH/USDT|2019-06-29T09:00:00+00:00,B_opportunities,2019,2019-06-29 09:00:00+00:00,2019-06-29 08:00:00+00:00,ETH/USDT,0.04998714348184425,5.00350751,1,1,1,0,roi,840,0.07948010504271519,-0.01070371970880557,2019-06-29 23:00:00+00:00,0,0.018849107409993016,0.03859579136331903,0.030384628170605943,-0.00255975532728292,2019-07-01 09:00:00+00:00,0
BTC/USDT|2019-07-03T04:00:00+00:00,B_opportunities,2019,2019-07-03 04:00:00+00:00,2019-07-03 03:00:00+00:00,BTC/USDT,0.04999959358677692,5.00054099,1,1,1,0,roi,1080,0.05602836628146979,-0.03637995085681678,2019-07-03 22:00:00+00:00,0,-0.00619957695128559,0.011776450288232931,0.04964976243369934,-0.01195094902511007,2019-07-05 04:00:00+00:00,0
ETH/USDT|2019-07-03T06:00:00+00:00,B_opportunities,2019,2019-07-03 06:00:00+00:00,2019-07-03 05:00:00+00:00,ETH/USDT,-0.019872764756665426,-1.9890696,0,0,0,0,sma_cross_down,2460,0.0178097382304514,-0.05732719513424511,2019-07-04 23:00:00+00:00,0,-0.02117077760602193,-0.01838161166745067,-0.012635257745816197,-0.03699845419719061,2019-07-05 06:00:00+00:00,0
ETH/USDT|2019-07-06T12:00:00+00:00,B_opportunities,2019,2019-07-06 12:00:00+00:00,2019-07-06 11:00:00+00:00,ETH/USDT,-0.008745212872059248,-0.87530791,0,0,0,0,sma_cross_down,1200,0.023455555172294584,-0.019523300334586713,2019-07-07 08:00:00+00:00,0,0.012454717957564032,-0.005382094186648256,0.012006210108676862,0.056753493186130655,2019-07-08 12:00:00+00:00,0
BTC/USDT|2019-07-06T17:00:00+00:00,B_opportunities,2019,2019-07-06 17:00:00+00:00,2019-07-06 16:00:00+00:00,BTC/USDT,-0.020527043661877548,-2.0545695,0,0,0,0,sma_cross_down,1260,0.0017070418290203726,-0.04298263771306632,2019-07-07 14:00:00+00:00,0,-0.026793106434571667,-0.023378366675327,-0.032982592881267925,0.023866805230795984,2019-07-08 17:00:00+00:00,0
ETH/USDT|2019-07-07T19:00:00+00:00,B_opportunities,2019,2019-07-07 19:00:00+00:00,2019-07-07 18:00:00+00:00,ETH/USDT,0.0185712547836289,1.85846339,1,1,1,0,sma_cross_down,3540,0.04427305546439131,-0.012865113226124159,2019-07-10 06:00:00+00:00,0,-0.009256827731092376,-0.004070378151260545,0.0018382352941177516,0.015592174369747802,2019-07-10 06:00:00+00:00,0
BTC/USDT|2019-07-08T04:00:00+00:00,B_opportunities,2019,2019-07-08 04:00:00+00:00,2019-07-08 03:00:00+00:00,BTC/USDT,0.05000030767481046,5.00316217,1,1,1,0,roi,900,0.08403472436434134,-0.004010047151103868,2019-07-08 19:00:00+00:00,0,0.037987580135973475,0.04284905969678321,0.11538434420262389,0.14297385764925075,2019-07-10 04:00:00+00:00,0
BTC/USDT|2019-07-13T00:00:00+00:00,B_opportunities,2019,2019-07-13 00:00:00+00:00,2019-07-12 23:00:00+00:00,BTC/USDT,-0.03692020321441622,-3.69336076,0,0,0,0,sma_cross_down,1080,0.003636914168485328,-0.058364987641636334,2019-07-13 18:00:00+00:00,0,-0.00936360806381098,-0.038632431816364665,-0.03414582698971347,-0.13464407402430156,2019-07-15 00:00:00+00:00,0
ETH/USDT|2019-07-13T01:00:00+00:00,B_opportunities,2019,2019-07-13 01:00:00+00:00,2019-07-13 00:00:00+00:00,ETH/USDT,-0.01656631089136361,-1.6581202,0,0,0,0,sma_cross_down,780,0.0013137727173200275,-0.03309977373914308,2019-07-13 14:00:00+00:00,0,-0.01678770847779265,-0.024488157366519436,-0.0239042370716398,-0.22838582533484175,2019-07-15 01:00:00+00:00,0
BTC/USDT|2019-07-16T05:00:00+00:00,B_opportunities,2019,2019-07-16 05:00:00+00:00,2019-07-16 04:00:00+00:00,BTC/USDT,-0.05189763754266225,-5.19177057,0,0,0,1,stop_loss,660,0.009668623965903844,-0.07966611142647106,2019-07-16 16:00:00+00:00,0,-0.0059480058875303055,-0.07703007217993074,-0.12249747398154465,-0.07983427830303658,2019-07-18 05:00:00+00:00,0
ETH/USDT|2019-07-18T06:00:00+00:00,B_opportunities,2019,2019-07-18 06:00:00+00:00,2019-07-18 05:00:00+00:00,ETH/USDT,-0.05188892235592643,-5.1929858,0,0,0,1,stop_loss,480,0.03371044885945551,-0.05394591611479027,2019-07-18 14:00:00+00:00,0,-0.008786456895758521,0.03022357162572442,0.01784892814426353,0.042276198362314776,2019-07-20 06:00:00+00:00,0
BTC/USDT|2019-07-18T11:00:00+00:00,B_opportunities,2019,2019-07-18 11:00:00+00:00,2019-07-18 10:00:00+00:00,BTC/USDT,-0.05189759435049459,-5.19476867,0,0,0,1,stop_loss,60,0.001780828883803709,-0.052123061276379334,2019-07-18 12:00:00+00:00,0,0.06618440469325715,0.07524486846614864,0.04991645335066308,0.0746834837986623,2019-07-20 11:00:00+00:00,0
ETH/USDT|2019-07-20T05:00:00+00:00,B_opportunities,2019,2019-07-20 05:00:00+00:00,2019-07-20 04:00:00+00:00,ETH/USDT,-0.02734714753124939,-2.737172,0,0,0,0,sma_cross_down,2280,0.033090174020038665,-0.04644928809984172,2019-07-21 19:00:00+00:00,0,-0.008304042179261839,0.02776801405975382,-0.007029876977152849,-0.014367311072056133,2019-07-22 05:00:00+00:00,0
ETH/USDT|2019-07-25T03:00:00+00:00,B_opportunities,2019,2019-07-25 03:00:00+00:00,2019-07-25 02:00:00+00:00,ETH/USDT,-0.03141827390243334,-3.14442605,0,0,0,0,sma_cross_down,2040,0.00907742776254894,-0.04412888149912364,2019-07-26 13:00:00+00:00,0,-0.0035951824555097156,-0.007415063814488643,-0.03725507819521845,-0.00026963868416318704,2019-07-27 03:00:00+00:00,0
BTC/USDT|2019-07-25T10:00:00+00:00,B_opportunities,2019,2019-07-25 10:00:00+00:00,2019-07-25 09:00:00+00:00,BTC/USDT,-0.031792347568738395,-3.18056738,0,0,0,0,sma_cross_down,1320,0.009135936172643966,-0.04249030020914779,2019-07-26 08:00:00+00:00,0,-0.007690771570870614,-0.018126615076932473,-0.02720333501899097,-0.0017217552166798322,2019-07-27 10:00:00+00:00,0
BTC/USDT|2019-07-27T07:00:00+00:00,B_opportunities,2019,2019-07-27 07:00:00+00:00,2019-07-27 06:00:00+00:00,BTC/USDT,-0.05189760545567002,-5.19047735,0,0,0,1,stop_loss,180,0.0036113294268631524,-0.06085537769730498,2019-07-27 10:00:00+00:00,0,-0.061994488494483635,-0.0647263646945293,-0.05348448521145677,-0.04427410288806877,2019-07-29 07:00:00+00:00,0
ETH/USDT|2019-07-27T07:00:00+00:00,B_opportunities,2019,2019-07-27 07:00:00+00:00,2019-07-27 06:00:00+00:00,ETH/USDT,-0.0518981018981019,-5.1944805,0,0,0,1,stop_loss,180,0.005818181818181722,-0.058499999999999996,2019-07-27 10:00:00+00:00,0,-0.06201127477723234,-0.05846517548645214,-0.04409892707765051,-0.0373704309874523,2019-07-29 07:00:00+00:00,0
ETH/USDT|2019-07-29T07:00:00+00:00,B_opportunities,2019,2019-07-29 07:00:00+00:00,2019-07-29 06:00:00+00:00,ETH/USDT,-0.024382124617670572,-2.4401952,0,0,0,0,sma_cross_down,1320,0.008027198035697403,-0.034847483237321675,2019-07-30 05:00:00+00:00,0,-0.00547841692641915,-0.006989704354396942,-0.016576933975630537,0.007509209407764228,2019-07-31 07:00:00+00:00,0
BTC/USDT|2019-07-29T08:00:00+00:00,B_opportunities,2019,2019-07-29 08:00:00+00:00,2019-07-29 07:00:00+00:00,BTC/USDT,-0.018540829345217318,-1.85417982,0,0,0,0,sma_cross_down,1080,0.007188728273551881,-0.02387480661915753,2019-07-30 02:00:00+00:00,0,-0.005848773367823523,-0.014369490803505247,-0.012950410089393793,0.011194739220544259,2019-07-31 08:00:00+00:00,0
BTC/USDT|2019-07-31T00:00:00+00:00,B_opportunities,2019,2019-07-31 00:00:00+00:00,2019-07-30 23:00:00+00:00,BTC/USDT,0.050000247244327556,5.00317289,1,1,1,0,roi,900,0.05345065274151439,-0.002088772845952991,2019-07-31 15:00:00+00:00,0,0.01377972699575225,0.019206806619031846,0.05288373662161172,0.08363927676539373,2019-08-02 00:00:00+00:00,0
ETH/USDT|2019-07-31T04:00:00+00:00,B_opportunities,2019,2019-07-31 04:00:00+00:00,2019-07-31 03:00:00+00:00,ETH/USDT,0.050019586361006965,5.00648243,1,1,1,0,roi,4200,0.06091106700689908,-0.005103487383045113,2019-08-03 02:00:00+00:00,0,0.005479710898011136,0.024564221266946795,0.009872927393830722,0.018753838159572878,2019-08-03 02:00:00+00:00,0
ETH/USDT|2019-08-05T04:00:00+00:00,B_opportunities,2019,2019-08-05 04:00:00+00:00,2019-08-05 03:00:00+00:00,ETH/USDT,-0.021324279329419254,-2.13432573,0,0,0,0,sma_cross_down,2580,0.0430478018143754,-0.027259246336357346,2019-08-06 23:00:00+00:00,0,0.00117765080472787,0.01129672438609508,0.00013085008941415843,-0.011602041261394858,2019-08-07 04:00:00+00:00,0
BTC/USDT|2019-08-07T23:00:00+00:00,B_opportunities,2019,2019-08-07 23:00:00+00:00,2019-08-07 22:00:00+00:00,BTC/USDT,-0.010177703889096798,-1.01840808,0,0,0,0,sma_cross_down,1740,0.007385825429893078,-0.037637471411459456,2019-08-09 04:00:00+00:00,0,-0.001947111408853286,-0.011593290108740772,-0.010290203966393796,-0.010573374608865316,2019-08-09 23:00:00+00:00,0
BTC/USDT|2019-08-09T17:00:00+00:00,B_opportunities,2019,2019-08-09 17:00:00+00:00,2019-08-09 16:00:00+00:00,BTC/USDT,0.00151914018317428,0.15192766,1,0,0,0,sma_cross_down,180,0.009695107683856063,-0.004144751789644241,2019-08-09 20:00:00+00:00,0,0.004184597020594039,0.0006765211552743899,-0.03698146094658694,-0.03336910926410086,2019-08-11 17:00:00+00:00,0
BTC/USDT|2019-08-10T06:00:00+00:00,B_opportunities,2019,2019-08-10 06:00:00+00:00,2019-08-10 05:00:00+00:00,BTC/USDT,-0.03723148231964911,-3.7266571,0,0,0,0,sma_cross_down,540,0.004785755161778926,-0.04538111323248639,2019-08-10 15:00:00+00:00,0,-0.03817267469537822,-0.03917373146019232,-0.039887807364941685,-0.037854463565247576,2019-08-12 06:00:00+00:00,0
ETH/USDT|2019-08-11T15:00:00+00:00,B_opportunities,2019,2019-08-11 15:00:00+00:00,2019-08-11 14:00:00+00:00,ETH/USDT,0.0023714923462626637,0.23733856,1,0,0,0,sma_cross_down,2040,0.032408509018226894,-0.00799505068291062,2019-08-13 01:00:00+00:00,0,0.026370906321401266,0.015232292460015229,0.00842536176694586,-0.013994668697639101,2019-08-13 15:00:00+00:00,0
BTC/USDT|2019-08-12T11:00:00+00:00,B_opportunities,2019,2019-08-12 11:00:00+00:00,2019-08-12 10:00:00+00:00,BTC/USDT,0.0011743529973778236,0.117475,1,0,0,0,sma_cross_down,720,0.008086459397697698,-0.012886147325731234,2019-08-12 23:00:00+00:00,0,0.0026899225010568184,0.003450939451698831,-0.01050045212843087,-0.07429054502346755,2019-08-14 11:00:00+00:00,0
BTC/USDT|2019-08-16T14:00:00+00:00,B_opportunities,2019,2019-08-16 14:00:00+00:00,2019-08-16 13:00:00+00:00,BTC/USDT,-0.0019999756531342014,-0.20003008,0,0,0,0,sma_cross_down,2280,0.04183134760342888,-0.011172758996103038,2019-08-18 04:00:00+00:00,0,0.03340554425646314,0.026468549687607812,0.02413809127843014,0.031239216562569005,2019-08-18 14:00:00+00:00,0
ETH/USDT|2019-08-17T11:00:00+00:00,B_opportunities,2019,2019-08-17 11:00:00+00:00,2019-08-17 10:00:00+00:00,ETH/USDT,-0.007707950318217029,-0.77149036,0,0,0,0,sma_cross_down,300,0.0015113078210180486,-0.009985426674583131,2019-08-17 16:00:00+00:00,0,-0.008690489042426752,0.007233077836554136,0.021105473388751017,0.08226276584259962,2019-08-19 11:00:00+00:00,0
ETH/USDT|2019-08-18T04:00:00+00:00,B_opportunities,2019,2019-08-18 04:00:00+00:00,2019-08-18 03:00:00+00:00,ETH/USDT,-0.0004790556510945705,-0.04794757,0,0,0,0,sma_cross_down,60,0.0033701146926130576,-0.0033701146926129466,2019-08-18 05:00:00+00:00,0,0.009401152048690298,0.05330942288881646,0.06760134767960002,0.07961091185740665,2019-08-20 04:00:00+00:00,0
ETH/USDT|2019-08-18T12:00:00+00:00,B_opportunities,2019,2019-08-18 12:00:00+00:00,2019-08-18 11:00:00+00:00,ETH/USDT,0.04997524727653304,5.00190269,1,1,1,0,roi,1140,0.060607656258227616,-5.265652151009714e-05,2019-08-19 07:00:00+00:00,0,0.031585596967782736,0.02300484312486839,0.052853232259423066,0.0396399241945673,2019-08-20 12:00:00+00:00,0
BTC/USDT|2019-08-18T23:00:00+00:00,B_opportunities,2019,2019-08-18 23:00:00+00:00,2019-08-18 22:00:00+00:00,BTC/USDT,0.05000037003359991,5.00222466,1,1,1,0,roi,1440,0.05643161949130837,-0.008462084930142999,2019-08-19 23:00:00+00:00,0,0.0020771493276086073,0.03229488754493337,0.0409997767233623,0.04675664103012678,2019-08-20 23:00:00+00:00,0
ETH/USDT|2019-08-22T23:00:00+00:00,B_opportunities,2019,2019-08-22 23:00:00+00:00,2019-08-22 22:00:00+00:00,ETH/USDT,-0.031442000162328794,-3.14680174,0,0,0,0,sma_cross_down,2340,0.01369225999793322,-0.03637490957941503,2019-08-24 14:00:00+00:00,0,-0.00955677239384245,-0.016633949788201208,0.0004649240624030604,-0.014670937080276891,2019-08-24 23:00:00+00:00,0
BTC/USDT|2019-08-23T05:00:00+00:00,B_opportunities,2019,2019-08-23 05:00:00+00:00,2019-08-23 04:00:00+00:00,BTC/USDT,-0.01306671362950547,-1.30720402,0,0,0,0,sma_cross_down,2160,0.027351449603223,-0.027237354085603127,2019-08-24 17:00:00+00:00,0,-0.004827805325734236,0.02163561086787369,0.015337233218999158,-0.014613259152222557,2019-08-25 05:00:00+00:00,0
BTC/USDT|2019-08-26T02:00:00+00:00,B_opportunities,2019,2019-08-26 02:00:00+00:00,2019-08-26 01:00:00+00:00,BTC/USDT,-0.029828082628904823,-2.98363533,0,0,0,0,sma_cross_down,2100,0.004016314779270669,-0.03540499040307099,2019-08-27 13:00:00+00:00,0,-0.007686195175038768,-0.005683312252038775,-0.010995222639582747,-0.030439597772740523,2019-08-28 02:00:00+00:00,0
ETH/USDT|2019-08-26T15:00:00+00:00,B_opportunities,2019,2019-08-26 15:00:00+00:00,2019-08-26 14:00:00+00:00,ETH/USDT,-0.0031086560398417237,-0.31115198,0,0,0,0,sma_cross_down,600,0.004716481187069466,-0.014308426073131875,2019-08-27 01:00:00+00:00,0,-0.010599395834437475,-0.010758386771953954,-0.005246700938046578,-0.006518628438178964,2019-08-28 15:00:00+00:00,0
BTC/USDT|2019-08-30T22:00:00+00:00,B_opportunities,2019,2019-08-30 22:00:00+00:00,2019-08-30 21:00:00+00:00,BTC/USDT,0.05000035767927597,5.00359099,1,1,1,0,roi,4020,0.0550988214869963,-0.017132048542716882,2019-09-02 17:00:00+00:00,0,0.0028181652189791517,-0.0016078462060150622,0.007362078409891115,0.01025641025641022,2019-09-02 17:00:00+00:00,0
ETH/USDT|2019-08-31T03:00:00+00:00,B_opportunities,2019,2019-08-31 03:00:00+00:00,2019-08-31 02:00:00+00:00,ETH/USDT,-0.00818798425454924,-0.81961397,0,0,0,0,sma_cross_down,480,0.002421879614862066,-0.010632642211589438,2019-08-31 11:00:00+00:00,0,-0.007382471060713436,-0.007854949208598971,0.018367587999055024,0.009508622726198901,2019-09-02 03:00:00+00:00,0
ETH/USDT|2019-08-31T15:00:00+00:00,B_opportunities,2019,2019-08-31 15:00:00+00:00,2019-08-31 14:00:00+00:00,ETH/USDT,-0.0009880589081732007,-0.09889248,0,0,0,0,sma_cross_down,60,0.003988332638847458,-0.00101196499791667,2019-08-31 16:00:00+00:00,0,-0.0076790285136021375,0.026430144651467424,0.009941067920709479,0.03113280552413822,2019-09-02 15:00:00+00:00,0
ETH/USDT|2019-09-01T00:00:00+00:00,B_opportunities,2019,2019-09-01 00:00:00+00:00,2019-08-31 23:00:00+00:00,ETH/USDT,0.050020059231812956,5.00681566,1,1,1,0,roi,2640,0.05527052238805963,-0.022796175373134275,2019-09-02 20:00:00+00:00,0,0.0033222591362125353,-0.009733636416622837,-0.004837675584309475,0.037768840706417395,2019-09-03 00:00:00+00:00,0
BTC/USDT|2019-09-05T10:00:00+00:00,B_opportunities,2019,2019-09-05 10:00:00+00:00,2019-09-05 09:00:00+00:00,BTC/USDT,-0.003927175896487409,-0.39306779,0,0,0,0,sma_cross_down,300,0.008474672586688214,-0.010277955622568391,2019-09-05 15:00:00+00:00,0,-0.0015874248672568259,-0.0011356338996664217,0.014670419909869281,-0.016788249267378763,2019-09-07 10:00:00+00:00,0
BTC/USDT|2019-09-06T00:00:00+00:00,B_opportunities,2019,2019-09-06 00:00:00+00:00,2019-09-05 23:00:00+00:00,BTC/USDT,-0.023563007404371502,-2.35694017,0,0,0,0,sma_cross_down,1620,0.03244682210670535,-0.0391105666596927,2019-09-07 03:00:00+00:00,0,0.011774349731979328,0.025593284673467442,-0.025155970614767043,-0.010280666648366465,2019-09-08 00:00:00+00:00,0
ETH/USDT|2019-09-06T14:00:00+00:00,B_opportunities,2019,2019-09-06 14:00:00+00:00,2019-09-06 13:00:00+00:00,ETH/USDT,-0.05188113484611274,-5.19329547,0,0,0,1,stop_loss,360,0.0035135441459821504,-0.06494389663379807,2019-09-06 20:00:00+00:00,0,-0.03451207072424345,-0.041085798481242164,-0.029241754505270334,0.01348747591522148,2019-09-08 14:00:00+00:00,0
ETH/USDT|2019-09-07T23:00:00+00:00,B_opportunities,2019,2019-09-07 23:00:00+00:00,2019-09-07 22:00:00+00:00,ETH/USDT,0.014090666968151266,1.41046802,1,1,1,0,sma_cross_down,2700,0.041285176655619704,-0.011346402291748658,2019-09-09 20:00:00+00:00,0,0.022692804583497095,0.01971577823962245,0.01707577374599789,0.021569398415997254,2019-09-09 23:00:00+00:00,0
BTC/USDT|2019-09-08T10:00:00+00:00,B_opportunities,2019,2019-09-08 10:00:00+00:00,2019-09-08 09:00:00+00:00,BTC/USDT,-0.011468302296974148,-1.147487,0,0,0,0,sma_cross_down,900,0.0034608674096885395,-0.02676213448759146,2019-09-09 01:00:00+00:00,0,-0.00968558315103163,-0.007710528698818608,-0.02297716581592546,-0.02240905169743157,2019-09-10 10:00:00+00:00,0
ETH/USDT|2019-09-10T00:00:00+00:00,B_opportunities,2019,2019-09-10 00:00:00+00:00,2019-09-09 23:00:00+00:00,ETH/USDT,-0.0055915168268172106,-0.55965502,0,0,0,0,sma_cross_down,1440,0.021271881231996526,-0.0194992244626635,2019-09-11 00:00:00+00:00,0,0.008585355045973353,0.0038772571175362813,-0.004043425279716351,-0.012518001550902769,2019-09-12 00:00:00+00:00,0
BTC/USDT|2019-09-12T12:00:00+00:00,B_opportunities,2019,2019-09-12 12:00:00+00:00,2019-09-12 11:00:00+00:00,BTC/USDT,0.012151428669936593,1.21594072,1,1,1,0,sma_cross_down,2700,0.027470512171257955,-0.0016175899384923698,2019-09-14 09:00:00+00:00,0,0.01209875256502424,0.024044119888264825,0.01327175636917488,0.012091869893918528,2019-09-14 12:00:00+00:00,0
ETH/USDT|2019-09-12T21:00:00+00:00,B_opportunities,2019,2019-09-12 21:00:00+00:00,2019-09-12 20:00:00+00:00,ETH/USDT,0.050011334575353936,5.00547278,1,1,1,0,roi,3060,0.05923248053392638,-0.012569521690767638,2019-09-15 00:00:00+00:00,0,0.0010570236439499947,-0.00378303198887342,0.004728789986091719,0.04495132127955492,2019-09-15 00:00:00+00:00,0
BTC/USDT|2019-09-14T18:00:00+00:00,B_opportunities,2019,2019-09-14 18:00:00+00:00,2019-09-14 17:00:00+00:00,BTC/USDT,-0.009072655871245002,-0.90802715,0,0,0,0,sma_cross_down,1440,0.0036060505367179196,-0.01255953498899598,2019-09-15 18:00:00+00:00,0,-0.004548151458644734,-0.0068607545192559405,-0.0070081215614357095,-0.022963252631416742,2019-09-16 18:00:00+00:00,0
BTC/USDT|2019-09-18T07:00:00+00:00,B_opportunities,2019,2019-09-18 07:00:00+00:00,2019-09-18 06:00:00+00:00,BTC/USDT,-0.00385255835027263,-0.38558813,0,0,0,0,sma_cross_down,540,0.002686346921395355,-0.009053911391759262,2019-09-18 16:00:00+00:00,0,-0.00016777387613586825,-0.0012058134138648313,-0.03166314930207059,-0.002200683065336717,2019-09-20 07:00:00+00:00,0
ETH/USDT|2019-09-20T00:00:00+00:00,B_opportunities,2019,2019-09-20 00:00:00+00:00,2019-09-19 23:00:00+00:00,ETH/USDT,-0.019668971725632034,-1.96882548,0,0,0,0,sma_cross_down,2280,0.00581131390175238,-0.03727413057295914,2019-09-21 14:00:00+00:00,0,-0.01384852887758814,-0.007900472212132303,-0.010034507809662196,-0.02356520159825648,2019-09-22 00:00:00+00:00,0
BTC/USDT|2019-09-20T08:00:00+00:00,B_opportunities,2019,2019-09-20 08:00:00+00:00,2019-09-20 07:00:00+00:00,BTC/USDT,-0.019413725165774193,-1.94229054,0,0,0,0,sma_cross_down,1740,0.007260823549681161,-0.02532673705973565,2019-09-21 13:00:00+00:00,0,0.0022427396472657346,0.0004243287041141297,-0.007462671872815574,-0.012862771506376713,2019-09-22 08:00:00+00:00,0
BTC/USDT|2019-09-23T03:00:00+00:00,B_opportunities,2019,2019-09-23 03:00:00+00:00,2019-09-23 02:00:00+00:00,BTC/USDT,-0.005146383768934461,-0.51511221,0,0,0,0,sma_cross_down,360,0.002174676256106345,-0.010361810759030199,2019-09-23 09:00:00+00:00,0,-0.003055665068612101,-0.005873578127617796,-0.0248596310128939,-0.13832953632339084,2019-09-25 03:00:00+00:00,0
ETH/USDT|2019-09-28T00:00:00+00:00,B_opportunities,2019,2019-09-28 00:00:00+00:00,2019-09-27 23:00:00+00:00,ETH/USDT,-0.04333502312289879,-4.33727259,0,0,0,0,sma_cross_down,2280,0.009549559914859396,-0.04953115112466211,2019-09-29 14:00:00+00:00,0,0.0012083549110997183,-0.007710455147016515,-0.0017262213015707406,-0.02618102307382464,2019-09-30 00:00:00+00:00,0
BTC/USDT|2019-09-28T10:00:00+00:00,B_opportunities,2019,2019-09-28 10:00:00+00:00,2019-09-28 09:00:00+00:00,BTC/USDT,-0.03290524046576792,-3.29123222,0,0,0,0,sma_cross_down,1740,0.011065175097276336,-0.04061284046692604,2019-09-29 15:00:00+00:00,0,-0.018790126459143908,-0.011686527237354083,-0.01538545719844353,-0.026916342412451333,2019-09-30 10:00:00+00:00,0
ETH/USDT|2019-09-30T17:00:00+00:00,B_opportunities,2019,2019-09-30 17:00:00+00:00,2019-09-30 16:00:00+00:00,ETH/USDT,-0.019196240199775404,-1.921459,0,0,0,0,sma_cross_down,2340,0.041425764804939647,-0.02784170642716821,2019-10-02 08:00:00+00:00,0,-0.0061752652557121035,0.025150171223264017,0.004266546903946455,-0.00785942850726995,2019-10-02 17:00:00+00:00,0
BTC/USDT|2019-09-30T23:00:00+00:00,B_opportunities,2019,2019-09-30 23:00:00+00:00,2019-09-30 22:00:00+00:00,BTC/USDT,0.003992926530408296,0.39948032,1,0,0,0,sma_cross_down,2220,0.03414755217274412,-0.008286563503351219,2019-10-02 12:00:00+00:00,0,0.024942264965480687,0.010633223744247688,0.013116621119463323,0.00584772551949353,2019-10-02 23:00:00+00:00,0
ETH/USDT|2019-10-03T06:00:00+00:00,B_opportunities,2019,2019-10-03 06:00:00+00:00,2019-10-03 05:00:00+00:00,ETH/USDT,-0.03314697902106459,-3.31762061,0,0,0,0,sma_cross_down,840,0.0025868856146664676,-0.046507704420200136,2019-10-03 20:00:00+00:00,0,-0.008718150627144317,-0.026885651611451733,-0.027166882276843385,-0.011530457281061834,2019-10-05 06:00:00+00:00,0
BTC/USDT|2019-10-03T14:00:00+00:00,B_opportunities,2019,2019-10-03 14:00:00+00:00,2019-10-03 13:00:00+00:00,BTC/USDT,-0.016526141925000605,-1.65365846,0,0,0,0,sma_cross_down,60,1.216447341301219e-06,-0.019543442983896653,2019-10-03 15:00:00+00:00,0,-0.008934871792376065,-0.012486191340571273,-0.0061816562604932734,-0.017774847070617494,2019-10-05 14:00:00+00:00,0
ETH/USDT|2019-10-05T02:00:00+00:00,B_opportunities,2019,2019-10-05 02:00:00+00:00,2019-10-05 01:00:00+00:00,ETH/USDT,0.006454318174011609,0.64602524,1,1,0,0,sma_cross_down,1320,0.013104434907009965,-0.015622317596566515,2019-10-06 00:00:00+00:00,0,0.00400618096491745,-0.004177874434842299,0.0025181708922337176,-0.029588507983746237,2019-10-07 02:00:00+00:00,0
ETH/USDT|2019-10-07T19:00:00+00:00,B_opportunities,2019,2019-10-07 19:00:00+00:00,2019-10-07 18:00:00+00:00,ETH/USDT,0.04998820389418979,5.00358363,1,1,1,0,roi,2580,0.07454969979986648,-0.016010673782521634,2019-10-09 14:00:00+00:00,0,0.004002668445630464,0.011730042250389205,-0.002724038247720717,0.05981765621525459,2019-10-09 19:00:00+00:00,0
BTC/USDT|2019-10-07T20:00:00+00:00,B_opportunities,2019,2019-10-07 20:00:00+00:00,2019-10-07 19:00:00+00:00,BTC/USDT,-0.003793214467173594,-0.37942689,0,0,0,0,sma_cross_down,2280,0.013883814395323268,-0.014888564121300685,2019-10-09 10:00:00+00:00,0,0.008760199732066765,-0.0009962245767872746,-0.005799537206186756,0.04518085495067581,2019-10-09 20:00:00+00:00,0
BTC/USDT|2019-10-09T17:00:00+00:00,B_opportunities,2019,2019-10-09 17:00:00+00:00,2019-10-09 16:00:00+00:00,BTC/USDT,-0.03325512675758814,-3.32836802,0,0,0,0,sma_cross_down,2580,0.024713548566313026,-0.03574208924842748,2019-10-11 12:00:00+00:00,0,-0.0012630124130074138,0.0009525121340241416,-0.004743883961609963,-0.026072685080344882,2019-10-11 17:00:00+00:00,0
BTC/USDT|2019-10-13T08:00:00+00:00,B_opportunities,2019,2019-10-13 08:00:00+00:00,2019-10-13 07:00:00+00:00,BTC/USDT,-0.003334317254738691,-0.3334968,0,0,0,0,sma_cross_down,1500,0.015826291813406668,-0.019195403680421275,2019-10-14 09:00:00+00:00,0,0.010808693102337674,0.013572757382455114,-0.0018411071639738985,-0.004811875381560915,2019-10-15 08:00:00+00:00,0
ETH/USDT|2019-10-13T20:00:00+00:00,B_opportunities,2019,2019-10-13 20:00:00+00:00,2019-10-13 19:00:00+00:00,ETH/USDT,-0.026916699131560064,-2.69407299,0,0,0,0,sma_cross_down,2940,0.02917554499262409,-0.03862754739660157,2019-10-15 21:00:00+00:00,0,-0.0042634599617381586,-0.0014758130636784994,0.015632686526373396,-0.015796665755670847,2019-10-15 21:00:00+00:00,0
BTC/USDT|2019-10-18T01:00:00+00:00,B_opportunities,2019,2019-10-18 01:00:00+00:00,2019-10-18 00:00:00+00:00,BTC/USDT,-0.020486770735962657,-2.049852,0,0,0,0,sma_cross_down,780,0.004253381233888964,-0.03274744667185603,2019-10-18 14:00:00+00:00,0,-0.020195870241533687,-0.01990629710204106,-0.019434812631328735,-0.02020948265407385,2019-10-20 01:00:00+00:00,0
ETH/USDT|2019-10-18T01:00:00+00:00,B_opportunities,2019,2019-10-18 01:00:00+00:00,2019-10-18 00:00:00+00:00,ETH/USDT,-0.030044764375927614,-3.00720994,0,0,0,0,sma_cross_down,780,0.0024879841673735026,-0.04631043256997458,2019-10-18 14:00:00+00:00,0,-0.016793893129770976,-0.029233813966638378,-0.0270285552728301,-0.03358778625954195,2019-10-20 01:00:00+00:00,0
BTC/USDT|2019-10-19T23:00:00+00:00,B_opportunities,2019,2019-10-19 23:00:00+00:00,2019-10-19 22:00:00+00:00,BTC/USDT,-0.0029824530143833425,-0.29835442,0,0,0,0,sma_cross_down,720,0.0059487665317004,-0.008538911383283443,2019-10-20 11:00:00+00:00,0,-0.002490627078672092,-0.0010153998105258966,0.032928685170627414,0.030613170466227357,2019-10-21 23:00:00+00:00,0
BTC/USDT|2019-10-20T19:00:00+00:00,B_opportunities,2019,2019-10-20 19:00:00+00:00,2019-10-20 18:00:00+00:00,BTC/USDT,-0.004117105431649522,-0.41195478,0,0,0,0,sma_cross_down,3000,0.024542042125116348,-0.009638047603766742,2019-10-22 21:00:00+00:00,0,0.008225184879136815,0.012243708452917668,0.004436607421726135,0.007136937216102535,2019-10-22 21:00:00+00:00,0
ETH/USDT|2019-10-21T00:00:00+00:00,B_opportunities,2019,2019-10-21 00:00:00+00:00,2019-10-20 23:00:00+00:00,ETH/USDT,-0.009347143363587596,-0.93558116,0,0,0,0,sma_cross_down,2040,0.015526886630893966,-0.020493206987099,2019-10-22 10:00:00+00:00,0,-0.0069056043830613145,0.0055929688391735954,-0.007076817714872785,-0.022942586462732617,2019-10-23 00:00:00+00:00,0
ETH/USDT|2019-10-25T10:00:00+00:00,B_opportunities,2019,2019-10-25 10:00:00+00:00,2019-10-25 09:00:00+00:00,ETH/USDT,0.04999408724376548,5.00422297,1,1,1,0,roi,300,0.09741060419235525,-0.0004932182490751114,2019-10-25 15:00:00+00:00,0,0.08198742448526697,0.11170016027616825,0.10806312415238573,0.1119467389964246,2019-10-27 10:00:00+00:00,0
BTC/USDT|2019-10-25T14:00:00+00:00,B_opportunities,2019,2019-10-25 14:00:00+00:00,2019-10-25 13:00:00+00:00,BTC/USDT,0.050000599877035694,5.00505244,1,1,1,0,roi,60,0.0958767457326537,-0.003952430007693519,2019-10-25 15:00:00+00:00,0,0.12604162048109502,0.30761416421285426,0.18742257124749284,0.2310017552690673,2019-10-27 14:00:00+00:00,0
ETH/USDT|2019-10-27T22:00:00+00:00,B_opportunities,2019,2019-10-27 22:00:00+00:00,2019-10-27 21:00:00+00:00,ETH/USDT,-0.01018231835604374,-1.01921261,0,0,0,0,sma_cross_down,1800,0.02228216886970591,-0.026975991367682806,2019-10-29 04:00:00+00:00,0,-0.004585423747100359,-0.012029994065922311,-0.006419593245940547,0.02600204995414579,2019-10-29 22:00:00+00:00,0
ETH/USDT|2019-10-29T05:00:00+00:00,B_opportunities,2019,2019-10-29 05:00:00+00:00,2019-10-29 04:00:00+00:00,ETH/USDT,-0.002589904808272925,-0.25921545,0,0,0,0,sma_cross_down,60,0.010190327276648592,-0.00372027821210974,2019-10-29 06:00:00+00:00,0,0.012671195945217262,-0.00010783996549124097,0.00927423703224406,-0.01687695459937455,2019-10-31 05:00:00+00:00,0
ETH/USDT|2019-10-29T12:00:00+00:00,B_opportunities,2019,2019-10-29 12:00:00+00:00,2019-10-29 11:00:00+00:00,ETH/USDT,-0.025649857362163474,-2.56723042,0,0,0,0,sma_cross_down,1920,0.026468551951855934,-0.04521489055759709,2019-10-30 20:00:00+00:00,0,-0.008095440988495906,0.014380059650617838,-0.024286322965487828,-0.039731572219855016,2019-10-31 12:00:00+00:00,0
BTC/USDT|2019-11-01T02:00:00+00:00,B_opportunities,2019,2019-11-01 02:00:00+00:00,2019-11-01 01:00:00+00:00,BTC/USDT,0.00011375112627245209,0.01137839,1,0,0,0,sma_cross_down,720,0.020487841358626913,-0.0068967337570425835,2019-11-01 14:00:00+00:00,0,0.0006983662628607945,0.00222267435786061,0.016027230785304658,0.02446921414549119,2019-11-03 02:00:00+00:00,0
BTC/USDT|2019-11-02T01:00:00+00:00,B_opportunities,2019,2019-11-02 01:00:00+00:00,2019-11-02 00:00:00+00:00,BTC/USDT,-0.01052093047483833,-1.05246733,0,0,0,0,sma_cross_down,2400,0.013953880801407026,-0.015548300979800422,2019-11-03 17:00:00+00:00,0,-0.004280827475188209,0.00865469289904075,0.006408800091739719,-0.008416688844317344,2019-11-04 01:00:00+00:00,0
ETH/USDT|2019-11-02T06:00:00+00:00,B_opportunities,2019,2019-11-02 06:00:00+00:00,2019-11-02 05:00:00+00:00,ETH/USDT,-0.009053918787559038,-0.90618924,0,0,0,0,sma_cross_down,2040,0.019401512660309095,-0.013372794037049163,2019-11-03 16:00:00+00:00,0,0.0014248136782113452,0.006959666812801357,0.004932047347654622,-0.010576501534414584,2019-11-04 06:00:00+00:00,0
ETH/USDT|2019-11-04T17:00:00+00:00,B_opportunities,2019,2019-11-04 17:00:00+00:00,2019-11-04 16:00:00+00:00,ETH/USDT,-0.0004478945046013285,-0.04482671,0,0,0,0,sma_cross_down,3960,0.0448824380054631,-0.02404798885972903,2019-11-07 11:00:00+00:00,0,-0.008034279592929794,-0.005088377075522121,0.01692554900910559,0.015693626138189698,2019-11-07 11:00:00+00:00,0
BTC/USDT|2019-11-04T21:00:00+00:00,B_opportunities,2019,2019-11-04 21:00:00+00:00,2019-11-04 20:00:00+00:00,BTC/USDT,-0.018269285758714487,-1.82803462,0,0,0,0,sma_cross_down,2700,0.0017919003563691138,-0.028821759364610955,2019-11-06 18:00:00+00:00,0,-0.0020356207161192907,-0.022256331542593988,-0.01010929684812234,-0.016274380077804462,2019-11-06 21:00:00+00:00,0
BTC/USDT|2019-11-06T23:00:00+00:00,B_opportunities,2019,2019-11-06 23:00:00+00:00,2019-11-06 22:00:00+00:00,BTC/USDT,-0.006792240179165086,-0.67936312,0,0,0,0,sma_cross_down,360,0.0039225260939541595,-0.008405107101132403,2019-11-07 05:00:00+00:00,0,-0.0046223954847035564,-0.013831843763889351,-0.011537781871341801,-0.057294784811211086,2019-11-08 23:00:00+00:00,0
ETH/USDT|2019-11-10T06:00:00+00:00,B_opportunities,2019,2019-11-10 06:00:00+00:00,2019-11-10 05:00:00+00:00,ETH/USDT,-0.012132964865844493,-1.2143073,0,0,0,0,sma_cross_down,2400,0.018609102509570485,-0.020097830710335995,2019-11-11 22:00:00+00:00,0,-0.008028498511271853,0.008932369204593726,0.0011165461505742158,-0.010740110591237806,2019-11-12 06:00:00+00:00,0
BTC/USDT|2019-11-10T16:00:00+00:00,B_opportunities,2019,2019-11-10 16:00:00+00:00,2019-11-10 15:00:00+00:00,BTC/USDT,-0.009250527901196116,-0.92568153,0,0,0,0,sma_cross_down,1560,0.03945340909090911,-0.020604545454545375,2019-11-11 18:00:00+00:00,0,0.02740937022761991,0.02487659988364488,-0.00875504508762992,-0.010836711875499838,2019-11-12 16:00:00+00:00,0
BTC/USDT|2019-11-13T08:00:00+00:00,B_opportunities,2019,2019-11-13 08:00:00+00:00,2019-11-13 07:00:00+00:00,BTC/USDT,-0.007665413730390462,-0.76695391,0,0,0,0,sma_cross_down,1380,0.007589592526818567,-0.010848646120525607,2019-11-14 07:00:00+00:00,0,0.001612486362482457,0.0039042754904359267,-0.008679979781021974,-0.01938300096291734,2019-11-15 08:00:00+00:00,0
ETH/USDT|2019-11-13T11:00:00+00:00,B_opportunities,2019,2019-11-13 11:00:00+00:00,2019-11-13 10:00:00+00:00,ETH/USDT,-0.01773550085440393,-1.77520144,0,0,0,0,sma_cross_down,1800,0.010388365031165137,-0.021309466730595084,2019-11-14 17:00:00+00:00,0,-0.0005861352373847106,-0.00042628017264334517,-0.013001545265625802,-0.02051473330846698,2019-11-15 11:00:00+00:00,0
ETH/USDT|2019-11-17T00:00:00+00:00,B_opportunities,2019,2019-11-17 00:00:00+00:00,2019-11-16 23:00:00+00:00,ETH/USDT,-0.0088932287907559,-0.89015408,0,0,0,0,sma_cross_down,2460,0.020398091791413053,-0.016833909085924192,2019-11-18 17:00:00+00:00,0,-0.0032900148050666322,0.00997971157536881,0.007950869112244296,-0.02286560289521311,2019-11-19 00:00:00+00:00,0
BTC/USDT|2019-11-17T14:00:00+00:00,B_opportunities,2019,2019-11-17 14:00:00+00:00,2019-11-17 13:00:00+00:00,BTC/USDT,-0.015487503591207258,-1.54991515,0,0,0,0,sma_cross_down,1380,0.012272707556935325,-0.018740233356114744,2019-11-18 13:00:00+00:00,0,0.002682200295182735,-0.0054359103010322984,-0.009890613588486086,-0.055706064609609696,2019-11-19 14:00:00+00:00,0
BTC/USDT|2019-11-24T07:00:00+00:00,B_opportunities,2019,2019-11-24 07:00:00+00:00,2019-11-24 06:00:00+00:00,BTC/USDT,-0.031485206359102784,-3.15010018,0,0,0,0,sma_cross_down,540,0.010546371236714425,-0.03944501267398948,2019-11-24 16:00:00+00:00,0,-0.0057199715391114125,-0.01686529995108288,-0.07662621737003605,-0.004285809578867816,2019-11-26 07:00:00+00:00,0
ETH/USDT|2019-11-24T07:00:00+00:00,B_opportunities,2019,2019-11-24 07:00:00+00:00,2019-11-24 06:00:00+00:00,ETH/USDT,-0.04364249721430667,-4.36831376,0,0,0,0,sma_cross_down,540,0.009480571504873803,-0.056950193617305356,2019-11-24 16:00:00+00:00,0,-0.0032714648150621306,-0.034316998264120824,-0.10214981973561232,-0.017091734543997927,2019-11-26 07:00:00+00:00,0
BTC/USDT|2019-11-26T02:00:00+00:00,B_opportunities,2019,2019-11-26 02:00:00+00:00,2019-11-26 01:00:00+00:00,BTC/USDT,-0.020618476559858847,-2.06287048,0,0,0,0,sma_cross_down,1860,0.02444573159242691,-0.045339399987438744,2019-11-27 09:00:00+00:00,0,0.0015896808914495075,-0.01530922712757632,-0.002350327147674247,0.04727451374466862,2019-11-28 02:00:00+00:00,0
ETH/USDT|2019-11-26T03:00:00+00:00,B_opportunities,2019,2019-11-26 03:00:00+00:00,2019-11-26 02:00:00+00:00,ETH/USDT,-0.03566979240105306,-3.57041061,0,0,0,0,sma_cross_down,1860,0.020134684715325646,-0.0419699340180939,2019-11-27 10:00:00+00:00,0,-0.0037394615175415646,-0.016113679630133326,0.0029915692140332073,0.03759858580364428,2019-11-28 03:00:00+00:00,0
ETH/USDT|2019-11-27T17:00:00+00:00,B_opportunities,2019,2019-11-27 17:00:00+00:00,2019-11-27 16:00:00+00:00,ETH/USDT,-0.019493065823878088,-1.95123263,0,0,0,0,sma_cross_down,4440,0.030873888016745177,-0.02479068550497121,2019-11-30 19:00:00+00:00,0,-0.0016354834489075154,-0.008111997906581236,0.0064110951197173804,0.013280125605128701,2019-11-30 19:00:00+00:00,0
BTC/USDT|2019-11-27T18:00:00+00:00,B_opportunities,2019,2019-11-27 18:00:00+00:00,2019-11-27 17:00:00+00:00,BTC/USDT,-0.011888900820107115,-1.18958947,0,0,0,0,sma_cross_down,4740,0.03898235318252863,-0.025871322366444516,2019-12-01 01:00:00+00:00,0,-0.006156163509608792,-0.014042300295299959,0.0028404916989079876,0.025532658374619377,2019-12-01 01:00:00+00:00,0
ETH/USDT|2019-12-02T13:00:00+00:00,B_opportunities,2019,2019-12-02 13:00:00+00:00,2019-12-02 12:00:00+00:00,ETH/USDT,-0.011367655909240923,-1.1379009,0,0,0,0,sma_cross_down,240,0.0036212446351930883,-0.015289699570815496,2019-12-02 17:00:00+00:00,0,-0.012544442208358486,0.0009391561011606875,-0.012544442208358486,-0.02133226001207489,2019-12-04 13:00:00+00:00,0
BTC/USDT|2019-12-05T01:00:00+00:00,B_opportunities,2019,2019-12-05 01:00:00+00:00,2019-12-05 00:00:00+00:00,BTC/USDT,0.01415878523772026,1.41706344,1,1,1,0,sma_cross_down,900,0.03684146368492214,-0.009563598484008895,2019-12-05 16:00:00+00:00,0,0.012297591179200262,0.030151122685024845,0.021075450528444506,0.0419292729211973,2019-12-07 01:00:00+00:00,0
ETH/USDT|2019-12-05T06:00:00+00:00,B_opportunities,2019,2019-12-05 06:00:00+00:00,2019-12-05 05:00:00+00:00,ETH/USDT,0.004985820984723289,0.49903756,1,0,0,0,sma_cross_down,300,0.008712952799121876,-0.004390779363336872,2019-12-05 11:00:00+00:00,0,0.005145444566410529,0.010839736553238222,0.011800219538968149,0.02133644346871577,2019-12-07 06:00:00+00:00,0
BTC/USDT|2019-12-05T17:00:00+00:00,B_opportunities,2019,2019-12-05 17:00:00+00:00,2019-12-05 16:00:00+00:00,BTC/USDT,0.023468897934312852,2.34787566,1,1,1,0,sma_cross_down,3960,0.04373066022681038,-0.004844959912990721,2019-12-08 11:00:00+00:00,0,0.012851907242756422,0.01347094625317058,0.014163941251554402,0.02833883894577105,2019-12-08 11:00:00+00:00,0
ETH/USDT|2019-12-05T22:00:00+00:00,B_opportunities,2019,2019-12-05 22:00:00+00:00,2019-12-05 21:00:00+00:00,ETH/USDT,-0.006183345834943868,-0.61894658,0,0,0,0,sma_cross_down,3180,0.013054653679653638,-0.014204545454545414,2019-12-08 03:00:00+00:00,0,-0.0039231601731603005,-0.0043966450216450514,0.0015557359307358798,-0.005749458874458879,2019-12-08 03:00:00+00:00,0
ETH/USDT|2019-12-08T19:00:00+00:00,B_opportunities,2019,2019-12-08 19:00:00+00:00,2019-12-08 18:00:00+00:00,ETH/USDT,-0.023981591676733378,-2.40026081,0,0,0,0,sma_cross_down,1740,0.0045116772823778906,-0.027600849256900206,2019-12-10 00:00:00+00:00,0,-0.000663481953290801,-0.004312632696390706,-0.017117834394904552,-0.039808917197452276,2019-12-10 19:00:00+00:00,0
BTC/USDT|2019-12-09T02:00:00+00:00,B_opportunities,2019,2019-12-09 02:00:00+00:00,2019-12-09 01:00:00+00:00,BTC/USDT,-0.0075180987438758584,-0.75200167,0,0,0,0,sma_cross_down,960,0.022801111310174704,-0.011960756525203675,2019-12-09 18:00:00+00:00,0,-0.0014395624371777993,0.0020624371778694695,-0.014670972433114438,-0.028560009837678146,2019-12-11 02:00:00+00:00,0
ETH/USDT|2019-12-13T03:00:00+00:00,B_opportunities,2019,2019-12-13 03:00:00+00:00,2019-12-13 02:00:00+00:00,ETH/USDT,-0.012980997437879354,-1.29932778,0,0,0,0,sma_cross_down,1920,0.010520487264673362,-0.01508859357696557,2019-12-14 11:00:00+00:00,0,-0.003806755260243544,-0.004014396456256786,6.921373200463599e-05,-0.023255813953488302,2019-12-15 03:00:00+00:00,0
BTC/USDT|2019-12-13T05:00:00+00:00,B_opportunities,2019,2019-12-13 05:00:00+00:00,2019-12-13 04:00:00+00:00,BTC/USDT,-0.02506527613735618,-2.50835125,0,0,0,0,sma_cross_down,2100,0.011116813696534278,-0.029976385762842228,2019-12-14 16:00:00+00:00,0,-0.0008191016723787525,0.007575306851813179,0.004359779340650682,-0.02403482289001757,2019-12-15 05:00:00+00:00,0
ETH/USDT|2019-12-16T03:00:00+00:00,B_opportunities,2019,2019-12-16 03:00:00+00:00,2019-12-16 02:00:00+00:00,ETH/USDT,-0.006289122129894008,-0.62947802,0,0,0,0,sma_cross_down,180,0.0002819482624938363,-0.0071191936279692,2019-12-16 06:00:00+00:00,0,-0.006344283096010206,-0.0014803327224024443,-0.06626251233610603,-0.12061187085859304,2019-12-18 03:00:00+00:00,0
ETH/USDT|2019-12-16T07:00:00+00:00,B_opportunities,2019,2019-12-16 07:00:00+00:00,2019-12-16 06:00:00+00:00,ETH/USDT,-0.004885861554755729,-0.48902893,0,0,0,0,sma_cross_down,60,0.002117298327334316,-0.009810148916648886,2019-12-16 08:00:00+00:00,0,-0.002540757992801068,-0.0582257040016938,-0.07403486484579014,-0.13981226621497633,2019-12-18 07:00:00+00:00,0
BTC/USDT|2019-12-16T13:00:00+00:00,B_opportunities,2019,2019-12-16 13:00:00+00:00,2019-12-16 12:00:00+00:00,BTC/USDT,-0.02801210911979604,-2.80276413,0,0,0,0,sma_cross_down,360,0.005737627668897183,-0.036461153911616084,2019-12-16 19:00:00+00:00,0,-0.025890436590729093,-0.02983245709430038,-0.032419671835937636,-0.07970703556400294,2019-12-18 13:00:00+00:00,0
BTC/USDT|2019-12-19T00:00:00+00:00,B_opportunities,2019,2019-12-19 00:00:00+00:00,2019-12-18 23:00:00+00:00,BTC/USDT,-0.019195357556718414,-1.92140503,0,0,0,0,sma_cross_down,3960,0.014038525219742803,-0.032910908883554524,2019-12-21 18:00:00+00:00,0,-0.017947657474824186,-0.017564301446997277,-0.017523080368736288,-0.012366323478289587,2019-12-21 18:00:00+00:00,0
ETH/USDT|2019-12-19T05:00:00+00:00,B_opportunities,2019,2019-12-19 05:00:00+00:00,2019-12-19 04:00:00+00:00,ETH/USDT,-0.012267433221595991,-1.22789958,0,0,0,0,sma_cross_down,1800,0.0031961334580603573,-0.020190208917991948,2019-12-20 11:00:00+00:00,0,-0.004521359526036828,-0.010757717492984042,-0.012394761459307846,-0.006626130339881464,2019-12-21 05:00:00+00:00,0
ETH/USDT|2019-12-21T01:00:00+00:00,B_opportunities,2019,2019-12-21 01:00:00+00:00,2019-12-21 00:00:00+00:00,ETH/USDT,-0.004814785371429825,-0.48195616,0,0,0,0,sma_cross_down,1020,0.002665621324970724,-0.008232065856526805,2019-12-21 18:00:00+00:00,0,-0.002900595798055905,7.839448102853197e-05,-0.005252430228911864,0.04860457823769204,2019-12-23 01:00:00+00:00,0
ETH/USDT|2019-12-22T12:00:00+00:00,B_opportunities,2019,2019-12-22 12:00:00+00:00,2019-12-22 11:00:00+00:00,ETH/USDT,-0.012439780633224018,-1.24520025,0,0,0,0,sma_cross_down,2400,0.047043323258156855,-0.023482910950941682,2019-12-24 04:00:00+00:00,0,0.010073614877954107,0.02355676094536996,0.030375823324292783,-0.003332041844246514,2019-12-24 12:00:00+00:00,0
BTC/USDT|2019-12-22T17:00:00+00:00,B_opportunities,2019,2019-12-22 17:00:00+00:00,2019-12-22 16:00:00+00:00,BTC/USDT,0.05000051633608376,5.00231197,1,1,1,0,roi,420,0.05543609116194115,-0.002172499204339484,2019-12-23 00:00:00+00:00,0,0.024013693644825862,0.04538994923000916,0.04113351718831937,0.009593577160284639,2019-12-24 17:00:00+00:00,0
BTC/USDT|2019-12-26T19:00:00+00:00,B_opportunities,2019,2019-12-26 19:00:00+00:00,2019-12-26 18:00:00+00:00,BTC/USDT,-0.023654094759132195,-2.3674822,0,0,0,0,sma_cross_down,1200,0.009797823128512517,-0.03890336092225022,2019-12-27 15:00:00+00:00,0,-0.02133126543960162,-0.022018450790874278,-0.019416381357992396,-0.0029429459608847353,2019-12-28 19:00:00+00:00,0
ETH/USDT|2019-12-26T20:00:00+00:00,B_opportunities,2019,2019-12-26 20:00:00+00:00,2019-12-26 19:00:00+00:00,ETH/USDT,-0.05185165439586786,-5.18984984,0,0,0,1,stop_loss,900,0.005197021408625657,-0.05437480608129064,2019-12-27 11:00:00+00:00,0,-0.024579359540978563,-0.03085988989687527,-0.028068543072032326,0.000542761882608378,2019-12-28 20:00:00+00:00,0
BTC/USDT|2019-12-28T04:00:00+00:00,B_opportunities,2019,2019-12-28 04:00:00+00:00,2019-12-28 03:00:00+00:00,BTC/USDT,-0.0062088364434687154,-0.62145083,0,0,0,0,sma_cross_down,3660,0.032992590559824286,-0.00933040614709113,2019-12-30 17:00:00+00:00,0,0.0026646542261250517,0.0022324368825468177,0.00264407244785958,0.008439901207464295,2019-12-30 17:00:00+00:00,0
ETH/USDT|2019-12-28T06:00:00+00:00,B_opportunities,2019,2019-12-28 06:00:00+00:00,2019-12-28 05:00:00+00:00,ETH/USDT,0.05000241504700901,5.00492071,1,1,1,0,roi,2220,0.055781567829760625,-0.00954467219527455,2019-12-29 19:00:00+00:00,0,-0.0040669482246206146,0.010402002189895176,0.0021898951978724934,0.055764117002972124,2019-12-30 06:00:00+00:00,0
ETH/USDT|2020-01-01T20:00:00+00:00,B_opportunities,2020,2020-01-01 20:00:00+00:00,2020-01-01 19:00:00+00:00,ETH/USDT,-0.016302747770345377,-1.63173269,0,0,0,0,sma_cross_down,1020,0.003867738510541452,-0.02404064917336579,2020-01-02 13:00:00+00:00,0,-0.012968299711815567,-0.01971788260276064,-0.03215531624450185,0.01236159563173067,2020-01-03 20:00:00+00:00,0
BTC/USDT|2020-01-03T17:00:00+00:00,B_opportunities,2020,2020-01-03 17:00:00+00:00,2020-01-03 16:00:00+00:00,BTC/USDT,0.04999982821661803,5.003105,1,1,1,0,roi,4680,0.05510536381613407,-0.017351970233655978,2020-01-06 23:00:00+00:00,0,-0.011571845768294953,-0.006927943699118533,-0.010685036481032473,0.010201691571791738,2020-01-06 23:00:00+00:00,0
ETH/USDT|2020-01-03T18:00:00+00:00,B_opportunities,2020,2020-01-03 18:00:00+00:00,2020-01-03 17:00:00+00:00,ETH/USDT,0.04998747517139209,5.00328592,1,1,1,0,roi,3840,0.06388059701492543,-0.013731343283582165,2020-01-06 10:00:00+00:00,0,0.0028364559229678843,-0.00231395088452635,0.00470254534597303,0.028588489960438945,2020-01-06 10:00:00+00:00,0
ETH/USDT|2020-01-10T21:00:00+00:00,B_opportunities,2020,2020-01-10 21:00:00+00:00,2020-01-10 20:00:00+00:00,ETH/USDT,-0.004995004945049738,-0.49994788,0,0,0,0,sma_cross_down,3780,0.033940917661847925,-0.011104127383197215,2020-01-13 12:00:00+00:00,0,0.00446896166468802,-0.003212066196494723,0.018713776970881835,0.01068361147964536,2020-01-13 12:00:00+00:00,0
BTC/USDT|2020-01-11T00:00:00+00:00,B_opportunities,2020,2020-01-11 00:00:00+00:00,2020-01-10 23:00:00+00:00,BTC/USDT,-0.015849030997532498,-1.58560121,0,0,0,0,sma_cross_down,3840,0.010669776042035117,-0.029133318534528052,2020-01-13 16:00:00+00:00,0,-0.013859914944699514,-0.01842986841559502,-0.02159443309885789,-0.0014688264759633585,2020-01-13 16:00:00+00:00,0
BTC/USDT|2020-01-14T02:00:00+00:00,B_opportunities,2020,2020-01-14 02:00:00+00:00,2020-01-14 01:00:00+00:00,BTC/USDT,0.050000465477640824,5.00090169,1,1,1,0,roi,1260,0.05315216269777734,-0.006739936644832745,2020-01-14 23:00:00+00:00,0,0.00926963660320479,0.018450324544019514,0.04105395863057004,0.027585945162556635,2020-01-16 02:00:00+00:00,0
ETH/USDT|2020-01-14T05:00:00+00:00,B_opportunities,2020,2020-01-14 05:00:00+00:00,2020-01-14 04:00:00+00:00,ETH/USDT,0.05001055284743696,5.00537852,1,1,1,0,roi,540,0.0567404426559357,-0.007377598926894713,2020-01-14 14:00:00+00:00,0,0.009120171673819621,0.06759656652360513,0.07664967811158796,0.07557671673819732,2020-01-16 05:00:00+00:00,0
ETH/USDT|2020-01-17T05:00:00+00:00,B_opportunities,2020,2020-01-17 05:00:00+00:00,2020-01-17 04:00:00+00:00,ETH/USDT,0.04997378427507351,5.0019422,1,1,1,0,roi,1920,0.05597552195824318,-0.010559155267578668,2020-01-18 13:00:00+00:00,0,0.024720988839553648,0.020280811232449292,0.011760470418816782,0.05568222728909156,2020-01-19 05:00:00+00:00,0
BTC/USDT|2020-01-17T07:00:00+00:00,B_opportunities,2020,2020-01-17 07:00:00+00:00,2020-01-17 06:00:00+00:00,BTC/USDT,-0.026324490687627225,-2.63432409,0,0,0,0,sma_cross_down,3660,0.037943290419397924,-0.03819377841966898,2020-01-19 20:00:00+00:00,0,-0.005772507249483749,0.006478838277274468,0.00022792151375972125,0.023742200458099605,2020-01-19 20:00:00+00:00,0
ETH/USDT|2020-01-21T09:00:00+00:00,B_opportunities,2020,2020-01-21 09:00:00+00:00,2020-01-21 08:00:00+00:00,ETH/USDT,-0.015079306566343527,-1.50939904,0,0,0,0,sma_cross_down,2460,0.026274838400766054,-0.01735695475221455,2020-01-23 02:00:00+00:00,0,0.006762013045299442,0.00724073963257732,0.007958829513494026,-0.020345879959308255,2020-01-23 09:00:00+00:00,0
BTC/USDT|2020-01-21T13:00:00+00:00,B_opportunities,2020,2020-01-21 13:00:00+00:00,2020-01-21 12:00:00+00:00,BTC/USDT,-0.00344637054168287,-0.34481762,0,0,0,0,sma_cross_down,300,0.001796478394345602,-0.004778678710922746,2020-01-21 18:00:00+00:00,0,-0.0031162539371717424,0.009001228489881052,0.0003994901305153231,-0.02777495543260411,2020-01-23 13:00:00+00:00,0
BTC/USDT|2020-01-22T00:00:00+00:00,B_opportunities,2020,2020-01-22 00:00:00+00:00,2020-01-21 23:00:00+00:00,BTC/USDT,-0.017623698894085667,-1.76307903,0,0,0,0,sma_cross_down,1560,0.009381825174793024,-0.01920549814332362,2020-01-23 02:00:00+00:00,0,-0.0019356618509780432,-0.008717918780040801,-0.006143522858781392,-0.03794744294605212,2020-01-24 00:00:00+00:00,0
BTC/USDT|2020-01-25T05:00:00+00:00,B_opportunities,2020,2020-01-25 05:00:00+00:00,2020-01-25 04:00:00+00:00,BTC/USDT,-0.001276937828902209,-0.12780277,0,0,0,0,sma_cross_down,540,0.0077804826736391774,-0.0037724280948515654,2020-01-25 14:00:00+00:00,0,0.0013884915091642025,0.0037591454105248,0.005865324738711264,0.03958222634695696,2020-01-27 05:00:00+00:00,0
ETH/USDT|2020-01-26T03:00:00+00:00,B_opportunities,2020,2020-01-26 03:00:00+00:00,2020-01-26 02:00:00+00:00,ETH/USDT,0.0500053588497922,5.00480331,1,1,1,0,roi,1200,0.05267113421431713,-0.0004384042086803541,2020-01-26 23:00:00+00:00,0,0.017351540967176282,0.023051866700075196,0.05036331746429479,0.085316963167126,2020-01-28 03:00:00+00:00,0
BTC/USDT|2020-01-26T14:00:00+00:00,B_opportunities,2020,2020-01-26 14:00:00+00:00,2020-01-26 13:00:00+00:00,BTC/USDT,0.05000017898879829,5.00197897,1,1,1,0,roi,1740,0.0630270487634681,-0.001785904365412594,2020-01-27 19:00:00+00:00,0,0.013589678988338516,0.024507316473094454,0.03375714584804501,0.07477339692295337,2020-01-28 14:00:00+00:00,0
ETH/USDT|2020-01-30T19:00:00+00:00,B_opportunities,2020,2020-01-30 19:00:00+00:00,2020-01-30 18:00:00+00:00,ETH/USDT,0.05002374768933476,5.00664156,1,1,1,0,roi,3780,0.05952512424075107,-0.03246824958586414,2020-02-02 10:00:00+00:00,0,0.016511127063890907,0.011762107239494224,-0.008945828041305504,0.012756088132972465,2020-02-02 10:00:00+00:00,0
BTC/USDT|2020-02-02T01:00:00+00:00,B_opportunities,2020,2020-02-02 01:00:00+00:00,2020-02-02 00:00:00+00:00,BTC/USDT,-0.008480173939507698,-0.84808645,0,0,0,0,sma_cross_down,120,0.0020700005359917117,-0.008870665165889524,2020-02-02 03:00:00+00:00,0,0.0034946706272933614,0.010002690681985893,0.008854594902283353,0.00017151757679978452,2020-02-04 01:00:00+00:00,0
BTC/USDT|2020-02-02T11:00:00+00:00,B_opportunities,2020,2020-02-02 11:00:00+00:00,2020-02-02 10:00:00+00:00,BTC/USDT,-0.018248270129817667,-1.8263358,0,0,0,0,sma_cross_down,1740,0.02073022166003069,-0.01787457658774294,2020-02-03 16:00:00+00:00,0,0.0004669252442071059,-0.00460027484917791,-0.011717701242127232,-0.026787713498914956,2020-02-04 11:00:00+00:00,0
ETH/USDT|2020-02-05T08:00:00+00:00,B_opportunities,2020,2020-02-05 08:00:00+00:00,2020-02-05 07:00:00+00:00,ETH/USDT,0.049986171665152956,5.0033616,1,1,1,0,roi,540,0.05518000314415983,-0.0028297437509826606,2020-02-05 17:00:00+00:00,0,0.03484046733378743,0.05841672342432025,0.0963482998899774,0.147168229685126,2020-02-07 08:00:00+00:00,0
BTC/USDT|2020-02-05T14:00:00+00:00,B_opportunities,2020,2020-02-05 14:00:00+00:00,2020-02-05 13:00:00+00:00,BTC/USDT,0.03616086376999349,3.61858197,1,1,1,0,sma_cross_down,4260,0.046156842035079304,-0.003902053896391977,2020-02-08 13:00:00+00:00,0,0.02192008144889268,0.019645735415980914,0.03125453096507824,0.03526030096720567,2020-02-08 13:00:00+00:00,0
BTC/USDT|2020-02-08T16:00:00+00:00,B_opportunities,2020,2020-02-08 16:00:00+00:00,2020-02-08 15:00:00+00:00,BTC/USDT,0.0038065429043552955,0.38090545,1,0,0,0,sma_cross_down,2820,0.03647184495650846,-0.007477491225392985,2020-02-10 15:00:00+00:00,0,0.008667812201471836,0.022703156935216295,0.02722730727089062,0.0036197272080793486,2020-02-10 16:00:00+00:00,0
ETH/USDT|2020-02-11T20:00:00+00:00,B_opportunities,2020,2020-02-11 20:00:00+00:00,2020-02-11 19:00:00+00:00,ETH/USDT,0.050014448797013514,5.00577486,1,1,1,0,roi,660,0.07857382832185444,-0.012682681001175866,2020-02-12 07:00:00+00:00,0,0.02675458860094926,0.06375740266285868,0.11432651518333392,0.12999285984291653,2020-02-13 20:00:00+00:00,0
BTC/USDT|2020-02-11T22:00:00+00:00,B_opportunities,2020,2020-02-11 22:00:00+00:00,2020-02-11 21:00:00+00:00,BTC/USDT,-0.0019862591141440967,-0.19871617,0,0,0,0,sma_cross_down,2640,0.029561152010291636,-0.011621294070120025,2020-02-13 18:00:00+00:00,0,0.0062031053763187405,0.007473727245721262,0.01701515628354877,-0.0010510082129624454,2020-02-13 22:00:00+00:00,0
BTC/USDT|2020-02-15T01:00:00+00:00,B_opportunities,2020,2020-02-15 01:00:00+00:00,2020-02-15 00:00:00+00:00,BTC/USDT,-0.051897184371645325,-5.19075292,0,0,0,1,stop_loss,840,0.001600698345783913,-0.05148461384362124,2020-02-15 15:00:00+00:00,0,-0.009007954058272927,-0.009008921822997729,-0.039076404057256875,-0.045573008654719915,2020-02-17 01:00:00+00:00,0
ETH/USDT|2020-02-18T05:00:00+00:00,B_opportunities,2020,2020-02-18 05:00:00+00:00,2020-02-18 04:00:00+00:00,ETH/USDT,0.049983953115754355,5.00229256,1,1,1,0,roi,840,0.0533771072337601,-0.04828654690324241,2020-02-18 19:00:00+00:00,0,-0.01619388394997967,0.03508060053856665,0.027813641226161145,-0.038806300490611956,2020-02-20 05:00:00+00:00,0
BTC/USDT|2020-02-18T18:00:00+00:00,B_opportunities,2020,2020-02-18 18:00:00+00:00,2020-02-18 17:00:00+00:00,BTC/USDT,-0.05189755001126666,-5.1930972,0,0,0,1,stop_loss,1620,0.030491489145657358,-0.059990690389083334,2020-02-19 21:00:00+00:00,0,0.021950699651531513,0.01730981522925923,0.021370589098747672,-0.04500230234517466,2020-02-20 18:00:00+00:00,0
BTC/USDT|2020-02-21T19:00:00+00:00,B_opportunities,2020,2020-02-21 19:00:00+00:00,2020-02-21 18:00:00+00:00,BTC/USDT,-0.009214618565518603,-0.92166718,0,0,0,0,sma_cross_down,1260,0.0019379045891230184,-0.015564053931472532,2020-02-22 16:00:00+00:00,0,-0.0011792464985965756,-0.010411179751595445,-0.004687092507970836,0.01792062970113717,2020-02-23 19:00:00+00:00,0
ETH/USDT|2020-02-21T19:00:00+00:00,B_opportunities,2020,2020-02-21 19:00:00+00:00,2020-02-21 18:00:00+00:00,ETH/USDT,-0.02099755088723067,-2.10164882,0,0,0,0,sma_cross_down,1500,0.0038376161631361594,-0.03683359042853385,2020-02-22 20:00:00+00:00,0,-0.0015048342801248227,-0.029419510176441843,-0.01696700650840821,0.01907377450058312,2020-02-23 19:00:00+00:00,0
BTC/USDT|2020-02-23T06:00:00+00:00,B_opportunities,2020,2020-02-23 06:00:00+00:00,2020-02-23 05:00:00+00:00,BTC/USDT,-0.029176245136693004,-2.91954562,0,0,0,0,sma_cross_down,2160,0.012332417944326934,-0.04000081067661099,2020-02-24 18:00:00+00:00,0,-0.0043380980464877705,0.000973817384413822,-0.011034232569074098,-0.03162423822349769,2020-02-25 06:00:00+00:00,0
ETH/USDT|2020-02-23T06:00:00+00:00,B_opportunities,2020,2020-02-23 06:00:00+00:00,2020-02-23 05:00:00+00:00,ETH/USDT,-0.028175225325310898,-2.81994972,0,0,0,0,sma_cross_down,2340,0.03132673562020982,-0.04349281940620586,2020-02-24 21:00:00+00:00,0,-0.002381306742074707,0.006920672719154641,-0.0005209108498287485,-0.03371037356749518,2020-02-25 06:00:00+00:00,0
ETH/USDT|2020-02-28T04:00:00+00:00,B_opportunities,2020,2020-02-28 04:00:00+00:00,2020-02-28 03:00:00+00:00,ETH/USDT,-0.05186769354959483,-5.1910656,0,0,0,1,stop_loss,300,0.004788021241403317,-0.05240706886045099,2020-02-28 09:00:00+00:00,0,-0.04487095791443618,-0.010836923880402138,0.001044522783653079,-0.026852939896418238,2020-03-01 04:00:00+00:00,0
ETH/USDT|2020-02-29T18:00:00+00:00,B_opportunities,2020,2020-02-29 18:00:00+00:00,2020-02-29 17:00:00+00:00,ETH/USDT,-0.03743684071703932,-3.746817,0,0,0,0,sma_cross_down,360,0.0028851702250431988,-0.03706334058324823,2020-03-01 00:00:00+00:00,0,-0.035864885258999446,-0.012384038350570337,-0.04128012783523449,0.02756447245772109,2020-03-02 18:00:00+00:00,0
BTC/USDT|2020-03-02T13:00:00+00:00,B_opportunities,2020,2020-03-02 13:00:00+00:00,2020-03-02 12:00:00+00:00,BTC/USDT,0.0025921431717354543,0.25938086,1,0,0,0,sma_cross_down,2220,0.02425446453051605,-0.011702827688314543,2020-03-04 02:00:00+00:00,0,0.012172357381783572,0.009904677475369494,0.004015564166773178,-0.002543000237620885,2020-03-04 13:00:00+00:00,0
ETH/USDT|2020-03-02T16:00:00+00:00,B_opportunities,2020,2020-03-02 16:00:00+00:00,2020-03-02 15:00:00+00:00,ETH/USDT,-0.016071604627594067,-1.60860813,0,0,0,0,sma_cross_down,1980,0.02653937111325222,-0.03840763773320488,2020-03-04 01:00:00+00:00,0,0.019355403748467337,0.013969171483622311,-0.016684182869153963,-0.02912068663513756,2020-03-04 16:00:00+00:00,0
BTC/USDT|2020-03-05T07:00:00+00:00,B_opportunities,2020,2020-03-05 07:00:00+00:00,2020-03-05 06:00:00+00:00,BTC/USDT,-0.007122786476903446,-0.71254602,0,0,0,0,sma_cross_down,3600,0.029698531883895596,-0.009862153984086075,2020-03-07 19:00:00+00:00,0,0.01703576940016749,0.021025463437704284,0.01939484410494674,0.01623110638922598,2020-03-07 19:00:00+00:00,0
ETH/USDT|2020-03-05T11:00:00+00:00,B_opportunities,2020,2020-03-05 11:00:00+00:00,2020-03-05 10:00:00+00:00,ETH/USDT,0.050012188768169624,5.00560383,1,1,1,0,roi,2160,0.056769688348635716,-0.023966550282339738,2020-03-06 23:00:00+00:00,0,0.0010774468818686156,-0.013748222212644934,0.025557040037926138,0.05025212257035716,2020-03-07 11:00:00+00:00,0
BTC/USDT|2020-03-10T21:00:00+00:00,B_opportunities,2020,2020-03-10 21:00:00+00:00,2020-03-10 20:00:00+00:00,BTC/USDT,-0.021093146432089368,-2.11066981,0,0,0,0,sma_cross_down,840,0.005926852923692882,-0.030128586177768035,2020-03-11 11:00:00+00:00,0,-0.011490455075086503,-0.0207343828808364,-0.016247586078289245,-0.28118261200409,2020-03-12 21:00:00+00:00,0
ETH/USDT|2020-03-10T23:00:00+00:00,B_opportunities,2020,2020-03-10 23:00:00+00:00,2020-03-10 22:00:00+00:00,ETH/USDT,-0.03131489383519104,-3.13428108,0,0,0,0,sma_cross_down,660,9.841066771643092e-05,-0.04251340845347629,2020-03-11 10:00:00+00:00,0,-0.012498769806121413,-0.030754846963881532,-0.04418856411770489,-0.37378210806023027,2020-03-12 23:00:00+00:00,0
BTC/USDT|2020-03-11T12:00:00+00:00,B_opportunities,2020,2020-03-11 12:00:00+00:00,2020-03-11 11:00:00+00:00,BTC/USDT,0.001422801943053275,0.14236703,1,0,0,0,sma_cross_down,120,0.00948517454050779,-0.005613883462376346,2020-03-11 14:00:00+00:00,0,-0.019162961239398202,0.014403223785647068,-0.2243520083458409,-0.30917198722554473,2020-03-13 12:00:00+00:00,0
ETH/USDT|2020-03-14T11:00:00+00:00,B_opportunities,2020,2020-03-14 11:00:00+00:00,2020-03-14 10:00:00+00:00,ETH/USDT,-0.05185932948170711,-5.19111369,0,0,0,1,stop_loss,720,0.013675213675213849,-0.06759906759906753,2020-03-14 23:00:00+00:00,0,-0.00512820512820511,-0.03108003108003099,-0.017948717948717885,-0.21157731157731152,2020-03-16 11:00:00+00:00,0
BTC/USDT|2020-03-14T15:00:00+00:00,B_opportunities,2020,2020-03-14 15:00:00+00:00,2020-03-14 14:00:00+00:00,BTC/USDT,-0.05189661496491926,-5.1938749,0,0,0,1,stop_loss,480,0.02392002324212772,-0.05855787066351814,2020-03-14 23:00:00+00:00,0,-0.006566633827289614,-0.03205098359831415,-0.010205658926133565,-0.08024664917302493,2020-03-16 15:00:00+00:00,0
BTC/USDT|2020-03-16T05:00:00+00:00,B_opportunities,2020,2020-03-16 05:00:00+00:00,2020-03-16 04:00:00+00:00,BTC/USDT,-0.051897816521566865,-5.19322903,0,0,0,1,stop_loss,60,0.006324323190646908,-0.06975059248822169,2020-03-16 06:00:00+00:00,0,-0.15121055401725447,-0.04438507364775701,0.003600387499332669,0.033328375172582136,2020-03-18 05:00:00+00:00,0
BTC/USDT|2020-03-17T13:00:00+00:00,B_opportunities,2020,2020-03-17 13:00:00+00:00,2020-03-17 12:00:00+00:00,BTC/USDT,0.05000065770563969,5.00306381,1,1,1,0,roi,180,0.052388955582233,-0.029819927971188487,2020-03-17 16:00:00+00:00,0,0.031028091236494637,0.02872124849939972,-0.017915006002401035,0.12339591836734698,2020-03-19 13:00:00+00:00,0
ETH/USDT|2020-03-17T19:00:00+00:00,B_opportunities,2020,2020-03-17 19:00:00+00:00,2020-03-17 18:00:00+00:00,ETH/USDT,-0.051826193641909504,-5.18735438,0,0,0,1,stop_loss,720,0.014664745274222346,-0.06272781215563283,2020-03-18 07:00:00+00:00,0,-0.01000423908435788,-0.022975837219160744,-0.020262823230182248,0.1412462908011871,2020-03-19 19:00:00+00:00,0
BTC/USDT|2020-03-19T07:00:00+00:00,B_opportunities,2020,2020-03-19 07:00:00+00:00,2020-03-19 06:00:00+00:00,BTC/USDT,0.050000900187816354,5.00377367,1,1,1,0,roi,180,0.05322301871838331,-0.005652166632867828,2020-03-19 10:00:00+00:00,0,0.08822571732120688,0.14187153805649255,0.16103607584691426,0.15875121638995937,2020-03-21 07:00:00+00:00,0
ETH/USDT|2020-03-19T08:00:00+00:00,B_opportunities,2020,2020-03-19 08:00:00+00:00,2020-03-19 07:00:00+00:00,ETH/USDT,0.0499716485688526,5.00183408,1,1,1,0,roi,120,0.05241019601245056,-0.004795154370320631,2020-03-19 10:00:00+00:00,0,0.06429352857022641,0.1456702852814944,0.1753765884036016,0.10426659934360005,2020-03-21 08:00:00+00:00,0
BTC/USDT|2020-03-22T14:00:00+00:00,B_opportunities,2020,2020-03-22 14:00:00+00:00,2020-03-22 13:00:00+00:00,BTC/USDT,-0.025690166878061353,-2.57152151,0,0,0,0,sma_cross_down,420,0.013335795901473046,-0.04862857491511563,2020-03-22 21:00:00+00:00,0,-0.02526932343052024,-0.03179113067195238,0.03674638497296456,0.103270467838668,2020-03-24 14:00:00+00:00,0
BTC/USDT|2020-03-23T23:00:00+00:00,B_opportunities,2020,2020-03-23 23:00:00+00:00,2020-03-23 22:00:00+00:00,BTC/USDT,0.05000036735996718,5.0029771,1,1,1,0,roi,540,0.0602346077457796,-0.011399888282025872,2020-03-24 08:00:00+00:00,0,-0.003217259651778881,0.041833682878097855,0.04828991945992245,0.03727150320795225,2020-03-25 23:00:00+00:00,0
ETH/USDT|2020-03-24T02:00:00+00:00,B_opportunities,2020,2020-03-24 02:00:00+00:00,2020-03-24 01:00:00+00:00,ETH/USDT,0.0500136833812909,5.00575943,1,1,1,0,roi,360,0.06429101707498153,-0.018559762435040872,2020-03-24 08:00:00+00:00,0,0.006829485561576698,0.025165169623635908,0.02360626531066723,0.009427659416524348,2020-03-26 02:00:00+00:00,0
BTC/USDT|2020-03-27T02:00:00+00:00,B_opportunities,2020,2020-03-27 02:00:00+00:00,2020-03-27 01:00:00+00:00,BTC/USDT,-0.023201123168401734,-2.3208897,0,0,0,0,sma_cross_down,1260,0.0035294134940899724,-0.07964773483976517,2020-03-27 23:00:00+00:00,0,-0.015137661879492503,-0.03087653794705192,-0.07764335797968513,-0.08615002425436202,2020-03-29 02:00:00+00:00,0
ETH/USDT|2020-03-27T06:00:00+00:00,B_opportunities,2020,2020-03-27 06:00:00+00:00,2020-03-27 05:00:00+00:00,ETH/USDT,-0.0518470121865639,-5.18978015,0,0,0,1,stop_loss,1020,0.007971332455755542,-0.051630832236361,2020-03-27 23:00:00+00:00,0,-0.007605118829981605,-0.002851919561243088,-0.06354661791590488,-0.05411334552102376,2020-03-29 06:00:00+00:00,0
BTC/USDT|2020-03-30T17:00:00+00:00,B_opportunities,2020,2020-03-30 17:00:00+00:00,2020-03-30 16:00:00+00:00,BTC/USDT,-0.013084548484371945,-1.30899141,0,0,0,0,sma_cross_down,2400,0.03467307215900006,-0.02171888376351938,2020-04-01 09:00:00+00:00,0,0.012562167993126261,0.0033004697485685686,0.007794125947807151,-0.030652818804994708,2020-04-01 17:00:00+00:00,0
ETH/USDT|2020-03-30T17:00:00+00:00,B_opportunities,2020,2020-03-30 17:00:00+00:00,2020-03-30 16:00:00+00:00,ETH/USDT,-0.011390431563191,-1.14003279,0,0,0,0,sma_cross_down,2760,0.0195753651558499,-0.0184460171660894,2020-04-01 15:00:00+00:00,0,0.003840361445783147,-0.013780120481927782,-0.004518072289156794,-0.026054216867469893,2020-04-01 17:00:00+00:00,0
ETH/USDT|2020-04-02T05:00:00+00:00,B_opportunities,2020,2020-04-02 05:00:00+00:00,2020-04-02 04:00:00+00:00,ETH/USDT,0.05000269082231045,5.00497364,1,1,1,0,roi,660,0.05674124227259347,-0.002281424786576447,2020-04-02 16:00:00+00:00,0,0.008977189109639516,0.055776306107431894,0.04311994113318596,0.03259749816041202,2020-04-04 05:00:00+00:00,0
BTC/USDT|2020-04-02T07:00:00+00:00,B_opportunities,2020,2020-04-02 07:00:00+00:00,2020-04-02 06:00:00+00:00,BTC/USDT,0.050000541895134594,5.00495155,1,1,1,0,roi,600,0.08404104235410692,-0.005631049537874522,2020-04-02 17:00:00+00:00,0,0.0025769430617579303,0.02243792971015046,0.02382956932970859,0.01333202804364686,2020-04-04 07:00:00+00:00,0
ETH/USDT|2020-04-05T00:00:00+00:00,B_opportunities,2020,2020-04-05 00:00:00+00:00,2020-04-04 23:00:00+00:00,ETH/USDT,0.05001445465401267,5.00599583,1,1,1,0,roi,1980,0.07945870922970166,-0.023733518390006814,2020-04-06 09:00:00+00:00,0,-0.008674531575294964,-0.008119361554476012,-0.009854267869534916,0.18889659958362248,2020-04-07 00:00:00+00:00,0
BTC/USDT|2020-04-05T04:00:00+00:00,B_opportunities,2020,2020-04-05 04:00:00+00:00,2020-04-05 03:00:00+00:00,BTC/USDT,-0.0035954230148826307,-0.35986338,0,0,0,0,sma_cross_down,120,0.006271543258642653,-0.007851566120425924,2020-04-05 06:00:00+00:00,0,-0.00331321179985955,-0.0018081426740796935,0.006883888992692322,0.07724550281520015,2020-04-07 04:00:00+00:00,0
BTC/USDT|2020-04-05T09:00:00+00:00,B_opportunities,2020,2020-04-05 09:00:00+00:00,2020-04-05 08:00:00+00:00,BTC/USDT,0.050000350563198764,5.00395023,1,1,1,0,roi,1440,0.053843624821054537,-0.015520162057206521,2020-04-06 09:00:00+00:00,0,-0.0014875577368482773,-0.0043653701276588075,0.037744750424963724,0.08456522476274997,2020-04-07 09:00:00+00:00,0
BTC/USDT|2020-04-08T21:00:00+00:00,B_opportunities,2020,2020-04-08 21:00:00+00:00,2020-04-08 20:00:00+00:00,BTC/USDT,-0.005287880172157209,-0.52904825,0,0,0,0,sma_cross_down,1680,0.009986428734455544,-0.02854339183236687,2020-04-10 01:00:00+00:00,0,0.00016672884832713564,0.0017410864981064478,-0.003001119269891661,-0.055660102743236295,2020-04-10 21:00:00+00:00,0
ETH/USDT|2020-04-08T21:00:00+00:00,B_opportunities,2020,2020-04-08 21:00:00+00:00,2020-04-08 20:00:00+00:00,ETH/USDT,-0.023187620340576247,-2.32068287,0,0,0,0,sma_cross_down,1800,0.009598045488918627,-0.05299284509336277,2020-04-10 03:00:00+00:00,0,-0.0024429967426709,0.0026756630991158215,-0.00919032107957185,-0.07573289902280123,2020-04-10 21:00:00+00:00,0
BTC/USDT|2020-04-12T17:00:00+00:00,B_opportunities,2020,2020-04-12 17:00:00+00:00,2020-04-12 16:00:00+00:00,BTC/USDT,-0.051897962173183314,-5.19481354,0,0,0,1,stop_loss,420,0.0048133598035455805,-0.07946943838535436,2020-04-13 00:00:00+00:00,0,-0.01594435437125652,-0.06368781099751619,-0.05432113285001838,-0.027301976663110405,2020-04-14 17:00:00+00:00,0
ETH/USDT|2020-04-12T17:00:00+00:00,B_opportunities,2020,2020-04-12 17:00:00+00:00,2020-04-12 16:00:00+00:00,ETH/USDT,-0.05189810185813879,-5.19460102,0,0,0,1,stop_loss,420,0.007212713936430415,-0.08312958435207818,2020-04-13 00:00:00+00:00,0,-0.011491442542787222,-0.06674816625916868,-0.060635696821515817,-0.015403422982884996,2020-04-14 17:00:00+00:00,0
ETH/USDT|2020-04-14T14:00:00+00:00,B_opportunities,2020,2020-04-14 14:00:00+00:00,2020-04-14 13:00:00+00:00,ETH/USDT,-0.018968893812944927,-1.89863245,0,0,0,0,sma_cross_down,1980,0.023136734306846263,-0.03913015993425628,2020-04-15 23:00:00+00:00,0,0.011884442758707925,0.0029078955686201446,-0.009608698400657478,0.06719767368354512,2020-04-16 14:00:00+00:00,0
BTC/USDT|2020-04-14T15:00:00+00:00,B_opportunities,2020,2020-04-14 15:00:00+00:00,2020-04-14 14:00:00+00:00,BTC/USDT,-0.029735360353888452,-2.97518815,0,0,0,0,sma_cross_down,1500,0.012259392557325777,-0.030955292602150686,2020-04-15 16:00:00+00:00,0,-0.004178923488421971,-0.0004380544580018242,-0.025595725052653617,0.018544788892563613,2020-04-16 15:00:00+00:00,0
ETH/USDT|2020-04-16T13:00:00+00:00,B_opportunities,2020,2020-04-16 13:00:00+00:00,2020-04-16 12:00:00+00:00,ETH/USDT,0.05002723593095748,5.0077155,1,1,1,0,roi,2880,0.07447056085641157,-0.020770304863858446,2020-04-18 13:00:00+00:00,0,-0.007331975560081361,-0.002327611288914788,-0.008088449228978667,0.03898748908932226,2020-04-18 13:00:00+00:00,0
BTC/USDT|2020-04-16T18:00:00+00:00,B_opportunities,2020,2020-04-16 18:00:00+00:00,2020-04-16 17:00:00+00:00,BTC/USDT,0.014839028773269085,1.48444174,1,1,1,0,sma_cross_down,4680,0.04138507121693502,-0.004743511940884626,2020-04-20 00:00:00+00:00,0,0.014112301534603855,0.00912023372473092,0.005624643908206606,0.026642448854865997,2020-04-20 00:00:00+00:00,0
BTC/USDT|2020-04-22T12:00:00+00:00,B_opportunities,2020,2020-04-22 12:00:00+00:00,2020-04-22 11:00:00+00:00,BTC/USDT,0.04999966673825963,5.00271389,1,1,1,0,roi,1560,0.11245131767543959,-0.003936277730415272,2020-04-23 14:00:00+00:00,0,0.01843785042698176,0.024345150809396587,0.02553121136317893,0.07737859052876739,2020-04-24 12:00:00+00:00,0
ETH/USDT|2020-04-22T13:00:00+00:00,B_opportunities,2020,2020-04-22 13:00:00+00:00,2020-04-22 12:00:00+00:00,ETH/USDT,0.05001087310445354,5.00572846,1,1,1,0,roi,720,0.06521243877434779,-0.001993393324980164,2020-04-23 01:00:00+00:00,0,0.03383458646616533,0.038049669628617,0.04995443153337886,0.06504898610161769,2020-04-24 13:00:00+00:00,0
ETH/USDT|2020-04-28T17:00:00+00:00,B_opportunities,2020,2020-04-28 17:00:00+00:00,2020-04-28 16:00:00+00:00,ETH/USDT,0.04998126871128789,5.00292007,1,1,1,0,roi,780,0.057546977124182996,-0.00423815359477131,2020-04-29 06:00:00+00:00,0,0.005922900178708224,0.015062547868266662,0.09420474853203986,0.05933112075568037,2020-04-30 17:00:00+00:00,0
ETH/USDT|2020-05-02T08:00:00+00:00,B_opportunities,2020,2020-05-02 08:00:00+00:00,2020-05-02 07:00:00+00:00,ETH/USDT,-0.017032567129682107,-1.7048463,0,0,0,0,sma_cross_down,2220,0.038893363020512606,-0.03396655455019193,2020-05-03 21:00:00+00:00,0,0.009804850322091774,0.01146267525577871,0.012220538082607035,-0.05579765062523678,2020-05-04 08:00:00+00:00,0
BTC/USDT|2020-05-02T10:00:00+00:00,B_opportunities,2020,2020-05-02 10:00:00+00:00,2020-05-02 09:00:00+00:00,BTC/USDT,-0.01535461978188791,-1.535838,0,0,0,0,sma_cross_down,2400,0.044067596567741285,-0.0205567830915524,2020-05-04 02:00:00+00:00,0,0.014129756352205591,0.012826972616575283,0.033203962823000754,-0.020581259433266275,2020-05-04 10:00:00+00:00,0
BTC/USDT|2020-05-05T07:00:00+00:00,B_opportunities,2020,2020-05-05 07:00:00+00:00,2020-05-05 06:00:00+00:00,BTC/USDT,0.050000010156382405,5.00483423,1,1,1,0,roi,3240,0.06260741032934192,-0.029359654381122535,2020-05-07 13:00:00+00:00,0,-0.017214442580481992,-0.015077041721976103,5.7617856216829466e-05,0.0251357897746034,2020-05-07 13:00:00+00:00,0
ETH/USDT|2020-05-05T09:00:00+00:00,B_opportunities,2020,2020-05-05 09:00:00+00:00,2020-05-05 08:00:00+00:00,ETH/USDT,-0.014300764456051378,-1.4314888,0,0,0,0,sma_cross_down,1260,0.0014811983372353676,-0.03961011037316642,2020-05-06 06:00:00+00:00,0,-0.02570595823976296,-0.022265755650054952,-0.011132877825027365,-0.01638874289263692,2020-05-07 09:00:00+00:00,0
ETH/USDT|2020-05-06T08:00:00+00:00,B_opportunities,2020,2020-05-06 08:00:00+00:00,2020-05-06 07:00:00+00:00,ETH/USDT,-0.0007476742806280602,-0.07483318,0,0,0,0,sma_cross_down,120,0.011901893702115363,-0.006553269406832762,2020-05-06 10:00:00+00:00,0,0.0011564593070880758,-0.014262998120753712,-0.012961981400279488,0.008769816412085074,2020-05-08 08:00:00+00:00,0
ETH/USDT|2020-05-06T11:00:00+00:00,B_opportunities,2020,2020-05-06 11:00:00+00:00,2020-05-06 10:00:00+00:00,ETH/USDT,-0.05185746859400177,-5.18989198,0,0,0,1,stop_loss,720,0.00957992048666001,-0.05297696029122956,2020-05-06 23:00:00+00:00,0,-0.0019159840973320685,-0.013842985103223682,-0.021411122287685047,0.014513579537289933,2020-05-08 11:00:00+00:00,0
ETH/USDT|2020-05-07T21:00:00+00:00,B_opportunities,2020,2020-05-07 21:00:00+00:00,2020-05-07 20:00:00+00:00,ETH/USDT,-0.005489169071596898,-0.54943812,0,0,0,0,sma_cross_down,2940,0.02396709842110245,-0.021934385931738576,2020-05-09 22:00:00+00:00,0,0.004963365634601757,-0.009926731269203626,0.012006617820846,0.0018908059560387436,2020-05-09 22:00:00+00:00,0
BTC/USDT|2020-05-12T02:00:00+00:00,B_opportunities,2020,2020-05-12 02:00:00+00:00,2020-05-12 01:00:00+00:00,BTC/USDT,0.012921155085127844,1.29329815,1,1,1,0,sma_cross_down,420,0.024218209829280024,-0.003243634541227447,2020-05-12 09:00:00+00:00,0,0.004240385173153838,0.012820929288241745,0.037897789895005474,0.07554034456755043,2020-05-14 02:00:00+00:00,0
ETH/USDT|2020-05-12T13:00:00+00:00,B_opportunities,2020,2020-05-12 13:00:00+00:00,2020-05-12 12:00:00+00:00,ETH/USDT,0.05001188340271138,5.00549507,1,1,1,0,roi,1920,0.057004627681952025,-0.017827092974337377,2020-05-13 21:00:00+00:00,0,0.002313840976020165,0.00436474547749266,0.01998317206562894,0.06021245267143471,2020-05-14 13:00:00+00:00,0
BTC/USDT|2020-05-12T14:00:00+00:00,B_opportunities,2020,2020-05-12 14:00:00+00:00,2020-05-12 13:00:00+00:00,BTC/USDT,0.049999726396071933,5.00290701,1,1,1,0,roi,1500,0.052460360915553395,-1.1454727480986193e-06,2020-05-13 15:00:00+00:00,0,0.007122557706119581,0.024759421810513382,0.040097319476151805,0.1022564693511232,2020-05-14 14:00:00+00:00,0
ETH/USDT|2020-05-16T19:00:00+00:00,B_opportunities,2020,2020-05-16 19:00:00+00:00,2020-05-16 18:00:00+00:00,ETH/USDT,0.05000582047989806,5.00471286,1,1,1,0,roi,1140,0.05396713732978253,-0.00281392894829402,2020-05-17 14:00:00+00:00,0,0.014368249183622117,0.01597588545591555,0.04330570208490325,0.06531022356191918,2020-05-18 19:00:00+00:00,0
BTC/USDT|2020-05-17T12:00:00+00:00,B_opportunities,2020,2020-05-17 12:00:00+00:00,2020-05-17 11:00:00+00:00,BTC/USDT,0.01153961077240528,1.15495621,1,1,1,0,sma_cross_down,2280,0.04489367288002111,-0.006119191388816003,2020-05-19 02:00:00+00:00,0,0.024985087291852226,0.016588812528355312,0.01184720145178364,0.024143884529430615,2020-05-19 12:00:00+00:00,0
BTC/USDT|2020-05-20T02:00:00+00:00,B_opportunities,2020,2020-05-20 02:00:00+00:00,2020-05-20 01:00:00+00:00,BTC/USDT,-0.021746342869541652,-2.17630893,0,0,0,0,sma_cross_down,1200,0.010021191767537019,-0.04293257118227489,2020-05-20 22:00:00+00:00,0,0.0020688912036206375,0.004664241329590979,-0.023546978505493033,-0.06720817704618565,2020-05-22 02:00:00+00:00,0
ETH/USDT|2020-05-23T00:00:00+00:00,B_opportunities,2020,2020-05-23 00:00:00+00:00,2020-05-22 23:00:00+00:00,ETH/USDT,-0.018265588598070797,-1.82818415,0,0,0,0,sma_cross_down,2520,0.01851851851851838,-0.027295524691358097,2020-05-24 18:00:00+00:00,0,0.007378472222222099,-0.0010127314814815103,-0.0036651234567902646,-0.03597608024691357,2020-05-25 00:00:00+00:00,0
BTC/USDT|2020-05-23T05:00:00+00:00,B_opportunities,2020,2020-05-23 05:00:00+00:00,2020-05-23 04:00:00+00:00,BTC/USDT,-0.023268942848508407,-2.32759883,0,0,0,0,sma_cross_down,2100,0.004883921749176734,-0.04318688052602404,2020-05-24 16:00:00+00:00,0,-0.012292561670854574,-0.008844937991407953,-0.006723406554807965,-0.04828294290886492,2020-05-25 05:00:00+00:00,0
BTC/USDT|2020-05-26T13:00:00+00:00,B_opportunities,2020,2020-05-26 13:00:00+00:00,2020-05-26 12:00:00+00:00,BTC/USDT,-0.0005989274371850501,-0.05994188,0,0,0,0,sma_cross_down,900,0.009191585117435341,-0.01324295999891123,2020-05-27 04:00:00+00:00,0,-0.0007054385684359676,0.007900458308240488,0.037176158898336364,0.06877572384008124,2020-05-28 13:00:00+00:00,0
BTC/USDT|2020-05-27T12:00:00+00:00,B_opportunities,2020,2020-05-27 12:00:00+00:00,2020-05-27 11:00:00+00:00,BTC/USDT,0.05000050628361446,5.00490799,1,1,1,0,roi,4920,0.06351931987229009,-0.01055321586163116,2020-05-30 22:00:00+00:00,0,0.004252115129486755,0.005827943969558769,0.012692962536363206,0.027662243709251966,2020-05-30 22:00:00+00:00,0
ETH/USDT|2020-05-27T15:00:00+00:00,B_opportunities,2020,2020-05-27 15:00:00+00:00,2020-05-27 14:00:00+00:00,ETH/USDT,0.04997671914331005,5.00202074,1,1,1,0,roi,1860,0.05951859956236305,-0.004765378069535697,2020-05-28 22:00:00+00:00,0,0.003111781008411585,0.008071181990567444,0.03170126902319259,0.06933437059366954,2020-05-29 15:00:00+00:00,0
BTC/USDT|2020-06-01T20:00:00+00:00,B_opportunities,2020,2020-06-01 20:00:00+00:00,2020-06-01 19:00:00+00:00,BTC/USDT,0.050000273949085655,5.00186925,1,1,1,0,roi,180,0.08435622878036031,-0.0014552102376600429,2020-06-01 23:00:00+00:00,0,0.05771962960486743,0.05707820752824766,-0.006649269572775229,0.0004909908404091556,2020-06-03 20:00:00+00:00,0
ETH/USDT|2020-06-01T20:00:00+00:00,B_opportunities,2020,2020-06-01 20:00:00+00:00,2020-06-01 19:00:00+00:00,ETH/USDT,0.049993945002985075,5.00357978,1,1,1,0,roi,180,0.05403018963124917,-0.002480763570617661,2020-06-01 23:00:00+00:00,0,0.04107976285582127,0.046335617878316304,-0.006727494428793723,0.012487911533448193,2020-06-03 20:00:00+00:00,0
ETH/USDT|2020-06-04T05:00:00+00:00,B_opportunities,2020,2020-06-04 05:00:00+00:00,2020-06-04 04:00:00+00:00,ETH/USDT,-0.017591145408234043,-1.76081044,0,0,0,0,sma_cross_down,2460,0.013824696306597328,-0.03472534663994442,2020-06-05 22:00:00+00:00,0,-0.018282208588957016,-0.00584867075664619,-0.004826175869120708,-0.020040899795501055,2020-06-06 05:00:00+00:00,0
BTC/USDT|2020-06-04T12:00:00+00:00,B_opportunities,2020,2020-06-04 12:00:00+00:00,2020-06-04 11:00:00+00:00,BTC/USDT,-0.006513923235417744,-0.65187712,0,0,0,0,sma_cross_down,2280,0.02696374418271108,-0.009470826777300045,2020-06-06 02:00:00+00:00,0,0.020460233130466632,0.017353836176793314,0.007744687219395363,0.007458886228341566,2020-06-06 12:00:00+00:00,0
ETH/USDT|2020-06-07T05:00:00+00:00,B_opportunities,2020,2020-06-07 05:00:00+00:00,2020-06-07 04:00:00+00:00,ETH/USDT,-0.03102092122625676,-3.10509991,0,0,0,0,sma_cross_down,540,0.0018536062940230913,-0.03365325204926484,2020-06-07 14:00:00+00:00,0,-0.00881529082221122,-0.02628110067556433,0.004778381941011656,4.119294776749882e-05,2020-06-09 05:00:00+00:00,0
BTC/USDT|2020-06-08T09:00:00+00:00,B_opportunities,2020,2020-06-08 09:00:00+00:00,2020-06-08 08:00:00+00:00,BTC/USDT,-0.0006178946335924494,-0.06179175,0,0,0,0,sma_cross_down,1980,0.019299297522494818,-0.012382881716080152,2020-06-09 18:00:00+00:00,0,-0.001959754344431741,0.0012074315866168472,-0.0006738913043254913,0.005057796757272248,2020-06-10 09:00:00+00:00,0
ETH/USDT|2020-06-08T10:00:00+00:00,B_opportunities,2020,2020-06-08 10:00:00+00:00,2020-06-08 09:00:00+00:00,ETH/USDT,-0.0065315899769867345,-0.65373383,0,0,0,0,sma_cross_down,2100,0.022385921833435685,-0.02598731328013093,2020-06-09 21:00:00+00:00,0,-0.005484161414422539,-0.006098060080216183,-0.006425472701972579,-0.006098060080216183,2020-06-10 10:00:00+00:00,0
BTC/USDT|2020-06-10T01:00:00+00:00,B_opportunities,2020,2020-06-10 01:00:00+00:00,2020-06-10 00:00:00+00:00,BTC/USDT,-0.05189723410757499,-5.19480628,0,0,0,1,stop_loss,2340,0.022276283200869162,-0.06731171553467674,2020-06-11 16:00:00+00:00,0,0.0005074184370899015,-0.0011243001257292828,0.011802593767551217,-0.04681651196883463,2020-06-12 01:00:00+00:00,0
ETH/USDT|2020-06-10T03:00:00+00:00,B_opportunities,2020,2020-06-10 03:00:00+00:00,2020-06-10 02:00:00+00:00,ETH/USDT,-0.051883790421409705,-5.19333262,0,0,0,1,stop_loss,2220,0.025443520301552836,-0.07276600975130088,2020-06-11 16:00:00+00:00,0,-0.004097017371353706,-0.0027450016388069765,0.019747623729924557,-0.04404293674205173,2020-06-12 03:00:00+00:00,0
ETH/USDT|2020-06-13T10:00:00+00:00,B_opportunities,2020,2020-06-13 10:00:00+00:00,2020-06-13 09:00:00+00:00,ETH/USDT,-0.013622756226681106,-1.36354108,0,0,0,0,sma_cross_down,1740,0.00751213336146872,-0.016881198565098177,2020-06-14 15:00:00+00:00,0,0.0007174509390166506,0.0013926988816206354,-0.004009284659210799,-0.05414644439755212,2020-06-15 10:00:00+00:00,0
BTC/USDT|2020-06-13T13:00:00+00:00,B_opportunities,2020,2020-06-13 13:00:00+00:00,2020-06-13 12:00:00+00:00,BTC/USDT,-0.0007130104765643058,-0.07134069,0,0,0,0,sma_cross_down,1020,0.007837900665436104,-0.007418619684552041,2020-06-14 06:00:00+00:00,0,0.002399985563996676,0.0036217384981673817,-0.0010954379044867402,-0.034120980077253726,2020-06-15 13:00:00+00:00,0
BTC/USDT|2020-06-16T05:00:00+00:00,B_opportunities,2020,2020-06-16 05:00:00+00:00,2020-06-16 04:00:00+00:00,BTC/USDT,-0.0169307888760301,-1.69370405,0,0,0,0,sma_cross_down,2220,0.004601323404308744,-0.019599626194856445,2020-06-17 18:00:00+00:00,0,-0.0012781561026716792,-0.005879518072289258,-0.008190675746464149,-0.0140534311157674,2020-06-18 05:00:00+00:00,0
ETH/USDT|2020-06-16T10:00:00+00:00,B_opportunities,2020,2020-06-16 10:00:00+00:00,2020-06-16 09:00:00+00:00,ETH/USDT,-0.021530710626578874,-2.15506191,0,0,0,0,sma_cross_down,2040,0.014059228238109567,-0.02717832571257628,2020-06-17 20:00:00+00:00,0,-0.0043162393162392565,0.0026495726495727734,-0.002136752136752129,-0.0054700854700854284,2020-06-18 10:00:00+00:00,0
BTC/USDT|2020-06-21T07:00:00+00:00,B_opportunities,2020,2020-06-21 07:00:00+00:00,2020-06-21 06:00:00+00:00,BTC/USDT,-0.006228123654540318,-0.62336658,0,0,0,0,sma_cross_down,4620,0.043640833888234365,-0.010025568133312901,2020-06-24 12:00:00+00:00,0,-0.0025408526636269135,-0.005938616158371768,0.004818122543584602,0.028201223579027213,2020-06-24 12:00:00+00:00,0
ETH/USDT|2020-06-21T14:00:00+00:00,B_opportunities,2020,2020-06-21 14:00:00+00:00,2020-06-21 13:00:00+00:00,ETH/USDT,0.04999713197076327,5.00383123,1,1,1,0,roi,1500,0.053668744822775505,-0.009853075816366519,2020-06-22 15:00:00+00:00,0,0.002615860836203465,0.01735187688014994,0.038801935737018844,0.057984915202511145,2020-06-23 14:00:00+00:00,0
BTC/USDT|2020-06-29T02:00:00+00:00,B_opportunities,2020,2020-06-29 02:00:00+00:00,2020-06-29 01:00:00+00:00,BTC/USDT,-0.0003991313211984058,-0.03993243,0,0,0,0,sma_cross_down,3480,0.010234667955614452,-0.013094338508443881,2020-07-01 12:00:00+00:00,0,-0.005190056001425858,-0.010475252093902099,0.00602225840704862,-0.002122608238257051,2020-07-01 12:00:00+00:00,0
ETH/USDT|2020-06-29T05:00:00+00:00,B_opportunities,2020,2020-06-29 05:00:00+00:00,2020-06-29 04:00:00+00:00,ETH/USDT,-0.0010662021599243724,-0.10672623,0,0,0,0,sma_cross_down,3000,0.022407967277254137,-0.016272452427529727,2020-07-01 07:00:00+00:00,0,-0.006713498132669304,-0.0031566779299305736,0.006624577627601047,0.003112217677396556,2020-07-01 07:00:00+00:00,0
BTC/USDT|2020-07-01T15:00:00+00:00,B_opportunities,2020,2020-07-01 15:00:00+00:00,2020-07-01 14:00:00+00:00,BTC/USDT,-0.01947394386588279,-1.94932912,0,0,0,0,sma_cross_down,1740,0.008188548184620448,-0.03000369987403073,2020-07-02 20:00:00+00:00,0,0.002005093023079052,0.0023783354472888263,-0.0023360201724510476,-0.014094241542098929,2020-07-03 15:00:00+00:00,0
ETH/USDT|2020-07-01T15:00:00+00:00,B_opportunities,2020,2020-07-01 15:00:00+00:00,2020-07-01 14:00:00+00:00,ETH/USDT,-0.009507356857915488,-0.9515462,0,0,0,0,sma_cross_down,1920,0.01802353558773362,-0.025022966883940678,2020-07-02 23:00:00+00:00,0,0.011942779649153357,0.01084911850912107,0.0016186184872479803,-0.007830613762631722,2020-07-03 15:00:00+00:00,0
ETH/USDT|2020-07-04T21:00:00+00:00,B_opportunities,2020,2020-07-04 21:00:00+00:00,2020-07-04 20:00:00+00:00,ETH/USDT,-0.01747191488756658,-1.74870838,0,0,0,0,sma_cross_down,1320,0.003887141858839982,-0.025812368972746302,2020-07-05 19:00:00+00:00,0,-0.004585953878406768,-0.009215583508036418,-0.017557651991614298,0.04031271837875616,2020-07-06 21:00:00+00:00,0
BTC/USDT|2020-07-04T23:00:00+00:00,B_opportunities,2020,2020-07-04 23:00:00+00:00,2020-07-04 22:00:00+00:00,BTC/USDT,-0.013075993743522708,-1.30850135,0,0,0,0,sma_cross_down,1020,0.0017142062239376976,-0.016385182686188604,2020-07-05 16:00:00+00:00,0,-0.0005553377044726915,-0.010757340425298745,-0.006245632329198059,0.017443299691771053,2020-07-06 23:00:00+00:00,0
ETH/USDT|2020-07-06T09:00:00+00:00,B_opportunities,2020,2020-07-06 09:00:00+00:00,2020-07-06 08:00:00+00:00,ETH/USDT,0.0499906210854679,5.00296373,1,1,1,0,roi,3120,0.05770466521012718,-0.0038127061645890636,2020-07-08 13:00:00+00:00,0,0.011011139674378612,0.0205227077977721,0.017309340188517597,0.03153384747215071,2020-07-08 13:00:00+00:00,0
BTC/USDT|2020-07-06T11:00:00+00:00,B_opportunities,2020,2020-07-06 11:00:00+00:00,2020-07-06 10:00:00+00:00,BTC/USDT,0.007934629239895765,0.79365359,1,1,0,0,sma_cross_down,2700,0.020317318727461675,-0.00028827378394691294,2020-07-08 08:00:00+00:00,0,0.013418430951919857,0.010470401127866236,0.006111450757023684,0.010826122807742866,2020-07-08 11:00:00+00:00,0
BTC/USDT|2020-07-08T14:00:00+00:00,B_opportunities,2020,2020-07-08 14:00:00+00:00,2020-07-08 13:00:00+00:00,BTC/USDT,-0.021787121553084307,-2.17925786,0,0,0,0,sma_cross_down,1920,0.0036244939485789995,-0.02922910617011798,2020-07-09 22:00:00+00:00,0,-0.0008465785617488564,-0.00593134767042558,-0.004740416126738811,-0.026766292399122982,2020-07-10 14:00:00+00:00,0
BTC/USDT|2020-07-11T10:00:00+00:00,B_opportunities,2020,2020-07-11 10:00:00+00:00,2020-07-11 09:00:00+00:00,BTC/USDT,-0.0039415571073135305,-0.3944996,0,0,0,0,sma_cross_down,4140,0.014996312560212832,-0.00607477193809447,2020-07-14 07:00:00+00:00,0,0.0021418648778690486,0.0014423917635952854,0.005994397698255716,0.008392591232908364,2020-07-14 07:00:00+00:00,0
ETH/USDT|2020-07-11T16:00:00+00:00,B_opportunities,2020,2020-07-11 16:00:00+00:00,2020-07-11 15:00:00+00:00,ETH/USDT,-0.008871867841590563,-0.88800598,0,0,0,0,sma_cross_down,240,0.0035064284521622024,-0.008265152780096763,2020-07-11 20:00:00+00:00,0,-0.0027966773803063116,0.0051759402262387955,-0.007805651792795465,0.013065074925908915,2020-07-13 16:00:00+00:00,0
ETH/USDT|2020-07-12T07:00:00+00:00,B_opportunities,2020,2020-07-12 07:00:00+00:00,2020-07-12 06:00:00+00:00,ETH/USDT,-0.012996526926537697,-1.30073467,0,0,0,0,sma_cross_down,480,0.014721783248773157,-0.016385261581967847,2020-07-12 15:00:00+00:00,0,0.001122847874906352,-0.0077351742493554365,0.0063212176661398,-0.008858022124261788,2020-07-14 07:00:00+00:00,0
ETH/USDT|2020-07-12T16:00:00+00:00,B_opportunities,2020,2020-07-12 16:00:00+00:00,2020-07-12 15:00:00+00:00,ETH/USDT,0.002242561773480102,0.22442795,1,0,0,0,sma_cross_down,300,0.006436684896928835,-0.0035759360538493157,2020-07-12 21:00:00+00:00,0,0.005553218342448485,0.016743794699200842,0.021034917963819844,0.010643668489692892,2020-07-14 16:00:00+00:00,0
ETH/USDT|2020-07-13T03:00:00+00:00,B_opportunities,2020,2020-07-13 03:00:00+00:00,2020-07-13 02:00:00+00:00,ETH/USDT,-0.016844926261310664,-1.68601302,0,0,0,0,sma_cross_down,1740,0.013802223232364907,-0.020620686805239874,2020-07-14 08:00:00+00:00,0,0.007810240092565701,0.0046282904252241686,-0.01082689367329226,-0.007107731724451449,2020-07-15 03:00:00+00:00,0
BTC/USDT|2020-07-15T12:00:00+00:00,B_opportunities,2020,2020-07-15 12:00:00+00:00,2020-07-15 11:00:00+00:00,BTC/USDT,-0.0019698564135422507,-0.19705711,0,0,0,0,sma_cross_down,540,0.00312173914929903,-0.006361709558943107,2020-07-15 21:00:00+00:00,0,-0.0013482629318807282,-0.002350511483013351,-0.01493176791654871,-0.008715440593452639,2020-07-17 12:00:00+00:00,0
ETH/USDT|2020-07-15T15:00:00+00:00,B_opportunities,2020,2020-07-15 15:00:00+00:00,2020-07-15 14:00:00+00:00,ETH/USDT,-0.009320344487928279,-0.9327984,0,0,0,0,sma_cross_down,60,0.0004585626146407229,-0.011964315491078903,2020-07-15 16:00:00+00:00,0,-0.006919549812421821,-0.006085869112130049,-0.029804085035431416,-0.027386411004585165,2020-07-17 15:00:00+00:00,0
BTC/USDT|2020-07-18T00:00:00+00:00,B_opportunities,2020,2020-07-18 00:00:00+00:00,2020-07-17 23:00:00+00:00,BTC/USDT,-0.004506549978597548,-0.45094806,0,0,0,0,sma_cross_down,2340,0.007099388157053799,-0.00578525306658817,2020-07-19 15:00:00+00:00,0,-0.00204165902000375,0.0006095482788452955,0.0017434391631492296,0.005972043800085647,2020-07-20 00:00:00+00:00,0
ETH/USDT|2020-07-18T08:00:00+00:00,B_opportunities,2020,2020-07-18 08:00:00+00:00,2020-07-18 07:00:00+00:00,ETH/USDT,0.049987954118065565,5.00350774,1,1,1,0,roi,4920,0.056463022508038474,-0.0010289389067524857,2020-07-21 18:00:00+00:00,0,0.006130498156563524,0.009945983023236016,0.005744662608248241,0.022892909200034284,2020-07-21 18:00:00+00:00,0
BTC/USDT|2020-07-20T05:00:00+00:00,B_opportunities,2020,2020-07-20 05:00:00+00:00,2020-07-20 04:00:00+00:00,BTC/USDT,0.049999795025487355,5.00364061,1,1,1,0,roi,5040,0.05269120331841726,-0.00536802799043179,2020-07-23 17:00:00+00:00,0,-0.0027166927370407823,-0.0005054312068913935,-0.0005686101077527761,0.01801796895083818,2020-07-23 17:00:00+00:00,0
ETH/USDT|2020-07-29T15:00:00+00:00,B_opportunities,2020,2020-07-29 15:00:00+00:00,2020-07-29 14:00:00+00:00,ETH/USDT,-0.00865466657505015,-0.86610466,0,0,0,0,sma_cross_down,1380,0.008290736815858457,-0.021163196608901536,2020-07-30 14:00:00+00:00,0,0.004426020010597664,-0.015771592432129222,-0.010192313686375853,0.08213072343608774,2020-07-31 15:00:00+00:00,0
ETH/USDT|2020-07-30T20:00:00+00:00,B_opportunities,2020,2020-07-30 20:00:00+00:00,2020-07-30 19:00:00+00:00,ETH/USDT,0.04998625953978811,5.002824,1,1,1,0,roi,1860,0.058719395103216776,-0.014642342774843997,2020-08-01 03:00:00+00:00,0,-0.0017104276069016544,0.010682670667666816,0.03138784696174035,0.15018754688672176,2020-08-01 20:00:00+00:00,0
BTC/USDT|2020-07-31T11:00:00+00:00,B_opportunities,2020,2020-07-31 11:00:00+00:00,2020-07-31 10:00:00+00:00,BTC/USDT,0.05000030330475504,4.99995524,1,1,1,0,roi,1920,0.06046531607235872,-0.00566834372320868,2020-08-01 19:00:00+00:00,0,0.015890885628042195,0.011475408369002738,0.04047490990511293,0.006888108727771458,2020-08-02 11:00:00+00:00,0
BTC/USDT|2020-08-04T02:00:00+00:00,B_opportunities,2020,2020-08-04 02:00:00+00:00,2020-08-04 01:00:00+00:00,BTC/USDT,-0.010362171574468192,-1.03688076,0,0,0,0,sma_cross_down,1200,0.003524436090225791,-0.02835095256939335,2020-08-04 22:00:00+00:00,0,-0.0025836734802037187,-0.01688000007066459,-0.011935246517782327,0.031269073914260925,2020-08-06 02:00:00+00:00,0
BTC/USDT|2020-08-05T13:00:00+00:00,B_opportunities,2020,2020-08-05 13:00:00+00:00,2020-08-05 12:00:00+00:00,BTC/USDT,-0.008431301189987186,-0.84319782,0,0,0,0,sma_cross_down,3300,0.029965131483364882,-0.02087959984226151,2020-08-07 20:00:00+00:00,0,0.008204717517984239,0.013935998533234795,0.01708314378968523,0.016517539778220902,2020-08-07 20:00:00+00:00,0
ETH/USDT|2020-08-05T14:00:00+00:00,B_opportunities,2020,2020-08-05 14:00:00+00:00,2020-08-05 13:00:00+00:00,ETH/USDT,-0.010528147449006008,-1.05365021,0,0,0,0,sma_cross_down,2580,0.0201523962301986,-0.0219069580910366,2020-08-07 09:00:00+00:00,0,-0.0010526843450799905,-0.003433756077998895,0.0005263421725398842,-0.012531956489047036,2020-08-07 14:00:00+00:00,0
BTC/USDT|2020-08-09T00:00:00+00:00,B_opportunities,2020,2020-08-09 00:00:00+00:00,2020-08-08 23:00:00+00:00,BTC/USDT,-0.013199942235208985,-1.32090025,0,0,0,0,sma_cross_down,1200,0.0030686113959503825,-0.020325618016124536,2020-08-09 20:00:00+00:00,0,-0.010280230006436297,-0.006404844317135394,-0.006778949122596689,0.011181482492320205,2020-08-11 00:00:00+00:00,0
ETH/USDT|2020-08-09T00:00:00+00:00,B_opportunities,2020,2020-08-09 00:00:00+00:00,2020-08-08 23:00:00+00:00,ETH/USDT,-0.03917329367004438,-3.92035226,0,0,0,0,sma_cross_down,3840,0.007429794736179218,-0.052411535071149706,2020-08-11 16:00:00+00:00,0,-0.01133415610911015,-0.012946124977961326,-0.01735385235372644,-0.004004735158552153,2020-08-11 16:00:00+00:00,0
BTC/USDT|2020-08-10T05:00:00+00:00,B_opportunities,2020,2020-08-10 05:00:00+00:00,2020-08-10 04:00:00+00:00,BTC/USDT,-0.035400049083315024,-3.54332066,0,0,0,0,sma_cross_down,2040,0.0025886638235901316,-0.05037790316560187,2020-08-11 15:00:00+00:00,0,-0.024155351804532654,-0.008028959366701671,-0.012441338076389918,-0.055261619653623195,2020-08-12 05:00:00+00:00,0
ETH/USDT|2020-08-13T03:00:00+00:00,B_opportunities,2020,2020-08-13 03:00:00+00:00,2020-08-13 02:00:00+00:00,ETH/USDT,0.05001123407877993,5.00450505,1,1,1,0,roi,1080,0.07693288778919993,-0.0393847409637017,2020-08-13 21:00:00+00:00,0,-0.023034539054129777,0.0014284985459924737,0.07680730574970673,0.12098872506504765,2020-08-15 03:00:00+00:00,0
BTC/USDT|2020-08-13T04:00:00+00:00,B_opportunities,2020,2020-08-13 04:00:00+00:00,2020-08-13 03:00:00+00:00,BTC/USDT,0.01964928389494037,1.96572684,1,1,1,0,sma_cross_down,5280,0.035686219926845064,-0.025663059631492735,2020-08-16 20:00:00+00:00,0,-0.014228150089779623,-0.005829409166082322,0.013488127214773549,0.027790625397135615,2020-08-16 20:00:00+00:00,0
BTC/USDT|2020-08-16T21:00:00+00:00,B_opportunities,2020,2020-08-16 21:00:00+00:00,2020-08-16 20:00:00+00:00,BTC/USDT,-0.0009968701590945107,-0.09974054,0,0,0,0,sma_cross_down,60,0.005558623508172822,-0.0010563326763974867,2020-08-16 22:00:00+00:00,0,0.0014692384531789227,0.002186969881456058,0.039750499667732475,0.015209151160149537,2020-08-18 21:00:00+00:00,0
BTC/USDT|2020-08-17T12:00:00+00:00,B_opportunities,2020,2020-08-17 12:00:00+00:00,2020-08-17 11:00:00+00:00,BTC/USDT,0.003006812118563397,0.30072227,1,0,0,0,sma_cross_down,2280,0.04696830124606688,-0.010804733022243496,2020-08-19 02:00:00+00:00,0,0.03832592275362856,0.03127810457104707,0.021982340567570757,-0.005556465258446552,2020-08-19 12:00:00+00:00,0
ETH/USDT|2020-08-17T18:00:00+00:00,B_opportunities,2020,2020-08-17 18:00:00+00:00,2020-08-17 17:00:00+00:00,ETH/USDT,-0.05188112713044471,-5.19139826,0,0,0,1,stop_loss,1200,0.0025399705181994303,-0.05885020977435085,2020-08-18 14:00:00+00:00,0,-0.022792216628112705,-0.028983535174853636,-0.04032294643262113,-0.07422778609334613,2020-08-19 18:00:00+00:00,0
BTC/USDT|2020-08-21T00:00:00+00:00,B_opportunities,2020,2020-08-21 00:00:00+00:00,2020-08-20 23:00:00+00:00,BTC/USDT,-0.017376113883091873,-1.73805044,0,0,0,0,sma_cross_down,1200,0.0020635185775725873,-0.02093214347781347,2020-08-21 20:00:00+00:00,0,-0.00038132036394145086,-0.011637020133208886,-0.027182573996819448,-0.016078727469829746,2020-08-23 00:00:00+00:00,0
ETH/USDT|2020-08-21T00:00:00+00:00,B_opportunities,2020,2020-08-21 00:00:00+00:00,2020-08-20 23:00:00+00:00,ETH/USDT,-0.05188130621275376,-5.19290204,0,0,0,1,stop_loss,1080,0.0065874885800836225,-0.05274799249891815,2020-08-21 18:00:00+00:00,0,-0.004784343895754217,-0.025508486800980945,-0.06724527576092698,-0.04976679328749334,2020-08-23 00:00:00+00:00,0
BTC/USDT|2020-08-23T10:00:00+00:00,B_opportunities,2020,2020-08-23 10:00:00+00:00,2020-08-23 09:00:00+00:00,BTC/USDT,-0.010305341089373827,-1.03043463,0,0,0,0,sma_cross_down,3060,0.02042418939233115,-0.01606200089401122,2020-08-25 13:00:00+00:00,0,0.005609997721828464,0.007066646876488614,0.01673852112141261,0.000949238193202806,2020-08-25 13:00:00+00:00,0
ETH/USDT|2020-08-23T22:00:00+00:00,B_opportunities,2020,2020-08-23 22:00:00+00:00,2020-08-23 21:00:00+00:00,ETH/USDT,-0.007427855454398292,-0.74341298,0,0,0,0,sma_cross_down,300,0.0016271324333259063,-0.014974703175450577,2020-08-24 03:00:00+00:00,0,-0.00022881549843634108,0.030203645793608347,0.03409350926702781,-0.03742404596649118,2020-08-25 22:00:00+00:00,0
ETH/USDT|2020-08-24T07:00:00+00:00,B_opportunities,2020,2020-08-24 07:00:00+00:00,2020-08-24 06:00:00+00:00,ETH/USDT,-0.051896841826389054,-5.19448555,0,0,0,1,stop_loss,1980,0.03638797000075766,-0.06189237645514001,2020-08-25 16:00:00+00:00,0,0.02368627054872352,0.014216812706749904,0.0033585010479533217,-0.03845862478220252,2020-08-26 07:00:00+00:00,0
BTC/USDT|2020-08-27T06:00:00+00:00,B_opportunities,2020,2020-08-27 06:00:00+00:00,2020-08-27 05:00:00+00:00,BTC/USDT,-0.01598531509502254,-1.60008806,0,0,0,0,sma_cross_down,720,0.0212996148166944,-0.01986178509379377,2020-08-27 18:00:00+00:00,0,-0.0035619764520141706,-0.014016196728937391,0.004278248244120819,0.013776558441787268,2020-08-29 06:00:00+00:00,0
ETH/USDT|2020-08-27T07:00:00+00:00,B_opportunities,2020,2020-08-27 07:00:00+00:00,2020-08-27 06:00:00+00:00,ETH/USDT,-0.020636013367286713,-2.06534476,0,0,0,0,sma_cross_down,780,0.03142857142857158,-0.0351168831168831,2020-08-27 20:00:00+00:00,0,0.0014285714285715567,-0.01194805194805204,0.015506493506493468,0.03688311688311696,2020-08-29 07:00:00+00:00,0
ETH/USDT|2020-08-28T13:00:00+00:00,B_opportunities,2020,2020-08-28 13:00:00+00:00,2020-08-28 12:00:00+00:00,ETH/USDT,0.04999402436054557,5.00393743,1,1,1,0,roi,2880,0.06083844580777109,-0.0038854805725970776,2020-08-30 13:00:00+00:00,0,0.008716768916155582,0.006569529652351802,0.019274028629856943,0.04110429447852759,2020-08-30 13:00:00+00:00,0
BTC/USDT|2020-08-28T16:00:00+00:00,B_opportunities,2020,2020-08-28 16:00:00+00:00,2020-08-28 15:00:00+00:00,BTC/USDT,-0.026622361560662434,-2.66380661,0,0,0,0,sma_cross_down,7140,0.045236918112981694,-0.032022759404300216,2020-09-02 15:00:00+00:00,0,-0.00354131051907125,-0.0024302601210965946,-0.002484034613426389,0.0075084803241736164,2020-09-02 15:00:00+00:00,0
BTC/USDT|2020-09-07T03:00:00+00:00,B_opportunities,2020,2020-09-07 03:00:00+00:00,2020-09-07 02:00:00+00:00,BTC/USDT,-0.027725855414581727,-2.77395215,0,0,0,0,sma_cross_down,600,0.003084433552446697,-0.032747496652571706,2020-09-07 13:00:00+00:00,0,-0.006881940342804094,-0.01907470911411424,0.012623747101915495,-0.021039578503192602,2020-09-09 03:00:00+00:00,0
ETH/USDT|2020-09-07T04:00:00+00:00,B_opportunities,2020,2020-09-07 04:00:00+00:00,2020-09-07 03:00:00+00:00,ETH/USDT,-0.05189523585813612,-5.19336051,0,0,0,1,stop_loss,480,0.009103440353799286,-0.07242547814599976,2020-09-07 12:00:00+00:00,0,-0.01297918162239764,-0.0059152907394113274,0.0015793251974156597,-0.04106245513280693,2020-09-09 04:00:00+00:00,0
BTC/USDT|2020-09-08T08:00:00+00:00,B_opportunities,2020,2020-09-08 08:00:00+00:00,2020-09-08 07:00:00+00:00,BTC/USDT,-0.028549705585331042,-2.85708777,0,0,0,0,sma_cross_down,720,0.006733052164348274,-0.0335113290836484,2020-09-08 20:00:00+00:00,0,-0.02672804325588196,-0.026624774708948418,-0.007258025232597776,0.0010511958692582812,2020-09-10 08:00:00+00:00,0
BTC/USDT|2020-09-09T19:00:00+00:00,B_opportunities,2020,2020-09-09 19:00:00+00:00,2020-09-09 18:00:00+00:00,BTC/USDT,-0.009129493942652467,-0.91349182,0,0,0,0,sma_cross_down,2460,0.01519989076531103,-0.024748242125273157,2020-09-11 12:00:00+00:00,0,-0.00517993720936083,0.00013073313203659787,-0.004238658658697325,-0.001281184693958548,2020-09-11 19:00:00+00:00,0
ETH/USDT|2020-09-09T19:00:00+00:00,B_opportunities,2020,2020-09-09 19:00:00+00:00,2020-09-09 18:00:00+00:00,ETH/USDT,0.05000768728558904,5.00470467,1,1,1,0,roi,1080,0.05224943449970687,-0.02284341925214317,2020-09-10 13:00:00+00:00,0,-0.0056410399620207,0.027870088525231207,0.016224971375911057,0.027870088525231207,2020-09-11 19:00:00+00:00,0
ETH/USDT|2020-09-12T00:00:00+00:00,B_opportunities,2020,2020-09-12 00:00:00+00:00,2020-09-11 23:00:00+00:00,ETH/USDT,-0.051895430769508,-5.19373066,0,0,0,1,stop_loss,2400,0.04499223810288533,-0.053583855254001334,2020-09-13 16:00:00+00:00,0,-0.0071996360035329054,-0.0075208093568504,0.037871691245349615,-0.019297165645156933,2020-09-14 00:00:00+00:00,0
BTC/USDT|2020-09-12T04:00:00+00:00,B_opportunities,2020,2020-09-12 04:00:00+00:00,2020-09-12 03:00:00+00:00,BTC/USDT,-0.002913756835985625,-0.29139554,0,0,0,0,sma_cross_down,2640,0.022990950781883734,-0.01376188924546018,2020-09-14 00:00:00+00:00,0,0.0011564125298653138,0.0017075455917574534,0.020684894022913625,0.000561768963086573,2020-09-14 04:00:00+00:00,0
BTC/USDT|2020-09-14T17:00:00+00:00,B_opportunities,2020,2020-09-14 17:00:00+00:00,2020-09-14 16:00:00+00:00,BTC/USDT,0.015814954590769408,1.58242574,1,1,1,0,sma_cross_down,4500,0.03429306679595712,-0.01106925744974463,2020-09-17 20:00:00+00:00,0,-0.006977026069443948,0.0005790101816283144,0.0055038600678773975,0.03117610860403519,2020-09-17 20:00:00+00:00,0
ETH/USDT|2020-09-15T01:00:00+00:00,B_opportunities,2020,2020-09-15 01:00:00+00:00,2020-09-15 00:00:00+00:00,ETH/USDT,-0.033317108634683144,-3.33412357,0,0,0,0,sma_cross_down,1320,0.014590020426028527,-0.03880945433323624,2020-09-15 23:00:00+00:00,0,-0.004854884066429643,0.0002652942112804091,-0.0524751949912452,0.004563060434021438,2020-09-17 01:00:00+00:00,0
ETH/USDT|2020-09-17T04:00:00+00:00,B_opportunities,2020,2020-09-17 04:00:00+00:00,2020-09-17 03:00:00+00:00,ETH/USDT,0.013381123332766103,1.33929448,1,1,1,0,sma_cross_down,2880,0.04538100416412494,-0.006418587380314422,2020-09-19 04:00:00+00:00,0,0.0027584011882344495,0.008460865183142152,0.027318780998859538,0.015489483595469977,2020-09-19 04:00:00+00:00,0
BTC/USDT|2020-09-18T11:00:00+00:00,B_opportunities,2020,2020-09-18 11:00:00+00:00,2020-09-18 10:00:00+00:00,BTC/USDT,-0.014673555003187542,-1.46842833,0,0,0,0,sma_cross_down,3180,0.01875250592309108,-0.02287224348459993,2020-09-20 16:00:00+00:00,0,-0.00831510843812644,-0.00418808091853462,0.001741388737014793,0.0008784399489702999,2020-09-20 16:00:00+00:00,0
ETH/USDT|2020-09-20T04:00:00+00:00,B_opportunities,2020,2020-09-20 04:00:00+00:00,2020-09-20 03:00:00+00:00,ETH/USDT,-0.02578487636634295,-2.58101027,0,0,0,0,sma_cross_down,540,0.002018983690807108,-0.029445697204887544,2020-09-20 13:00:00+00:00,0,-0.002543328351556018,-0.027897952227378786,-0.017095361703243328,-0.09958310390938396,2020-09-22 04:00:00+00:00,0
BTC/USDT|2020-09-23T11:00:00+00:00,B_opportunities,2020,2020-09-23 11:00:00+00:00,2020-09-23 10:00:00+00:00,BTC/USDT,-0.020552597215743706,-2.05629753,0,0,0,0,sma_cross_down,540,0.004687266101512266,-0.0334830601478453,2020-09-23 20:00:00+00:00,0,-0.00017162471395870682,-0.02078184591914556,-0.01103070175438603,0.00989225781845926,2020-09-25 11:00:00+00:00,0
BTC/USDT|2020-09-24T22:00:00+00:00,B_opportunities,2020,2020-09-24 22:00:00+00:00,2020-09-24 21:00:00+00:00,BTC/USDT,0.005946833475908653,0.59514515,1,1,0,0,sma_cross_down,4200,0.016313132499002236,-0.00854774707083994,2020-09-27 20:00:00+00:00,0,0.0018990819225621625,-0.005018197187067086,0.009261546408697141,0.006113315644884931,2020-09-27 20:00:00+00:00,0
ETH/USDT|2020-09-24T23:00:00+00:00,B_opportunities,2020,2020-09-24 23:00:00+00:00,2020-09-24 22:00:00+00:00,ETH/USDT,0.016890728346419137,1.6905345,1,1,1,0,sma_cross_down,6660,0.0495111592509192,-0.03776757973947498,2020-09-29 14:00:00+00:00,0,-0.01716028619480625,-0.02953165531199231,0.003762720560987365,0.00669878281690961,2020-09-29 14:00:00+00:00,0
BTC/USDT|2020-09-28T03:00:00+00:00,B_opportunities,2020,2020-09-28 03:00:00+00:00,2020-09-28 02:00:00+00:00,BTC/USDT,-0.0189992205335833,-1.90014078,0,0,0,0,sma_cross_down,1860,0.003173080978200238,-0.025797212529498292,2020-09-29 10:00:00+00:00,0,-0.004759158698827148,-0.0042521629830784,-0.019988283173151267,-0.012186233370219623,2020-09-30 03:00:00+00:00,0
ETH/USDT|2020-10-01T00:00:00+00:00,B_opportunities,2020,2020-10-01 00:00:00+00:00,2020-09-30 23:00:00+00:00,ETH/USDT,-0.020303349446613564,-2.03229937,0,0,0,0,sma_cross_down,1680,0.029513937136981472,-0.03979657060278463,2020-10-02 04:00:00+00:00,0,0.005724925659339242,0.024344829502820797,-0.01939804907873155,-0.039546452491454165,2020-10-03 00:00:00+00:00,0
BTC/USDT|2020-10-01T02:00:00+00:00,B_opportunities,2020,2020-10-01 02:00:00+00:00,2020-10-01 01:00:00+00:00,BTC/USDT,-0.02333938502679029,-2.33474372,0,0,0,0,sma_cross_down,1260,0.00748323859731026,-0.03707852003295531,2020-10-01 23:00:00+00:00,0,-0.0013036402285105941,0.0019485408086445943,-0.02286490855143708,-0.02775286745493999,2020-10-03 02:00:00+00:00,0
BTC/USDT|2020-10-03T18:00:00+00:00,B_opportunities,2020,2020-10-03 18:00:00+00:00,2020-10-03 17:00:00+00:00,BTC/USDT,-0.0032797274263918126,-0.32829139,0,0,0,0,sma_cross_down,4560,0.020628990966488514,-0.006033051368823927,2020-10-06 22:00:00+00:00,0,-0.003746089947740061,-0.0018352438644074764,0.0023181530377915927,0.010847973388018906,2020-10-06 22:00:00+00:00,0
ETH/USDT|2020-10-03T18:00:00+00:00,B_opportunities,2020,2020-10-03 18:00:00+00:00,2020-10-03 17:00:00+00:00,ETH/USDT,-0.012232008793860851,-1.22425031,0,0,0,0,sma_cross_down,4140,0.022864364910668122,-0.02050899063595102,2020-10-06 15:00:00+00:00,0,-0.006204935221625463,-0.004280256240843383,0.0007756169027031135,0.008416879721927062,2020-10-06 15:00:00+00:00,0
BTC/USDT|2020-10-08T11:00:00+00:00,B_opportunities,2020,2020-10-08 11:00:00+00:00,2020-10-08 10:00:00+00:00,BTC/USDT,0.04999987925773958,5.00128157,1,1,1,0,roi,2340,0.07924131657216127,-0.001351829069981214,2020-10-10 02:00:00+00:00,0,0.029602577711244082,0.027144023393973704,0.03510981479770647,0.06657704758546967,2020-10-10 11:00:00+00:00,0
ETH/USDT|2020-10-08T18:00:00+00:00,B_opportunities,2020,2020-10-08 18:00:00+00:00,2020-10-08 17:00:00+00:00,ETH/USDT,0.05000233036471258,5.00440165,1,1,1,0,roi,1920,0.07544585532886283,-0.008931373947781429,2020-10-10 02:00:00+00:00,0,0.0014267370523612932,-0.004622628049650412,0.040947353402768005,0.06437437580253969,2020-10-10 18:00:00+00:00,0
ETH/USDT|2020-10-12T14:00:00+00:00,B_opportunities,2020,2020-10-12 14:00:00+00:00,2020-10-12 13:00:00+00:00,ETH/USDT,-0.006835727706525562,-0.68422094,0,0,0,0,sma_cross_down,2340,0.028902035391311198,-0.02397644054103354,2020-10-14 05:00:00+00:00,0,0.011363044044826687,0.005290591608027251,-0.015428720354443648,0.00724524367995838,2020-10-14 14:00:00+00:00,0
BTC/USDT|2020-10-15T22:00:00+00:00,B_opportunities,2020,2020-10-15 22:00:00+00:00,2020-10-15 21:00:00+00:00,BTC/USDT,-0.015715475668711208,-1.57294217,0,0,0,0,sma_cross_down,1200,0.00419300162882319,-0.02549038715874752,2020-10-16 18:00:00+00:00,0,0.0013060169007810263,-0.02096761843772188,-0.013866749732009742,-0.013152399381882507,2020-10-17 22:00:00+00:00,0
BTC/USDT|2020-10-18T04:00:00+00:00,B_opportunities,2020,2020-10-18 04:00:00+00:00,2020-10-18 03:00:00+00:00,BTC/USDT,0.05000019850283022,5.00126089,1,1,1,0,roi,3540,0.05435951027531605,-0.00010116097614176756,2020-10-20 15:00:00+00:00,0,0.0033550257652608106,0.006919410768102097,0.004283067763779291,0.03280958337511719,2020-10-20 15:00:00+00:00,0
ETH/USDT|2020-10-18T05:00:00+00:00,B_opportunities,2020,2020-10-18 05:00:00+00:00,2020-10-18 04:00:00+00:00,ETH/USDT,-0.0003183656377282697,-0.03186236,0,0,0,0,sma_cross_down,3480,0.043242216129645294,-0.008469285268329796,2020-10-20 15:00:00+00:00,0,0.011591920946899759,0.019654685633619273,0.014578130090129315,0.02733738733847324,2020-10-20 15:00:00+00:00,0
ETH/USDT|2020-10-21T16:00:00+00:00,B_opportunities,2020,2020-10-21 16:00:00+00:00,2020-10-21 15:00:00+00:00,ETH/USDT,0.05000302072981895,5.00398548,1,1,1,0,roi,1140,0.06121459556009179,-0.009109466700688906,2020-10-22 11:00:00+00:00,0,0.00854809900484832,0.0011737688185762263,0.05766777239091603,0.05128859402908903,2020-10-23 16:00:00+00:00,0
BTC/USDT|2020-10-24T01:00:00+00:00,B_opportunities,2020,2020-10-24 01:00:00+00:00,2020-10-24 00:00:00+00:00,BTC/USDT,0.002482475465729857,0.24822505,1,0,0,0,sma_cross_down,60,0.006445154201747849,-0.0002332281094885591,2020-10-24 02:00:00+00:00,0,0.0031722122267319186,0.0054889964372661915,0.017499856653819812,0.011111266079954607,2020-10-26 01:00:00+00:00,0
BTC/USDT|2020-10-24T04:00:00+00:00,B_opportunities,2020,2020-10-24 04:00:00+00:00,2020-10-24 03:00:00+00:00,BTC/USDT,-0.002223495861185544,-0.22253026,0,0,0,0,sma_cross_down,120,0.0024877118140862464,-0.0027367914532524518,2020-10-24 06:00:00+00:00,0,-0.0014019405077523306,0.01019915575111785,0.02527502864801434,0.009777339767762294,2020-10-26 04:00:00+00:00,0
BTC/USDT|2020-10-24T15:00:00+00:00,B_opportunities,2020,2020-10-24 15:00:00+00:00,2020-10-24 14:00:00+00:00,BTC/USDT,-0.004852161774329081,-0.48551987,0,0,0,0,sma_cross_down,1980,0.021656828914954573,-0.01369938493963041,2020-10-26 00:00:00+00:00,0,0.0018971440291235542,0.004618501095506877,-0.006201112572807421,0.007665104717911708,2020-10-26 15:00:00+00:00,0
ETH/USDT|2020-10-25T00:00:00+00:00,B_opportunities,2020,2020-10-25 00:00:00+00:00,2020-10-24 23:00:00+00:00,ETH/USDT,-0.012652655269813951,-1.26634289,0,0,0,0,sma_cross_down,660,0.012762653467268459,-0.017324210219828218,2020-10-25 11:00:00+00:00,0,-0.013539088659193399,-0.012398699471053543,-0.01523754064152949,-0.0476051827049061,2020-10-27 00:00:00+00:00,0
BTC/USDT|2020-10-26T12:00:00+00:00,B_opportunities,2020,2020-10-26 12:00:00+00:00,2020-10-26 11:00:00+00:00,BTC/USDT,0.04999979856598452,5.00007876,1,1,1,0,roi,2280,0.05435294457744799,-0.028909068916645908,2020-10-28 02:00:00+00:00,0,-0.020537847090148276,-0.007060479269684228,0.02318752377329769,0.013186002282236542,2020-10-28 12:00:00+00:00,0
ETH/USDT|2020-10-27T23:00:00+00:00,B_opportunities,2020,2020-10-27 23:00:00+00:00,2020-10-27 22:00:00+00:00,ETH/USDT,-0.05188578392725517,-5.19265966,0,0,0,1,stop_loss,900,0.010120957788200435,-0.06067637620340671,2020-10-28 14:00:00+00:00,0,0.00128376043055356,-0.025650520910482366,-0.043203476028242704,-0.05275761615563124,2020-10-29 23:00:00+00:00,0
BTC/USDT|2020-10-30T04:00:00+00:00,B_opportunities,2020,2020-10-30 04:00:00+00:00,2020-10-30 03:00:00+00:00,BTC/USDT,0.02093421353844213,2.09418642,1,1,1,0,sma_cross_down,4560,0.049705412459779996,-0.023625072027658622,2020-11-02 08:00:00+00:00,0,-0.011560904503608471,0.008757967710763648,0.004407273788483712,0.019182808058759715,2020-11-02 08:00:00+00:00,0
ETH/USDT|2020-10-31T13:00:00+00:00,B_opportunities,2020,2020-10-31 13:00:00+00:00,2020-10-31 12:00:00+00:00,ETH/USDT,-0.016927072692739284,-1.69434235,0,0,0,0,sma_cross_down,3420,0.0343416779604675,-0.03362569360983958,2020-11-02 22:00:00+00:00,0,-0.01511277041886161,-0.0109957551270905,-0.007466884877000979,-0.026594384493428103,2020-11-02 22:00:00+00:00,0
BTC/USDT|2020-11-03T23:00:00+00:00,B_opportunities,2020,2020-11-03 23:00:00+00:00,2020-11-03 22:00:00+00:00,BTC/USDT,0.05000004628054538,5.00244676,1,1,1,0,roi,1980,0.0523582213496776,-0.02164249767979176,2020-11-05 08:00:00+00:00,0,0.005267578064248157,-0.009800935895701635,0.022912734851011196,0.12375336276483462,2020-11-05 23:00:00+00:00,0
ETH/USDT|2020-11-04T08:00:00+00:00,B_opportunities,2020,2020-11-04 08:00:00+00:00,2020-11-04 07:00:00+00:00,ETH/USDT,0.05000627927617852,5.0042007,1,1,1,0,roi,480,0.0627891606080635,-0.0035955056179776124,2020-11-04 16:00:00+00:00,0,0.01221349829486873,0.06394903111534078,0.06492716842467017,0.15253654796838245,2020-11-06 08:00:00+00:00,0
BTC/USDT|2020-11-09T01:00:00+00:00,B_opportunities,2020,2020-11-09 01:00:00+00:00,2020-11-09 00:00:00+00:00,BTC/USDT,-0.01957095694257312,-1.95874171,0,0,0,0,sma_cross_down,1800,0.018673756224424576,-0.04785258555991356,2020-11-10 07:00:00+00:00,0,-0.011227284010798977,0.0010064554632203127,-0.016053125413997282,-0.004822625890536281,2020-11-11 01:00:00+00:00,0
ETH/USDT|2020-11-09T03:00:00+00:00,B_opportunities,2020,2020-11-09 03:00:00+00:00,2020-11-09 02:00:00+00:00,ETH/USDT,-0.01383515431423145,-1.3844447,0,0,0,0,sma_cross_down,1380,0.014025400331308724,-0.04342352291551632,2020-11-10 02:00:00+00:00,0,-0.010623495372926617,-0.01974512445612564,-0.016299666497338605,0.020385626256156586,2020-11-11 03:00:00+00:00,0
ETH/USDT|2020-11-11T01:00:00+00:00,B_opportunities,2020,2020-11-11 01:00:00+00:00,2020-11-11 00:00:00+00:00,ETH/USDT,-0.01763182336979481,-1.76434835,0,0,0,0,sma_cross_down,2520,0.02761894486999683,-0.02643219333261404,2020-11-12 19:00:00+00:00,0,-0.007466873840044852,-0.0044024342871941124,-0.011372955241918059,0.0007337390478656669,2020-11-13 01:00:00+00:00,0
BTC/USDT|2020-11-11T09:00:00+00:00,B_opportunities,2020,2020-11-11 09:00:00+00:00,2020-11-11 08:00:00+00:00,BTC/USDT,0.04999976917127028,5.00122178,1,1,1,0,roi,1920,0.052104468732382614,-0.000898240928610905,2020-11-12 17:00:00+00:00,0,0.015576754958543049,0.02055185994884612,0.0256464713775586,0.056314811134362985,2020-11-13 09:00:00+00:00,0
ETH/USDT|2020-11-13T14:00:00+00:00,B_opportunities,2020,2020-11-13 14:00:00+00:00,2020-11-13 13:00:00+00:00,ETH/USDT,-0.025948017087506842,-2.59637337,0,0,0,0,sma_cross_down,1740,0.014258736658957272,-0.040930212820131984,2020-11-14 19:00:00+00:00,0,0.00483788830419285,0.00033950093362755673,-0.022831437786453912,-0.028454421999660418,2020-11-15 14:00:00+00:00,0
BTC/USDT|2020-11-16T08:00:00+00:00,B_opportunities,2020,2020-11-16 08:00:00+00:00,2020-11-16 07:00:00+00:00,BTC/USDT,0.04999971599823288,4.99744492,1,1,1,0,roi,1680,0.05286310238357306,-0.004382931205349161,2020-11-17 12:00:00+00:00,0,0.005365949502670331,0.03346327324151521,0.03167647118604622,0.11259070283960493,2020-11-18 08:00:00+00:00,0
ETH/USDT|2020-11-16T22:00:00+00:00,B_opportunities,2020,2020-11-16 22:00:00+00:00,2020-11-16 21:00:00+00:00,ETH/USDT,0.04999351034939155,5.0028711,1,1,1,0,roi,1080,0.05486501809935018,-0.0010467094073006722,2020-11-17 16:00:00+00:00,0,0.007545030310960099,0.009180513759867504,0.04760347158620104,0.033930829953334296,2020-11-18 22:00:00+00:00,0
BTC/USDT|2020-11-19T21:00:00+00:00,B_opportunities,2020,2020-11-19 21:00:00+00:00,2020-11-19 20:00:00+00:00,BTC/USDT,-0.00728203645401926,-0.72785922,0,0,0,0,sma_cross_down,60,0.00421771440048202,-0.009399144916938384,2020-11-19 22:00:00+00:00,0,-0.003545274936348819,0.015570359282267576,0.03325345830751103,0.034847999804704655,2020-11-21 21:00:00+00:00,0
BTC/USDT|2020-11-20T05:00:00+00:00,B_opportunities,2020,2020-11-20 05:00:00+00:00,2020-11-20 04:00:00+00:00,BTC/USDT,-0.0032233735076159036,-0.32230264,0,0,0,0,sma_cross_down,3240,0.04238138630970001,-0.03209272109912831,2020-11-22 11:00:00+00:00,0,0.0049217385856059614,0.026904405052215585,0.021128026209700668,0.02240586453594684,2020-11-22 11:00:00+00:00,0
ETH/USDT|2020-11-20T06:00:00+00:00,B_opportunities,2020,2020-11-20 06:00:00+00:00,2020-11-20 05:00:00+00:00,ETH/USDT,0.05000185460104936,5.00347187,1,1,1,0,roi,480,0.054249174917491816,-0.0068069306930693685,2020-11-20 14:00:00+00:00,0,0.04205858085808578,0.060045379537953636,0.04853547854785467,0.12186468646864679,2020-11-22 06:00:00+00:00,0
BTC/USDT|2020-11-23T21:00:00+00:00,B_opportunities,2020,2020-11-23 21:00:00+00:00,2020-11-23 20:00:00+00:00,BTC/USDT,0.04999989559123247,5.00244301,1,1,1,0,roi,1020,0.055298535895063505,-0.019321830947586105,2020-11-24 14:00:00+00:00,0,-0.001957219833451207,0.013106188428672505,0.03726555271322041,0.028813476296739804,2020-11-25 21:00:00+00:00,0
BTC/USDT|2020-11-28T12:00:00+00:00,B_opportunities,2020,2020-11-28 12:00:00+00:00,2020-11-28 11:00:00+00:00,BTC/USDT,0.05000016390074544,4.99865442,1,1,1,0,roi,1200,0.057933170127078215,-0.005261566092414571,2020-11-29 08:00:00+00:00,0,0.034116556305283874,0.03260784054348709,0.054203629425843,0.0839531266662743,2020-11-30 12:00:00+00:00,0
ETH/USDT|2020-11-28T12:00:00+00:00,B_opportunities,2020,2020-11-28 12:00:00+00:00,2020-11-28 11:00:00+00:00,ETH/USDT,0.04999049164842208,5.00238687,1,1,1,0,roi,420,0.05454194792671152,-0.004821600771456103,2020-11-28 19:00:00+00:00,0,0.04408871745419485,0.0366827386692381,0.06329797492767608,0.1345419479267116,2020-11-30 12:00:00+00:00,0
BTC/USDT|2020-12-03T09:00:00+00:00,B_opportunities,2020,2020-12-03 09:00:00+00:00,2020-12-03 08:00:00+00:00,BTC/USDT,-0.02311133671010377,-2.31331887,0,0,0,0,sma_cross_down,1980,0.011311851771963033,-0.03573030101466601,2020-12-04 18:00:00+00:00,0,-0.0014175291646176813,-0.00048248626462243926,0.0005211883714100196,-0.01181136696357199,2020-12-05 09:00:00+00:00,0
ETH/USDT|2020-12-03T11:00:00+00:00,B_opportunities,2020,2020-12-03 11:00:00+00:00,2020-12-03 10:00:00+00:00,ETH/USDT,-0.05188344404967788,-5.19064608,0,0,0,1,stop_loss,1500,0.017396129116485692,-0.05205783478573056,2020-12-04 12:00:00+00:00,0,0.0023009513862826125,0.0054504805887825025,-0.03188694332479314,-0.03245810147032424,2020-12-05 11:00:00+00:00,0
BTC/USDT|2020-12-06T01:00:00+00:00,B_opportunities,2020,2020-12-06 01:00:00+00:00,2020-12-06 00:00:00+00:00,BTC/USDT,-0.005011356553786299,-0.5006959,0,0,0,0,sma_cross_down,2940,0.007893585540570403,-0.021371843928088996,2020-12-08 02:00:00+00:00,0,-0.004404527316424933,-0.01486028457387878,0.0025818927063996355,-0.002097171543027354,2020-12-08 02:00:00+00:00,0
ETH/USDT|2020-12-06T02:00:00+00:00,B_opportunities,2020,2020-12-06 02:00:00+00:00,2020-12-06 01:00:00+00:00,ETH/USDT,-0.029061286069145965,-2.90809663,0,0,0,0,sma_cross_down,2520,0.0006957443636426142,-0.034240561896400235,2020-12-07 20:00:00+00:00,0,-0.005069582504970249,-0.026640159045725698,-0.014960238568588413,-0.02319416832339294,2020-12-08 02:00:00+00:00,0
ETH/USDT|2020-12-10T05:00:00+00:00,B_opportunities,2020,2020-12-10 05:00:00+00:00,2020-12-10 04:00:00+00:00,ETH/USDT,-0.016426352922648855,-1.64420553,0,0,0,0,sma_cross_down,1140,0.002820924205292563,-0.037606445811809164,2020-12-11 00:00:00+00:00,0,-0.02313035506505412,-0.013469200662882153,-0.038538838545890464,-0.01318712316208881,2020-12-12 05:00:00+00:00,0
BTC/USDT|2020-12-12T08:00:00+00:00,B_opportunities,2020,2020-12-12 08:00:00+00:00,2020-12-12 07:00:00+00:00,BTC/USDT,0.049999949834060274,5.00458577,1,1,1,0,roi,1560,0.05381415984570914,-0.003918752397195968,2020-12-13 10:00:00+00:00,0,0.0010532701153647128,0.023091423954822776,0.04715940775317806,0.042160727061044456,2020-12-14 08:00:00+00:00,0
ETH/USDT|2020-12-12T10:00:00+00:00,B_opportunities,2020,2020-12-12 10:00:00+00:00,2020-12-12 09:00:00+00:00,ETH/USDT,0.0499922906095968,5.00150619,1,1,1,0,roi,1440,0.05435856888713175,-0.009362252690973794,2020-12-13 10:00:00+00:00,0,-0.003504106093550674,0.024510772880015796,0.048464482740031345,0.05540081582777767,2020-12-14 10:00:00+00:00,0
ETH/USDT|2020-12-15T14:00:00+00:00,B_opportunities,2020,2020-12-15 14:00:00+00:00,2020-12-15 13:00:00+00:00,ETH/USDT,0.05000765544633729,5.0043251,1,1,1,0,roi,1440,0.06468153246001052,-0.01076605965623556,2020-12-16 14:00:00+00:00,0,0.00892613791223762,-0.0037135459253201386,0.03773167075497419,0.12276846552194076,2020-12-17 14:00:00+00:00,0
BTC/USDT|2020-12-19T13:00:00+00:00,B_opportunities,2020,2020-12-19 13:00:00+00:00,2020-12-19 12:00:00+00:00,BTC/USDT,0.049999906916163774,4.99347044,1,1,1,0,roi,1860,0.05440046733007753,-0.002139614860645067,2020-12-20 20:00:00+00:00,0,0.03390096056989278,0.019090746144027726,0.018701449079119303,-0.03185682547990509,2020-12-21 13:00:00+00:00,0
ETH/USDT|2020-12-19T13:00:00+00:00,B_opportunities,2020,2020-12-19 13:00:00+00:00,2020-12-19 12:00:00+00:00,ETH/USDT,-0.013884420664081678,-1.3889652,0,0,0,0,sma_cross_down,1680,0.02298060772637056,-0.02232401893418845,2020-12-20 17:00:00+00:00,0,0.006290940739948958,-0.010474721717487867,-0.010902261379426181,-0.07895741399581613,2020-12-21 13:00:00+00:00,0
BTC/USDT|2020-12-23T00:00:00+00:00,B_opportunities,2020,2020-12-23 00:00:00+00:00,2020-12-22 23:00:00+00:00,BTC/USDT,-0.05189770372148666,-5.1828668,0,0,0,1,stop_loss,1320,0.012146174066463011,-0.050850475771698544,2020-12-23 22:00:00+00:00,0,-0.011666139594696423,-0.0313630921107616,-0.024275969003968445,-0.003426597773530382,2020-12-25 00:00:00+00:00,0
ETH/USDT|2020-12-23T03:00:00+00:00,B_opportunities,2020,2020-12-23 03:00:00+00:00,2020-12-23 02:00:00+00:00,ETH/USDT,-0.051886894528881816,-5.19303341,0,0,0,1,stop_loss,480,0.004620271440947121,-0.0503256649661501,2020-12-23 11:00:00+00:00,0,-0.016956493839835773,-0.017084830595482492,-0.07793249486652987,-0.018544661190965206,2020-12-25 03:00:00+00:00,0
BTC/USDT|2020-12-25T04:00:00+00:00,B_opportunities,2020,2020-12-25 04:00:00+00:00,2020-12-25 03:00:00+00:00,BTC/USDT,0.0500000051554186,4.99474527,1,1,1,0,roi,1140,0.05573224537076471,-0.0012524913547860006,2020-12-25 23:00:00+00:00,0,0.019305223197612076,0.023164053300490206,0.06083928383588422,0.1314612832984332,2020-12-27 04:00:00+00:00,0
ETH/USDT|2020-12-25T06:00:00+00:00,B_opportunities,2020,2020-12-25 06:00:00+00:00,2020-12-25 05:00:00+00:00,ETH/USDT,0.050006008141828574,5.00498928,1,1,1,0,roi,2040,0.0666983965469139,-0.002872101229259294,2020-12-26 16:00:00+00:00,0,0.03328628171880643,0.009913665758461088,0.0283130354856711,0.06017135541476537,2020-12-27 06:00:00+00:00,0
ETH/USDT|2020-12-30T01:00:00+00:00,B_opportunities,2020,2020-12-30 01:00:00+00:00,2020-12-30 00:00:00+00:00,ETH/USDT,-0.004124703982609326,-0.41266594,0,0,0,0,sma_cross_down,3240,0.023319171892912438,-0.03348843482365638,2021-01-01 07:00:00+00:00,0,-0.006338930474071192,-0.0248971609683728,0.005367860273787661,-0.009953469552903105,2021-01-01 07:00:00+00:00,0
BTC/USDT|2020-12-30T03:00:00+00:00,B_opportunities,2020,2020-12-30 03:00:00+00:00,2020-12-30 02:00:00+00:00,BTC/USDT,0.0500000406756109,5.00300207,1,1,1,0,roi,2760,0.05249999999999999,-0.024285714285714244,2021-01-01 01:00:00+00:00,0,-0.009530292716133482,0.006565915953132828,0.02576329130109012,0.042698097155841275,2021-01-01 03:00:00+00:00,0
ETH/USDT|2021-01-02T17:00:00+00:00,B_opportunities,2021,2021-01-02 17:00:00+00:00,2021-01-02 16:00:00+00:00,ETH/USDT,0.049999083925897234,5.00150156,1,1,1,0,roi,960,0.05591221832877191,-0.040693659360053314,2021-01-03 09:00:00+00:00,0,-0.012468987390336861,-0.005793283372125813,0.19607642530117397,0.29185103716397665,2021-01-04 17:00:00+00:00,0
BTC/USDT|2021-01-05T23:00:00+00:00,B_opportunities,2021,2021-01-05 23:00:00+00:00,2021-01-05 22:00:00+00:00,BTC/USDT,0.05000004202774235,4.99577576,1,1,1,0,roi,1260,0.0604553141682973,-0.026194855226640557,2021-01-06 20:00:00+00:00,0,0.033422343346569905,0.006843668655740265,0.052838773885117485,0.16038477133066276,2021-01-07 23:00:00+00:00,0
ETH/USDT|2021-01-09T01:00:00+00:00,B_opportunities,2021,2021-01-09 01:00:00+00:00,2021-01-09 00:00:00+00:00,ETH/USDT,-0.0031727002384951074,-0.31728779,0,0,0,0,sma_cross_down,420,0.02788189429923782,-0.022163601606130845,2021-01-09 08:00:00+00:00,0,-0.015134440242752123,0.021754192648986148,0.07678244972577697,0.0174217191321695,2021-01-11 01:00:00+00:00,0
ETH/USDT|2021-01-09T19:00:00+00:00,B_opportunities,2021,2021-01-09 19:00:00+00:00,2021-01-09 18:00:00+00:00,ETH/USDT,0.05000087734409938,5.0018197,1,1,1,0,roi,120,0.056740889531228245,-0.005838212118985275,2021-01-09 21:00:00+00:00,0,0.053254292923107016,0.08137569507385534,0.048167291314536786,-0.18876613673664355,2021-01-11 19:00:00+00:00,0
BTC/USDT|2021-01-12T21:00:00+00:00,B_opportunities,2021,2021-01-12 21:00:00+00:00,2021-01-12 20:00:00+00:00,BTC/USDT,-0.05189788355834953,-5.18344189,0,0,0,1,stop_loss,180,0.022254757137711634,-0.05564491315462128,2021-01-13 00:00:00+00:00,0,-0.03653586755696969,0.006744060231072657,0.05640815505155605,0.14655031869796842,2021-01-14 21:00:00+00:00,0
ETH/USDT|2021-01-12T23:00:00+00:00,B_opportunities,2021,2021-01-12 23:00:00+00:00,2021-01-12 22:00:00+00:00,ETH/USDT,-0.05189288869655308,-5.19038278,0,0,0,1,stop_loss,60,0.0001139698549732504,-0.06214206342422435,2021-01-13 00:00:00+00:00,0,-0.027373181692937787,0.025767465724139793,0.06247090233636432,0.14070442474512812,2021-01-14 23:00:00+00:00,0
BTC/USDT|2021-01-13T22:00:00+00:00,B_opportunities,2021,2021-01-13 22:00:00+00:00,2021-01-13 21:00:00+00:00,BTC/USDT,0.049999932652269465,5.00201779,1,1,1,0,roi,960,0.06627426004759829,-0.01582194214460486,2021-01-14 14:00:00+00:00,0,-0.006819396190135607,0.01712141372442355,0.039705100525503356,-0.028564465626741642,2021-01-15 22:00:00+00:00,0
ETH/USDT|2021-01-14T01:00:00+00:00,B_opportunities,2021,2021-01-14 01:00:00+00:00,2021-01-14 00:00:00+00:00,ETH/USDT,0.04999712846752278,4.99993401,1,1,1,0,roi,720,0.05554722704785764,-0.04170230778049189,2021-01-14 13:00:00+00:00,0,-0.011113169105389842,0.03084345425519719,0.09111916668871656,0.048174706074317175,2021-01-16 01:00:00+00:00,0
ETH/USDT|2021-01-16T18:00:00+00:00,B_opportunities,2021,2021-01-16 18:00:00+00:00,2021-01-16 17:00:00+00:00,ETH/USDT,-0.05189810185810662,-5.19042424,0,0,0,1,stop_loss,780,0.021625717932354904,-0.06668793873643897,2021-01-17 07:00:00+00:00,0,-0.020486473981061182,-0.030386674218793597,-0.016992285661861506,-0.027865752965672397,2021-01-18 18:00:00+00:00,0
ETH/USDT|2021-01-18T04:00:00+00:00,B_opportunities,2021,2021-01-18 04:00:00+00:00,2021-01-18 03:00:00+00:00,ETH/USDT,0.004504510913466783,0.4506475,1,0,0,0,sma_cross_down,60,0.01380991064175463,-0.005083454068856907,2021-01-18 05:00:00+00:00,0,0.03055934744194233,0.03876657147403417,0.10671903657239534,0.1255872771278066,2021-01-20 04:00:00+00:00,0
ETH/USDT|2021-01-18T06:00:00+00:00,B_opportunities,2021,2021-01-18 06:00:00+00:00,2021-01-18 05:00:00+00:00,ETH/USDT,-0.0100622639789765,-1.00612489,0,0,0,0,sma_cross_down,60,0.015854486447104854,-0.010183299389001976,2021-01-18 07:00:00+00:00,0,0.014563187177109693,0.008891906212743494,0.0939114452245331,0.13271625380845165,2021-01-20 06:00:00+00:00,0
ETH/USDT|2021-01-18T11:00:00+00:00,B_opportunities,2021,2021-01-18 11:00:00+00:00,2021-01-18 10:00:00+00:00,ETH/USDT,-0.000611582264025757,-0.06120637,0,0,0,0,sma_cross_down,60,0.025144435455533465,-0.012036968939226789,2021-01-18 12:00:00+00:00,0,0.005131850980199859,0.01403087282325366,0.1320062432072433,0.06491628055208265,2021-01-20 11:00:00+00:00,0
BTC/USDT|2021-01-18T14:00:00+00:00,B_opportunities,2021,2021-01-18 14:00:00+00:00,2021-01-18 13:00:00+00:00,BTC/USDT,-0.05189791183561355,-5.17591474,0,0,0,1,stop_loss,2280,0.029513444058388183,-0.055159616743560624,2021-01-20 04:00:00+00:00,0,-0.022048164130772374,0.00423371315083898,0.00858764351950314,-0.049180809415456106,2021-01-20 14:00:00+00:00,0
ETH/USDT|2021-01-19T00:00:00+00:00,B_opportunities,2021,2021-01-19 00:00:00+00:00,2021-01-18 23:00:00+00:00,ETH/USDT,0.049998780778051234,5.00119877,1,1,1,0,roi,60,0.06076184724914979,-0.005585926326160839,2021-01-19 01:00:00+00:00,0,0.0499185505979578,0.13596885057014574,0.08495371290079046,0.09419524017640746,2021-01-21 00:00:00+00:00,0
BTC/USDT|2021-01-23T03:00:00+00:00,B_opportunities,2021,2021-01-23 03:00:00+00:00,2021-01-23 02:00:00+00:00,BTC/USDT,-0.006952404818231478,-0.69589485,0,0,0,0,sma_cross_down,1440,0.037196914574793016,-0.026847886776390384,2021-01-24 03:00:00+00:00,0,0.021300420973723755,-0.016568303056438416,-0.0049643215546048,0.015874792326553422,2021-01-25 03:00:00+00:00,0
ETH/USDT|2021-01-23T03:00:00+00:00,B_opportunities,2021,2021-01-23 03:00:00+00:00,2021-01-23 02:00:00+00:00,ETH/USDT,0.050002922143049744,5.00507828,1,1,1,0,roi,1440,0.061125416167811863,-0.019320026897151177,2021-01-24 03:00:00+00:00,0,0.03866184418801111,-0.00011482092037162772,0.030977044017419963,0.17176389538173864,2021-01-25 03:00:00+00:00,0
BTC/USDT|2021-01-25T06:00:00+00:00,B_opportunities,2021,2021-01-25 06:00:00+00:00,2021-01-25 05:00:00+00:00,BTC/USDT,-0.05189790727484769,-5.19463713,0,0,0,1,stop_loss,1260,0.04631916169658812,-0.05619761466232909,2021-01-26 03:00:00+00:00,0,-0.004376389279331261,0.013597798814501738,-0.038066816216551835,-0.054835224608346556,2021-01-27 06:00:00+00:00,0
ETH/USDT|2021-01-28T17:00:00+00:00,B_opportunities,2021,2021-01-28 17:00:00+00:00,2021-01-28 16:00:00+00:00,ETH/USDT,0.04999903860312263,4.9983573,1,1,1,0,roi,1080,0.05814667643424265,-0.048882278509112864,2021-01-29 11:00:00+00:00,0,-0.0015539325593270092,-0.03390532850874284,0.017988619293922703,0.0051945745554642375,2021-01-30 17:00:00+00:00,0
BTC/USDT|2021-01-28T19:00:00+00:00,B_opportunities,2021,2021-01-28 19:00:00+00:00,2021-01-28 18:00:00+00:00,BTC/USDT,0.04999988230598718,4.99793576,1,1,1,0,roi,780,0.1215403468011127,-0.022010688953654878,2021-01-29 08:00:00+00:00,0,0.046471927162367255,-0.0045946396483632634,0.0787156091498109,0.05228708499930135,2021-01-30 19:00:00+00:00,0
ETH/USDT|2021-01-31T01:00:00+00:00,B_opportunities,2021,2021-01-31 01:00:00+00:00,2021-01-31 00:00:00+00:00,ETH/USDT,-0.02172095776339716,-2.17307733,0,0,0,0,sma_cross_down,540,0.007643135075041663,-0.021386150200403686,2021-01-31 10:00:00+00:00,0,-0.013348058863111079,-0.005814633860916962,-0.06382932038266875,0.009778824493139382,2021-02-02 01:00:00+00:00,0
BTC/USDT|2021-02-01T19:00:00+00:00,B_opportunities,2021,2021-02-01 19:00:00+00:00,2021-02-01 18:00:00+00:00,BTC/USDT,0.050000002511182286,4.99844266,1,1,1,0,roi,840,0.057160860616867204,-0.00952947759778433,2021-02-02 09:00:00+00:00,0,0.0009353269582872414,0.016705146996044196,0.04543791682082521,0.10028068702507342,2021-02-03 19:00:00+00:00,0
ETH/USDT|2021-02-02T02:00:00+00:00,B_opportunities,2021,2021-02-02 02:00:00+00:00,2021-02-02 01:00:00+00:00,ETH/USDT,0.05000030696551171,4.9991835,1,1,1,0,roi,360,0.05303617056698817,-0.01536724308908366,2021-02-02 08:00:00+00:00,0,0.024300905583344745,0.03285001773524532,0.09973722881362068,0.22430380113360782,2021-02-04 02:00:00+00:00,0
BTC/USDT|2021-02-08T15:00:00+00:00,B_opportunities,2021,2021-02-08 15:00:00+00:00,2021-02-08 14:00:00+00:00,BTC/USDT,0.05000009111792318,4.99272331,1,1,1,0,roi,480,0.07422982016224156,-0.023858765182469654,2021-02-08 23:00:00+00:00,0,0.01359865175132513,0.049327654869643744,0.07038106942052713,0.032034680533615134,2021-02-10 15:00:00+00:00,0
ETH/USDT|2021-02-08T17:00:00+00:00,B_opportunities,2021,2021-02-08 17:00:00+00:00,2021-02-08 16:00:00+00:00,ETH/USDT,0.050000572217691115,4.99722006,1,1,1,0,roi,900,0.058116993074776024,-0.01922829882399646,2021-02-09 08:00:00+00:00,0,0.0011678286561795925,0.014545305912716522,0.011181959382919437,0.008437562040897406,2021-02-10 17:00:00+00:00,0
BTC/USDT|2021-02-11T20:00:00+00:00,B_opportunities,2021,2021-02-11 20:00:00+00:00,2021-02-11 19:00:00+00:00,BTC/USDT,-0.018353198552708557,-1.83358929,0,0,0,0,sma_cross_down,2520,0.025794268210299398,-0.03411273019527983,2021-02-13 14:00:00+00:00,0,0.015149925566491529,-0.009113785789387818,-0.010074123587056505,-0.018509013794228424,2021-02-13 20:00:00+00:00,0
ETH/USDT|2021-02-11T22:00:00+00:00,B_opportunities,2021,2021-02-11 22:00:00+00:00,2021-02-11 21:00:00+00:00,ETH/USDT,0.05000095991416458,5.00141559,1,1,1,0,roi,1500,0.054432576995493864,-0.01624439531609556,2021-02-12 23:00:00+00:00,0,-0.002272997133309529,-0.0015379483091050306,0.04523942801893033,0.024578901837056577,2021-02-13 22:00:00+00:00,0
BTC/USDT|2021-02-14T09:00:00+00:00,B_opportunities,2021,2021-02-14 09:00:00+00:00,2021-02-14 08:00:00+00:00,BTC/USDT,-0.05189792772520087,-5.18749392,0,0,0,1,stop_loss,1020,0.020473342630502156,-0.06445019592417756,2021-02-15 02:00:00+00:00,0,0.0009692021193932199,0.00450275579001258,-0.02279154435305808,0.011970600800613074,2021-02-16 09:00:00+00:00,0
ETH/USDT|2021-02-16T05:00:00+00:00,B_opportunities,2021,2021-02-16 05:00:00+00:00,2021-02-16 04:00:00+00:00,ETH/USDT,-0.0352247340079528,-3.52230056,0,0,0,0,sma_cross_down,1020,0.00662996833941909,-0.04907941620977618,2021-02-16 22:00:00+00:00,0,-0.010093878586636351,-0.03514655429182889,-0.04093260819203748,0.04859954329336236,2021-02-18 05:00:00+00:00,0
BTC/USDT|2021-02-16T06:00:00+00:00,B_opportunities,2021,2021-02-16 06:00:00+00:00,2021-02-16 05:00:00+00:00,BTC/USDT,0.049999972355957184,4.99666147,1,1,1,0,roi,2160,0.05288757161587543,-0.029057907596406918,2021-02-17 18:00:00+00:00,0,-0.005358991423783599,-0.0192872856581352,0.010731606540429928,0.0608181983255871,2021-02-18 06:00:00+00:00,0
ETH/USDT|2021-02-17T19:00:00+00:00,B_opportunities,2021,2021-02-17 19:00:00+00:00,2021-02-17 18:00:00+00:00,ETH/USDT,0.04999848239865183,5.00387965,1,1,1,0,roi,360,0.055775292519102404,-0.0008801703129555083,2021-02-18 01:00:00+00:00,0,0.028446160785996488,0.04317259134567775,0.05960436126789248,0.08203232443256225,2021-02-19 19:00:00+00:00,0
ETH/USDT|2021-02-24T17:00:00+00:00,B_opportunities,2021,2021-02-24 17:00:00+00:00,2021-02-24 16:00:00+00:00,ETH/USDT,-0.051897798693323095,-5.18980933,0,0,0,1,stop_loss,240,0.009272030185744295,-0.0528432808161331,2021-02-24 21:00:00+00:00,0,-0.03351541186406681,-0.03328452251474956,-0.015129328415795174,-0.05812943170839879,2021-02-26 17:00:00+00:00,0
BTC/USDT|2021-02-24T19:00:00+00:00,B_opportunities,2021,2021-02-24 19:00:00+00:00,2021-02-24 18:00:00+00:00,BTC/USDT,-0.05189810184796922,-5.17607461,0,0,0,1,stop_loss,1680,0.04986342545894695,-0.0584155739358484,2021-02-25 23:00:00+00:00,0,0.01890760540649583,0.01782408714948569,-0.0005216865039338048,-0.04544906193262066,2021-02-26 19:00:00+00:00,0
BTC/USDT|2021-02-27T19:00:00+00:00,B_opportunities,2021,2021-02-27 19:00:00+00:00,2021-02-27 18:00:00+00:00,BTC/USDT,-0.03880291033086742,-3.88141103,0,0,0,0,sma_cross_down,480,0.008928364960415713,-0.05711713840864441,2021-02-28 03:00:00+00:00,0,-0.016767544334196804,-0.058635701147523256,-0.07338102481526987,0.028194194283386542,2021-03-01 19:00:00+00:00,0
ETH/USDT|2021-02-27T22:00:00+00:00,B_opportunities,2021,2021-02-27 22:00:00+00:00,2021-02-27 21:00:00+00:00,ETH/USDT,-0.051893465338824614,-5.18917834,0,0,0,1,stop_loss,60,0.0021636115056347105,-0.05424957192349045,2021-02-27 23:00:00+00:00,0,-0.09120534143929493,-0.09444418633977336,-0.062420771084017446,0.025014767274392558,2021-03-01 22:00:00+00:00,0
ETH/USDT|2021-03-01T12:00:00+00:00,B_opportunities,2021,2021-03-01 12:00:00+00:00,2021-03-01 11:00:00+00:00,ETH/USDT,0.011018988602686129,1.10172376,1,1,1,0,sma_cross_down,2520,0.05111643004688671,-0.04552936161841381,2021-03-03 06:00:00+00:00,0,-0.0027082677578429415,0.029443395236596226,0.027954831602140295,0.0539555135872416,2021-03-03 12:00:00+00:00,0
BTC/USDT|2021-03-01T13:00:00+00:00,B_opportunities,2021,2021-03-01 13:00:00+00:00,2021-03-01 12:00:00+00:00,BTC/USDT,0.050000006263008386,4.98801886,1,1,1,0,roi,2580,0.06436976403457861,-0.018078298945189197,2021-03-03 08:00:00+00:00,0,0.01150962770642261,0.030071085991927093,0.018725920298535925,0.09655339380303785,2021-03-03 13:00:00+00:00,0
ETH/USDT|2021-03-03T15:00:00+00:00,B_opportunities,2021,2021-03-03 15:00:00+00:00,2021-03-03 14:00:00+00:00,ETH/USDT,-0.051896532939252456,-5.18797017,0,0,0,1,stop_loss,1620,0.02874390819053607,-0.05245087250432323,2021-03-04 18:00:00+00:00,0,-0.008156001609819885,0.004420716369856192,-0.010036220947781449,-0.060890180098601476,2021-03-05 15:00:00+00:00,0
BTC/USDT|2021-03-06T06:00:00+00:00,B_opportunities,2021,2021-03-06 06:00:00+00:00,2021-03-06 05:00:00+00:00,BTC/USDT,0.050000049140809806,5.00011584,1,1,1,0,roi,1620,0.05468358700576359,-0.029409890698810393,2021-03-07 09:00:00+00:00,0,-0.006707112380578417,-0.005064099761878604,0.017438863351993295,0.04679719764072621,2021-03-08 06:00:00+00:00,0
ETH/USDT|2021-03-06T08:00:00+00:00,B_opportunities,2021,2021-03-06 08:00:00+00:00,2021-03-06 07:00:00+00:00,ETH/USDT,0.0500020643332922,5.00481273,1,1,1,0,roi,960,0.06120651695288415,-0.04822922564005794,2021-03-07 00:00:00+00:00,0,-0.03823042704066548,0.019757001466045088,0.059919084382530796,0.06342374992921451,2021-03-08 08:00:00+00:00,0
ETH/USDT|2021-03-12T07:00:00+00:00,B_opportunities,2021,2021-03-12 07:00:00+00:00,2021-03-12 06:00:00+00:00,ETH/USDT,-0.03631099551651434,-3.63455324,0,0,0,0,sma_cross_down,420,0.0,-0.04894841917233983,2021-03-12 14:00:00+00:00,0,-0.02115881276165088,-0.01943889881265115,-0.020119122014345625,0.049949398030117775,2021-03-14 07:00:00+00:00,0
ETH/USDT|2021-03-13T16:00:00+00:00,B_opportunities,2021,2021-03-13 16:00:00+00:00,2021-03-13 15:00:00+00:00,ETH/USDT,-0.020568969714397423,-2.05883029,0,0,0,0,sma_cross_down,2280,0.0363741031736724,-0.04198693005554188,2021-03-15 06:00:00+00:00,0,0.020356491796637677,0.018624137820752118,-0.009621227466072524,-0.0587507862221891,2021-03-15 16:00:00+00:00,0
ETH/USDT|2021-03-17T04:00:00+00:00,B_opportunities,2021,2021-03-17 04:00:00+00:00,2021-03-17 03:00:00+00:00,ETH/USDT,-0.0030881220066900604,-0.30859679,0,0,0,0,sma_cross_down,540,0.01587517191028409,-0.014562145213961153,2021-03-17 13:00:00+00:00,0,-0.005292472801784243,0.003469824414431777,0.03792467141385436,0.007584934282770739,2021-03-19 04:00:00+00:00,0
BTC/USDT|2021-03-17T09:00:00+00:00,B_opportunities,2021,2021-03-17 09:00:00+00:00,2021-03-17 08:00:00+00:00,BTC/USDT,0.05000001077657076,4.9976716,1,1,1,0,roi,720,0.0528460523973584,-0.02976510694532908,2021-03-17 21:00:00+00:00,0,-0.02198451783912414,0.03478304679000477,0.040016917925470796,0.045950742230053576,2021-03-19 09:00:00+00:00,0
ETH/USDT|2021-03-17T22:00:00+00:00,B_opportunities,2021,2021-03-17 22:00:00+00:00,2021-03-17 21:00:00+00:00,ETH/USDT,-0.027426793734846813,-2.7453563,0,0,0,0,sma_cross_down,1740,0.01567432540009328,-0.048302176837135224,2021-03-19 03:00:00+00:00,0,0.0067366132459274475,-0.004941281109482332,-0.021516534075623595,0.0024212277436461704,2021-03-19 22:00:00+00:00,0
BTC/USDT|2021-03-19T21:00:00+00:00,B_opportunities,2021,2021-03-19 21:00:00+00:00,2021-03-19 20:00:00+00:00,BTC/USDT,-0.024641983769952833,-2.46214417,0,0,0,0,sma_cross_down,2040,0.0258270987954754,-0.029198897218737474,2021-03-21 07:00:00+00:00,0,0.0030310557729338328,0.005123311702105671,0.002525851258471379,-0.010483036503552978,2021-03-21 21:00:00+00:00,0
ETH/USDT|2021-03-19T22:00:00+00:00,B_opportunities,2021,2021-03-19 22:00:00+00:00,2021-03-19 21:00:00+00:00,ETH/USDT,-0.02738302463897692,-2.73746697,0,0,0,0,sma_cross_down,2040,0.023584569797948207,-0.03262185269776585,2021-03-21 08:00:00+00:00,0,0.0038777522182058544,0.004031109650564302,0.004228283492167861,-0.009168583634571181,2021-03-21 22:00:00+00:00,0
BTC/USDT|2021-03-24T15:00:00+00:00,B_opportunities,2021,2021-03-24 15:00:00+00:00,2021-03-24 14:00:00+00:00,BTC/USDT,-0.05189797836597955,-5.16949263,0,0,0,1,stop_loss,300,0.0018123663983342642,-0.05902686518802658,2021-03-24 20:00:00+00:00,0,-0.04387209969693673,-0.07576988416032371,-0.09272108717203154,-0.05527583886266829,2021-03-26 15:00:00+00:00,0
ETH/USDT|2021-03-24T21:00:00+00:00,B_opportunities,2021,2021-03-24 21:00:00+00:00,2021-03-24 20:00:00+00:00,ETH/USDT,-0.001911369342963041,-0.19131464,0,0,0,0,sma_cross_down,60,0.004960348216444865,-0.04704270239770825,2021-03-24 22:00:00+00:00,0,-0.02526386287812077,-0.00963052995820357,-0.005853973136216384,0.03163874040357695,2021-03-26 21:00:00+00:00,0
ETH/USDT|2021-03-26T15:00:00+00:00,B_opportunities,2021,2021-03-26 15:00:00+00:00,2021-03-26 14:00:00+00:00,ETH/USDT,0.05000067892223971,5.00358646,1,1,1,0,roi,1800,0.053671886878515984,-0.006045309411585875,2021-03-27 21:00:00+00:00,0,0.011811358853653475,0.03098809132820013,0.022400223819776466,0.03409602354973296,2021-03-28 15:00:00+00:00,0
BTC/USDT|2021-03-26T18:00:00+00:00,B_opportunities,2021,2021-03-26 18:00:00+00:00,2021-03-26 17:00:00+00:00,BTC/USDT,0.0500000841060627,4.98392377,1,1,1,0,roi,1620,0.05339430472144313,-0.006741123397949744,2021-03-27 21:00:00+00:00,0,0.02232480764150102,0.025152915113300756,0.042002839626500865,0.03982890154165486,2021-03-28 18:00:00+00:00,0
BTC/USDT|2021-03-29T10:00:00+00:00,B_opportunities,2021,2021-03-29 10:00:00+00:00,2021-03-29 09:00:00+00:00,BTC/USDT,0.01909467204614914,1.90423164,1,1,1,0,sma_cross_down,7500,0.03932516375413919,-0.01990946476480515,2021-04-03 15:00:00+00:00,0,-0.00349537828328339,-0.006467295786416916,0.016430833082997642,0.0006361982107034869,2021-04-03 15:00:00+00:00,0
ETH/USDT|2021-03-29T14:00:00+00:00,B_opportunities,2021,2021-03-29 14:00:00+00:00,2021-03-29 13:00:00+00:00,ETH/USDT,0.05000245005687418,5.00265859,1,1,1,0,roi,3120,0.06303287475934694,-0.012022833280010636,2021-03-31 18:00:00+00:00,0,0.019347668681698016,0.01453179988886455,0.028709987034199358,0.02662760087785765,2021-03-31 18:00:00+00:00,0
BTC/USDT|2021-04-03T17:00:00+00:00,B_opportunities,2021,2021-04-03 17:00:00+00:00,2021-04-03 16:00:00+00:00,BTC/USDT,-0.012203936970780812,-1.22132772,0,0,0,0,sma_cross_down,60,2.380558050418813e-05,-0.018739072813448998,2021-04-03 18:00:00+00:00,0,-0.021305824511381966,-0.021462771302848793,-0.013243554554058568,0.002954782660151256,2021-04-05 17:00:00+00:00,0
ETH/USDT|2021-04-05T15:00:00+00:00,B_opportunities,2021,2021-04-05 15:00:00+00:00,2021-04-05 14:00:00+00:00,ETH/USDT,-0.03258528546389523,-3.2611188,0,0,0,0,sma_cross_down,2580,0.01548005155296206,-0.05533445692353456,2021-04-07 10:00:00+00:00,0,-0.006675447665717704,0.0047256881989981014,-0.0178122093654548,-0.05807733888519084,2021-04-07 15:00:00+00:00,0
BTC/USDT|2021-04-05T17:00:00+00:00,B_opportunities,2021,2021-04-05 17:00:00+00:00,2021-04-05 16:00:00+00:00,BTC/USDT,-0.026915603570219642,-2.68568775,0,0,0,0,sma_cross_down,1980,0.00867581464717837,-0.030884055560613466,2021-04-07 02:00:00+00:00,0,-0.001802707231224443,-0.0031971647668984637,-0.015360225256177529,-0.04062270963528625,2021-04-07 17:00:00+00:00,0
BTC/USDT|2021-04-08T21:00:00+00:00,B_opportunities,2021,2021-04-08 21:00:00+00:00,2021-04-08 20:00:00+00:00,BTC/USDT,0.05000006891968617,4.99381227,1,1,1,0,roi,1860,0.061702654463401174,-0.003903653246565386,2021-04-10 04:00:00+00:00,0,0.003973702612452001,0.001143666220077444,0.01140007736565618,0.016317703401713457,2021-04-10 21:00:00+00:00,0
ETH/USDT|2021-04-08T23:00:00+00:00,B_opportunities,2021,2021-04-08 23:00:00+00:00,2021-04-08 22:00:00+00:00,ETH/USDT,0.050002391663571365,4.99872849,1,1,1,0,roi,1740,0.06057461667286046,-0.011785771166849202,2021-04-10 04:00:00+00:00,0,0.0016168031698995389,0.008243283027427939,-0.0026351478530299843,0.018460513805568457,2021-04-10 23:00:00+00:00,0
ETH/USDT|2021-04-12T07:00:00+00:00,B_opportunities,2021,2021-04-12 07:00:00+00:00,2021-04-12 06:00:00+00:00,ETH/USDT,0.05000134256930532,4.9989041,1,1,1,0,roi,2040,0.05834012061533955,-0.038188756600441076,2021-04-13 17:00:00+00:00,0,-0.013772907181587302,-0.021185568189617587,-0.012404767896771696,0.092887048433961,2021-04-14 07:00:00+00:00,0
BTC/USDT|2021-04-12T10:00:00+00:00,B_opportunities,2021,2021-04-12 10:00:00+00:00,2021-04-12 09:00:00+00:00,BTC/USDT,0.04999998711703409,4.98433233,1,1,1,0,roi,1380,0.05493478987775413,-0.01069522014687907,2021-04-13 09:00:00+00:00,0,-8.984498323283407e-05,5.1673366978644e-06,0.04887333724272902,0.05961106290115614,2021-04-14 10:00:00+00:00,0
ETH/USDT|2021-04-17T10:00:00+00:00,B_opportunities,2021,2021-04-17 10:00:00+00:00,2021-04-17 09:00:00+00:00,ETH/USDT,-0.023385924400611085,-2.33823943,0,0,0,0,sma_cross_down,300,0.0029061414814754993,-0.04357570334370453,2021-04-17 15:00:00+00:00,0,-0.03745115423767764,-0.019316651889797365,-0.13068909467047574,-0.08559501526943147,2021-04-19 10:00:00+00:00,0
ETH/USDT|2021-04-19T21:00:00+00:00,B_opportunities,2021,2021-04-19 21:00:00+00:00,2021-04-19 20:00:00+00:00,ETH/USDT,-0.05189583877238917,-5.18864207,0,0,0,1,stop_loss,180,0.0068483831466279455,-0.06344958955054658,2021-04-20 00:00:00+00:00,0,-0.0490632270704926,-0.028060102226394656,0.044908862493253654,0.08906485979019552,2021-04-21 21:00:00+00:00,0
ETH/USDT|2021-04-20T23:00:00+00:00,B_opportunities,2021,2021-04-20 23:00:00+00:00,2021-04-20 22:00:00+00:00,ETH/USDT,0.05000144651739129,5.00142227,1,1,1,0,roi,900,0.0532034195112272,-0.03592902185071134,2021-04-21 14:00:00+00:00,0,-0.005361409925725424,-0.023076060420458733,0.01923292587193015,0.03699933575452241,2021-04-22 23:00:00+00:00,0
BTC/USDT|2021-04-21T04:00:00+00:00,B_opportunities,2021,2021-04-21 04:00:00+00:00,2021-04-21 03:00:00+00:00,BTC/USDT,-0.00015872186465384891,-0.0158754,0,0,0,0,sma_cross_down,900,0.02068849335019185,-0.016805664745329185,2021-04-21 19:00:00+00:00,0,0.006619194777246928,0.017193313600678328,-0.03093057462602755,-0.08886650750118641,2021-04-23 04:00:00+00:00,0
BTC/USDT|2021-04-25T00:00:00+00:00,B_opportunities,2021,2021-04-25 00:00:00+00:00,2021-04-24 23:00:00+00:00,BTC/USDT,0.002192192040221827,0.21855014,1,0,0,0,sma_cross_down,960,0.010391457453508668,-0.01770106362232604,2021-04-25 16:00:00+00:00,0,-0.007271043065994354,-0.00993269639608807,-0.019602644190038987,0.07899541718483771,2021-04-27 00:00:00+00:00,0
ETH/USDT|2021-04-25T23:00:00+00:00,B_opportunities,2021,2021-04-25 23:00:00+00:00,2021-04-25 22:00:00+00:00,ETH/USDT,0.04999888066574902,4.99470541,1,1,1,0,roi,60,0.06117728641275244,-0.007785960692748728,2021-04-26 00:00:00+00:00,0,0.07664694834032537,0.08675332198213037,0.10155962014428899,0.15092857519001557,2021-04-27 23:00:00+00:00,0
BTC/USDT|2021-04-26T05:00:00+00:00,B_opportunities,2021,2021-04-26 05:00:00+00:00,2021-04-26 04:00:00+00:00,BTC/USDT,0.050000001100078184,4.99964476,1,1,1,0,roi,1800,0.05625850860420645,-0.004759847036328924,2021-04-27 11:00:00+00:00,0,0.01753422897403989,0.0188263898329617,0.02211969830204552,0.04819408187267338,2021-04-28 05:00:00+00:00,0
BTC/USDT|2021-04-30T16:00:00+00:00,B_opportunities,2021,2021-04-30 16:00:00+00:00,2021-04-30 15:00:00+00:00,BTC/USDT,-0.00793905841087567,-0.7906729,0,0,0,0,sma_cross_down,2700,0.022350802421473803,-0.020020968851898524,2021-05-02 13:00:00+00:00,0,-0.0035594576151196655,0.01746430486431816,0.003087090149958005,-0.010228390806165666,2021-05-02 16:00:00+00:00,0
BTC/USDT|2021-05-03T09:00:00+00:00,B_opportunities,2021,2021-05-03 09:00:00+00:00,2021-05-03 08:00:00+00:00,BTC/USDT,-0.05189803394531021,-5.18974293,0,0,0,1,stop_loss,900,0.003422328742320069,-0.07120131890093406,2021-05-04 00:00:00+00:00,0,-0.016791553069758436,-0.03369627052721158,-0.051461377675167896,-0.0568212855236202,2021-05-05 09:00:00+00:00,0
BTC/USDT|2021-05-05T20:00:00+00:00,B_opportunities,2021,2021-05-05 20:00:00+00:00,2021-05-05 19:00:00+00:00,BTC/USDT,-0.019937257036242946,-1.99548134,0,0,0,0,sma_cross_down,2100,0.021421855627376418,-0.03388474244977424,2021-05-07 07:00:00+00:00,0,-0.005253776775569374,-0.00562254576971033,-0.01763545390965149,0.007840410360956174,2021-05-07 20:00:00+00:00,0
ETH/USDT|2021-05-05T20:00:00+00:00,B_opportunities,2021,2021-05-05 20:00:00+00:00,2021-05-05 19:00:00+00:00,ETH/USDT,0.01356343124341735,1.35621075,1,1,1,0,sma_cross_down,2760,0.03588564861370491,-0.036566585260738416,2021-05-07 18:00:00+00:00,0,-0.0016576458555980222,-0.011962629710070116,0.0003533629813492478,0.009121361510439963,2021-05-07 20:00:00+00:00,0
BTC/USDT|2021-05-07T23:00:00+00:00,B_opportunities,2021,2021-05-07 23:00:00+00:00,2021-05-07 22:00:00+00:00,BTC/USDT,0.007960507824791971,0.79528589,1,1,0,0,sma_cross_down,2520,0.043293708044688684,-0.013944365617808652,2021-05-09 17:00:00+00:00,0,0.017991994518061327,0.026453018818563656,0.02693626545039085,0.015770392622107554,2021-05-09 23:00:00+00:00,0
ETH/USDT|2021-05-08T01:00:00+00:00,B_opportunities,2021,2021-05-08 01:00:00+00:00,2021-05-08 00:00:00+00:00,ETH/USDT,0.05000092129884183,4.99015032,1,1,1,0,roi,900,0.08713546900102753,-0.004768635999795712,2021-05-08 16:00:00+00:00,0,-0.00024978569522737804,0.011339702868561563,0.08861431385572605,0.10968430494291836,2021-05-10 01:00:00+00:00,0
BTC/USDT|2021-05-10T14:00:00+00:00,B_opportunities,2021,2021-05-10 14:00:00+00:00,2021-05-10 13:00:00+00:00,BTC/USDT,-0.0356030560628346,-3.55599701,0,0,0,0,sma_cross_down,360,0.01591411585856406,-0.0741357213002879,2021-05-10 20:00:00+00:00,0,-0.033672331430283364,-0.03659261833030947,-0.03339075772455147,-0.015877185317110132,2021-05-12 14:00:00+00:00,0
ETH/USDT|2021-05-12T01:00:00+00:00,B_opportunities,2021,2021-05-12 01:00:00+00:00,2021-05-12 00:00:00+00:00,ETH/USDT,-0.051896674550512834,-5.18699294,0,0,0,1,stop_loss,1020,0.04228521304691912,-0.05592660393009341,2021-05-12 18:00:00+00:00,0,0.023483309973971078,0.022780145495457038,-0.07126035677850551,-0.08885853760857321,2021-05-14 01:00:00+00:00,0
BTC/USDT|2021-05-12T08:00:00+00:00,B_opportunities,2021,2021-05-12 08:00:00+00:00,2021-05-12 07:00:00+00:00,BTC/USDT,-0.05189803196185662,-5.19119494,0,0,0,1,stop_loss,600,0.0016535589169242026,-0.061728779910992904,2021-05-12 18:00:00+00:00,0,-0.005971166564829655,-0.04673607692465309,-0.108953299824329,-0.12458383004031282,2021-05-14 08:00:00+00:00,0
ETH/USDT|2021-05-14T18:00:00+00:00,B_opportunities,2021,2021-05-14 18:00:00+00:00,2021-05-14 17:00:00+00:00,ETH/USDT,-0.05189761461338733,-5.19175612,0,0,0,1,stop_loss,780,0.009328977694441187,-0.05103470838704638,2021-05-15 07:00:00+00:00,0,-0.005090506023155084,-0.014507331793567224,-0.0858916076233075,-0.11975751124306011,2021-05-16 18:00:00+00:00,0
BTC/USDT|2021-05-14T23:00:00+00:00,B_opportunities,2021,2021-05-14 23:00:00+00:00,2021-05-14 22:00:00+00:00,BTC/USDT,-0.021643814531774323,-2.16274398,0,0,0,0,sma_cross_down,780,0.015782495122440787,-0.04388541011767455,2021-05-15 12:00:00+00:00,0,-0.011825351126156236,-0.03070107424508528,-0.03901987207151103,-0.08715794476146743,2021-05-16 23:00:00+00:00,0
ETH/USDT|2021-05-18T19:00:00+00:00,B_opportunities,2021,2021-05-18 19:00:00+00:00,2021-05-18 18:00:00+00:00,ETH/USDT,-0.05189706323167444,-5.1888273,0,0,0,1,stop_loss,360,0.030017216412385084,-0.06127437133333535,2021-05-19 01:00:00+00:00,0,-0.0026879402468504843,-0.12434994365434993,-0.2256234445478521,-0.1730123663091666,2021-05-20 19:00:00+00:00,0
BTC/USDT|2021-05-20T21:00:00+00:00,B_opportunities,2021,2021-05-20 21:00:00+00:00,2021-05-20 20:00:00+00:00,BTC/USDT,0.04999992216396736,5.00410132,1,1,1,0,roi,180,0.055187823432571115,-0.015236712134759967,2021-05-21 00:00:00+00:00,0,0.03139209564104806,0.0007838897283440893,-0.11996213325025196,-0.04926028064502508,2021-05-22 21:00:00+00:00,0
ETH/USDT|2021-05-21T01:00:00+00:00,B_opportunities,2021,2021-05-21 01:00:00+00:00,2021-05-21 00:00:00+00:00,ETH/USDT,-0.05189603985369709,-5.18933116,0,0,0,1,stop_loss,180,0.011921816027989696,-0.05643406154439523,2021-05-21 04:00:00+00:00,0,-0.04783533981652377,-0.08756095209234416,-0.15713931513264834,-0.1866339293093474,2021-05-23 01:00:00+00:00,0
ETH/USDT|2021-05-24T15:00:00+00:00,B_opportunities,2021,2021-05-24 15:00:00+00:00,2021-05-24 14:00:00+00:00,ETH/USDT,0.04999854024605544,5.00177229,1,1,1,0,roi,60,0.055196665690999236,-0.00921799570431514,2021-05-24 16:00:00+00:00,0,0.0801710028898992,0.06012722153284211,0.06563493274078724,0.13445658761012336,2021-05-26 15:00:00+00:00,0
BTC/USDT|2021-05-24T17:00:00+00:00,B_opportunities,2021,2021-05-24 17:00:00+00:00,2021-05-24 16:00:00+00:00,BTC/USDT,0.05000000822416908,4.99217688,1,1,1,0,roi,120,0.06506747557767945,-0.004569933201667653,2021-05-24 19:00:00+00:00,0,0.02870074379196308,0.027060097084312007,0.011763991003613361,0.031994083071491985,2021-05-26 17:00:00+00:00,0
BTC/USDT|2021-05-30T19:00:00+00:00,B_opportunities,2021,2021-05-30 19:00:00+00:00,2021-05-30 18:00:00+00:00,BTC/USDT,-0.051897908560607824,-5.17973288,0,0,0,1,stop_loss,480,0.006213332728036702,-0.05190206153319776,2021-05-31 03:00:00+00:00,0,-0.02249682634501793,-0.030023080623846732,0.01574315567324369,0.003187495605602164,2021-06-01 19:00:00+00:00,0
ETH/USDT|2021-05-30T22:00:00+00:00,B_opportunities,2021,2021-05-30 22:00:00+00:00,2021-05-30 21:00:00+00:00,ETH/USDT,-0.051895628218967316,-5.19349193,0,0,0,1,stop_loss,180,0.004651508642057101,-0.051930830496711544,2021-05-31 01:00:00+00:00,0,-0.04955137314517988,0.027359628540269076,0.08547870055190199,0.07399864503123044,2021-06-01 22:00:00+00:00,0
ETH/USDT|2021-06-02T09:00:00+00:00,B_opportunities,2021,2021-06-02 09:00:00+00:00,2021-06-02 08:00:00+00:00,ETH/USDT,-0.01256202249325078,-1.25553283,0,0,0,0,sma_cross_down,60,0.0028379459168592636,-0.015770870880832066,2021-06-02 10:00:00+00:00,0,0.01973681786189374,0.0031322433126605986,0.04506376878885354,-0.03354816837466046,2021-06-04 09:00:00+00:00,0
ETH/USDT|2021-06-02T12:00:00+00:00,B_opportunities,2021,2021-06-02 12:00:00+00:00,2021-06-02 11:00:00+00:00,ETH/USDT,0.049998746940277713,5.00296616,1,1,1,0,roi,1080,0.057382190403022726,-0.011872817223935628,2021-06-03 06:00:00+00:00,0,0.027839738712491124,0.004405515244864322,0.041672388516710956,-0.0259134856273312,2021-06-04 12:00:00+00:00,0
BTC/USDT|2021-06-02T15:00:00+00:00,B_opportunities,2021,2021-06-02 15:00:00+00:00,2021-06-02 14:00:00+00:00,BTC/USDT,-0.03424901353707253,-3.42604384,0,0,0,0,sma_cross_down,2640,0.042860686587817165,-0.04704311905059422,2021-06-04 11:00:00+00:00,0,-0.0034068120919638067,-0.011980375959255607,0.020120691390534517,-0.030264780838372585,2021-06-04 15:00:00+00:00,0
ETH/USDT|2021-06-06T20:00:00+00:00,B_opportunities,2021,2021-06-06 20:00:00+00:00,2021-06-06 19:00:00+00:00,ETH/USDT,0.05000059118979392,4.99196269,1,1,1,0,roi,840,0.06135118457712374,-0.0031638587108958616,2021-06-07 10:00:00+00:00,0,0.04442624360945002,0.0338647727825212,0.021104242165849607,-0.0645955113748985,2021-06-08 20:00:00+00:00,0
BTC/USDT|2021-06-07T09:00:00+00:00,B_opportunities,2021,2021-06-07 09:00:00+00:00,2021-06-07 08:00:00+00:00,BTC/USDT,-0.05189803280665267,-5.1765493,0,0,0,1,stop_loss,660,0.018674773046747806,-0.058254312284905074,2021-06-07 20:00:00+00:00,0,-0.0013378293262160668,-0.04605761363378269,-0.08838564716870445,-0.056698757951498036,2021-06-09 09:00:00+00:00,0
BTC/USDT|2021-06-09T15:00:00+00:00,B_opportunities,2021,2021-06-09 15:00:00+00:00,2021-06-09 14:00:00+00:00,BTC/USDT,0.04999996615655068,4.99783234,1,1,1,0,roi,0,0.059513412927586495,-0.00039079939963970745,2021-06-09 15:00:00+00:00,0,0.048905602738307685,0.0704229373645,0.06737181703891637,0.0746692408481533,2021-06-11 15:00:00+00:00,0
ETH/USDT|2021-06-09T22:00:00+00:00,B_opportunities,2021,2021-06-09 22:00:00+00:00,2021-06-09 21:00:00+00:00,ETH/USDT,-0.05189616832032222,-5.18821372,0,0,0,1,stop_loss,1140,0.01779749680319309,-0.05180764908745683,2021-06-10 17:00:00+00:00,0,-0.006827419723570816,-0.005242621388190427,-0.03767480248142996,-0.09270101558837085,2021-06-11 22:00:00+00:00,0
ETH/USDT|2021-06-13T05:00:00+00:00,B_opportunities,2021,2021-06-13 05:00:00+00:00,2021-06-13 04:00:00+00:00,ETH/USDT,0.005904964866513782,0.58985621,1,1,0,0,sma_cross_down,300,0.015760737322467522,-0.014565448468109365,2021-06-13 10:00:00+00:00,0,0.012166592671015275,0.023334244049042052,0.06292476349851439,0.12411632116389448,2021-06-15 05:00:00+00:00,0
ETH/USDT|2021-06-13T20:00:00+00:00,B_opportunities,2021,2021-06-13 20:00:00+00:00,2021-06-13 19:00:00+00:00,ETH/USDT,0.04999889257315845,4.9991089,1,1,1,0,roi,1020,0.05662310515660729,-0.0003127211679313513,2021-06-14 13:00:00+00:00,0,0.02952346858579502,0.028581186452534046,0.04497442670978957,0.041690840935369344,2021-06-15 20:00:00+00:00,0
BTC/USDT|2021-06-13T21:00:00+00:00,B_opportunities,2021,2021-06-13 21:00:00+00:00,2021-06-13 20:00:00+00:00,BTC/USDT,0.0500000766701271,4.98974113,1,1,1,0,roi,2700,0.05299389885194872,-0.014012487646493654,2021-06-15 18:00:00+00:00,0,-0.006936305732484049,-0.006158726114649737,0.014547006369426851,0.017839490445859862,2021-06-15 21:00:00+00:00,0
BTC/USDT|2021-06-23T07:00:00+00:00,B_opportunities,2021,2021-06-23 07:00:00+00:00,2021-06-23 06:00:00+00:00,BTC/USDT,-0.0017647089080802794,-0.17655661,0,0,0,0,sma_cross_down,1980,0.029518409935512357,-0.0470566151007249,2021-06-24 16:00:00+00:00,0,0.009418291378500365,-0.01736377567524794,-0.02584496034341477,0.016098165100788542,2021-06-25 07:00:00+00:00,0
ETH/USDT|2021-06-23T10:00:00+00:00,B_opportunities,2021,2021-06-23 10:00:00+00:00,2021-06-23 09:00:00+00:00,ETH/USDT,-0.05189433595755994,-5.19326022,0,0,0,1,stop_loss,960,0.026721340343639266,-0.05170184397876787,2021-06-24 02:00:00+00:00,0,-0.006430350449067923,-0.02183702734659998,-0.023084857480691445,-0.040846310599008784,2021-06-25 10:00:00+00:00,0
BTC/USDT|2021-06-24T19:00:00+00:00,B_opportunities,2021,2021-06-24 19:00:00+00:00,2021-06-24 18:00:00+00:00,BTC/USDT,-0.05189790164678927,-5.18296087,0,0,0,1,stop_loss,1020,0.01765444124464577,-0.05907641696197763,2021-06-25 12:00:00+00:00,0,-0.008417292213596106,-0.01312458899660407,-0.08015161044531982,-0.09442313899669019,2021-06-26 19:00:00+00:00,0
ETH/USDT|2021-06-24T23:00:00+00:00,B_opportunities,2021,2021-06-24 23:00:00+00:00,2021-06-24 22:00:00+00:00,ETH/USDT,-0.0518978504067505,-5.19466853,0,0,0,1,stop_loss,660,0.018134989238965504,-0.05683439095569076,2021-06-25 10:00:00+00:00,0,-0.003296370967741935,-0.05121471774193542,-0.09160786290322576,-0.09676915322580648,2021-06-26 23:00:00+00:00,0
BTC/USDT|2021-06-27T10:00:00+00:00,B_opportunities,2021,2021-06-27 10:00:00+00:00,2021-06-27 09:00:00+00:00,BTC/USDT,0.04999987393140238,5.00365215,1,1,1,0,roi,720,0.062472746479305785,-0.009108049845537702,2021-06-27 22:00:00+00:00,0,0.01951291264529953,0.009168854881943744,0.055854534019927904,0.08173540646450639,2021-06-29 10:00:00+00:00,0
ETH/USDT|2021-06-27T11:00:00+00:00,B_opportunities,2021,2021-06-27 11:00:00+00:00,2021-06-27 10:00:00+00:00,ETH/USDT,0.05000090510094723,5.00428378,1,1,1,0,roi,660,0.07543927081045454,-0.009301559411377114,2021-06-27 22:00:00+00:00,0,0.005963428696941442,0.07326341222338151,0.09481082862006485,0.19354236450496964,2021-06-29 11:00:00+00:00,0
ETH/USDT|2021-07-01T00:00:00+00:00,B_opportunities,2021,2021-07-01 00:00:00+00:00,2021-06-30 23:00:00+00:00,ETH/USDT,-0.05189634767364829,-5.18975176,0,0,0,1,stop_loss,360,0.00010985727343038043,-0.053025908739365635,2021-07-01 06:00:00+00:00,0,-0.02631301413203946,-0.05999964845672501,-0.0743821626942277,-0.05341260634184053,2021-07-03 00:00:00+00:00,0
BTC/USDT|2021-07-03T05:00:00+00:00,B_opportunities,2021,2021-07-03 05:00:00+00:00,2021-07-03 04:00:00+00:00,BTC/USDT,0.04999987071473647,5.00431611,1,1,1,0,roi,1500,0.053239041012882016,-0.0024502814749333135,2021-07-04 06:00:00+00:00,0,0.027858473595536504,0.02579167052818443,0.03301538191003739,0.01588034285524187,2021-07-05 05:00:00+00:00,0
ETH/USDT|2021-07-03T06:00:00+00:00,B_opportunities,2021,2021-07-03 06:00:00+00:00,2021-07-03 05:00:00+00:00,ETH/USDT,0.05000228846002818,4.99573866,1,1,1,0,roi,1380,0.06687289770133154,-0.004873139960679507,2021-07-04 05:00:00+00:00,0,0.03125116469755129,0.036520256419812824,0.06243710633222754,0.05889642577615439,2021-07-05 06:00:00+00:00,0
ETH/USDT|2021-07-06T17:00:00+00:00,B_opportunities,2021,2021-07-06 17:00:00+00:00,2021-07-06 16:00:00+00:00,ETH/USDT,-0.04550230125163236,-4.55225227,0,0,0,0,sma_cross_down,2280,0.04126594424969632,-0.06420059389763699,2021-07-08 07:00:00+00:00,0,-0.0023208875558071718,0.033789011008008574,0.016946368913072662,-0.06469960281272547,2021-07-08 17:00:00+00:00,0
BTC/USDT|2021-07-06T23:00:00+00:00,B_opportunities,2021,2021-07-06 23:00:00+00:00,2021-07-06 22:00:00+00:00,BTC/USDT,-0.02292368233953123,-2.2868788,0,0,0,0,sma_cross_down,1800,0.030726804737468028,-0.034219783353594546,2021-07-08 05:00:00+00:00,0,0.020299906361948672,0.017658049123962405,0.004440531017420923,-0.04282096022367288,2021-07-08 23:00:00+00:00,0
BTC/USDT|2021-07-09T21:00:00+00:00,B_opportunities,2021,2021-07-09 21:00:00+00:00,2021-07-09 20:00:00+00:00,BTC/USDT,0.004632716427201389,0.46333392,1,0,0,0,sma_cross_down,2280,0.021891235482669247,-0.015606344900073177,2021-07-11 11:00:00+00:00,0,0.006001845620469126,0.007002202933546364,-0.006070444959171417,0.009402285014146639,2021-07-11 21:00:00+00:00,0
ETH/USDT|2021-07-10T08:00:00+00:00,B_opportunities,2021,2021-07-10 08:00:00+00:00,2021-07-10 07:00:00+00:00,ETH/USDT,-0.012795550702608023,-1.28024206,0,0,0,0,sma_cross_down,360,0.007944735552456006,-0.017199457156859,2021-07-10 14:00:00+00:00,0,-0.01069790895938083,-0.013426582654306629,-0.010401006640243793,0.011433095654386882,2021-07-12 08:00:00+00:00,0
BTC/USDT|2021-07-11T18:00:00+00:00,B_opportunities,2021,2021-07-11 18:00:00+00:00,2021-07-11 17:00:00+00:00,BTC/USDT,-0.03274150299750512,-3.27689413,0,0,0,0,sma_cross_down,1620,0.02317924563373608,-0.03642305361430531,2021-07-12 21:00:00+00:00,0,0.01080406139237211,0.012906572219889778,-0.023034088940987685,-0.03304034100447839,2021-07-13 18:00:00+00:00,0
ETH/USDT|2021-07-11T22:00:00+00:00,B_opportunities,2021,2021-07-11 22:00:00+00:00,2021-07-11 21:00:00+00:00,ETH/USDT,-0.051898101948148784,-5.18494768,0,0,0,1,stop_loss,1080,0.0038152424942263785,-0.06075288683602775,2021-07-12 16:00:00+00:00,0,-0.0005496561185037718,-0.015261040466699627,-0.06253608561702362,-0.10118291539452828,2021-07-13 22:00:00+00:00,0
ETH/USDT|2021-07-15T03:00:00+00:00,B_opportunities,2021,2021-07-15 03:00:00+00:00,2021-07-15 02:00:00+00:00,ETH/USDT,-0.05189358965635267,-5.19076233,0,0,0,1,stop_loss,540,0.000386821931296355,-0.051944659345517286,2021-07-15 12:00:00+00:00,0,-0.016658461352972442,-0.03608496016236473,-0.02204382642244973,-0.0626199399170091,2021-07-17 03:00:00+00:00,0
BTC/USDT|2021-07-15T04:00:00+00:00,B_opportunities,2021,2021-07-15 04:00:00+00:00,2021-07-15 03:00:00+00:00,BTC/USDT,-0.03144612456671305,-3.14408929,0,0,0,0,sma_cross_down,720,0.0015244322745839867,-0.036354156007997185,2021-07-15 16:00:00+00:00,0,-0.0041863692552307485,-0.029552427649950364,-0.022264805853870806,-0.040901425019874926,2021-07-17 04:00:00+00:00,0
BTC/USDT|2021-07-18T03:00:00+00:00,B_opportunities,2021,2021-07-18 03:00:00+00:00,2021-07-18 02:00:00+00:00,BTC/USDT,-0.020595425165049253,-2.05800813,0,0,0,0,sma_cross_down,1380,0.000605555646992828,-0.03393782278833224,2021-07-19 02:00:00+00:00,0,-0.013654818268035718,-0.027295662170647494,-0.02130407535971568,-0.06269490357998397,2021-07-20 03:00:00+00:00,0
ETH/USDT|2021-07-18T03:00:00+00:00,B_opportunities,2021,2021-07-18 03:00:00+00:00,2021-07-18 02:00:00+00:00,ETH/USDT,-0.05189432717142154,-5.1915407,0,0,0,1,stop_loss,720,0.0033031594341763615,-0.05180160871428929,2021-07-18 15:00:00+00:00,0,-0.007065231095085611,-0.037802264303184674,-0.05259840137169369,-0.11709826268942736,2021-07-20 03:00:00+00:00,0
ETH/USDT|2021-07-21T09:00:00+00:00,B_opportunities,2021,2021-07-21 09:00:00+00:00,2021-07-21 08:00:00+00:00,ETH/USDT,0.05000010331013521,5.00092335,1,1,1,0,roi,420,0.07421718426832968,-0.0034845253937461074,2021-07-21 16:00:00+00:00,0,0.033915515840779786,0.040323442643978025,0.07314870238146143,0.09271452392150148,2021-07-23 09:00:00+00:00,0
BTC/USDT|2021-07-21T13:00:00+00:00,B_opportunities,2021,2021-07-21 13:00:00+00:00,2021-07-21 12:00:00+00:00,BTC/USDT,0.05000002905423787,5.00426427,1,1,1,0,roi,3420,0.058523816944904716,-3.625735085999171e-05,2021-07-23 22:00:00+00:00,0,0.010966576447352105,0.019441573187370942,0.023714851837834283,0.031488873127896166,2021-07-23 22:00:00+00:00,0
BTC/USDT|2021-07-28T01:00:00+00:00,B_opportunities,2021,2021-07-28 01:00:00+00:00,2021-07-28 00:00:00+00:00,BTC/USDT,0.016579598691131653,1.65379345,1,1,1,0,sma_cross_down,3120,0.04662309234388817,-0.007832016225984506,2021-07-30 05:00:00+00:00,0,0.012041605813633893,0.01567845436624027,0.008669669517480827,0.021395184074345375,2021-07-30 05:00:00+00:00,0
ETH/USDT|2021-07-28T11:00:00+00:00,B_opportunities,2021,2021-07-28 11:00:00+00:00,2021-07-28 10:00:00+00:00,ETH/USDT,0.0500015544948218,4.99829684,1,1,1,0,roi,2280,0.062325346915892865,-0.021716739316554934,2021-07-30 01:00:00+00:00,0,0.007983520136984668,-0.0039070139374789425,0.0041373495756176215,0.023980982099009784,2021-07-30 11:00:00+00:00,0
BTC/USDT|2021-07-31T03:00:00+00:00,B_opportunities,2021,2021-07-31 03:00:00+00:00,2021-07-31 02:00:00+00:00,BTC/USDT,-0.023066385370588437,-2.30548717,0,0,0,0,sma_cross_down,2580,0.015376885284507757,-0.04657209297447573,2021-08-01 22:00:00+00:00,0,-0.005930321581698705,-0.012991885375083223,-0.0034711926525030634,-0.05171869681659946,2021-08-02 03:00:00+00:00,0
ETH/USDT|2021-08-04T18:00:00+00:00,B_opportunities,2021,2021-08-04 18:00:00+00:00,2021-08-04 17:00:00+00:00,ETH/USDT,-0.051897356464064466,-5.18848222,0,0,0,1,stop_loss,1080,0.03550514632288149,-0.055171718378870915,2021-08-05 12:00:00+00:00,0,0.017601254831662194,0.011035796313931812,0.050391201239893046,0.08784195096446501,2021-08-06 18:00:00+00:00,0
BTC/USDT|2021-08-04T21:00:00+00:00,B_opportunities,2021,2021-08-04 21:00:00+00:00,2021-08-04 20:00:00+00:00,BTC/USDT,-0.051897926204731305,-5.18391229,0,0,0,1,stop_loss,900,0.005380858210663586,-0.0609481800615459,2021-08-05 12:00:00+00:00,0,-0.009532457569030872,-0.0320180099734001,0.028278676669412528,0.07412940266502321,2021-08-06 21:00:00+00:00,0
BTC/USDT|2021-08-09T14:00:00+00:00,B_opportunities,2021,2021-08-09 14:00:00+00:00,2021-08-09 13:00:00+00:00,BTC/USDT,0.01555277193028617,1.55482727,1,1,1,0,sma_cross_down,2580,0.028724997797162644,-0.017766763591505863,2021-08-11 09:00:00+00:00,0,0.012861042192915173,0.013459552943088982,0.002942108788856146,0.01922239421482197,2021-08-11 14:00:00+00:00,0
ETH/USDT|2021-08-09T23:00:00+00:00,B_opportunities,2021,2021-08-09 23:00:00+00:00,2021-08-09 22:00:00+00:00,ETH/USDT,-0.017180527025369097,-1.71510187,0,0,0,0,sma_cross_down,3780,0.04068327818411244,-0.04005073092583944,2021-08-12 14:00:00+00:00,0,-0.014778325123152691,-0.009286508819323025,0.0012331161608136743,0.007541713014460605,2021-08-12 14:00:00+00:00,0
BTC/USDT|2021-08-11T13:00:00+00:00,B_opportunities,2021,2021-08-11 13:00:00+00:00,2021-08-11 12:00:00+00:00,BTC/USDT,-0.03190269153814864,-3.18634741,0,0,0,0,sma_cross_down,1440,0.016597318156985397,-0.03750147889357891,2021-08-12 13:00:00+00:00,0,0.0070138687564877955,-0.004753989368932454,-0.029964552233531117,0.011845282537119806,2021-08-13 13:00:00+00:00,0
BTC/USDT|2021-08-13T17:00:00+00:00,B_opportunities,2021,2021-08-13 17:00:00+00:00,2021-08-13 16:00:00+00:00,BTC/USDT,-0.004715575180189681,-0.47004948,0,0,0,0,sma_cross_down,2280,0.03462059183805044,-0.021790987041454435,2021-08-15 07:00:00+00:00,0,0.02185266370102945,0.019849569122988076,0.006981711903380372,-0.013808050200932676,2021-08-15 17:00:00+00:00,0
ETH/USDT|2021-08-13T17:00:00+00:00,B_opportunities,2021,2021-08-13 17:00:00+00:00,2021-08-13 16:00:00+00:00,ETH/USDT,-0.007955744669913452,-0.79464246,0,0,0,0,sma_cross_down,2280,0.028172274678906373,-0.026147402082285165,2021-08-15 07:00:00+00:00,0,0.015022949584993839,0.01254741936778303,0.006250559463655714,-0.029141497232776925,2021-08-15 17:00:00+00:00,0
BTC/USDT|2021-08-16T08:00:00+00:00,B_opportunities,2021,2021-08-16 08:00:00+00:00,2021-08-16 07:00:00+00:00,BTC/USDT,-0.023607735390368836,-2.35897008,0,0,0,0,sma_cross_down,1080,0.008439468736425981,-0.04376255684598451,2021-08-17 02:00:00+00:00,0,-0.018380316149808174,-0.025721070770674648,-0.02879654025535905,-0.049852831915552454,2021-08-18 08:00:00+00:00,0
ETH/USDT|2021-08-16T09:00:00+00:00,B_opportunities,2021,2021-08-16 09:00:00+00:00,2021-08-16 08:00:00+00:00,ETH/USDT,-0.03071120296826105,-3.06538847,0,0,0,0,sma_cross_down,1020,0.012449148135686539,-0.047003945798794855,2021-08-17 02:00:00+00:00,0,-0.01986351860178448,-0.03228509991404904,-0.026562179787172235,-0.068993151460094,2021-08-18 09:00:00+00:00,0
BTC/USDT|2021-08-19T22:00:00+00:00,B_opportunities,2021,2021-08-19 22:00:00+00:00,2021-08-19 21:00:00+00:00,BTC/USDT,0.04999994281777593,4.99193024,1,1,1,0,roi,1080,0.05341129014954826,-0.0057261784710450625,2021-08-20 16:00:00+00:00,0,0.009606928059503472,0.012923812501086207,0.05827387694420949,0.05436244649139543,2021-08-21 22:00:00+00:00,0
ETH/USDT|2021-08-19T23:00:00+00:00,B_opportunities,2021,2021-08-19 23:00:00+00:00,2021-08-19 22:00:00+00:00,ETH/USDT,0.016243755626561295,1.62386248,1,1,1,0,sma_cross_down,3300,0.04375747138400787,-0.004952009664304202,2021-08-22 06:00:00+00:00,0,0.01682421627350239,0.015146210450948328,0.028504019959437743,0.025800916594909795,2021-08-22 06:00:00+00:00,0
BTC/USDT|2021-08-23T05:00:00+00:00,B_opportunities,2021,2021-08-23 05:00:00+00:00,2021-08-23 04:00:00+00:00,BTC/USDT,-0.021185090331865983,-2.11203375,0,0,0,0,sma_cross_down,1920,0.003968558488027352,-0.037934504669745905,2021-08-24 13:00:00+00:00,0,-0.0013552581511312445,-0.011974462220762594,-0.016315184895223434,-0.04566307451355234,2021-08-25 05:00:00+00:00,0
ETH/USDT|2021-08-23T11:00:00+00:00,B_opportunities,2021,2021-08-23 11:00:00+00:00,2021-08-23 10:00:00+00:00,ETH/USDT,-0.051897203083312006,-5.1913671,0,0,0,1,stop_loss,1740,0.014058587956986557,-0.05516262090745894,2021-08-24 16:00:00+00:00,0,0.006010098887441195,0.0008795998871229394,-0.006898704916753262,-0.062022299208059906,2021-08-25 11:00:00+00:00,0
ETH/USDT|2021-08-27T20:00:00+00:00,B_opportunities,2021,2021-08-27 20:00:00+00:00,2021-08-27 19:00:00+00:00,ETH/USDT,-0.011044475350635618,-1.10422448,0,0,0,0,sma_cross_down,2340,0.016904057716343512,-0.024755905901570396,2021-08-29 11:00:00+00:00,0,0.008631464317093496,-0.000680617257978744,-0.0006558675395068603,-0.0037526760633098677,2021-08-29 20:00:00+00:00,0
BTC/USDT|2021-08-27T21:00:00+00:00,B_opportunities,2021,2021-08-27 21:00:00+00:00,2021-08-27 20:00:00+00:00,BTC/USDT,-0.013847010626728436,-1.38256912,0,0,0,0,sma_cross_down,2460,0.015073655431489863,-0.02316585418130679,2021-08-29 14:00:00+00:00,0,0.0009133813434600846,0.00040331124256676176,-0.0035551517898264606,-0.00021679001882390914,2021-08-29 21:00:00+00:00,0
ETH/USDT|2021-08-30T21:00:00+00:00,B_opportunities,2021,2021-08-30 21:00:00+00:00,2021-08-30 20:00:00+00:00,ETH/USDT,0.049998981814439326,4.99739839,1,1,1,0,roi,1920,0.05779959095305531,-0.04512692133781704,2021-09-01 05:00:00+00:00,0,-0.03590689540555836,0.0019524056212512075,0.015328779716541785,0.11665024689546555,2021-09-01 21:00:00+00:00,0
BTC/USDT|2021-09-01T20:00:00+00:00,B_opportunities,2021,2021-09-01 20:00:00+00:00,2021-09-01 19:00:00+00:00,BTC/USDT,0.049999939203056364,4.98821755,1,1,1,0,roi,2400,0.05671144250190818,-0.0010503195925001263,2021-09-03 12:00:00+00:00,0,0.03235991692627205,0.03522886812045689,0.024715472481827705,0.049397507788161876,2021-09-03 20:00:00+00:00,0
BTC/USDT|2021-09-05T20:00:00+00:00,B_opportunities,2021,2021-09-05 20:00:00+00:00,2021-09-05 19:00:00+00:00,BTC/USDT,-0.05189794434445429,-5.18711815,0,0,0,1,stop_loss,2520,0.044104950304392654,-0.06677694351100216,2021-09-07 14:00:00+00:00,0,0.022164540838472302,0.021932320217439072,0.020338146370413535,-0.07872160673783102,2021-09-07 20:00:00+00:00,0
ETH/USDT|2021-09-05T22:00:00+00:00,B_opportunities,2021,2021-09-05 22:00:00+00:00,2021-09-05 21:00:00+00:00,ETH/USDT,-0.015225219195883948,-1.52357435,0,0,0,0,sma_cross_down,1980,0.00471990585496096,-0.022030445290849854,2021-09-07 07:00:00+00:00,0,-0.011732728643953694,0.001285639808267458,0.0005036266178055637,-0.1460036342101667,2021-09-07 22:00:00+00:00,0
ETH/USDT|2021-09-09T10:00:00+00:00,B_opportunities,2021,2021-09-09 10:00:00+00:00,2021-09-09 09:00:00+00:00,ETH/USDT,-0.029392478952032498,-2.93230772,0,0,0,0,sma_cross_down,1440,0.017446432503381626,-0.04189031138207422,2021-09-10 10:00:00+00:00,0,0.00765229525963762,-0.01089222445588911,-0.02744932070151751,-0.062436552578074234,2021-09-11 10:00:00+00:00,0
BTC/USDT|2021-09-09T19:00:00+00:00,B_opportunities,2021,2021-09-09 19:00:00+00:00,2021-09-09 18:00:00+00:00,BTC/USDT,-0.03381299522930289,-3.37768663,0,0,0,0,sma_cross_down,1200,0.008590377379166014,-0.040605021271686415,2021-09-10 15:00:00+00:00,0,-0.0011820102838324686,-0.005156712861996038,-0.019806821091420956,-0.0211245738479795,2021-09-11 19:00:00+00:00,0
ETH/USDT|2021-09-12T08:00:00+00:00,B_opportunities,2021,2021-09-12 08:00:00+00:00,2021-09-12 07:00:00+00:00,ETH/USDT,-0.028569396912197544,-2.85870416,0,0,0,0,sma_cross_down,1620,0.046121788984609946,-0.04641085941240408,2021-09-13 11:00:00+00:00,0,0.03107215340050229,0.025778535251642642,-0.03535402200555249,-0.0027461773331968198,2021-09-14 08:00:00+00:00,0
BTC/USDT|2021-09-12T12:00:00+00:00,B_opportunities,2021,2021-09-12 12:00:00+00:00,2021-09-12 11:00:00+00:00,BTC/USDT,-0.03697751406866839,-3.6846285,0,0,0,0,sma_cross_down,1200,0.008117231492228205,-0.041698428001096355,2021-09-13 08:00:00+00:00,0,-0.0033621997183521657,-0.0013162377212987408,-0.026616817725161113,-0.0024324142525153913,2021-09-14 12:00:00+00:00,0
BTC/USDT|2021-09-14T13:00:00+00:00,B_opportunities,2021,2021-09-14 13:00:00+00:00,2021-09-14 12:00:00+00:00,BTC/USDT,0.02731665790260927,2.72292994,1,1,1,0,sma_cross_down,3780,0.04349601358175925,-0.010333526744460864,2021-09-17 04:00:00+00:00,0,-0.0005391873593335594,0.013368794913028559,0.01858487924373664,0.032321370279451145,2021-09-17 04:00:00+00:00,0
ETH/USDT|2021-09-14T15:00:00+00:00,B_opportunities,2021,2021-09-14 15:00:00+00:00,2021-09-14 14:00:00+00:00,ETH/USDT,0.049999357538463685,4.98870148,1,1,1,0,roi,1500,0.05613456030518815,-0.004418772908557189,2021-09-15 16:00:00+00:00,0,0.009004995799462456,0.021107327471515447,0.027101688885168285,0.06940902472786203,2021-09-16 15:00:00+00:00,0
BTC/USDT|2021-09-18T10:00:00+00:00,B_opportunities,2021,2021-09-18 10:00:00+00:00,2021-09-18 09:00:00+00:00,BTC/USDT,-0.02322268728839716,-2.31665145,0,0,0,0,sma_cross_down,1740,0.001712473886058774,-0.03177837276103035,2021-09-19 15:00:00+00:00,0,-0.004091218392771712,-0.015200597031135965,-0.010217040894493379,-0.07754698863781295,2021-09-20 10:00:00+00:00,0
BTC/USDT|2021-09-22T22:00:00+00:00,B_opportunities,2021,2021-09-22 22:00:00+00:00,2021-09-22 21:00:00+00:00,BTC/USDT,-0.05189798647094577,-5.18985907,0,0,0,1,stop_loss,2220,0.04515195168253272,-0.05947885763966776,2021-09-24 11:00:00+00:00,0,0.01912882422717721,0.01705979332813823,0.03279557336527361,-0.007760253241242854,2021-09-24 22:00:00+00:00,0
ETH/USDT|2021-09-22T23:00:00+00:00,B_opportunities,2021,2021-09-22 23:00:00+00:00,2021-09-22 22:00:00+00:00,ETH/USDT,-0.051897776704517944,-5.18229952,0,0,0,1,stop_loss,2040,0.03423448078138547,-0.07116002371783592,2021-09-24 09:00:00+00:00,0,0.014116673508349997,0.005681855203914843,0.02292615543001597,-0.03675287187807463,2021-09-24 23:00:00+00:00,0
BTC/USDT|2021-09-26T11:00:00+00:00,B_opportunities,2021,2021-09-26 11:00:00+00:00,2021-09-26 10:00:00+00:00,BTC/USDT,-0.012324424536589336,-1.23081053,0,0,0,0,sma_cross_down,2460,0.03131452255951106,-0.024681088947215102,2021-09-28 04:00:00+00:00,0,0.004901476326157672,-0.0025318945933773263,0.017878133736960677,-0.0275024957346367,2021-09-28 11:00:00+00:00,0
ETH/USDT|2021-09-26T17:00:00+00:00,B_opportunities,2021,2021-09-26 17:00:00+00:00,2021-09-26 16:00:00+00:00,ETH/USDT,-0.026617258437132522,-2.66117605,0,0,0,0,sma_cross_down,2160,0.04252186372844502,-0.0459970024869476,2021-09-28 05:00:00+00:00,0,-0.005629339763099983,0.02801494130202764,-0.008933159413415548,-0.07074719685890096,2021-09-28 17:00:00+00:00,0
BTC/USDT|2021-09-30T02:00:00+00:00,B_opportunities,2021,2021-09-30 02:00:00+00:00,2021-09-30 01:00:00+00:00,BTC/USDT,0.050000042317739836,4.98897577,1,1,1,0,roi,1920,0.11221328971374867,-0.006246885576094874,2021-10-01 10:00:00+00:00,0,0.0074820652240952246,0.002708225058250191,0.018091995398158423,0.1110523558369394,2021-10-02 02:00:00+00:00,0
ETH/USDT|2021-09-30T04:00:00+00:00,B_opportunities,2021,2021-09-30 04:00:00+00:00,2021-09-30 03:00:00+00:00,ETH/USDT,0.05000115080876118,5.00040288,1,1,1,0,roi,1800,0.07239095608515433,-0.02824819567622916,2021-10-01 10:00:00+00:00,0,-0.015461806266639289,-0.013803650584978788,-0.008085986272320711,0.07922482873431846,2021-10-02 04:00:00+00:00,0
BTC/USDT|2021-10-04T21:00:00+00:00,B_opportunities,2021,2021-10-04 21:00:00+00:00,2021-10-04 20:00:00+00:00,BTC/USDT,0.049999940780133284,5.00361898,1,1,1,0,roi,1380,0.0564749641575526,-0.009183543123371996,2021-10-05 20:00:00+00:00,0,0.006502653238420031,0.01864745547242541,0.05011901567456323,0.1206397564387327,2021-10-06 21:00:00+00:00,0
ETH/USDT|2021-10-05T11:00:00+00:00,B_opportunities,2021,2021-10-05 11:00:00+00:00,2021-10-05 10:00:00+00:00,ETH/USDT,0.050000263332510474,4.98877604,1,1,1,0,roi,1560,0.055718807825247074,-0.027663016281262,2021-10-06 13:00:00+00:00,0,-0.0007739104882328318,0.021282538426401265,-0.0178028506672796,0.033138497973576486,2021-10-07 11:00:00+00:00,0
BTC/USDT|2021-10-08T20:00:00+00:00,B_opportunities,2021,2021-10-08 20:00:00+00:00,2021-10-08 19:00:00+00:00,BTC/USDT,0.04999998966484863,4.98144512,1,1,1,0,roi,3960,0.0547031002909677,-0.01873973237992288,2021-10-11 14:00:00+00:00,0,-0.012414951556582232,0.004225358808978008,-0.0005425472621387595,0.013966340492202134,2021-10-11 14:00:00+00:00,0
ETH/USDT|2021-10-11T21:00:00+00:00,B_opportunities,2021,2021-10-11 21:00:00+00:00,2021-10-11 20:00:00+00:00,ETH/USDT,-0.004887654619956857,-0.48858209,0,0,0,0,sma_cross_down,660,0.01550534123779257,-0.012710141191969448,2021-10-12 08:00:00+00:00,0,-0.002786608242403399,0.0015808918291948526,-0.0034710885814932535,0.023467079073230757,2021-10-13 21:00:00+00:00,0
ETH/USDT|2021-10-14T00:00:00+00:00,B_opportunities,2021,2021-10-14 00:00:00+00:00,2021-10-13 23:00:00+00:00,ETH/USDT,0.04999899182538113,5.00115827,1,1,1,0,roi,840,0.05505057645235789,-0.00592391771381684,2021-10-14 14:00:00+00:00,0,0.007991861219375673,0.035573900460716956,0.05083965825991976,0.07250888446590631,2021-10-16 00:00:00+00:00,0
BTC/USDT|2021-10-14T04:00:00+00:00,B_opportunities,2021,2021-10-14 04:00:00+00:00,2021-10-14 03:00:00+00:00,BTC/USDT,0.049999997647973804,4.99866858,1,1,1,0,roi,2160,0.0597081010760343,-0.021491754467632296,2021-10-15 16:00:00+00:00,0,-0.011218098580597635,-0.012652501059570387,0.023520136313873286,0.061826208422520734,2021-10-16 04:00:00+00:00,0
BTC/USDT|2021-10-18T04:00:00+00:00,B_opportunities,2021,2021-10-18 04:00:00+00:00,2021-10-18 03:00:00+00:00,BTC/USDT,0.04999993226368612,4.97487277,1,1,1,0,roi,3420,0.0640032567191966,-0.03669153257837943,2021-10-20 13:00:00+00:00,0,-0.014137400004217482,-0.001945146044507573,0.007484884634521238,0.027699497793682193,2021-10-20 13:00:00+00:00,0
ETH/USDT|2021-10-19T19:00:00+00:00,B_opportunities,2021,2021-10-19 19:00:00+00:00,2021-10-19 18:00:00+00:00,ETH/USDT,0.04999904924667079,4.99107878,1,1,1,0,roi,1140,0.07192118226600974,-0.0016131362889982848,2021-10-20 14:00:00+00:00,0,0.016880175711463385,0.008349447223506612,0.08305834629450604,0.06749705746353363,2021-10-21 19:00:00+00:00,0
ETH/USDT|2021-10-24T00:00:00+00:00,B_opportunities,2021,2021-10-24 00:00:00+00:00,2021-10-23 23:00:00+00:00,ETH/USDT,-0.010418605686811862,-1.03867249,0,0,0,0,sma_cross_down,1500,0.0046650812429656074,-0.04934571275674149,2021-10-25 01:00:00+00:00,0,-0.013496131620879592,-0.033817120697268166,-0.020347386204380924,0.012778609687265963,2021-10-26 00:00:00+00:00,0
BTC/USDT|2021-10-25T08:00:00+00:00,B_opportunities,2021,2021-10-25 08:00:00+00:00,2021-10-25 07:00:00+00:00,BTC/USDT,-0.0314639203690108,-3.13789879,0,0,0,0,sma_cross_down,2280,0.016756608812707796,-0.045372973309405484,2021-10-26 22:00:00+00:00,0,0.00914050524531751,0.00043647807675140093,-0.0036404027088771107,-0.04326032366405397,2021-10-27 08:00:00+00:00,0
ETH/USDT|2021-10-25T08:00:00+00:00,B_opportunities,2021,2021-10-25 08:00:00+00:00,2021-10-25 07:00:00+00:00,ETH/USDT,-0.05189653851003997,-5.19478392,0,0,0,1,stop_loss,2880,0.03799890584745014,-0.05247594189905358,2021-10-27 08:00:00+00:00,0,0.002205175293360506,0.00846883713756208,0.011912766639433414,-0.003130625908279061,2021-10-27 08:00:00+00:00,0
BTC/USDT|2021-10-28T19:00:00+00:00,B_opportunities,2021,2021-10-28 19:00:00+00:00,2021-10-28 18:00:00+00:00,BTC/USDT,0.021471486332452994,2.14520691,1,1,1,0,sma_cross_down,3120,0.04746071440213573,-0.009838613213904779,2021-10-30 23:00:00+00:00,0,0.020983142834523738,0.020605770913123544,0.032503547528904164,0.02385891978160659,2021-10-30 23:00:00+00:00,0
ETH/USDT|2021-10-28T20:00:00+00:00,B_opportunities,2021,2021-10-28 20:00:00+00:00,2021-10-28 19:00:00+00:00,ETH/USDT,0.012879328754412197,1.28485726,1,1,1,0,sma_cross_down,2820,0.04729469551823895,-0.011892351327998707,2021-10-30 19:00:00+00:00,0,0.022087137007400726,0.011392238626545037,0.03402879522145841,0.018217720425260264,2021-10-30 20:00:00+00:00,0
BTC/USDT|2021-11-01T14:00:00+00:00,B_opportunities,2021,2021-11-01 14:00:00+00:00,2021-11-01 13:00:00+00:00,BTC/USDT,0.007602587651069359,0.75897641,1,1,0,0,sma_cross_down,3660,0.037531788233740704,-0.026191260679417794,2021-11-04 03:00:00+00:00,0,-0.008218730491795112,-0.010091033849494724,0.023382805642868654,-0.0020020957270382445,2021-11-04 03:00:00+00:00,0
ETH/USDT|2021-11-01T16:00:00+00:00,B_opportunities,2021,2021-11-01 16:00:00+00:00,2021-11-01 15:00:00+00:00,ETH/USDT,0.049999407849519215,4.98563732,1,1,1,0,roi,1860,0.057386602666225306,-0.019618526104777767,2021-11-02 23:00:00+00:00,0,-0.012452930818072527,-0.007160952464149162,0.03711281431179003,0.044988712591782276,2021-11-03 16:00:00+00:00,0
BTC/USDT|2021-11-07T08:00:00+00:00,B_opportunities,2021,2021-11-07 08:00:00+00:00,2021-11-07 07:00:00+00:00,BTC/USDT,0.05000001532625055,4.97664273,1,1,1,0,roi,960,0.05312656908118485,-0.004718112262865781,2021-11-08 00:00:00+00:00,0,0.0013450481680095105,0.008188164903844442,0.06771419693726677,0.09865127630611914,2021-11-09 08:00:00+00:00,0
ETH/USDT|2021-11-07T08:00:00+00:00,B_opportunities,2021,2021-11-07 08:00:00+00:00,2021-11-07 07:00:00+00:00,ETH/USDT,0.04999962714814636,5.00060836,1,1,1,0,roi,1920,0.05363866563910613,-0.005040184960916072,2021-11-08 16:00:00+00:00,0,0.014079048772431824,0.013621050313772809,0.0400286249036661,0.05338764725311029,2021-11-09 08:00:00+00:00,0
ETH/USDT|2021-11-12T00:00:00+00:00,B_opportunities,2021,2021-11-12 00:00:00+00:00,2021-11-11 23:00:00+00:00,ETH/USDT,-0.030337113617469623,-3.0237144,0,0,0,0,sma_cross_down,900,0.01922229285865651,-0.037931765204492485,2021-11-12 15:00:00+00:00,0,0.004333545242636072,-0.025037084127993103,-0.011345624072896743,-0.015833863106590407,2021-11-14 00:00:00+00:00,0
BTC/USDT|2021-11-14T02:00:00+00:00,B_opportunities,2021,2021-11-14 02:00:00+00:00,2021-11-14 01:00:00+00:00,BTC/USDT,-0.0518980710883579,-5.18331449,0,0,0,1,stop_loss,2820,0.024892790509012164,-0.05879142521636371,2021-11-16 01:00:00+00:00,0,-0.0024920881679987295,-0.0024445492632704235,0.017089001473088672,-0.04134866020549155,2021-11-16 02:00:00+00:00,0
ETH/USDT|2021-11-14T06:00:00+00:00,B_opportunities,2021,2021-11-14 06:00:00+00:00,2021-11-14 05:00:00+00:00,ETH/USDT,-0.008385307710255273,-0.8377374,0,0,0,0,sma_cross_down,480,0.0030546388288110737,-0.016177953176565785,2021-11-14 14:00:00+00:00,0,-0.006389335883897562,-0.01841834855270552,0.010889444670634685,-0.06554777891949992,2021-11-16 06:00:00+00:00,0
ETH/USDT|2021-11-15T10:00:00+00:00,B_opportunities,2021,2021-11-15 10:00:00+00:00,2021-11-15 09:00:00+00:00,ETH/USDT,-0.05189683397213254,-5.17665944,0,0,0,1,stop_loss,840,0.010436782193312233,-0.06403724972050007,2021-11-16 00:00:00+00:00,0,-0.015806535626639584,-0.03233722867917488,-0.10269483963724368,-0.12572812758722174,2021-11-17 10:00:00+00:00,0
ETH/USDT|2021-11-18T05:00:00+00:00,B_opportunities,2021,2021-11-18 05:00:00+00:00,2021-11-18 04:00:00+00:00,ETH/USDT,-0.05189599115405977,-5.1727572,0,0,0,1,stop_loss,660,0.00318655443227156,-0.060725481625612865,2021-11-18 16:00:00+00:00,0,-0.003945584306021321,-0.060013300778542056,-0.04776765466854982,0.008499808478188875,2021-11-20 05:00:00+00:00,0
BTC/USDT|2021-11-18T06:00:00+00:00,B_opportunities,2021,2021-11-18 06:00:00+00:00,2021-11-18 05:00:00+00:00,BTC/USDT,-0.004358613563807789,-0.43572125,0,0,0,0,sma_cross_down,180,0.0039174805718749095,-0.014020122342047081,2021-11-18 09:00:00+00:00,0,-0.0098277292094473,-0.03780860584737433,-0.05679568302977189,-0.02342979739536999,2021-11-20 06:00:00+00:00,0
BTC/USDT|2021-11-18T11:00:00+00:00,B_opportunities,2021,2021-11-18 11:00:00+00:00,2021-11-18 10:00:00+00:00,BTC/USDT,-0.013090839386902897,-1.30840141,0,0,0,0,sma_cross_down,120,0.003037169068743628,-0.01753827570617661,2021-11-18 13:00:00+00:00,0,-0.04201977513341448,-0.05311876403158233,-0.04861193228278737,-0.021905784704034592,2021-11-20 11:00:00+00:00,0
ETH/USDT|2021-11-19T23:00:00+00:00,B_opportunities,2021,2021-11-19 23:00:00+00:00,2021-11-19 22:00:00+00:00,ETH/USDT,-0.023323877362320302,-2.3280859,0,0,0,0,sma_cross_down,3120,0.04003832089072712,-0.043209140934422074,2021-11-22 03:00:00+00:00,0,0.0027829378570678465,0.0036521678174616934,0.03056558363417583,0.007883822275186247,2021-11-22 03:00:00+00:00,0
BTC/USDT|2021-11-20T06:00:00+00:00,B_opportunities,2021,2021-11-20 06:00:00+00:00,2021-11-20 05:00:00+00:00,BTC/USDT,-0.018145108074839864,-1.81385729,0,0,0,0,sma_cross_down,2880,0.027905617236417823,-0.027970685651575344,2021-11-22 06:00:00+00:00,0,0.003863009068310941,-0.008314716061127991,0.010573788695801278,-0.016179432661638904,2021-11-22 06:00:00+00:00,0
ETH/USDT|2021-11-23T21:00:00+00:00,B_opportunities,2021,2021-11-23 21:00:00+00:00,2021-11-23 20:00:00+00:00,ETH/USDT,-0.024473032240771315,-2.44821179,0,0,0,0,sma_cross_down,2160,0.00025552049753496675,-0.04917857004341575,2021-11-25 09:00:00+00:00,0,-0.03111190200788916,-0.01890851681758343,-0.025748252992669696,0.028928570613774074,2021-11-25 21:00:00+00:00,0
BTC/USDT|2021-11-24T05:00:00+00:00,B_opportunities,2021,2021-11-24 05:00:00+00:00,2021-11-24 04:00:00+00:00,BTC/USDT,-0.009498190373106155,-0.94644873,0,0,0,0,sma_cross_down,600,0.017680159533210782,-0.012783059974706523,2021-11-24 15:00:00+00:00,0,-0.002337340050445502,0.0008628002606789753,0.011982492226841668,0.022269440498783544,2021-11-26 05:00:00+00:00,0
BTC/USDT|2021-11-25T04:00:00+00:00,B_opportunities,2021,2021-11-25 04:00:00+00:00,2021-11-25 03:00:00+00:00,BTC/USDT,-0.051897937747582924,-5.19017731,0,0,0,1,stop_loss,1680,0.02855255905672016,-0.05887429590896898,2021-11-26 08:00:00+00:00,0,0.00017333336334779403,0.022485025538532488,0.002613333785858707,-0.058925031848490295,2021-11-27 04:00:00+00:00,0
ETH/USDT|2021-11-25T11:00:00+00:00,B_opportunities,2021,2021-11-25 11:00:00+00:00,2021-11-25 10:00:00+00:00,ETH/USDT,-0.05189627291023331,-5.19308933,0,0,0,1,stop_loss,1260,0.04252570234757269,-0.08344328990048921,2021-11-26 08:00:00+00:00,0,0.027658658163358885,0.03475314750673486,-0.07219564938515954,-0.05271042938039461,2021-11-27 11:00:00+00:00,0
BTC/USDT|2021-11-28T08:00:00+00:00,B_opportunities,2021,2021-11-28 08:00:00+00:00,2021-11-28 07:00:00+00:00,BTC/USDT,-0.004754994528413573,-0.4748495,0,0,0,0,sma_cross_down,420,0.007671198702756676,-0.00890772549508767,2021-11-28 15:00:00+00:00,0,-0.004428272929533406,0.0018754261394120508,0.05502130490697987,0.03658530098076507,2021-11-30 08:00:00+00:00,0
BTC/USDT|2021-11-28T23:00:00+00:00,B_opportunities,2021,2021-11-28 23:00:00+00:00,2021-11-28 22:00:00+00:00,BTC/USDT,0.04999998434292056,4.99163818,1,1,1,0,roi,2400,0.05616974249957307,-0.00275317728187896,2021-11-30 15:00:00+00:00,0,0.021769836133687326,0.02035844484240723,0.03602474539450595,0.022096983356362898,2021-11-30 23:00:00+00:00,0
ETH/USDT|2021-11-29T00:00:00+00:00,B_opportunities,2021,2021-11-29 00:00:00+00:00,2021-11-28 23:00:00+00:00,ETH/USDT,0.05000080286908701,4.98699521,1,1,1,0,roi,2100,0.07119822481762705,-0.004163203151740347,2021-11-30 11:00:00+00:00,0,0.006004964165801319,0.0004330838832258266,0.03486790941561613,0.07811343072287769,2021-12-01 00:00:00+00:00,0
BTC/USDT|2021-12-01T04:00:00+00:00,B_opportunities,2021,2021-12-01 04:00:00+00:00,2021-12-01 03:00:00+00:00,BTC/USDT,-0.009909009134473125,-0.99000672,0,0,0,0,sma_cross_down,300,0.008506670962190377,-0.0121226511469954,2021-12-01 09:00:00+00:00,0,-0.004578291451084127,0.021834660256849325,-0.018512077941480798,-0.018113033347332164,2021-12-03 04:00:00+00:00,0
BTC/USDT|2021-12-01T22:00:00+00:00,B_opportunities,2021,2021-12-01 22:00:00+00:00,2021-12-01 21:00:00+00:00,BTC/USDT,-0.007324969244802039,-0.73124006,0,0,0,0,sma_cross_down,720,0.0068023307436571034,-0.021233484628820687,2021-12-02 10:00:00+00:00,0,-0.012067490912970436,-0.0053376317957065655,-0.0022655718362274424,-0.05927249015666858,2021-12-03 22:00:00+00:00,0
ETH/USDT|2021-12-05T14:00:00+00:00,B_opportunities,2021,2021-12-05 14:00:00+00:00,2021-12-05 13:00:00+00:00,ETH/USDT,-0.051895963679513595,-5.19367241,0,0,0,1,stop_loss,1080,0.0012212017768129524,-0.05098100828893681,2021-12-06 08:00:00+00:00,0,-0.014847242654935533,-0.013904560581606273,-0.03698360780616927,0.03342712543860893,2021-12-07 14:00:00+00:00,0
BTC/USDT|2021-12-06T01:00:00+00:00,B_opportunities,2021,2021-12-06 01:00:00+00:00,2021-12-06 00:00:00+00:00,BTC/USDT,-0.027803676983238483,-2.78104402,0,0,0,0,sma_cross_down,600,0.013667022200448464,-0.03371949677096142,2021-12-06 11:00:00+00:00,0,-0.01180811187353581,-0.005705773536264558,0.03879421323123178,0.04059239764966116,2021-12-08 01:00:00+00:00,0
BTC/USDT|2021-12-07T03:00:00+00:00,B_opportunities,2021,2021-12-07 03:00:00+00:00,2021-12-07 02:00:00+00:00,BTC/USDT,-0.03329117728841823,-3.3241638,0,0,0,0,sma_cross_down,2100,0.0256951432055732,-0.04019433102433578,2021-12-08 14:00:00+00:00,0,0.01121471702025767,0.016360341856710647,-0.005988713396299916,-0.014796609081618062,2021-12-09 03:00:00+00:00,0
ETH/USDT|2021-12-07T03:00:00+00:00,B_opportunities,2021,2021-12-07 03:00:00+00:00,2021-12-07 02:00:00+00:00,ETH/USDT,-0.03660464843139161,-3.65040129,0,0,0,0,sma_cross_down,3780,0.04062567386772842,-0.04933929080711097,2021-12-09 18:00:00+00:00,0,0.02201127344480036,0.020163281773515562,-0.004716204591459383,0.01894365364416073,2021-12-09 18:00:00+00:00,0
BTC/USDT|2021-12-11T16:00:00+00:00,B_opportunities,2021,2021-12-11 16:00:00+00:00,2021-12-11 15:00:00+00:00,BTC/USDT,-0.032567361773832126,-3.25762862,0,0,0,0,sma_cross_down,2880,0.041683976095243214,-0.042919382067247325,2021-12-13 16:00:00+00:00,0,0.0007337884449143406,0.011460803142427922,0.01797525264108457,-0.030668541379555103,2021-12-13 16:00:00+00:00,0
ETH/USDT|2021-12-12T06:00:00+00:00,B_opportunities,2021,2021-12-12 06:00:00+00:00,2021-12-12 05:00:00+00:00,ETH/USDT,-0.030848606179883328,-3.07929392,0,0,0,0,sma_cross_down,1980,0.03378298045199202,-0.06765017685349395,2021-12-13 15:00:00+00:00,0,-0.00028237182424584173,0.011886863022418703,0.0006638214815604115,-0.07476908672530425,2021-12-14 06:00:00+00:00,0
BTC/USDT|2021-12-15T07:00:00+00:00,B_opportunities,2021,2021-12-15 07:00:00+00:00,2021-12-15 06:00:00+00:00,BTC/USDT,-0.005001499406676554,-0.50044939,0,0,0,0,sma_cross_down,2760,0.030012911575992618,-0.03143412131055101,2021-12-17 05:00:00+00:00,0,-0.00976410420315943,-0.004737434157218723,0.01741637025190146,-0.013269684791144765,2021-12-17 07:00:00+00:00,0
ETH/USDT|2021-12-15T11:00:00+00:00,B_opportunities,2021,2021-12-15 11:00:00+00:00,2021-12-15 10:00:00+00:00,ETH/USDT,-0.051896551431148526,-5.17628341,0,0,0,1,stop_loss,240,0.003899412757760068,-0.054040268039315165,2021-12-15 15:00:00+00:00,0,-0.037991760511045025,0.03599532871210731,0.04886726447413059,-0.010981669597010746,2021-12-17 11:00:00+00:00,0
ETH/USDT|2021-12-18T21:00:00+00:00,B_opportunities,2021,2021-12-18 21:00:00+00:00,2021-12-18 20:00:00+00:00,ETH/USDT,-0.014916036334591503,-1.48918064,0,0,0,0,sma_cross_down,1860,0.018843564056242545,-0.01865912048207985,2021-12-20 04:00:00+00:00,0,-0.0037772937900785175,0.0029081372256722915,-0.01029344140520383,-0.007352458146574148,2021-12-20 21:00:00+00:00,0
BTC/USDT|2021-12-19T04:00:00+00:00,B_opportunities,2021,2021-12-19 04:00:00+00:00,2021-12-19 03:00:00+00:00,BTC/USDT,-0.026203957584753433,-2.61576443,0,0,0,0,sma_cross_down,1620,0.012268778891832088,-0.03377602792939105,2021-12-20 07:00:00+00:00,0,-0.012792486981366258,-0.009904766855059255,-0.02148624738485061,0.004529013224660039,2021-12-21 04:00:00+00:00,0
BTC/USDT|2021-12-21T08:00:00+00:00,B_opportunities,2021,2021-12-21 08:00:00+00:00,2021-12-21 07:00:00+00:00,BTC/USDT,-0.006463352796761066,-0.64431947,0,0,0,0,sma_cross_down,2700,0.020509771865943494,-0.013572522060108505,2021-12-23 05:00:00+00:00,0,0.00678718734156214,0.0008237997009867826,0.012899402364399792,-0.00926661447759014,2021-12-23 08:00:00+00:00,0
ETH/USDT|2021-12-21T09:00:00+00:00,B_opportunities,2021,2021-12-21 09:00:00+00:00,2021-12-21 08:00:00+00:00,ETH/USDT,-0.021554008652307916,-2.15038196,0,0,0,0,sma_cross_down,2400,0.013939310996927023,-0.027059979844980542,2021-12-23 01:00:00+00:00,0,-0.005367193681790394,-0.002426061121810652,0.0035706643177417785,-0.021978869629695974,2021-12-23 09:00:00+00:00,0
BTC/USDT|2021-12-23T21:00:00+00:00,B_opportunities,2021,2021-12-23 21:00:00+00:00,2021-12-23 20:00:00+00:00,BTC/USDT,-0.008458499776479889,-0.84519067,0,0,0,0,sma_cross_down,2640,0.01728441021949667,-0.015460327576968358,2021-12-25 17:00:00+00:00,0,0.002244465951209973,0.0027384801523511193,0.0035238763385851968,-0.001509531469941594,2021-12-25 21:00:00+00:00,0
ETH/USDT|2021-12-24T01:00:00+00:00,B_opportunities,2021,2021-12-24 01:00:00+00:00,2021-12-24 00:00:00+00:00,ETH/USDT,-0.015303917617355885,-1.52866999,0,0,0,0,sma_cross_down,2100,0.006903706084758543,-0.021750935713955144,2021-12-25 12:00:00+00:00,0,-0.004359049288914729,-0.005428112215078773,-0.009977108903175491,-0.006102669004480643,2021-12-26 01:00:00+00:00,0
ETH/USDT|2021-12-27T04:00:00+00:00,B_opportunities,2021,2021-12-27 04:00:00+00:00,2021-12-27 03:00:00+00:00,ETH/USDT,-0.043171913451103286,-4.31988581,0,0,0,0,sma_cross_down,1500,0.011607558638268678,-0.04977819171098741,2021-12-28 05:00:00+00:00,0,-0.006705734432328692,0.0030979708780933812,-0.02926160942528233,-0.06468974949082007,2021-12-29 04:00:00+00:00,0
BTC/USDT|2021-12-27T08:00:00+00:00,B_opportunities,2021,2021-12-27 08:00:00+00:00,2021-12-27 07:00:00+00:00,BTC/USDT,-0.03482301690553888,-3.48121117,0,0,0,0,sma_cross_down,1560,0.027481500579053186,-0.04019561758072765,2021-12-28 10:00:00+00:00,0,0.01193750920951886,0.01005644954327689,-0.02895167021962608,-0.06163942161360447,2021-12-29 08:00:00+00:00,0
BTC/USDT|2021-12-31T06:00:00+00:00,B_opportunities,2021,2021-12-31 06:00:00+00:00,2021-12-31 05:00:00+00:00,BTC/USDT,-0.014007796801196444,-1.39882674,0,0,0,0,sma_cross_down,1380,0.026824232905195977,-0.03388345307033569,2022-01-01 05:00:00+00:00,0,0.014715521422266953,-0.005571910835044269,-0.0018498304040122093,-0.004203256302187874,2022-01-02 06:00:00+00:00,0
ETH/USDT|2021-12-31T08:00:00+00:00,B_opportunities,2021,2021-12-31 08:00:00+00:00,2021-12-31 07:00:00+00:00,ETH/USDT,-0.004666040718936631,-0.46588611,0,0,0,0,sma_cross_down,1380,0.02501961374359185,-0.026757982524960533,2022-01-01 07:00:00+00:00,0,0.018756649865121933,-0.025688630477070706,-0.0017652369232753484,0.006808387159177531,2022-01-02 08:00:00+00:00,0
BTC/USDT|2022-01-02T00:00:00+00:00,B_opportunities,2022,2022-01-02 00:00:00+00:00,2022-01-01 23:00:00+00:00,BTC/USDT,-0.0214339067684928,-2.13996339,0,0,0,0,sma_cross_down,1680,0.0056019509390297095,-0.02239313567181722,2022-01-03 04:00:00+00:00,0,-0.013439530285933476,-0.010207941092961081,-0.009145971566960398,-0.026749352770644608,2022-01-04 00:00:00+00:00,0
ETH/USDT|2022-01-02T03:00:00+00:00,B_opportunities,2022,2022-01-02 03:00:00+00:00,2022-01-02 02:00:00+00:00,ETH/USDT,-0.005791288692723515,-0.57771902,0,0,0,0,sma_cross_down,2820,0.029611637528359713,-0.01774989990657949,2022-01-04 02:00:00+00:00,0,-0.0006672894701721388,0.0016255171493393394,0.013866275190177468,-0.005522487655144848,2022-01-04 03:00:00+00:00,0
ETH/USDT|2022-01-04T21:00:00+00:00,B_opportunities,2022,2022-01-04 21:00:00+00:00,2022-01-04 20:00:00+00:00,ETH/USDT,-0.05189587914075296,-5.19420057,0,0,0,1,stop_loss,1380,0.00828798046311019,-0.06105540081281424,2022-01-05 20:00:00+00:00,0,-0.0036657871223177985,0.0011660294992361653,-0.05840890689319955,-0.10234856683183235,2022-01-06 21:00:00+00:00,0
BTC/USDT|2022-01-09T17:00:00+00:00,B_opportunities,2022,2022-01-09 17:00:00+00:00,2022-01-09 16:00:00+00:00,BTC/USDT,-0.051898042679861305,-5.18870961,0,0,0,1,stop_loss,1260,0.015272980954154747,-0.05915684792628917,2022-01-10 14:00:00+00:00,0,0.001479010531751035,0.0010483344343454881,-0.00566261949778657,0.013340281099797124,2022-01-11 17:00:00+00:00,0
ETH/USDT|2022-01-10T05:00:00+00:00,B_opportunities,2022,2022-01-10 05:00:00+00:00,2022-01-10 04:00:00+00:00,ETH/USDT,-0.05189527303635444,-5.17916655,0,0,0,1,stop_loss,480,0.0018329669499053125,-0.051530936828778184,2022-01-10 13:00:00+00:00,0,-0.011404077879049401,-0.03131790953583735,-0.01795488759692354,0.016446311705163197,2022-01-12 05:00:00+00:00,0
BTC/USDT|2022-01-11T11:00:00+00:00,B_opportunities,2022,2022-01-11 11:00:00+00:00,2022-01-11 10:00:00+00:00,BTC/USDT,0.049999912388583145,5.00070936,1,1,1,0,roi,1560,0.05878741380826136,-0.00869760097158312,2022-01-12 13:00:00+00:00,0,0.025803355286514673,0.02599287742649592,0.027243147057170347,0.05162568680757773,2022-01-13 11:00:00+00:00,0
ETH/USDT|2022-01-11T19:00:00+00:00,B_opportunities,2022,2022-01-11 19:00:00+00:00,2022-01-11 18:00:00+00:00,ETH/USDT,0.05000113718954125,5.00099072,1,1,1,0,roi,1560,0.055000958689749524,-0.008467395270876255,2022-01-12 21:00:00+00:00,0,-0.00012370190315380558,0.00048552996987871744,0.042884357275836615,0.01144551858930365,2022-01-13 19:00:00+00:00,0
ETH/USDT|2022-01-15T08:00:00+00:00,B_opportunities,2022,2022-01-15 08:00:00+00:00,2022-01-15 07:00:00+00:00,ETH/USDT,-0.016403918185532322,-1.63771782,0,0,0,0,sma_cross_down,2760,0.02416456166082681,-0.023047927738695684,2022-01-17 06:00:00+00:00,0,-0.0032533378401217172,0.010813274101257875,0.005501702117385765,-0.012922813201670769,2022-01-17 08:00:00+00:00,0
BTC/USDT|2022-01-15T09:00:00+00:00,B_opportunities,2022,2022-01-15 09:00:00+00:00,2022-01-15 08:00:00+00:00,BTC/USDT,0.007231625471805248,0.72187867,1,1,0,0,sma_cross_down,1920,0.01898523029764143,-0.009979075906024537,2022-01-16 17:00:00+00:00,0,0.004711758691325674,0.011656676503671859,0.0020081914295917436,-0.004504006728092702,2022-01-17 09:00:00+00:00,0
BTC/USDT|2022-01-19T17:00:00+00:00,B_opportunities,2022,2022-01-19 17:00:00+00:00,2022-01-19 16:00:00+00:00,BTC/USDT,0.00019812403630854516,0.01978311,1,0,0,0,sma_cross_down,120,0.010572672720032594,-0.003973490656904666,2022-01-19 19:00:00+00:00,0,0.001529844371976452,-0.0006821311696009191,0.032496547590757485,-0.07615914580667082,2022-01-21 17:00:00+00:00,0
BTC/USDT|2022-01-20T05:00:00+00:00,B_opportunities,2022,2022-01-20 05:00:00+00:00,2022-01-20 04:00:00+00:00,BTC/USDT,-0.05189789933087477,-5.17858045,0,0,0,1,stop_loss,1200,0.03869791379416143,-0.05143160291823856,2022-01-21 01:00:00+00:00,0,0.005279321519323421,0.033201326419981525,-0.0726322140321749,-0.13383719911365077,2022-01-22 05:00:00+00:00,0
ETH/USDT|2022-01-20T13:00:00+00:00,B_opportunities,2022,2022-01-20 13:00:00+00:00,2022-01-20 12:00:00+00:00,ETH/USDT,-0.051897942818462967,-5.180704,0,0,0,1,stop_loss,660,0.0438008807369874,-0.052075726799340694,2022-01-21 00:00:00+00:00,0,0.0230898498410399,-0.03807704694819225,-0.11419606442581509,-0.20579016010790785,2022-01-22 13:00:00+00:00,0
BTC/USDT|2022-01-24T00:00:00+00:00,B_opportunities,2022,2022-01-24 00:00:00+00:00,2022-01-23 23:00:00+00:00,BTC/USDT,-0.05189789538388155,-5.17796642,0,0,0,1,stop_loss,540,0.00019175296699769362,-0.05085040371586913,2022-01-24 09:00:00+00:00,0,-0.0292592955354668,-0.07028477384875798,0.011472069593911227,0.019693167662448552,2022-01-26 00:00:00+00:00,0
ETH/USDT|2022-01-24T00:00:00+00:00,B_opportunities,2022,2022-01-24 00:00:00+00:00,2022-01-23 23:00:00+00:00,ETH/USDT,-0.05189810184804307,-5.18371126,0,0,0,1,stop_loss,420,0.0002953918865695737,-0.0624340291453328,2022-01-24 07:00:00+00:00,0,-0.03912548591773968,-0.11841229455575208,-0.03927515055080533,-0.03157923757685088,2022-01-26 00:00:00+00:00,0
BTC/USDT|2022-01-25T07:00:00+00:00,B_opportunities,2022,2022-01-25 07:00:00+00:00,2022-01-25 06:00:00+00:00,BTC/USDT,0.049999943850088435,4.98727741,1,1,1,0,roi,1260,0.05671566339479339,-0.003986453479240093,2022-01-26 04:00:00+00:00,0,0.01883835710911952,0.04118386704121679,0.040304498200390615,0.008235713255452914,2022-01-27 07:00:00+00:00,0
ETH/USDT|2022-01-25T13:00:00+00:00,B_opportunities,2022,2022-01-25 13:00:00+00:00,2022-01-25 12:00:00+00:00,ETH/USDT,0.05000151975845153,5.00389133,1,1,1,0,roi,1440,0.08141370811307369,-0.030011359861549014,2022-01-26 13:00:00+00:00,0,0.023900820616713503,-0.0060490237490824494,0.03844308381281247,0.007763255564076754,2022-01-27 13:00:00+00:00,0
BTC/USDT|2022-01-28T16:00:00+00:00,B_opportunities,2022,2022-01-28 16:00:00+00:00,2022-01-28 15:00:00+00:00,BTC/USDT,-0.011814593682113428,-1.17869664,0,0,0,0,sma_cross_down,3480,0.04118826566680078,-0.014960879550641182,2022-01-31 02:00:00+00:00,0,0.016130853817448054,0.014755715268340186,0.010159999010459497,0.021272699600795475,2022-01-31 02:00:00+00:00,0
ETH/USDT|2022-01-28T22:00:00+00:00,B_opportunities,2022,2022-01-28 22:00:00+00:00,2022-01-28 21:00:00+00:00,ETH/USDT,-0.012052892115560081,-1.20455453,0,0,0,0,sma_cross_down,3360,0.04183520850516387,-0.0228572330593253,2022-01-31 06:00:00+00:00,0,0.002955812769584787,0.006085264740586904,0.03183911538719575,0.01014210790097847,2022-01-31 06:00:00+00:00,0
ETH/USDT|2022-02-01T00:00:00+00:00,B_opportunities,2022,2022-02-01 00:00:00+00:00,2022-01-31 23:00:00+00:00,ETH/USDT,0.013226789774617173,1.32339484,1,1,1,0,sma_cross_down,2700,0.04691582245974968,-0.02762249994417454,2022-02-02 21:00:00+00:00,0,0.017086351016397883,0.027682047235889184,0.0373249867879446,-0.0023335094940712953,2022-02-03 00:00:00+00:00,0
BTC/USDT|2022-02-01T02:00:00+00:00,B_opportunities,2022,2022-02-01 02:00:00+00:00,2022-02-01 01:00:00+00:00,BTC/USDT,-0.02309693549507102,-2.30741738,0,0,0,0,sma_cross_down,2280,0.02685849588029554,-0.030637441426343948,2022-02-02 16:00:00+00:00,0,0.005297844903223492,0.01658080573374421,0.005271431519117353,-0.03642091845874518,2022-02-03 02:00:00+00:00,0
ETH/USDT|2022-02-04T10:00:00+00:00,B_opportunities,2022,2022-02-04 10:00:00+00:00,2022-02-04 09:00:00+00:00,ETH/USDT,0.05000149794463741,5.00166646,1,1,1,0,roi,840,0.0597115580501717,-0.029704743907664866,2022-02-05 00:00:00+00:00,0,0.00869681280777801,0.03772365490934382,0.06348041109651503,0.06039999719004441,2022-02-06 10:00:00+00:00,0
BTC/USDT|2022-02-04T12:00:00+00:00,B_opportunities,2022,2022-02-04 12:00:00+00:00,2022-02-04 11:00:00+00:00,BTC/USDT,0.04999998728960523,4.99590965,1,1,1,0,roi,180,0.0531581592171384,-0.013747685797408149,2022-02-04 15:00:00+00:00,0,0.07168632636868555,0.0995569955038349,0.0957418672308914,0.09817508595609636,2022-02-06 12:00:00+00:00,0
ETH/USDT|2022-02-07T07:00:00+00:00,B_opportunities,2022,2022-02-07 07:00:00+00:00,2022-02-07 06:00:00+00:00,ETH/USDT,0.01077772088339598,1.0766039,1,1,1,0,sma_cross_down,2520,0.04639540642104123,-0.02081870057905255,2022-02-09 01:00:00+00:00,0,-0.005997695434889594,0.02332724824568233,0.030108236878220618,0.0033694554493901574,2022-02-09 07:00:00+00:00,0
ETH/USDT|2022-02-09T16:00:00+00:00,B_opportunities,2022,2022-02-09 16:00:00+00:00,2022-02-09 15:00:00+00:00,ETH/USDT,-0.05189747387578363,-5.18470394,0,0,0,1,stop_loss,1920,0.03310429015491878,-0.055826128541045295,2022-02-11 00:00:00+00:00,0,0.018131479180103494,0.00036181157482428894,0.009897906212147367,-0.023760008809325273,2022-02-11 16:00:00+00:00,0
BTC/USDT|2022-02-09T23:00:00+00:00,B_opportunities,2022,2022-02-09 23:00:00+00:00,2022-02-09 22:00:00+00:00,BTC/USDT,-0.031317134954108476,-3.12886894,0,0,0,0,sma_cross_down,1920,0.028350848056735378,-0.04393736218727384,2022-02-11 07:00:00+00:00,0,-0.017369365066825626,0.0019435447383351345,-0.013469483205619026,-0.05392438937684474,2022-02-11 23:00:00+00:00,0
BTC/USDT|2022-02-13T22:00:00+00:00,B_opportunities,2022,2022-02-13 22:00:00+00:00,2022-02-13 21:00:00+00:00,BTC/USDT,-0.014533270369566535,-1.44885207,0,0,0,0,sma_cross_down,240,0.00529191679377905,-0.015394473155465382,2022-02-14 02:00:00+00:00,0,-0.006724375713859088,-0.002908990952649404,0.0008127923564344997,0.04191496722764354,2022-02-15 22:00:00+00:00,0
BTC/USDT|2022-02-14T23:00:00+00:00,B_opportunities,2022,2022-02-14 23:00:00+00:00,2022-02-14 22:00:00+00:00,BTC/USDT,0.028808869327412705,2.87992329,1,1,1,0,sma_cross_down,3120,0.04858068792707826,-0.0058821778960482796,2022-02-17 03:00:00+00:00,0,0.01853106290888973,0.037301124441663,0.03493831843848616,0.03122024965046455,2022-02-17 03:00:00+00:00,0
ETH/USDT|2022-02-15T01:00:00+00:00,B_opportunities,2022,2022-02-15 01:00:00+00:00,2022-02-15 00:00:00+00:00,ETH/USDT,0.05000017082675268,4.99891208,1,1,1,0,roi,420,0.057433716498710874,-0.0022462599429532437,2022-02-15 08:00:00+00:00,0,0.03806314866748184,0.0649086943271664,0.08238226824315764,0.07895466732410861,2022-02-17 01:00:00+00:00,0
ETH/USDT|2022-02-21T17:00:00+00:00,B_opportunities,2022,2022-02-21 17:00:00+00:00,2022-02-21 16:00:00+00:00,ETH/USDT,-0.05189607694328101,-5.18202475,0,0,0,1,stop_loss,240,0.00768064455437889,-0.05006437427832566,2022-02-21 21:00:00+00:00,0,-0.03403905249916073,-0.07379985317499849,-0.03992311977304852,2.5823492738163978e-05,2022-02-23 17:00:00+00:00,0
BTC/USDT|2022-02-23T06:00:00+00:00,B_opportunities,2022,2022-02-23 06:00:00+00:00,2022-02-23 05:00:00+00:00,BTC/USDT,-0.05189797047940206,-5.18860444,0,0,0,1,stop_loss,1200,0.033542938848381,-0.05677439231516668,2022-02-24 02:00:00+00:00,0,0.02124493530274707,0.002853636141247895,-0.08677192055742422,0.012567637917627605,2022-02-25 06:00:00+00:00,0
ETH/USDT|2022-02-23T08:00:00+00:00,B_opportunities,2022,2022-02-23 08:00:00+00:00,2022-02-23 07:00:00+00:00,ETH/USDT,-0.05189773166713536,-5.18134902,0,0,0,1,stop_loss,960,0.02149041778885752,-0.050392859527678135,2022-02-24 00:00:00+00:00,0,0.013284464114140304,-0.023181964883904782,-0.12063228262038939,-0.030668155496117788,2022-02-25 08:00:00+00:00,0
BTC/USDT|2022-02-25T07:00:00+00:00,B_opportunities,2022,2022-02-25 07:00:00+00:00,2022-02-25 06:00:00+00:00,BTC/USDT,-0.004693621263946201,-0.46924565,0,0,0,0,sma_cross_down,2700,0.04228965347639546,-0.018004792391690616,2022-02-27 04:00:00+00:00,0,0.016808498381741588,-0.0014476367020852532,0.01086657485901421,0.0015979801283187989,2022-02-27 07:00:00+00:00,0
ETH/USDT|2022-02-25T09:00:00+00:00,B_opportunities,2022,2022-02-25 09:00:00+00:00,2022-02-25 08:00:00+00:00,ETH/USDT,0.04999852854063393,4.9992247,1,1,1,0,roi,420,0.05287899295636933,-0.013922385862126019,2022-02-25 16:00:00+00:00,0,0.028201470847616372,0.040417634834088556,0.05673652809410967,0.05166371423532046,2022-02-27 09:00:00+00:00,0
BTC/USDT|2022-02-28T20:00:00+00:00,B_opportunities,2022,2022-02-28 20:00:00+00:00,2022-02-28 19:00:00+00:00,BTC/USDT,0.04999998307462546,4.98517603,1,1,1,0,roi,120,0.07008079470711426,-0.001960587900537658,2022-02-28 22:00:00+00:00,0,0.04670907711307004,0.052348156665079415,0.05782923746365776,0.057464606343565094,2022-03-02 20:00:00+00:00,0
ETH/USDT|2022-03-01T00:00:00+00:00,B_opportunities,2022,2022-03-01 00:00:00+00:00,2022-02-28 23:00:00+00:00,ETH/USDT,-0.009579978428955568,-0.95792387,0,0,0,0,sma_cross_down,3240,0.042138707148310584,-0.0228496694432746,2022-03-03 06:00:00+00:00,0,-0.0025608106951505727,-0.006117872609938457,0.018959585066502305,0.009021037676098631,2022-03-03 06:00:00+00:00,0
ETH/USDT|2022-03-06T14:00:00+00:00,B_opportunities,2022,2022-03-06 14:00:00+00:00,2022-03-06 13:00:00+00:00,ETH/USDT,-0.006671899974661158,-0.66626356,0,0,0,0,sma_cross_down,120,0.005910904482056889,-0.010579003406348209,2022-03-06 16:00:00+00:00,0,-0.012181814048302764,-0.0354238816602126,-0.007195416758235429,-0.019127153130896746,2022-03-08 14:00:00+00:00,0
BTC/USDT|2022-03-08T16:00:00+00:00,B_opportunities,2022,2022-03-08 16:00:00+00:00,2022-03-08 15:00:00+00:00,BTC/USDT,0.049999979908903806,4.99191078,1,1,1,0,roi,660,0.07218364782347098,-0.01341237104335058,2022-03-09 03:00:00+00:00,0,-0.004242292866170616,0.06620537767529622,0.09991763743606175,0.013482213669805843,2022-03-10 16:00:00+00:00,0
ETH/USDT|2022-03-08T20:00:00+00:00,B_opportunities,2022,2022-03-08 20:00:00+00:00,2022-03-08 19:00:00+00:00,ETH/USDT,0.04999851324005031,4.99753108,1,1,1,0,roi,420,0.053259437252926256,-0.012254863964033746,2022-03-09 03:00:00+00:00,0,0.015161615378652904,0.06387101775056214,0.05205022866444464,0.0128362142469578,2022-03-10 20:00:00+00:00,0
BTC/USDT|2022-03-12T17:00:00+00:00,B_opportunities,2022,2022-03-12 17:00:00+00:00,2022-03-12 16:00:00+00:00,BTC/USDT,-0.004059131018584274,-0.4056146,0,0,0,0,sma_cross_down,960,0.008659768006805013,-0.011340896144600987,2022-03-13 09:00:00+00:00,0,-0.001167884703315747,-0.0004769117981388016,-0.005765855976213041,-0.007945549802414797,2022-03-14 17:00:00+00:00,0
ETH/USDT|2022-03-12T22:00:00+00:00,B_opportunities,2022,2022-03-12 22:00:00+00:00,2022-03-12 21:00:00+00:00,ETH/USDT,-0.002866108247342299,-0.28645407,0,0,0,0,sma_cross_down,480,0.006436847375196786,-0.010816996369850007,2022-03-13 06:00:00+00:00,0,0.002033510395645477,-0.0023041296498187425,-0.010012912404413266,-0.01754772563846807,2022-03-14 22:00:00+00:00,0
ETH/USDT|2022-03-13T16:00:00+00:00,B_opportunities,2022,2022-03-13 16:00:00+00:00,2022-03-13 15:00:00+00:00,ETH/USDT,-0.0016498225896740403,-0.16487438,0,0,0,0,sma_cross_down,180,0.0025894383477211846,-0.006830225102821608,2022-03-13 19:00:00+00:00,0,-0.007345786929538467,-0.017691911106287095,-0.0026010675618577395,-0.0031321350074232646,2022-03-15 16:00:00+00:00,0
BTC/USDT|2022-03-14T23:00:00+00:00,B_opportunities,2022,2022-03-14 23:00:00+00:00,2022-03-14 22:00:00+00:00,BTC/USDT,0.049999910717094205,4.99940273,1,1,1,0,roi,1620,0.060821662548962374,-0.031220725563569474,2022-03-16 02:00:00+00:00,0,-0.013734128869057005,-0.01684732691656332,0.0035826061660799713,0.03958870084310373,2022-03-16 23:00:00+00:00,0
ETH/USDT|2022-03-15T00:00:00+00:00,B_opportunities,2022,2022-03-15 00:00:00+00:00,2022-03-14 23:00:00+00:00,ETH/USDT,-0.018617108246538134,-1.86267079,0,0,0,0,sma_cross_down,300,0.0051362853457530555,-0.020205296939082906,2022-03-15 05:00:00+00:00,0,-0.01538574424289696,-0.02108974631286653,0.0109368543413364,0.07121313349373026,2022-03-17 00:00:00+00:00,0
ETH/USDT|2022-03-15T19:00:00+00:00,B_opportunities,2022,2022-03-15 19:00:00+00:00,2022-03-15 18:00:00+00:00,ETH/USDT,0.05000105889876384,4.99548418,1,1,1,0,roi,1500,0.06148059028676722,-0.008810136606612451,2022-03-16 20:00:00+00:00,0,-0.0058556569148531246,0.007629867657584999,0.018979486164202086,0.07114356639203212,2022-03-17 19:00:00+00:00,0
BTC/USDT|2022-03-18T22:00:00+00:00,B_opportunities,2022,2022-03-18 22:00:00+00:00,2022-03-18 21:00:00+00:00,BTC/USDT,-0.020406472621032467,-2.04088575,0,0,0,0,sma_cross_down,2640,0.014254825305370922,-0.021363699102169065,2022-03-20 18:00:00+00:00,0,-0.00024925796716490645,-0.0032752783938791996,0.0074550139603599686,-0.01065087426873168,2022-03-20 22:00:00+00:00,0
ETH/USDT|2022-03-21T23:00:00+00:00,B_opportunities,2022,2022-03-21 23:00:00+00:00,2022-03-21 22:00:00+00:00,ETH/USDT,0.017501624436956843,1.74748279,1,1,1,0,sma_cross_down,2580,0.04978198674039236,-0.00875147863882697,2022-03-23 18:00:00+00:00,0,0.04114040487055082,0.038196892118194326,0.031536162911051546,0.03317297607708136,2022-03-23 23:00:00+00:00,0
BTC/USDT|2022-03-22T06:00:00+00:00,B_opportunities,2022,2022-03-22 06:00:00+00:00,2022-03-22 05:00:00+00:00,BTC/USDT,-0.013649820914908729,-1.36416775,0,0,0,0,sma_cross_down,2340,0.008144690781797026,-0.025636639439906572,2022-03-23 21:00:00+00:00,0,0.0031038506417735423,-0.005437806301050174,-0.019338156359393177,0.0037920653442240493,2022-03-24 06:00:00+00:00,0
ETH/USDT|2022-03-24T04:00:00+00:00,B_opportunities,2022,2022-03-24 04:00:00+00:00,2022-03-24 03:00:00+00:00,ETH/USDT,0.049998913071435364,4.9974231,1,1,1,0,roi,1860,0.05394412326296805,-0.004740373395565878,2022-03-25 11:00:00+00:00,0,0.010375816722634212,0.03249984253952265,0.039497717651816755,0.030434624067253946,2022-03-26 04:00:00+00:00,0
BTC/USDT|2022-03-24T06:00:00+00:00,B_opportunities,2022,2022-03-24 06:00:00+00:00,2022-03-24 05:00:00+00:00,BTC/USDT,0.04999996135702476,4.99443559,1,1,1,0,roi,5160,0.08378122638767804,-0.010509503051438607,2022-03-27 20:00:00+00:00,0,-0.001024586114405368,0.018660161269435926,0.02468399295181478,0.034547174553251736,2022-03-27 20:00:00+00:00,0
ETH/USDT|2022-03-27T00:00:00+00:00,B_opportunities,2022,2022-03-27 00:00:00+00:00,2022-03-26 23:00:00+00:00,ETH/USDT,0.04999948203751791,4.989774,1,1,1,0,roi,1440,0.05691237865698362,-0.006038136603699229,2022-03-28 00:00:00+00:00,0,-0.0017329093799681727,0.0004992050874403908,0.04790143084260734,0.059751987281398966,2022-03-29 00:00:00+00:00,0
ETH/USDT|2022-03-31T12:00:00+00:00,B_opportunities,2022,2022-03-31 12:00:00+00:00,2022-03-31 11:00:00+00:00,ETH/USDT,-0.04229641751058342,-4.2291831,0,0,0,0,sma_cross_down,300,0.010454096134272284,-0.04193664770810668,2022-03-31 17:00:00+00:00,0,-0.03351529248883167,-0.037451711403588495,-0.03643974081820023,0.023119861316031054,2022-04-02 12:00:00+00:00,0
ETH/USDT|2022-04-02T00:00:00+00:00,B_opportunities,2022,2022-04-02 00:00:00+00:00,2022-04-01 23:00:00+00:00,ETH/USDT,-0.00034583385739178407,-0.03456787,0,0,0,0,sma_cross_down,4020,0.03621787450798797,-0.0142480898356101,2022-04-04 19:00:00+00:00,0,0.00746987882067951,0.009492910705861668,-0.003310942026678587,0.019304181221980743,2022-04-04 19:00:00+00:00,0
BTC/USDT|2022-04-02T05:00:00+00:00,B_opportunities,2022,2022-04-02 05:00:00+00:00,2022-04-02 04:00:00+00:00,BTC/USDT,-0.005580794355561247,-0.55625525,0,0,0,0,sma_cross_down,1740,0.00884187948772519,-0.021465429607326003,2022-04-03 10:00:00+00:00,0,0.004078684350278472,-0.004785114714877858,-0.0035575119638613373,-0.009754197909249807,2022-04-04 05:00:00+00:00,0
BTC/USDT|2022-04-03T23:00:00+00:00,B_opportunities,2022,2022-04-03 23:00:00+00:00,2022-04-03 22:00:00+00:00,BTC/USDT,-0.016738136102038222,-1.67427293,0,0,0,0,sma_cross_down,300,0.000352927823262128,-0.0203518142160527,2022-04-04 04:00:00+00:00,0,-0.013261774091548384,-0.014971803257343264,-0.0006090573509731634,-0.018002313304326778,2022-04-05 23:00:00+00:00,0
BTC/USDT|2022-04-04T07:00:00+00:00,B_opportunities,2022,2022-04-04 07:00:00+00:00,2022-04-04 06:00:00+00:00,BTC/USDT,-0.008370525578317786,-0.8361468,0,0,0,0,sma_cross_down,180,0.0019041125541126025,-0.008939393939393914,2022-04-04 10:00:00+00:00,0,-0.004186580086580016,-0.01499047619047611,0.008859090909090872,-0.015925108225108175,2022-04-06 07:00:00+00:00,0
BTC/USDT|2022-04-05T09:00:00+00:00,B_opportunities,2022,2022-04-05 09:00:00+00:00,2022-04-05 08:00:00+00:00,BTC/USDT,-0.03358551161751513,-3.35737057,0,0,0,0,sma_cross_down,1020,0.011445621511905646,-0.04829824274180616,2022-04-06 02:00:00+00:00,0,-0.01812651596272996,-0.016884281002676693,-0.027837034716363562,-0.06737190697530893,2022-04-07 09:00:00+00:00,0
ETH/USDT|2022-04-05T09:00:00+00:00,B_opportunities,2022,2022-04-05 09:00:00+00:00,2022-04-05 08:00:00+00:00,ETH/USDT,-0.024872786064888734,-2.48357319,0,0,0,0,sma_cross_down,840,0.008573584734366424,-0.035400790971351404,2022-04-05 23:00:00+00:00,0,-0.020503465474343008,-0.023366063601312992,-0.04770524034192303,-0.08519704831804631,2022-04-07 09:00:00+00:00,0
ETH/USDT|2022-04-08T09:00:00+00:00,B_opportunities,2022,2022-04-08 09:00:00+00:00,2022-04-08 08:00:00+00:00,ETH/USDT,-0.022061360046651303,-2.20274152,0,0,0,0,sma_cross_down,1260,0.004529216636897093,-0.035978565960704256,2022-04-09 06:00:00+00:00,0,-0.0003159212141095047,-0.01276746983559951,-0.02505194473808925,-0.014830070839256915,2022-04-10 09:00:00+00:00,0
ETH/USDT|2022-04-10T08:00:00+00:00,B_opportunities,2022,2022-04-10 08:00:00+00:00,2022-04-10 07:00:00+00:00,ETH/USDT,-0.022202739025959095,-2.22008926,0,0,0,0,sma_cross_down,1380,0.01972718639385307,-0.028181694848361416,2022-04-11 07:00:00+00:00,0,-0.0009465871985644414,0.0149449776919921,-0.019924581358707227,-0.06721694113584298,2022-04-12 08:00:00+00:00,0
BTC/USDT|2022-04-10T15:00:00+00:00,B_opportunities,2022,2022-04-10 15:00:00+00:00,2022-04-10 14:00:00+00:00,BTC/USDT,-0.012478355530786958,-1.24801179,0,0,0,0,sma_cross_down,960,0.016673232099203794,-0.022094046659381417,2022-04-11 07:00:00+00:00,0,0.00943478417682364,-0.018010987770496256,-0.044369599033967866,-0.06342137570558881,2022-04-12 15:00:00+00:00,0
ETH/USDT|2022-04-13T08:00:00+00:00,B_opportunities,2022,2022-04-13 08:00:00+00:00,2022-04-13 07:00:00+00:00,ETH/USDT,-0.013998163696379693,-1.39812153,0,0,0,0,sma_cross_down,2340,0.030691333344257554,-0.02459567076867608,2022-04-14 23:00:00+00:00,0,0.009097582717214614,0.011362146714907428,0.020364689843217487,-0.005486078338839184,2022-04-15 08:00:00+00:00,0
BTC/USDT|2022-04-13T16:00:00+00:00,B_opportunities,2022,2022-04-13 16:00:00+00:00,2022-04-13 15:00:00+00:00,BTC/USDT,-0.03147891706222493,-3.13852353,0,0,0,0,sma_cross_down,1920,0.0097946507838782,-0.03902602107284625,2022-04-15 00:00:00+00:00,0,0.0014952070281046836,0.003931660729410202,-0.029013916553161545,-0.01812470813821221,2022-04-15 16:00:00+00:00,0
BTC/USDT|2022-04-16T06:00:00+00:00,B_opportunities,2022,2022-04-16 06:00:00+00:00,2022-04-16 05:00:00+00:00,BTC/USDT,-0.007571810065699853,-0.75739509,0,0,0,0,sma_cross_down,1320,0.005999730082591803,-0.011500409572477444,2022-04-17 04:00:00+00:00,0,-0.0009854951526097055,-0.007509735070625911,-0.0022824334685720427,-0.03793204705659026,2022-04-18 06:00:00+00:00,0
ETH/USDT|2022-04-16T10:00:00+00:00,B_opportunities,2022,2022-04-16 10:00:00+00:00,2022-04-16 09:00:00+00:00,ETH/USDT,-0.0146533834392269,-1.46401743,0,0,0,0,sma_cross_down,2460,0.017259224587472977,-0.01870298707206275,2022-04-18 03:00:00+00:00,0,-0.005349849854799249,0.00540259021073064,0.0030886070942370836,-0.04123966206616936,2022-04-18 10:00:00+00:00,0
BTC/USDT|2022-04-19T05:00:00+00:00,B_opportunities,2022,2022-04-19 05:00:00+00:00,2022-04-19 04:00:00+00:00,BTC/USDT,-0.010843048843815933,-1.08222874,0,0,0,0,sma_cross_down,4260,0.05167668479089449,-0.027243114828675474,2022-04-22 04:00:00+00:00,0,-0.0016799517035296363,0.011697015510126807,0.011570499118178201,0.018249194222728304,2022-04-22 04:00:00+00:00,0
ETH/USDT|2022-04-19T08:00:00+00:00,B_opportunities,2022,2022-04-19 08:00:00+00:00,2022-04-19 07:00:00+00:00,ETH/USDT,0.018211554100366234,1.82267448,1,1,1,0,sma_cross_down,2880,0.041951161727009634,-0.0020960773409762767,2022-04-21 08:00:00+00:00,0,0.01819013428715266,0.023573466359110284,0.016696226731731656,0.020253306175366248,2022-04-21 08:00:00+00:00,0
ETH/USDT|2022-04-21T15:00:00+00:00,B_opportunities,2022,2022-04-21 15:00:00+00:00,2022-04-21 14:00:00+00:00,ETH/USDT,-0.04829542970521563,-4.82475743,0,0,0,0,sma_cross_down,420,0.001492869167487143,-0.0654289616618493,2022-04-21 22:00:00+00:00,0,-0.04675871663665043,-0.04719069717211566,-0.055741370712354854,-0.05889228755927811,2022-04-23 15:00:00+00:00,0
BTC/USDT|2022-04-24T13:00:00+00:00,B_opportunities,2022,2022-04-24 13:00:00+00:00,2022-04-24 12:00:00+00:00,BTC/USDT,-1.6137634874629898e-06,-0.00016113,0,0,0,0,sma_cross_down,360,0.009034828123018368,-0.016491176124325935,2022-04-24 19:00:00+00:00,0,0.002000890800626598,-0.01836423640120588,-0.019699174152533194,0.01778519073011542,2022-04-26 13:00:00+00:00,0
BTC/USDT|2022-04-24T23:00:00+00:00,B_opportunities,2022,2022-04-24 23:00:00+00:00,2022-04-24 22:00:00+00:00,BTC/USDT,-0.004475827592993842,-0.44651484,0,0,0,0,sma_cross_down,60,0.0009244389962554944,-0.02210739219956548,2022-04-25 00:00:00+00:00,0,-0.010331159452538152,-0.028377943740720335,0.020194283853271155,-0.03356172904436894,2022-04-26 23:00:00+00:00,0
BTC/USDT|2022-04-26T03:00:00+00:00,B_opportunities,2022,2022-04-26 03:00:00+00:00,2022-04-26 02:00:00+00:00,BTC/USDT,-0.051897954156731464,-5.17887178,0,0,0,1,stop_loss,780,0.006736448631340375,-0.05384939216746876,2022-04-26 16:00:00+00:00,0,-0.000305495564145164,-0.03084370077030285,-0.051765705137063245,-0.027026240045483818,2022-04-28 03:00:00+00:00,0
ETH/USDT|2022-04-26T03:00:00+00:00,B_opportunities,2022,2022-04-26 03:00:00+00:00,2022-04-26 02:00:00+00:00,ETH/USDT,-0.051897935517345846,-5.18738376,0,0,0,1,stop_loss,780,0.007410100013006016,-0.05409172916784788,2022-04-26 16:00:00+00:00,0,0.0003868446151897853,-0.034162381362093264,-0.05353462592792679,-0.03409901888201905,2022-04-28 03:00:00+00:00,0
BTC/USDT|2022-04-28T07:00:00+00:00,B_opportunities,2022,2022-04-28 07:00:00+00:00,2022-04-28 06:00:00+00:00,BTC/USDT,-0.024612364564187285,-2.45682678,0,0,0,0,sma_cross_down,2040,0.024284126076417722,-0.02486435525552666,2022-04-29 17:00:00+00:00,0,0.003670388134602076,0.016944370798760433,0.001104896683914669,-0.018123350107635328,2022-04-30 07:00:00+00:00,0
ETH/USDT|2022-04-28T11:00:00+00:00,B_opportunities,2022,2022-04-28 11:00:00+00:00,2022-04-28 10:00:00+00:00,ETH/USDT,-0.040963111497107844,-4.09732949,0,0,0,0,sma_cross_down,1800,0.016943368539594328,-0.042687733547187134,2022-04-29 17:00:00+00:00,0,0.0014878768747761395,-0.0005767229170576815,-0.02310986742198029,-0.03421775555820972,2022-04-30 11:00:00+00:00,0
ETH/USDT|2022-05-02T05:00:00+00:00,B_opportunities,2022,2022-05-02 05:00:00+00:00,2022-05-02 04:00:00+00:00,ETH/USDT,-0.027513808361044095,-2.753821,0,0,0,0,sma_cross_down,2400,0.013091479337165035,-0.03557451992075111,2022-05-03 21:00:00+00:00,0,-0.01773656630997511,-0.016735449679887715,-0.002688313188486391,-0.021982560968352716,2022-05-04 05:00:00+00:00,0
BTC/USDT|2022-05-02T06:00:00+00:00,B_opportunities,2022,2022-05-02 06:00:00+00:00,2022-05-02 05:00:00+00:00,BTC/USDT,-0.01322173831931909,-1.32167352,0,0,0,0,sma_cross_down,1800,0.0040665277062481575,-0.024525548268579,2022-05-03 12:00:00+00:00,0,-0.012303406085461432,-0.016359166965531635,-0.012361085511415348,-0.023515517431876076,2022-05-04 06:00:00+00:00,0
BTC/USDT|2022-05-04T17:00:00+00:00,B_opportunities,2022,2022-05-04 17:00:00+00:00,2022-05-04 16:00:00+00:00,BTC/USDT,-0.05189785997859392,-5.19157175,0,0,0,1,stop_loss,1320,0.02127533076686161,-0.06827508759252032,2022-05-05 15:00:00+00:00,0,0.012549633209908873,0.014364382333345915,-0.054948725427079625,-0.07583518138177625,2022-05-06 17:00:00+00:00,0
ETH/USDT|2022-05-04T19:00:00+00:00,B_opportunities,2022,2022-05-04 19:00:00+00:00,2022-05-04 18:00:00+00:00,ETH/USDT,-0.051898101898101894,-5.1840905,0,0,0,1,stop_loss,1200,0.010511073253832937,-0.07038841567291321,2022-05-05 15:00:00+00:00,0,0.0027223168654173513,-0.002160136286201042,-0.07019080068143113,-0.08557410562180578,2022-05-06 19:00:00+00:00,0
ETH/USDT|2022-05-11T06:00:00+00:00,B_opportunities,2022,2022-05-11 06:00:00+00:00,2022-05-11 05:00:00+00:00,ETH/USDT,-0.029574968653140115,-2.9604141,0,0,0,0,sma_cross_down,120,0.0025368345009491033,-0.04755724677855622,2022-05-11 08:00:00+00:00,0,0.012301915638007088,-0.08185036939347212,-0.22917095420696953,-0.11488787994607152,2022-05-13 06:00:00+00:00,0
ETH/USDT|2022-05-11T11:00:00+00:00,B_opportunities,2022,2022-05-11 11:00:00+00:00,2022-05-11 10:00:00+00:00,ETH/USDT,-0.051897896831916715,-5.19480861,0,0,0,1,stop_loss,60,0.00439373450992786,-0.12495221967850534,2022-05-11 12:00:00+00:00,0,-0.09194410193177138,-0.1435552815454172,-0.18645293875873414,-0.13808466913275796,2022-05-13 11:00:00+00:00,0
BTC/USDT|2022-05-13T10:00:00+00:00,B_opportunities,2022,2022-05-13 10:00:00+00:00,2022-05-13 09:00:00+00:00,BTC/USDT,-0.05189787242813987,-5.18726411,0,0,0,1,stop_loss,1500,0.01939588483746757,-0.052969955857822715,2022-05-14 11:00:00+00:00,0,-0.0033686413814353333,-0.013004499624538535,-0.031103186527799642,-0.022511919176257944,2022-05-15 10:00:00+00:00,0
ETH/USDT|2022-05-13T15:00:00+00:00,B_opportunities,2022,2022-05-13 15:00:00+00:00,2022-05-13 14:00:00+00:00,ETH/USDT,-0.05189716384575931,-5.1842927,0,0,0,1,stop_loss,480,0.0011702007669749381,-0.059605045492142295,2022-05-13 23:00:00+00:00,0,-0.03813744519064022,-0.03791656288331302,-0.07279246932320715,-0.028117847760394388,2022-05-15 15:00:00+00:00,0
BTC/USDT|2022-05-15T12:00:00+00:00,B_opportunities,2022,2022-05-15 12:00:00+00:00,2022-05-15 11:00:00+00:00,BTC/USDT,-0.023935825396649527,-2.39110793,0,0,0,0,sma_cross_down,1920,0.040293689524249166,-0.03817342152131542,2022-05-16 20:00:00+00:00,0,-0.008315074735148364,0.0359582506929228,-0.009606348370746587,0.0025795712244052194,2022-05-17 12:00:00+00:00,0
ETH/USDT|2022-05-15T15:00:00+00:00,B_opportunities,2022,2022-05-15 15:00:00+00:00,2022-05-15 14:00:00+00:00,ETH/USDT,-0.024298725070642135,-2.42947889,0,0,0,0,sma_cross_down,1620,0.04787740753098424,-0.042974095619417896,2022-05-16 18:00:00+00:00,0,0.03108317214700196,0.008863636363636296,-0.0333365570599613,-0.005870406189555033,2022-05-17 15:00:00+00:00,0
BTC/USDT|2022-05-17T13:00:00+00:00,B_opportunities,2022,2022-05-17 13:00:00+00:00,2022-05-17 12:00:00+00:00,BTC/USDT,-0.026531163422640364,-2.64802967,0,0,0,0,sma_cross_down,1380,0.005314618552285433,-0.037111436974116785,2022-05-18 12:00:00+00:00,0,-0.023981672325132375,-0.0027418274839269285,-0.03387003750804307,-0.035539459298280396,2022-05-19 13:00:00+00:00,0
ETH/USDT|2022-05-17T15:00:00+00:00,B_opportunities,2022,2022-05-17 15:00:00+00:00,2022-05-17 14:00:00+00:00,ETH/USDT,-0.029949786148057322,-2.9954192,0,0,0,0,sma_cross_down,1320,0.026684696428745047,-0.036077359353263394,2022-05-18 13:00:00+00:00,0,-0.0010263344780286898,0.00793341959082805,-0.03871372564279674,-0.03689939976457546,2022-05-19 15:00:00+00:00,0
BTC/USDT|2022-05-19T23:00:00+00:00,B_opportunities,2022,2022-05-19 23:00:00+00:00,2022-05-19 22:00:00+00:00,BTC/USDT,-0.0319534228905761,-3.19575317,0,0,0,0,sma_cross_down,1560,0.019617242633636733,-0.04820842545911608,2022-05-21 01:00:00+00:00,0,-0.002832847112390957,0.007745854091312454,-0.034197245138177124,-0.025539685368780374,2022-05-21 23:00:00+00:00,0
ETH/USDT|2022-05-20T03:00:00+00:00,B_opportunities,2022,2022-05-20 03:00:00+00:00,2022-05-20 02:00:00+00:00,ETH/USDT,-0.051896135235436326,-5.18805488,0,0,0,1,stop_loss,780,0.016808875401501444,-0.0526533588192406,2022-05-20 16:00:00+00:00,0,-0.0009606479200741092,-0.021257414231383165,-0.034721264311190825,-0.02677005537273147,2022-05-22 03:00:00+00:00,0
BTC/USDT|2022-05-22T10:00:00+00:00,B_opportunities,2022,2022-05-22 10:00:00+00:00,2022-05-22 09:00:00+00:00,BTC/USDT,-0.030915130104784118,-3.08736361,0,0,0,0,sma_cross_down,2460,0.017574854540972407,-0.04228289968511123,2022-05-24 03:00:00+00:00,0,-0.009846128733231208,-0.00408317236647493,0.009991778580381805,-0.02656799193650594,2022-05-24 10:00:00+00:00,0
ETH/USDT|2022-05-22T10:00:00+00:00,B_opportunities,2022,2022-05-22 10:00:00+00:00,2022-05-22 09:00:00+00:00,ETH/USDT,-0.02421192034752061,-2.42260052,0,0,0,0,sma_cross_down,2640,0.030060910951641207,-0.03473650464846745,2022-05-24 06:00:00+00:00,0,-0.011333819960938296,-0.005375919824814002,0.01959004912308404,-0.02695851170865471,2022-05-24 10:00:00+00:00,0
BTC/USDT|2022-05-25T10:00:00+00:00,B_opportunities,2022,2022-05-25 10:00:00+00:00,2022-05-25 09:00:00+00:00,BTC/USDT,-0.030838395150668014,-3.08301994,0,0,0,0,sma_cross_down,1620,0.007425284271961763,-0.06015630765102464,2022-05-26 13:00:00+00:00,0,-0.0061597289772917785,0.0004018381243082736,-0.020774158923959396,-0.02615503303927813,2022-05-27 10:00:00+00:00,0
ETH/USDT|2022-05-25T20:00:00+00:00,B_opportunities,2022,2022-05-25 20:00:00+00:00,2022-05-25 19:00:00+00:00,ETH/USDT,0.004941410026494496,0.4942464,1,0,0,0,sma_cross_down,180,0.010468387314958694,-0.005559569376764495,2022-05-25 23:00:00+00:00,0,-0.0036892994942584467,-0.01292792031113088,-0.06406571052321441,-0.1010816821156083,2022-05-27 20:00:00+00:00,0
ETH/USDT|2022-05-28T21:00:00+00:00,B_opportunities,2022,2022-05-28 21:00:00+00:00,2022-05-28 20:00:00+00:00,ETH/USDT,0.049999236417656204,5.00015057,1,1,1,0,roi,1800,0.053734904829339625,-0.01876651687648434,2022-05-30 03:00:00+00:00,0,-0.013966168976706328,-0.004410075712804162,0.0020684425909613946,0.08966224729875893,2022-05-30 21:00:00+00:00,0
BTC/USDT|2022-05-28T23:00:00+00:00,B_opportunities,2022,2022-05-28 23:00:00+00:00,2022-05-28 22:00:00+00:00,BTC/USDT,0.0500000684553273,4.99172937,1,1,1,0,roi,1860,0.06677761432638962,-0.005292375826287055,2022-05-30 06:00:00+00:00,0,-0.0017783817622742948,0.005754561932075797,0.014974829827559821,0.09574150689916228,2022-05-30 23:00:00+00:00,0
BTC/USDT|2022-06-03T10:00:00+00:00,B_opportunities,2022,2022-06-03 10:00:00+00:00,2022-06-03 09:00:00+00:00,BTC/USDT,-0.021382671386552678,-2.13665899,0,0,0,0,sma_cross_down,660,0.000597024990752093,-0.031987779169513786,2022-06-03 21:00:00+00:00,0,-0.02458710743801651,-0.014641322314049687,-0.017356694214876067,-0.02018314049586778,2022-06-05 10:00:00+00:00,0
ETH/USDT|2022-06-05T04:00:00+00:00,B_opportunities,2022,2022-06-05 04:00:00+00:00,2022-06-05 03:00:00+00:00,ETH/USDT,0.04999842282104316,5.0006825,1,1,1,0,roi,1500,0.05247959684252779,-0.011589662400214085,2022-06-06 05:00:00+00:00,0,-0.006661649524765112,0.009789001310031686,0.047071940240265286,-0.020681773838392203,2022-06-07 04:00:00+00:00,0
BTC/USDT|2022-06-05T09:00:00+00:00,B_opportunities,2022,2022-06-05 09:00:00+00:00,2022-06-05 08:00:00+00:00,BTC/USDT,0.0500001265141053,4.99322662,1,1,1,0,roi,1080,0.053383389768629774,-0.005402161268659222,2022-06-06 03:00:00+00:00,0,0.003364564167694706,0.008555557913108025,0.059863982694217555,-0.0013151774849698983,2022-06-07 09:00:00+00:00,0
BTC/USDT|2022-06-08T10:00:00+00:00,B_opportunities,2022,2022-06-08 10:00:00+00:00,2022-06-08 09:00:00+00:00,BTC/USDT,-0.0034058992404708663,-0.34036819,0,0,0,0,sma_cross_down,1320,0.012154035623276327,-0.020115883736316897,2022-06-09 08:00:00+00:00,0,-0.0017631491028672341,-0.0034833904345148436,0.0006177408894683101,-0.020750001637701132,2022-06-10 10:00:00+00:00,0
ETH/USDT|2022-06-08T13:00:00+00:00,B_opportunities,2022,2022-06-08 13:00:00+00:00,2022-06-08 12:00:00+00:00,ETH/USDT,0.004955377282641737,0.49529498,1,0,0,0,sma_cross_down,1380,0.025721553445717582,-0.011786953465799499,2022-06-09 12:00:00+00:00,0,-0.000384905028867899,-0.0006861350514600906,0.0007419183889771919,-0.03530527431456232,2022-06-10 13:00:00+00:00,0
BTC/USDT|2022-06-16T09:00:00+00:00,B_opportunities,2022,2022-06-16 09:00:00+00:00,2022-06-16 08:00:00+00:00,BTC/USDT,-0.05189771255618157,-5.18375667,0,0,0,1,stop_loss,660,0.0003033923487296697,-0.058978830007109795,2022-06-16 20:00:00+00:00,0,-0.03959430797398622,-0.04931341990189542,-0.03293619993968877,-0.12751153556460582,2022-06-18 09:00:00+00:00,0
ETH/USDT|2022-06-16T09:00:00+00:00,B_opportunities,2022,2022-06-16 09:00:00+00:00,2022-06-16 08:00:00+00:00,ETH/USDT,-0.05189597572477236,-5.1936412,0,0,0,1,stop_loss,60,0.0016447228258553714,-0.06795347053560019,2022-06-16 10:00:00+00:00,0,-0.06333461161532228,-0.06221824534492304,-0.0662320507904044,-0.15560952746175805,2022-06-18 09:00:00+00:00,0
ETH/USDT|2022-06-19T21:00:00+00:00,B_opportunities,2022,2022-06-19 21:00:00+00:00,2022-06-19 20:00:00+00:00,ETH/USDT,-0.05189198315479255,-5.18931,0,0,0,1,stop_loss,180,0.007628707061152262,-0.05200833815054229,2022-06-20 00:00:00+00:00,0,-0.05827070961865222,-0.013365564839630695,-0.018016360992870517,-0.016650025399828294,2022-06-21 21:00:00+00:00,0
BTC/USDT|2022-06-19T23:00:00+00:00,B_opportunities,2022,2022-06-19 23:00:00+00:00,2022-06-19 22:00:00+00:00,BTC/USDT,-0.0518980536303347,-5.19280873,0,0,0,1,stop_loss,120,0.000896342247146853,-0.05113209717026457,2022-06-20 01:00:00+00:00,0,-0.04046006759048715,0.009127228413131183,-0.00993466124061504,0.009750077554140368,2022-06-21 23:00:00+00:00,0
BTC/USDT|2022-06-23T20:00:00+00:00,B_opportunities,2022,2022-06-23 20:00:00+00:00,2022-06-23 19:00:00+00:00,BTC/USDT,0.010471975749348576,1.04772156,1,1,1,0,sma_cross_down,4800,0.04676887584253686,-0.011350517406454097,2022-06-27 04:00:00+00:00,0,0.006577695138129558,0.00017503536575214085,0.01642989068419687,0.014162560987390771,2022-06-27 04:00:00+00:00,0
ETH/USDT|2022-06-23T20:00:00+00:00,B_opportunities,2022,2022-06-23 20:00:00+00:00,2022-06-23 19:00:00+00:00,ETH/USDT,0.04999972330703466,5.00161737,1,1,1,0,roi,900,0.07001349144358437,-0.005893630618476253,2022-06-24 11:00:00+00:00,0,0.021994408201304827,0.019571295433364444,0.0899924555096967,0.07004837349664927,2022-06-25 20:00:00+00:00,0
BTC/USDT|2022-07-01T19:00:00+00:00,B_opportunities,2022,2022-07-01 19:00:00+00:00,2022-07-01 18:00:00+00:00,BTC/USDT,-0.002434364915305147,-0.24349239,0,0,0,0,sma_cross_down,120,0.012676257749373976,-0.00829463361638827,2022-07-01 21:00:00+00:00,0,-0.013410300674681519,-0.011501377552175174,-0.006179437744723737,-0.010470013806385348,2022-07-03 19:00:00+00:00,0
ETH/USDT|2022-07-01T19:00:00+00:00,B_opportunities,2022,2022-07-01 19:00:00+00:00,2022-07-01 18:00:00+00:00,ETH/USDT,-0.019194172121399646,-1.92050959,0,0,0,0,sma_cross_down,1260,0.019274746814766486,-0.04019228076725623,2022-07-02 16:00:00+00:00,0,-0.017930648247537984,-0.022261632519718022,-0.001148084192840848,-0.010846128716105796,2022-07-03 19:00:00+00:00,0
ETH/USDT|2022-07-03T04:00:00+00:00,B_opportunities,2022,2022-07-03 04:00:00+00:00,2022-07-03 03:00:00+00:00,ETH/USDT,0.05000436110189646,5.00421542,1,1,1,0,roi,2100,0.06863446406385276,-0.02038703362072214,2022-07-04 15:00:00+00:00,0,-0.0031060285189891124,-0.011144053837827794,-0.010099298790531286,0.08534989881876798,2022-07-05 04:00:00+00:00,0
BTC/USDT|2022-07-04T10:00:00+00:00,B_opportunities,2022,2022-07-04 10:00:00+00:00,2022-07-04 09:00:00+00:00,BTC/USDT,0.049999766164618986,5.00167479,1,1,1,0,roi,840,0.05738299979449635,-5.163406321395669e-07,2022-07-05 00:00:00+00:00,0,0.02243088131646287,0.030551890969455986,0.020821446735563853,0.04315060889500466,2022-07-06 10:00:00+00:00,0
ETH/USDT|2022-07-14T00:00:00+00:00,B_opportunities,2022,2022-07-14 00:00:00+00:00,2022-07-13 23:00:00+00:00,ETH/USDT,0.0499960931395643,4.99984934,1,1,1,0,roi,1020,0.07617868898036795,-0.03847499125568388,2022-07-14 17:00:00+00:00,0,-0.007937219730941636,-0.03025112107623318,0.07033183856502245,0.10426008968609857,2022-07-16 00:00:00+00:00,0
BTC/USDT|2022-07-14T01:00:00+00:00,B_opportunities,2022,2022-07-14 01:00:00+00:00,2022-07-14 00:00:00+00:00,BTC/USDT,0.05000001290722144,4.99991551,1,1,1,0,roi,3780,0.05838346577491249,-0.03390767094074976,2022-07-16 16:00:00+00:00,0,-0.013905215440718433,-0.025728785263505194,0.004517865365248452,0.01847528199723736,2022-07-16 16:00:00+00:00,0
ETH/USDT|2022-07-22T05:00:00+00:00,B_opportunities,2022,2022-07-22 05:00:00+00:00,2022-07-22 04:00:00+00:00,ETH/USDT,-0.007967894533939233,-0.79753101,0,0,0,0,sma_cross_down,1740,0.05115464245899015,-0.03417104634495949,2022-07-23 10:00:00+00:00,0,0.034763497372193086,0.00703933747412,0.011001751871317023,-0.00541487498009241,2022-07-24 05:00:00+00:00,0
BTC/USDT|2022-07-22T14:00:00+00:00,B_opportunities,2022,2022-07-22 14:00:00+00:00,2022-07-22 13:00:00+00:00,BTC/USDT,-0.028752197631431258,-2.87589929,0,0,0,0,sma_cross_down,1020,0.00934035974176628,-0.04076820398128089,2022-07-23 07:00:00+00:00,0,-0.03709113295032296,-0.028500256647686628,-0.04754547609424842,-0.037812474953402564,2022-07-24 14:00:00+00:00,0
ETH/USDT|2022-07-24T13:00:00+00:00,B_opportunities,2022,2022-07-24 13:00:00+00:00,2022-07-24 12:00:00+00:00,ETH/USDT,0.05000083474074967,4.99954288,1,1,1,0,roi,540,0.05469477766582376,-0.003187518614981899,2022-07-24 22:00:00+00:00,0,0.012604323111727878,-0.012509267884641018,-0.026590115523785984,-0.11790016666349812,2022-07-26 13:00:00+00:00,0
BTC/USDT|2022-07-24T18:00:00+00:00,B_opportunities,2022,2022-07-24 18:00:00+00:00,2022-07-24 17:00:00+00:00,BTC/USDT,-0.039752415160392046,-3.97801084,0,0,0,0,sma_cross_down,780,0.01064897721514102,-0.04542041283779208,2022-07-25 07:00:00+00:00,0,-0.008451555277633083,-0.037697379341599,-0.03991807533240177,-0.08136169898832513,2022-07-26 18:00:00+00:00,0
ETH/USDT|2022-07-27T16:00:00+00:00,B_opportunities,2022,2022-07-27 16:00:00+00:00,2022-07-27 15:00:00+00:00,ETH/USDT,0.049999698116211536,5.00123207,1,1,1,0,roi,120,0.07104485629868384,-0.007923717432178345,2022-07-27 18:00:00+00:00,0,0.07906258393768462,0.10706419554123014,0.16056271823798007,0.15609723341391346,2022-07-29 16:00:00+00:00,0
BTC/USDT|2022-07-27T17:00:00+00:00,B_opportunities,2022,2022-07-27 17:00:00+00:00,2022-07-27 16:00:00+00:00,BTC/USDT,0.050000220147523304,5.00014186,1,1,1,0,roi,60,0.05430800935036517,-0.0035047613385716936,2022-07-27 18:00:00+00:00,0,0.062204274285788674,0.07117803610959283,0.1035688396290686,0.10734660574564092,2022-07-29 17:00:00+00:00,0
ETH/USDT|2022-08-03T09:00:00+00:00,B_opportunities,2022,2022-08-03 09:00:00+00:00,2022-08-03 08:00:00+00:00,ETH/USDT,-0.012618838600484773,-1.2616918,0,0,0,0,sma_cross_down,1740,0.020617932270940553,-0.032798502716551936,2022-08-04 14:00:00+00:00,0,0.001998788612961766,-0.004912174439733463,-0.021568746214415402,0.0038037552998182456,2022-08-05 09:00:00+00:00,0
BTC/USDT|2022-08-03T11:00:00+00:00,B_opportunities,2022,2022-08-03 11:00:00+00:00,2022-08-03 10:00:00+00:00,BTC/USDT,-0.023884913864030542,-2.38999437,0,0,0,0,sma_cross_down,1560,0.010130056859028791,-0.029496555609804576,2022-08-04 13:00:00+00:00,0,0.0012981332340047391,-0.02043224974733615,-0.023353156313352885,-0.009162539608227771,2022-08-05 11:00:00+00:00,0
ETH/USDT|2022-08-05T13:00:00+00:00,B_opportunities,2022,2022-08-05 13:00:00+00:00,2022-08-05 12:00:00+00:00,ETH/USDT,-0.0025206933903957527,-0.25225501,0,0,0,0,sma_cross_down,2640,0.04148241609779624,-0.013962374198770444,2022-08-07 09:00:00+00:00,0,-0.008475030204198264,0.034292924182998785,0.01870577242401339,0.016473935116025906,2022-08-07 13:00:00+00:00,0
BTC/USDT|2022-08-05T17:00:00+00:00,B_opportunities,2022,2022-08-05 17:00:00+00:00,2022-08-05 16:00:00+00:00,BTC/USDT,-0.003915207724277526,-0.39179111,0,0,0,0,sma_cross_down,2100,0.013892729770972556,-0.012165309635392307,2022-08-07 04:00:00+00:00,0,0.009076010393173739,0.007548726141610285,0.005312500678334775,0.0025765867063756165,2022-08-07 17:00:00+00:00,0
BTC/USDT|2022-08-08T03:00:00+00:00,B_opportunities,2022,2022-08-08 03:00:00+00:00,2022-08-08 02:00:00+00:00,BTC/USDT,-0.011900004278963639,-1.19084021,0,0,0,0,sma_cross_down,2280,0.04041638970148709,-0.01880302121985966,2022-08-09 17:00:00+00:00,0,0.03566235982154664,0.03619020154112618,0.021684424463704444,-0.016689668549731307,2022-08-10 03:00:00+00:00,0
ETH/USDT|2022-08-08T05:00:00+00:00,B_opportunities,2022,2022-08-08 05:00:00+00:00,2022-08-08 04:00:00+00:00,ETH/USDT,0.049997418378207176,5.0046575,1,1,1,0,roi,420,0.06172983706126267,0.0,2022-08-08 12:00:00+00:00,0,0.03534990743498545,0.032534996583562625,0.039659874672226536,-0.01898020802307998,2022-08-10 05:00:00+00:00,0
ETH/USDT|2022-08-10T20:00:00+00:00,B_opportunities,2022,2022-08-10 20:00:00+00:00,2022-08-10 19:00:00+00:00,ETH/USDT,0.04999773522729969,4.99583357,1,1,1,0,roi,300,0.05497074093629006,-0.0002859908482928386,2022-08-11 01:00:00+00:00,0,0.048552446321717735,0.03335093277015133,0.0445045758535727,0.05938159978880675,2022-08-12 20:00:00+00:00,0
BTC/USDT|2022-08-10T22:00:00+00:00,B_opportunities,2022,2022-08-10 22:00:00+00:00,2022-08-10 21:00:00+00:00,BTC/USDT,-0.010672111007733678,-1.06726017,0,0,0,0,sma_cross_down,2220,0.04009439868836928,-0.015650748227311495,2022-08-12 11:00:00+00:00,0,0.015265474167148074,0.02013845527125091,0.00937657563200589,0.006512890548044492,2022-08-12 22:00:00+00:00,0
BTC/USDT|2022-08-13T07:00:00+00:00,B_opportunities,2022,2022-08-13 07:00:00+00:00,2022-08-13 06:00:00+00:00,BTC/USDT,-0.0179382521165867,-1.79273064,0,0,0,0,sma_cross_down,2400,0.016060594751505564,-0.020592544755642983,2022-08-14 23:00:00+00:00,0,-0.008507344744609346,-0.008020561715163854,0.0010181878365902453,-0.0209483020196628,2022-08-15 07:00:00+00:00,0
BTC/USDT|2022-08-21T15:00:00+00:00,B_opportunities,2022,2022-08-21 15:00:00+00:00,2022-08-21 14:00:00+00:00,BTC/USDT,-0.018548289318324855,-1.85644651,0,0,0,0,sma_cross_down,1740,0.018190106368171977,-0.024303917603199165,2022-08-22 20:00:00+00:00,0,0.002703340175754576,0.0028509309662760884,-0.009783494585613006,0.002690262510771646,2022-08-23 15:00:00+00:00,0
ETH/USDT|2022-08-22T01:00:00+00:00,B_opportunities,2022,2022-08-22 01:00:00+00:00,2022-08-22 00:00:00+00:00,ETH/USDT,-0.02833232368943318,-2.83598466,0,0,0,0,sma_cross_down,660,0.0020493584886911442,-0.049892563933774614,2022-08-22 12:00:00+00:00,0,-0.015916684262168745,-0.03036776669606156,0.006446163973519825,0.018872728627675084,2022-08-24 01:00:00+00:00,0
ETH/USDT|2022-08-23T14:00:00+00:00,B_opportunities,2022,2022-08-23 14:00:00+00:00,2022-08-23 13:00:00+00:00,ETH/USDT,0.049997090168349446,5.00302319,1,1,1,0,roi,2880,0.052496470286227837,-0.01906351039966736,2022-08-25 14:00:00+00:00,0,0.008868596854734623,-0.008214606597355845,0.008275727182157855,0.04436743250759423,2022-08-25 14:00:00+00:00,0
BTC/USDT|2022-08-23T18:00:00+00:00,B_opportunities,2022,2022-08-23 18:00:00+00:00,2022-08-23 17:00:00+00:00,BTC/USDT,-0.001952796547419937,-0.19506951,0,0,0,0,sma_cross_down,3780,0.02266104810149283,-0.012595074789677474,2022-08-26 09:00:00+00:00,0,0.005342119812913548,0.0003016616607640632,0.010204195992289389,0.00730525545045646,2022-08-26 09:00:00+00:00,0
ETH/USDT|2022-08-29T21:00:00+00:00,B_opportunities,2022,2022-08-29 21:00:00+00:00,2022-08-29 20:00:00+00:00,ETH/USDT,0.0008552212901877575,0.08549939,1,0,0,0,sma_cross_down,3480,0.047702825947750105,-0.04684255803574322,2022-09-01 07:00:00+00:00,0,-0.006054177123489657,0.026493493053219908,0.007606530232076691,0.01573051150034921,2022-09-01 07:00:00+00:00,0
BTC/USDT|2022-08-29T22:00:00+00:00,B_opportunities,2022,2022-08-29 22:00:00+00:00,2022-08-29 21:00:00+00:00,BTC/USDT,0.004503671907492003,0.44994133,1,0,0,0,sma_cross_down,1740,0.01844624489632274,-0.03284419535755312,2022-08-31 03:00:00+00:00,0,0.003454340000306866,0.010865406460343507,-0.01580265269949821,0.0038097227371203246,2022-08-31 22:00:00+00:00,0
BTC/USDT|2022-08-31T17:00:00+00:00,B_opportunities,2022,2022-08-31 17:00:00+00:00,2022-08-31 16:00:00+00:00,BTC/USDT,-0.0012410491418015242,-0.12398198,0,0,0,0,sma_cross_down,720,0.0143744707563076,-0.007942460201622703,2022-09-01 05:00:00+00:00,0,0.00571895057930516,0.0007584682733221548,-0.019005618154137816,0.004460492036332697,2022-09-02 17:00:00+00:00,0
ETH/USDT|2022-09-02T06:00:00+00:00,B_opportunities,2022,2022-09-02 06:00:00+00:00,2022-09-02 05:00:00+00:00,ETH/USDT,-0.027133480176319277,-2.71506066,0,0,0,0,sma_cross_down,1680,0.03658191824195711,-0.036117026957412146,2022-09-03 10:00:00+00:00,0,0.0011748002211389164,-0.0052897421721868065,-0.013067296577373488,-0.024589134040307603,2022-09-04 06:00:00+00:00,0
BTC/USDT|2022-09-02T13:00:00+00:00,B_opportunities,2022,2022-09-02 13:00:00+00:00,2022-09-02 12:00:00+00:00,BTC/USDT,-0.026477634211057217,-2.65026018,0,0,0,0,sma_cross_down,1200,0.0078115370545119855,-0.02744785981436515,2022-09-03 09:00:00+00:00,0,-0.017172661395210342,-0.013877754671194564,-0.02130374375949684,-0.020107657613684937,2022-09-04 13:00:00+00:00,0
ETH/USDT|2022-09-04T23:00:00+00:00,B_opportunities,2022,2022-09-04 23:00:00+00:00,2022-09-04 22:00:00+00:00,ETH/USDT,0.0500020382365527,5.00287891,1,1,1,0,roi,1500,0.06792113208269757,-0.0064531777591962936,2022-09-06 00:00:00+00:00,0,0.006600028085225862,-0.0027127775011808186,0.025315001340431076,0.00798514036229947,2022-09-06 23:00:00+00:00,0
BTC/USDT|2022-09-05T03:00:00+00:00,B_opportunities,2022,2022-09-05 03:00:00+00:00,2022-09-05 02:00:00+00:00,BTC/USDT,-0.009241444470328902,-0.92376639,0,0,0,0,sma_cross_down,1020,0.004934837677236459,-0.011026191360079873,2022-09-05 20:00:00+00:00,0,-0.0036139905507368564,-0.0005132622120141983,-0.00185459417530498,-0.06257215388799908,2022-09-07 03:00:00+00:00,0
BTC/USDT|2022-09-06T08:00:00+00:00,B_opportunities,2022,2022-09-06 08:00:00+00:00,2022-09-06 07:00:00+00:00,BTC/USDT,-0.051897901380010394,-5.19147527,0,0,0,1,stop_loss,540,0.006225988201064014,-0.050579498143355495,2022-09-06 17:00:00+00:00,0,-0.006240395382449138,-0.05432489742934099,-0.05552957204913744,-0.036880224296548914,2022-09-08 08:00:00+00:00,0
ETH/USDT|2022-09-08T07:00:00+00:00,B_opportunities,2022,2022-09-08 07:00:00+00:00,2022-09-08 06:00:00+00:00,ETH/USDT,0.04999859637702266,5.00447087,1,1,1,0,roi,1320,0.055501909723290055,-0.018961922393273878,2022-09-09 05:00:00+00:00,0,-0.004791192570268943,0.002859954486745808,0.05329971092933139,0.06668306783935041,2022-09-10 07:00:00+00:00,0
BTC/USDT|2022-09-08T10:00:00+00:00,B_opportunities,2022,2022-09-08 10:00:00+00:00,2022-09-08 09:00:00+00:00,BTC/USDT,0.05000005478747212,5.00289646,1,1,1,0,roi,1080,0.06613286826642883,-0.009057233564251033,2022-09-09 04:00:00+00:00,0,0.003428191966240446,0.007654401554544554,0.08143949660777339,0.1113852251545997,2022-09-10 10:00:00+00:00,0
ETH/USDT|2022-09-15T13:00:00+00:00,B_opportunities,2022,2022-09-15 13:00:00+00:00,2022-09-15 12:00:00+00:00,ETH/USDT,-0.05189684552498768,-5.19100177,0,0,0,1,stop_loss,60,0.0021150166179877417,-0.06698182092859306,2022-09-15 14:00:00+00:00,0,-0.05657669453117142,-0.06651601369725046,-0.08402784771880345,-0.10321406989626347,2022-09-17 13:00:00+00:00,0
BTC/USDT|2022-09-17T13:00:00+00:00,B_opportunities,2022,2022-09-17 13:00:00+00:00,2022-09-17 12:00:00+00:00,BTC/USDT,-0.008835814430858327,-0.88347312,0,0,0,0,sma_cross_down,1920,0.016646843001608458,-0.023029526014657686,2022-09-18 21:00:00+00:00,0,0.010557738228922808,0.0062713952066679735,0.0065901516837696406,-0.05234505061329142,2022-09-19 13:00:00+00:00,0
ETH/USDT|2022-09-18T04:00:00+00:00,B_opportunities,2022,2022-09-18 04:00:00+00:00,2022-09-18 03:00:00+00:00,ETH/USDT,-0.051898101918105156,-5.18896549,0,0,0,1,stop_loss,780,0.0059994489599117795,-0.054738944758231156,2022-09-18 17:00:00+00:00,0,-0.01903141595663338,-0.023680784675680577,-0.10831995922331439,-0.06668227936162441,2022-09-20 04:00:00+00:00,0
BTC/USDT|2022-09-20T09:00:00+00:00,B_opportunities,2022,2022-09-20 09:00:00+00:00,2022-09-20 08:00:00+00:00,BTC/USDT,-0.02357842165968314,-2.36011818,0,0,0,0,sma_cross_down,1020,0.002105224988150578,-0.030691528075278307,2022-09-21 02:00:00+00:00,0,-0.01216150763946966,-0.017205966530859484,-0.022473691162872678,-0.005249594003424063,2022-09-22 09:00:00+00:00,0
ETH/USDT|2022-09-20T10:00:00+00:00,B_opportunities,2022,2022-09-20 10:00:00+00:00,2022-09-20 09:00:00+00:00,ETH/USDT,-0.02094614609007722,-2.09576409,0,0,0,0,sma_cross_down,1260,0.02331117797969795,-0.029469824112615117,2022-09-21 07:00:00+00:00,0,0.01819499175643413,-0.025588324449011823,-0.010062325794598315,-0.04468530279394034,2022-09-22 10:00:00+00:00,0
BTC/USDT|2022-09-22T22:00:00+00:00,B_opportunities,2022,2022-09-22 22:00:00+00:00,2022-09-22 21:00:00+00:00,BTC/USDT,0.0039025094354879332,0.39026146,1,0,0,0,sma_cross_down,1560,0.019554945971880233,-0.033573574200008505,2022-09-24 00:00:00+00:00,0,0.011442905419499994,-0.004767616504651961,-0.008592869957027904,-0.011703658892736502,2022-09-24 22:00:00+00:00,0
ETH/USDT|2022-09-23T06:00:00+00:00,B_opportunities,2022,2022-09-23 06:00:00+00:00,2022-09-23 05:00:00+00:00,ETH/USDT,-0.05189698679393463,-5.18848786,0,0,0,1,stop_loss,420,0.005147381986397637,-0.05561556282264257,2022-09-23 13:00:00+00:00,0,-0.04073955439017307,-0.03474296611368943,-0.007344889491444739,-0.014712126516838842,2022-09-25 06:00:00+00:00,0
BTC/USDT|2022-09-24T15:00:00+00:00,B_opportunities,2022,2022-09-24 15:00:00+00:00,2022-09-24 14:00:00+00:00,BTC/USDT,-0.012433514856377241,-1.24234597,0,0,0,0,sma_cross_down,480,0.00571573480122245,-0.014700373207250816,2022-09-24 23:00:00+00:00,0,0.002919515272439277,-0.007150506985459049,-0.00885338290710791,0.0026868762234508736,2022-09-26 15:00:00+00:00,0
BTC/USDT|2022-09-25T04:00:00+00:00,B_opportunities,2022,2022-09-25 04:00:00+00:00,2022-09-25 03:00:00+00:00,BTC/USDT,-0.005355085888532958,-0.53516943,0,0,0,0,sma_cross_down,720,0.006685620981239815,-0.011070271450488,2022-09-25 16:00:00+00:00,0,-0.0006187784295622611,-0.0034077424454185268,-0.009724110893072013,0.054864495921258305,2022-09-27 04:00:00+00:00,0
BTC/USDT|2022-09-26T20:00:00+00:00,B_opportunities,2022,2022-09-26 20:00:00+00:00,2022-09-26 19:00:00+00:00,BTC/USDT,0.04999984921023852,4.99753909,1,1,1,0,roi,420,0.05717273473400919,-0.006879955171709917,2022-09-27 03:00:00+00:00,0,0.029359826733330596,0.051084817450815834,-0.006518851186573582,0.017911478396085645,2022-09-28 20:00:00+00:00,0
ETH/USDT|2022-09-26T23:00:00+00:00,B_opportunities,2022,2022-09-26 23:00:00+00:00,2022-09-26 22:00:00+00:00,ETH/USDT,0.049997793064173075,5.00262628,1,1,1,0,roi,720,0.053945534671739015,-0.00027872989566468664,2022-09-27 11:00:00+00:00,0,0.039903875128066035,0.04488338455975405,0.001936057373591149,0.007985295003917203,2022-09-28 23:00:00+00:00,0
BTC/USDT|2022-09-29T07:00:00+00:00,B_opportunities,2022,2022-09-29 07:00:00+00:00,2022-09-29 06:00:00+00:00,BTC/USDT,-0.005792169661175526,-0.57884857,0,0,0,0,sma_cross_down,3180,0.04122927471430016,-0.027996351957676247,2022-10-01 12:00:00+00:00,0,-0.008944535522790287,-0.004391535319540618,0.00310136383661197,-0.004756249929068979,2022-10-01 12:00:00+00:00,0
ETH/USDT|2022-09-29T08:00:00+00:00,B_opportunities,2022,2022-09-29 08:00:00+00:00,2022-09-29 07:00:00+00:00,ETH/USDT,0.0005838381317772236,0.05840856,1,0,0,0,sma_cross_down,3120,0.038729491145923944,-0.025317891965899952,2022-10-01 12:00:00+00:00,0,-0.01580937972768537,0.00855521936459902,0.013524962178517397,0.005151285930408367,2022-10-01 12:00:00+00:00,0
BTC/USDT|2022-10-03T19:00:00+00:00,B_opportunities,2022,2022-10-03 19:00:00+00:00,2022-10-03 18:00:00+00:00,BTC/USDT,0.013137148881884166,1.31279529,1,1,1,0,sma_cross_down,4500,0.043950441034008136,-0.009276500280426148,2022-10-06 22:00:00+00:00,0,-0.002510752537394967,0.011692539893379594,0.026276218472183643,0.033292966170618055,2022-10-06 22:00:00+00:00,0
ETH/USDT|2022-10-03T21:00:00+00:00,B_opportunities,2022,2022-10-03 21:00:00+00:00,2022-10-03 20:00:00+00:00,ETH/USDT,0.0038230102752081024,0.38241656,1,0,0,0,sma_cross_down,5280,0.04564136659665463,-0.006482418894211084,2022-10-07 13:00:00+00:00,0,-0.0016772565522555904,0.0183289387196941,0.02849825096895575,0.016190814376052964,2022-10-07 13:00:00+00:00,0
BTC/USDT|2022-10-10T02:00:00+00:00,B_opportunities,2022,2022-10-10 02:00:00+00:00,2022-10-10 01:00:00+00:00,BTC/USDT,-0.013507447730300234,-1.35003116,0,0,0,0,sma_cross_down,540,5.9995600322659826e-05,-0.02022569626945303,2022-10-10 11:00:00+00:00,0,-0.004572997980148097,-0.009518276352041832,-0.023953115233087963,-0.022469634278101558,2022-10-12 02:00:00+00:00,0
ETH/USDT|2022-10-10T04:00:00+00:00,B_opportunities,2022,2022-10-10 04:00:00+00:00,2022-10-10 03:00:00+00:00,ETH/USDT,-0.005656090560518575,-0.565609,0,0,0,0,sma_cross_down,540,0.0016702187155186454,-0.020269351108692768,2022-10-10 13:00:00+00:00,0,-0.00779183482217094,-0.011268308166689445,-0.033865384906059726,-0.0298296528061186,2022-10-12 04:00:00+00:00,0
ETH/USDT|2022-10-12T16:00:00+00:00,B_opportunities,2022,2022-10-12 16:00:00+00:00,2022-10-12 15:00:00+00:00,ETH/USDT,-0.05189694967486429,-5.19025015,0,0,0,1,stop_loss,1080,0.0028786281104962175,-0.06066670258537743,2022-10-13 10:00:00+00:00,0,0.0004772020565868562,-0.009828823004217835,-0.032588282380468514,0.00831255195344971,2022-10-14 16:00:00+00:00,0
BTC/USDT|2022-10-12T19:00:00+00:00,B_opportunities,2022,2022-10-12 19:00:00+00:00,2022-10-12 18:00:00+00:00,BTC/USDT,-0.024350902240836934,-2.43716468,0,0,0,0,sma_cross_down,960,0.0063124979403828,-0.028819994947072436,2022-10-13 11:00:00+00:00,0,0.0016058475867564148,-0.0030291411644643995,0.015921429591429392,0.005032527567486067,2022-10-14 19:00:00+00:00,0
BTC/USDT|2022-10-14T03:00:00+00:00,B_opportunities,2022,2022-10-14 03:00:00+00:00,2022-10-14 02:00:00+00:00,BTC/USDT,-0.035152868478192933,-3.51665803,0,0,0,0,sma_cross_down,1740,0.0021372542888813406,-0.03993054680022068,2022-10-15 08:00:00+00:00,0,-0.010714008345277026,-0.018459159682851167,-0.03187726370934141,-0.03602972992327458,2022-10-16 03:00:00+00:00,0
ETH/USDT|2022-10-14T09:00:00+00:00,B_opportunities,2022,2022-10-14 09:00:00+00:00,2022-10-14 08:00:00+00:00,ETH/USDT,-0.027801758273725812,-2.78049164,0,0,0,0,sma_cross_down,1620,0.01629867280073838,-0.033724783970701666,2022-10-15 12:00:00+00:00,0,-0.0009685376594681383,-0.015625236459389402,-0.031106705609951657,-0.024750677219691597,2022-10-16 09:00:00+00:00,0
BTC/USDT|2022-10-16T20:00:00+00:00,B_opportunities,2022,2022-10-16 20:00:00+00:00,2022-10-16 19:00:00+00:00,BTC/USDT,-0.005290440920621845,-0.5294514,0,0,0,0,sma_cross_down,3240,0.01709746229624276,-0.014677898096502773,2022-10-19 02:00:00+00:00,0,-0.010215020187980595,-0.004119142892091365,0.007816616852615699,-0.008215576563878169,2022-10-19 02:00:00+00:00,0
ETH/USDT|2022-10-16T23:00:00+00:00,B_opportunities,2022,2022-10-16 23:00:00+00:00,2022-10-16 22:00:00+00:00,ETH/USDT,-0.00017488165941768083,-0.01749789,0,0,0,0,sma_cross_down,2940,0.025536565977742454,-0.016509722392075266,2022-10-19 00:00:00+00:00,0,-0.0025070319187966428,0.008507093065916571,0.01741928580163865,0.0032713709184297723,2022-10-19 00:00:00+00:00,0
ETH/USDT|2022-10-22T00:00:00+00:00,B_opportunities,2022,2022-10-22 00:00:00+00:00,2022-10-21 23:00:00+00:00,ETH/USDT,0.04999982471826228,5.00255724,1,1,1,0,roi,2760,0.055233273835169516,-0.004185388071644036,2022-10-23 22:00:00+00:00,0,-0.0024773994999038873,0.004554722061935079,0.010663589151759911,0.049586458934410604,2022-10-24 00:00:00+00:00,0
BTC/USDT|2022-10-22T06:00:00+00:00,B_opportunities,2022,2022-10-22 06:00:00+00:00,2022-10-22 05:00:00+00:00,BTC/USDT,0.006645881506243031,0.66467878,1,1,0,0,sma_cross_down,4440,0.028966759593240576,-0.0036806655604643135,2022-10-25 08:00:00+00:00,0,0.0019606992899583453,0.0005689319282613514,0.001977417216224797,0.010203159374603255,2022-10-25 08:00:00+00:00,0
BTC/USDT|2022-10-25T17:00:00+00:00,B_opportunities,2022,2022-10-25 17:00:00+00:00,2022-10-25 16:00:00+00:00,BTC/USDT,0.04999988448169312,4.99801877,1,1,1,0,roi,1260,0.06088532950028358,-0.00015797198293709958,2022-10-26 14:00:00+00:00,0,0.012600410626214975,0.019672306552455776,0.04788014721171874,0.038254455011799804,2022-10-27 17:00:00+00:00,0
BTC/USDT|2022-10-29T04:00:00+00:00,B_opportunities,2022,2022-10-29 04:00:00+00:00,2022-10-29 03:00:00+00:00,BTC/USDT,-0.005690570994444885,-0.56864662,0,0,0,0,sma_cross_down,2340,0.01593551592033826,-0.00984231196760954,2022-10-30 19:00:00+00:00,0,0.00968379037181255,0.00814579361259149,0.0010229220300208564,-0.011477156267119981,2022-10-31 04:00:00+00:00,0
ETH/USDT|2022-10-29T04:00:00+00:00,B_opportunities,2022,2022-10-29 04:00:00+00:00,2022-10-29 03:00:00+00:00,ETH/USDT,-0.0034734725529377746,-0.34763006,0,0,0,0,sma_cross_down,2580,0.046258957050197225,-0.009380131233761024,2022-10-30 23:00:00+00:00,0,0.02668730182696666,0.026976697367758984,0.020547083396245558,-0.004265438622980455,2022-10-31 04:00:00+00:00,0
ETH/USDT|2022-11-01T18:00:00+00:00,B_opportunities,2022,2022-11-01 18:00:00+00:00,2022-11-01 17:00:00+00:00,ETH/USDT,0.002737708564842945,0.27381238,1,0,0,0,sma_cross_down,720,0.013785763158561615,-0.005961582321786119,2022-11-02 06:00:00+00:00,0,2.5341476394435958e-05,0.004751526823952856,-0.011378322901092197,-0.02371328653607363,2022-11-03 18:00:00+00:00,0
BTC/USDT|2022-11-02T02:00:00+00:00,B_opportunities,2022,2022-11-02 02:00:00+00:00,2022-11-02 01:00:00+00:00,BTC/USDT,-0.0015219805136186912,-0.15213033,0,0,0,0,sma_cross_down,60,0.0026389663796364538,-0.002273676078703879,2022-11-02 03:00:00+00:00,0,-0.004062435686229771,-0.005167047550492576,-0.009702052285936902,-0.010624269078573167,2022-11-04 02:00:00+00:00,0
ETH/USDT|2022-11-04T09:00:00+00:00,B_opportunities,2022,2022-11-04 09:00:00+00:00,2022-11-04 08:00:00+00:00,ETH/USDT,0.050001937490244,5.0038036,1,1,1,0,roi,300,0.06373548444286858,-0.014651689946433288,2022-11-04 14:00:00+00:00,0,0.051363552899014175,0.041929172497198186,0.040517181336389596,0.03300766780850117,2022-11-06 09:00:00+00:00,0
BTC/USDT|2022-11-04T10:00:00+00:00,B_opportunities,2022,2022-11-04 10:00:00+00:00,2022-11-04 09:00:00+00:00,BTC/USDT,0.03136832116580313,3.13903629,1,1,1,0,sma_cross_down,3300,0.04426976736045951,-0.010696149055761772,2022-11-06 17:00:00+00:00,0,0.013097188528535364,0.029201285410782152,0.03506925369361147,0.03266518549488806,2022-11-06 17:00:00+00:00,0
ETH/USDT|2022-11-10T22:00:00+00:00,B_opportunities,2022,2022-11-10 22:00:00+00:00,2022-11-10 21:00:00+00:00,ETH/USDT,-0.05189659594008539,-5.19163759,0,0,0,1,stop_loss,180,0.0033422863351035836,-0.052390149686141974,2022-11-11 01:00:00+00:00,0,-0.06513308788025118,-0.03473563495895704,-0.04202378078223079,-0.05073032351521001,2022-11-12 22:00:00+00:00,0
BTC/USDT|2022-11-11T02:00:00+00:00,B_opportunities,2022,2022-11-11 02:00:00+00:00,2022-11-11 01:00:00+00:00,BTC/USDT,-0.05189807301867218,-5.19441142,0,0,0,1,stop_loss,720,0.015964250825602377,-0.05255654427735834,2022-11-11 14:00:00+00:00,0,0.00780985349069252,0.002004144949305786,-0.0217022087287142,-0.022576018242872697,2022-11-13 02:00:00+00:00,0
ETH/USDT|2022-11-15T00:00:00+00:00,B_opportunities,2022,2022-11-15 00:00:00+00:00,2022-11-14 23:00:00+00:00,ETH/USDT,-0.018854923499173237,-1.88663263,0,0,0,0,sma_cross_down,2160,0.038373991586838185,-0.023309123374273155,2022-11-16 12:00:00+00:00,0,0.004110095875426323,0.013745897947365027,0.00800302425841326,-0.02180522488900316,2022-11-17 00:00:00+00:00,0
BTC/USDT|2022-11-15T01:00:00+00:00,B_opportunities,2022,2022-11-15 01:00:00+00:00,2022-11-15 00:00:00+00:00,BTC/USDT,-0.002908389895896964,-0.29078596,0,0,0,0,sma_cross_down,2520,0.03444364217684437,-0.01120189614203193,2022-11-16 19:00:00+00:00,0,0.011181915758031513,0.01630955126247069,0.013350324838788064,0.008298752681836774,2022-11-17 01:00:00+00:00,0
BTC/USDT|2022-11-18T04:00:00+00:00,B_opportunities,2022,2022-11-18 04:00:00+00:00,2022-11-18 03:00:00+00:00,BTC/USDT,-0.017215745149920466,-1.72251367,0,0,0,0,sma_cross_down,1560,0.0007908280557080705,-0.018374145321329416,2022-11-19 06:00:00+00:00,0,-0.0068513875424355275,-0.009381203656130044,-0.013425112340684997,-0.010382094787415808,2022-11-20 04:00:00+00:00,0
ETH/USDT|2022-11-18T10:00:00+00:00,B_opportunities,2022,2022-11-18 10:00:00+00:00,2022-11-18 09:00:00+00:00,ETH/USDT,-0.007375477535633229,-0.73771787,0,0,0,0,sma_cross_down,1440,0.010036113556157078,-0.014758022721102826,2022-11-19 10:00:00+00:00,0,-0.0036853925189820336,-0.005396467617081124,-0.005388241294494112,-0.006276684133891486,2022-11-20 10:00:00+00:00,0
ETH/USDT|2022-11-20T05:00:00+00:00,B_opportunities,2022,2022-11-20 05:00:00+00:00,2022-11-20 04:00:00+00:00,ETH/USDT,-0.05189728347459072,-5.19452534,0,0,0,1,stop_loss,420,0.003149038067277843,-0.054468517819947215,2022-11-20 12:00:00+00:00,0,-0.01875481786423061,-0.03635334831313264,-0.07438782371947317,-0.09623427531121365,2022-11-22 05:00:00+00:00,0
BTC/USDT|2022-11-20T09:00:00+00:00,B_opportunities,2022,2022-11-20 09:00:00+00:00,2022-11-20 08:00:00+00:00,BTC/USDT,-0.007489644695944573,-0.74866516,0,0,0,0,sma_cross_down,240,0.0040521989182502605,-0.00930868270734786,2022-11-20 13:00:00+00:00,0,-0.003961922691050002,-0.004675104885929815,-0.034921853888527976,-0.053304501112503955,2022-11-22 09:00:00+00:00,0
BTC/USDT|2022-11-20T14:00:00+00:00,B_opportunities,2022,2022-11-20 14:00:00+00:00,2022-11-20 13:00:00+00:00,BTC/USDT,-0.004187873725851833,-0.41852262,0,0,0,0,sma_cross_down,240,0.0026700096055225497,-0.0032555062918280253,2022-11-20 18:00:00+00:00,0,0.0002001871629377927,-0.022329913268308688,-0.024633271588858863,-0.024931140439736432,2022-11-22 14:00:00+00:00,0
BTC/USDT|2022-11-23T02:00:00+00:00,B_opportunities,2022,2022-11-23 02:00:00+00:00,2022-11-23 01:00:00+00:00,BTC/USDT,0.00853468403135737,0.85363635,1,1,0,0,sma_cross_down,3060,0.03648970392226247,-0.0004747009076033759,2022-11-25 05:00:00+00:00,0,0.022384922019587306,0.01070173124037499,0.03249481836217094,0.018870902313951277,2022-11-25 05:00:00+00:00,0
ETH/USDT|2022-11-23T03:00:00+00:00,B_opportunities,2022,2022-11-23 03:00:00+00:00,2022-11-23 02:00:00+00:00,ETH/USDT,0.020543503506186053,2.05530181,1,1,1,0,sma_cross_down,3660,0.04657418866886687,-0.011104235423542441,2022-11-25 16:00:00+00:00,0,0.0004469158509019522,0.0020712830782190217,0.03149897295299664,0.020429211107577894,2022-11-25 16:00:00+00:00,0
ETH/USDT|2022-11-26T05:00:00+00:00,B_opportunities,2022,2022-11-26 05:00:00+00:00,2022-11-26 04:00:00+00:00,ETH/USDT,-0.02498606899551131,-2.49902081,0,0,0,0,sma_cross_down,2640,0.01037637881550646,-0.05172653458384102,2022-11-28 01:00:00+00:00,0,-0.002371276482661111,-0.010801573219294092,-0.003254372552065843,-0.03980473764687609,2022-11-28 05:00:00+00:00,0
BTC/USDT|2022-11-26T07:00:00+00:00,B_opportunities,2022,2022-11-26 07:00:00+00:00,2022-11-26 06:00:00+00:00,BTC/USDT,-0.0033233274334970395,-0.33216864,0,0,0,0,sma_cross_down,1380,0.00734162690983764,-0.010507880910682998,2022-11-27 06:00:00+00:00,0,0.0012735891784172448,-0.0049355354932213436,-0.00030133760077311056,-0.020957758386424663,2022-11-28 07:00:00+00:00,0
BTC/USDT|2022-11-27T22:00:00+00:00,B_opportunities,2022,2022-11-27 22:00:00+00:00,2022-11-27 21:00:00+00:00,BTC/USDT,-0.010991847446547149,-1.09991385,0,0,0,0,sma_cross_down,120,0.0011575463395538943,-0.010686945543446513,2022-11-28 00:00:00+00:00,0,-0.024125099453075838,-0.02172133594962522,-0.022836054884224133,-0.006769142794409655,2022-11-29 22:00:00+00:00,0
ETH/USDT|2022-11-29T13:00:00+00:00,B_opportunities,2022,2022-11-29 13:00:00+00:00,2022-11-29 12:00:00+00:00,ETH/USDT,0.05000024392727716,5.00385184,1,1,1,0,roi,660,0.055259566211171895,-0.01093516188972754,2022-11-30 00:00:00+00:00,0,-0.0007235354573484898,0.04811510791366902,0.034984583761562105,0.05935457348406992,2022-12-01 13:00:00+00:00,0
BTC/USDT|2022-11-29T14:00:00+00:00,B_opportunities,2022,2022-11-29 14:00:00+00:00,2022-11-29 13:00:00+00:00,BTC/USDT,0.05000013164682111,5.00262922,1,1,1,0,roi,2820,0.05553436579590976,-0.005099759086649613,2022-12-01 13:00:00+00:00,0,0.0008542248792691165,0.028493456832397568,0.024224160306692166,0.04120751571664094,2022-12-01 14:00:00+00:00,0
ETH/USDT|2022-12-03T00:00:00+00:00,B_opportunities,2022,2022-12-03 00:00:00+00:00,2022-12-02 23:00:00+00:00,ETH/USDT,-0.02174882495208959,-2.17464559,0,0,0,0,sma_cross_down,1140,0.0103582951265071,-0.027045801880238973,2022-12-03 19:00:00+00:00,0,-0.005534158182758264,-0.020222446916076664,-0.04251344947089741,-0.012488518744355748,2022-12-05 00:00:00+00:00,0
BTC/USDT|2022-12-03T10:00:00+00:00,B_opportunities,2022,2022-12-03 10:00:00+00:00,2022-12-03 09:00:00+00:00,BTC/USDT,-0.006574469415628184,-0.65703355,0,0,0,0,sma_cross_down,780,0.000316270621639525,-0.007090469299663726,2022-12-03 23:00:00+00:00,0,-0.0010389224889614246,-0.0018475622720364182,0.0012674383198667538,0.019119354171856617,2022-12-05 10:00:00+00:00,0
BTC/USDT|2022-12-04T19:00:00+00:00,B_opportunities,2022,2022-12-04 19:00:00+00:00,2022-12-04 18:00:00+00:00,BTC/USDT,-0.005581884823939843,-0.55873893,0,0,0,0,sma_cross_down,2040,0.021075195975764904,-0.011580106430794546,2022-12-06 05:00:00+00:00,0,0.008880958241037185,0.014315014708812468,-0.000968671987623404,-0.005443432603166709,2022-12-06 19:00:00+00:00,0
ETH/USDT|2022-12-05T03:00:00+00:00,B_opportunities,2022,2022-12-05 03:00:00+00:00,2022-12-05 02:00:00+00:00,ETH/USDT,-0.02580978978229787,-2.58054223,0,0,0,0,sma_cross_down,1560,0.010029795302402889,-0.03524358627094393,2022-12-06 05:00:00+00:00,0,0.0073443485663429176,-0.005448283867972137,-0.020616801454939493,-0.020562628177843267,2022-12-07 03:00:00+00:00,0
BTC/USDT|2022-12-08T21:00:00+00:00,B_opportunities,2022,2022-12-08 21:00:00+00:00,2022-12-08 20:00:00+00:00,BTC/USDT,-0.00418426227773233,-0.41846031,0,0,0,0,sma_cross_down,2460,0.009542385369544215,-0.008007718114365625,2022-12-10 14:00:00+00:00,0,0.0011903993449606798,0.0006047949774103945,-0.005501308159905349,-0.0014305727350282238,2022-12-10 21:00:00+00:00,0
ETH/USDT|2022-12-08T21:00:00+00:00,B_opportunities,2022,2022-12-08 21:00:00+00:00,2022-12-08 20:00:00+00:00,ETH/USDT,-0.014186839050527082,-1.41847251,0,0,0,0,sma_cross_down,2160,0.013839585907079233,-0.022628113906829173,2022-12-10 09:00:00+00:00,0,0.0016497908440515907,0.0009617264162007366,-0.01296375933382865,-0.004527151178701283,2022-12-10 21:00:00+00:00,0
ETH/USDT|2022-12-11T08:00:00+00:00,B_opportunities,2022,2022-12-11 08:00:00+00:00,2022-12-11 07:00:00+00:00,ETH/USDT,-0.026789926215101015,-2.68030844,0,0,0,0,sma_cross_down,1140,0.006470869337010132,-0.028155332200017313,2022-12-12 03:00:00+00:00,0,-0.0029925812188109635,-0.0016451362721211504,-0.023525448691333217,-0.007896654106181789,2022-12-13 08:00:00+00:00,0
BTC/USDT|2022-12-11T09:00:00+00:00,B_opportunities,2022,2022-12-11 09:00:00+00:00,2022-12-11 08:00:00+00:00,BTC/USDT,-0.0151819679774581,-1.51923202,0,0,0,0,sma_cross_down,960,0.00549116912649561,-0.014884724454739984,2022-12-12 01:00:00+00:00,0,-0.001276149567989493,-0.004407140615730332,-0.014063261388848836,-0.000961187471145375,2022-12-13 09:00:00+00:00,0
BTC/USDT|2022-12-13T07:00:00+00:00,B_opportunities,2022,2022-12-13 07:00:00+00:00,2022-12-13 06:00:00+00:00,BTC/USDT,0.049999864429478284,5.00466585,1,1,1,0,roi,1860,0.0550060752491317,-0.004164052715904698,2022-12-14 14:00:00+00:00,0,0.01604985202512177,0.03277427825807089,0.03683455032661764,0.03308095590138738,2022-12-15 07:00:00+00:00,0
ETH/USDT|2022-12-13T09:00:00+00:00,B_opportunities,2022,2022-12-13 09:00:00+00:00,2022-12-13 08:00:00+00:00,ETH/USDT,0.05000197563983963,5.00257704,1,1,1,0,roi,240,0.06626829808087509,-0.0004426317619906639,2022-12-13 13:00:00+00:00,0,0.05323437351797389,0.04167852287457707,0.0466107053653293,0.014725410224793567,2022-12-15 09:00:00+00:00,0
ETH/USDT|2022-12-18T17:00:00+00:00,B_opportunities,2022,2022-12-18 17:00:00+00:00,2022-12-18 16:00:00+00:00,ETH/USDT,-0.000836953137148631,-0.08376149,0,0,0,0,sma_cross_down,780,0.014767197968767354,-0.003065531033194291,2022-12-19 06:00:00+00:00,0,0.008449245087549517,0.0038127749189043048,-0.0014350979093423755,0.029007659516652406,2022-12-20 17:00:00+00:00,0
BTC/USDT|2022-12-18T18:00:00+00:00,B_opportunities,2022,2022-12-18 18:00:00+00:00,2022-12-18 17:00:00+00:00,BTC/USDT,-0.008692402897877205,-0.86956173,0,0,0,0,sma_cross_down,1440,0.00905822684222235,-0.012379217658336494,2022-12-19 18:00:00+00:00,0,0.0015335753067449165,-0.00038115000795824194,-0.006748808382667448,0.0061779808982216355,2022-12-20 18:00:00+00:00,0
ETH/USDT|2022-12-19T07:00:00+00:00,B_opportunities,2022,2022-12-19 07:00:00+00:00,2022-12-19 06:00:00+00:00,ETH/USDT,-0.0038638682112523987,-0.38632809,0,0,0,0,sma_cross_down,60,0.0017088666491831273,-0.0037645824697353225,2022-12-19 08:00:00+00:00,0,0.003781501941509502,-0.011251448729770575,0.025971389173230053,0.025066197433316173,2022-12-21 07:00:00+00:00,0
ETH/USDT|2022-12-19T10:00:00+00:00,B_opportunities,2022,2022-12-19 10:00:00+00:00,2022-12-19 09:00:00+00:00,ETH/USDT,-0.015085033200099471,-1.50933111,0,0,0,0,sma_cross_down,540,0.004424554589208762,-0.01631343409609043,2022-12-19 19:00:00+00:00,0,-0.003808156717048039,-0.007016803174871189,0.022409862365954547,0.026142024824791,2022-12-21 10:00:00+00:00,0
ETH/USDT|2022-12-20T07:00:00+00:00,B_opportunities,2022,2022-12-20 07:00:00+00:00,2022-12-20 06:00:00+00:00,ETH/USDT,-0.0033558054934698035,-0.33568854,0,0,0,0,sma_cross_down,2880,0.01459468819314469,-0.012013819603057363,2022-12-22 07:00:00+00:00,0,0.00063491016433459,0.0015749070310118185,-0.0008822777608284982,-0.0013687673672667655,2022-12-22 07:00:00+00:00,0
BTC/USDT|2022-12-20T16:00:00+00:00,B_opportunities,2022,2022-12-20 16:00:00+00:00,2022-12-20 15:00:00+00:00,BTC/USDT,-0.005874236208759201,-0.58793029,0,0,0,0,sma_cross_down,2160,0.0010739944970341586,-0.011534949152241958,2022-12-22 04:00:00+00:00,0,-0.0024611630946113072,-0.004830712289206951,-0.0034104013102561614,-0.016684959893798812,2022-12-22 16:00:00+00:00,0
ETH/USDT|2022-12-22T13:00:00+00:00,B_opportunities,2022,2022-12-22 13:00:00+00:00,2022-12-22 12:00:00+00:00,ETH/USDT,-0.006177728122594565,-0.61778314,0,0,0,0,sma_cross_down,60,0.0008145801620931259,-0.020290451310322033,2022-12-22 14:00:00+00:00,0,-0.02136010202822214,-6.582465956306294e-05,0.007734397498663004,0.0020076521166743078,2022-12-24 13:00:00+00:00,0
ETH/USDT|2022-12-23T12:00:00+00:00,B_opportunities,2022,2022-12-23 12:00:00+00:00,2022-12-23 11:00:00+00:00,ETH/USDT,-0.0029201209005309523,-0.29206524,0,0,0,0,sma_cross_down,1980,0.007359013565114925,-0.010621509578982669,2022-12-24 21:00:00+00:00,0,-0.003401471790678734,-0.0024611610793131566,-0.0028291087489779043,-0.004464431725265783,2022-12-25 12:00:00+00:00,0
BTC/USDT|2022-12-23T14:00:00+00:00,B_opportunities,2022,2022-12-23 14:00:00+00:00,2022-12-23 13:00:00+00:00,BTC/USDT,-0.0035694459374803564,-0.35685815,0,0,0,0,sma_cross_down,3060,0.002928903581895348,-0.007212714517101926,2022-12-25 17:00:00+00:00,0,0.00017990993815386602,-0.0016453149789570354,-0.001392966055804079,-0.0017949430463324312,2022-12-25 17:00:00+00:00,0
ETH/USDT|2022-12-25T05:00:00+00:00,B_opportunities,2022,2022-12-25 05:00:00+00:00,2022-12-25 04:00:00+00:00,ETH/USDT,-0.007999064044543574,-0.80037658,0,0,0,0,sma_cross_down,720,0.0027317249243237196,-0.02118932576434973,2022-12-25 17:00:00+00:00,0,-0.0001066447908122381,-0.006013125512715267,0.0010582444626743293,0.004380639868744707,2022-12-27 05:00:00+00:00,0
BTC/USDT|2022-12-26T10:00:00+00:00,B_opportunities,2022,2022-12-26 10:00:00+00:00,2022-12-26 09:00:00+00:00,BTC/USDT,-0.013649376385775137,-1.36613727,0,0,0,0,sma_cross_down,1980,0.008308095179819786,-0.014293963398043674,2022-12-27 19:00:00+00:00,0,-0.0013942866919584018,2.376287502281471e-05,0.002612134036872993,-0.01033566249113349,2022-12-28 10:00:00+00:00,0
ETH/USDT|2022-12-26T16:00:00+00:00,B_opportunities,2022,2022-12-26 16:00:00+00:00,2022-12-26 15:00:00+00:00,ETH/USDT,-0.006875597334043961,-0.6875882,0,0,0,0,sma_cross_down,1740,0.015098158600602263,-0.012177261432638531,2022-12-27 21:00:00+00:00,0,0.001283559739009732,0.006845651941384201,-0.003414598023646964,-0.021499625628409347,2022-12-28 16:00:00+00:00,0
ETH/USDT|2022-12-29T23:00:00+00:00,B_opportunities,2022,2022-12-29 23:00:00+00:00,2022-12-29 22:00:00+00:00,ETH/USDT,-0.007963634492120923,-0.79634156,0,0,0,0,sma_cross_down,900,0.005318038754059673,-0.013967156727694774,2022-12-30 14:00:00+00:00,0,7.513712525364369e-05,-0.005735467227690472,0.00032559420943223394,-0.0013524682545644762,2022-12-31 23:00:00+00:00,0
BTC/USDT|2022-12-30T05:00:00+00:00,B_opportunities,2022,2022-12-30 05:00:00+00:00,2022-12-30 04:00:00+00:00,BTC/USDT,-0.008827978925427133,-0.88235322,0,0,0,0,sma_cross_down,240,3.611425104477206e-05,-0.011131615980315201,2022-12-30 09:00:00+00:00,0,-0.00752868550764163,-0.004088772038168265,-0.003725820538239666,-0.00553395703208015,2023-01-01 05:00:00+00:00,0
ETH/USDT|2022-12-31T11:00:00+00:00,B_opportunities,2022,2022-12-31 11:00:00+00:00,2022-12-31 10:00:00+00:00,ETH/USDT,-0.004671065478631096,-0.46735108,0,0,0,0,sma_cross_down,1620,0.00833562792560505,-0.00659173779902722,2023-01-01 14:00:00+00:00,0,0.003612969978138647,-0.0018940974250287734,-0.0011014134806334175,0.01609565609198471,2023-01-02 11:00:00+00:00,0
BTC/USDT|2022-12-31T15:00:00+00:00,B_opportunities,2022,2022-12-31 15:00:00+00:00,2022-12-31 14:00:00+00:00,BTC/USDT,-0.0037892566068488,-0.3787368,0,0,0,0,sma_cross_down,1260,0.0023730242131669854,-0.007019593728125995,2023-01-01 12:00:00+00:00,0,-0.0010749751453448253,-0.002305499133930633,-0.0026220229428515207,0.00676818338846874,2023-01-02 15:00:00+00:00,0
BTC/USDT|2023-01-02T01:00:00+00:00,B_opportunities,2023,2023-01-02 01:00:00+00:00,2023-01-02 00:00:00+00:00,BTC/USDT,0.004840261359407083,0.48382981,1,0,0,0,sma_cross_down,2940,0.012735735596338671,-0.0023673782867945636,2023-01-04 02:00:00+00:00,0,0.0031799425500427247,0.00802912887659124,0.006464777991783466,0.004351246507338091,2023-01-04 02:00:00+00:00,0
ETH/USDT|2023-01-02T01:00:00+00:00,B_opportunities,2023,2023-01-02 01:00:00+00:00,2023-01-02 00:00:00+00:00,ETH/USDT,0.05000278649040083,5.00160225,1,1,1,0,roi,3300,0.05495092475128516,-0.004306603458636649,2023-01-04 08:00:00+00:00,0,0.002854376710956563,0.015406957334579419,0.014513921346063885,0.012828002937838034,2023-01-04 08:00:00+00:00,0
BTC/USDT|2023-01-04T07:00:00+00:00,B_opportunities,2023,2023-01-04 07:00:00+00:00,2023-01-04 06:00:00+00:00,BTC/USDT,-0.005038327683001171,-0.50394781,0,0,0,0,sma_cross_down,2580,0.006694760964448543,-0.0074572527663284705,2023-01-06 02:00:00+00:00,0,-0.0039097817418703995,0.00413907186675333,-0.003617096156102062,-0.0054105359701105415,2023-01-06 07:00:00+00:00,0
ETH/USDT|2023-01-06T20:00:00+00:00,B_opportunities,2023,2023-01-06 20:00:00+00:00,2023-01-06 19:00:00+00:00,ETH/USDT,-0.010667964058060827,-1.06722163,0,0,0,0,sma_cross_down,2460,0.002544928993339246,-0.012056993841900177,2023-01-08 13:00:00+00:00,0,-0.0034717585792496397,-0.004971998146301004,-0.006087359499815426,-0.0063151445649699545,2023-01-08 20:00:00+00:00,0
BTC/USDT|2023-01-07T01:00:00+00:00,B_opportunities,2023,2023-01-07 01:00:00+00:00,2023-01-07 00:00:00+00:00,BTC/USDT,0.05000015844776881,4.99658351,1,1,1,0,roi,7080,0.060186180473137396,-0.004131781142232893,2023-01-11 23:00:00+00:00,0,-0.0026439818637804535,-0.003654101911983565,-0.003034483083581452,0.012152657116369259,2023-01-11 23:00:00+00:00,0
ETH/USDT|2023-01-08T23:00:00+00:00,B_opportunities,2023,2023-01-08 23:00:00+00:00,2023-01-08 22:00:00+00:00,ETH/USDT,0.04999797442372354,5.00019663,1,1,1,0,roi,960,0.05701547090147141,0.0,2023-01-09 15:00:00+00:00,0,0.03258788962496739,0.041969609843322875,0.04051233172376323,0.0511780321231361,2023-01-10 23:00:00+00:00,0
BTC/USDT|2023-01-20T08:00:00+00:00,B_opportunities,2023,2023-01-20 08:00:00+00:00,2023-01-20 07:00:00+00:00,BTC/USDT,0.05000008283507149,5.00359243,1,1,1,0,roi,720,0.06808620683896649,-0.0028456329982732287,2023-01-20 20:00:00+00:00,0,0.004734859328302754,0.025631887111487783,0.0801032852022765,0.09235742939696867,2023-01-22 08:00:00+00:00,0
ETH/USDT|2023-01-20T09:00:00+00:00,B_opportunities,2023,2023-01-20 09:00:00+00:00,2023-01-20 08:00:00+00:00,ETH/USDT,0.05000009176822199,5.00228546,1,1,1,0,roi,660,0.059563774606140596,-0.0022616708012500597,2023-01-20 20:00:00+00:00,0,0.005689579628340935,0.05759813397252489,0.06141910873991585,0.05115466893476617,2023-01-22 09:00:00+00:00,0
BTC/USDT|2023-01-23T22:00:00+00:00,B_opportunities,2023,2023-01-23 22:00:00+00:00,2023-01-23 21:00:00+00:00,BTC/USDT,-0.02137840903582977,-2.13583144,0,0,0,0,sma_cross_down,1740,0.007191429075846134,-0.03030071114180133,2023-01-25 03:00:00+00:00,0,0.0036210645329621816,-0.006227604800834841,-0.004051139328578923,0.025941468081405405,2023-01-25 22:00:00+00:00,0
BTC/USDT|2023-01-26T05:00:00+00:00,B_opportunities,2023,2023-01-26 05:00:00+00:00,2023-01-26 04:00:00+00:00,BTC/USDT,-0.013975128216594626,-1.39751418,0,0,0,0,sma_cross_down,1980,0.003076100040122931,-0.02777636364420777,2023-01-27 14:00:00+00:00,0,-0.010357926343922519,-0.007565785925834789,-0.016244631536259546,-0.0037580864001793834,2023-01-28 05:00:00+00:00,0
ETH/USDT|2023-01-26T09:00:00+00:00,B_opportunities,2023,2023-01-26 09:00:00+00:00,2023-01-26 08:00:00+00:00,ETH/USDT,-0.02121947079766677,-2.12102736,0,0,0,0,sma_cross_down,1560,0.008121890547263755,-0.03449004975124381,2023-01-27 11:00:00+00:00,0,-0.001610686500705838,0.0005410414114341844,-0.018016057114072725,-0.012947680673627615,2023-01-28 09:00:00+00:00,0
BTC/USDT|2023-01-28T00:00:00+00:00,B_opportunities,2023,2023-01-28 00:00:00+00:00,2023-01-27 23:00:00+00:00,BTC/USDT,-0.004279973879411671,-0.42804457,0,0,0,0,sma_cross_down,1440,0.004976995912310489,-0.00848134883350038,2023-01-29 00:00:00+00:00,0,-0.00033717370426478155,-0.004015314100275003,-0.0022345342148967218,0.02895620035572266,2023-01-30 00:00:00+00:00,0
ETH/USDT|2023-01-28T08:00:00+00:00,B_opportunities,2023,2023-01-28 08:00:00+00:00,2023-01-28 07:00:00+00:00,ETH/USDT,-0.011748178486004039,-1.17435846,0,0,0,0,sma_cross_down,720,0.0008287917221287966,-0.020518873847854002,2023-01-28 20:00:00+00:00,0,-0.012168169374890181,-0.00976969636085101,-6.278725167652155e-05,0.02183112740789106,2023-01-30 08:00:00+00:00,0
BTC/USDT|2023-01-29T02:00:00+00:00,B_opportunities,2023,2023-01-29 02:00:00+00:00,2023-01-29 01:00:00+00:00,BTC/USDT,-0.024912178992404995,-2.49107192,0,0,0,0,sma_cross_down,2580,0.03139396036884845,-0.028941226504677786,2023-01-30 21:00:00+00:00,0,-0.001225017561741537,0.013197993140590336,0.018842715665073673,-0.01730735458189281,2023-01-31 02:00:00+00:00,0
ETH/USDT|2023-01-29T14:00:00+00:00,B_opportunities,2023,2023-01-29 14:00:00+00:00,2023-01-29 13:00:00+00:00,ETH/USDT,-0.03892116142632317,-3.89583138,0,0,0,0,sma_cross_down,1860,0.02924672780144233,-0.04825679085830492,2023-01-30 21:00:00+00:00,0,0.025439754964875494,0.015792116962110025,-0.022054401269817614,-0.015308495005673106,2023-01-31 14:00:00+00:00,0
BTC/USDT|2023-02-01T06:00:00+00:00,B_opportunities,2023,2023-02-01 06:00:00+00:00,2023-02-01 05:00:00+00:00,BTC/USDT,0.015507745328392527,1.55034916,1,1,1,0,sma_cross_down,3300,0.04915159516027723,-0.01550477795445071,2023-02-03 13:00:00+00:00,0,-0.0017799466837840061,-0.005380932380625647,0.029670391938636742,0.01751441583793545,2023-02-03 13:00:00+00:00,0
ETH/USDT|2023-02-01T06:00:00+00:00,B_opportunities,2023,2023-02-01 06:00:00+00:00,2023-02-01 05:00:00+00:00,ETH/USDT,0.04999919637406547,4.99950008,1,1,1,0,roi,1080,0.07157611476435033,-0.0176176669382907,2023-02-02 00:00:00+00:00,0,-0.0013897048140638635,-0.007289633433771092,0.05491229067571246,0.0384190212688007,2023-02-03 06:00:00+00:00,0
ETH/USDT|2023-02-04T10:00:00+00:00,B_opportunities,2023,2023-02-04 10:00:00+00:00,2023-02-04 09:00:00+00:00,ETH/USDT,-0.013249657691989367,-1.32580705,0,0,0,0,sma_cross_down,1860,0.022632813960923315,-0.02552223770486861,2023-02-05 17:00:00+00:00,0,0.013391483740205157,0.013439741339269062,0.004813695506614257,-0.01670919367584167,2023-02-06 10:00:00+00:00,0
ETH/USDT|2023-02-07T11:00:00+00:00,B_opportunities,2023,2023-02-07 11:00:00+00:00,2023-02-07 10:00:00+00:00,ETH/USDT,-0.01342012583323906,-1.34164198,0,0,0,0,sma_cross_down,2520,0.033647055958700545,-0.02060098378220432,2023-02-09 05:00:00+00:00,0,-0.002575122972775512,0.01380095456095054,0.01723445185798478,-0.0057224954950567675,2023-02-09 11:00:00+00:00,0
BTC/USDT|2023-02-07T18:00:00+00:00,B_opportunities,2023,2023-02-07 18:00:00+00:00,2023-02-07 17:00:00+00:00,BTC/USDT,-0.016348482430146496,-1.6345803,0,0,0,0,sma_cross_down,1920,0.007261975731566395,-0.026503119024589683,2023-02-09 02:00:00+00:00,0,-0.0018236544213525718,-0.002513859945401986,-0.011977879063278851,-0.032023045219413904,2023-02-09 18:00:00+00:00,0
BTC/USDT|2023-02-12T04:00:00+00:00,B_opportunities,2023,2023-02-12 04:00:00+00:00,2023-02-12 03:00:00+00:00,BTC/USDT,-0.0076442827031794735,-0.76501314,0,0,0,0,sma_cross_down,1980,0.014168982865181201,-0.01599439521279189,2023-02-13 13:00:00+00:00,0,0.005767311345745707,0.0075256939642942555,0.0012496912500492563,-0.0037169362088169677,2023-02-14 04:00:00+00:00,0
ETH/USDT|2023-02-12T08:00:00+00:00,B_opportunities,2023,2023-02-12 08:00:00+00:00,2023-02-12 07:00:00+00:00,ETH/USDT,-0.009932001808425298,-0.993834,0,0,0,0,sma_cross_down,1320,0.011222596744271174,-0.02466619633665179,2023-02-13 06:00:00+00:00,0,-0.002985308623426497,0.005487219351593575,-0.0055133489675534,-0.016219959107151016,2023-02-14 08:00:00+00:00,0
BTC/USDT|2023-02-14T16:00:00+00:00,B_opportunities,2023,2023-02-14 16:00:00+00:00,2023-02-14 15:00:00+00:00,BTC/USDT,0.05000011668824653,4.99718162,1,1,1,0,roi,1620,0.05958797705317287,-0.005590158489908514,2023-02-15 19:00:00+00:00,0,0.009059748791481415,0.0026332205912042994,0.03484389638612706,0.1375236202699912,2023-02-16 16:00:00+00:00,0
ETH/USDT|2023-02-14T17:00:00+00:00,B_opportunities,2023,2023-02-14 17:00:00+00:00,2023-02-14 16:00:00+00:00,ETH/USDT,0.049998620884325565,5.00121736,1,1,1,0,roi,1560,0.058199271291347054,-0.00022731553344468303,2023-02-15 19:00:00+00:00,0,0.00963824121582113,0.004812625836201789,0.023627979476521288,0.11494446970188998,2023-02-16 17:00:00+00:00,0
ETH/USDT|2023-02-18T04:00:00+00:00,B_opportunities,2023,2023-02-18 04:00:00+00:00,2023-02-18 03:00:00+00:00,ETH/USDT,-0.009321009351631503,-0.93235808,0,0,0,0,sma_cross_down,2460,0.01596987260584304,-0.01960045897202034,2023-02-19 21:00:00+00:00,0,-0.0034540383415909703,-0.0023301519306132557,-0.0023772257069892833,-0.00887340684688076,2023-02-20 04:00:00+00:00,0
BTC/USDT|2023-02-18T06:00:00+00:00,B_opportunities,2023,2023-02-18 06:00:00+00:00,2023-02-18 05:00:00+00:00,BTC/USDT,-0.016954383388653613,-1.69372746,0,0,0,0,sma_cross_down,2520,0.02232791435690573,-0.020311016240696755,2023-02-20 00:00:00+00:00,0,-0.004951013375040891,0.0018091489857321452,0.00471604315011076,-0.006050787657529422,2023-02-20 06:00:00+00:00,0
ETH/USDT|2023-02-20T17:00:00+00:00,B_opportunities,2023,2023-02-20 17:00:00+00:00,2023-02-20 16:00:00+00:00,ETH/USDT,-0.017244349999079426,-1.72608811,0,0,0,0,sma_cross_down,1320,0.009437789969481747,-0.024620577322254866,2023-02-21 15:00:00+00:00,0,-0.004516053157708977,-0.0023815124073855998,-0.022674350229330842,-0.05573915088792192,2023-02-22 17:00:00+00:00,0
BTC/USDT|2023-02-20T20:00:00+00:00,B_opportunities,2023,2023-02-20 20:00:00+00:00,2023-02-20 19:00:00+00:00,BTC/USDT,-0.021594362907404345,-2.16129664,0,0,0,0,sma_cross_down,1620,0.01519046581361172,-0.02910239472374354,2023-02-21 23:00:00+00:00,0,-0.00034094303718323893,0.005136660663978665,-0.010827755818848206,-0.043442897469020636,2023-02-22 20:00:00+00:00,0
ETH/USDT|2023-02-23T15:00:00+00:00,B_opportunities,2023,2023-02-23 15:00:00+00:00,2023-02-23 14:00:00+00:00,ETH/USDT,-0.05189479628055728,-5.1927316,0,0,0,1,stop_loss,1500,0.0024992321636123638,-0.051110803307417574,2023-02-24 16:00:00+00:00,0,-0.004926197373096297,-0.007244762151387252,-0.014399190610113854,-0.038060595841036826,2023-02-25 15:00:00+00:00,0
BTC/USDT|2023-02-23T17:00:00+00:00,B_opportunities,2023,2023-02-23 17:00:00+00:00,2023-02-23 16:00:00+00:00,BTC/USDT,0.005561285880481924,0.55553219,1,1,0,0,sma_cross_down,420,0.013031860381822913,-0.0014785210412525673,2023-02-24 00:00:00+00:00,0,0.004355582151960524,0.007558092313933562,-0.024026821969472256,-0.03156471448212128,2023-02-25 17:00:00+00:00,0
BTC/USDT|2023-02-26T15:00:00+00:00,B_opportunities,2023,2023-02-26 15:00:00+00:00,2023-02-26 14:00:00+00:00,BTC/USDT,0.005296929135270522,0.5300513,1,1,0,0,sma_cross_down,2640,0.030336254158338516,-0.003776349077965535,2023-02-28 11:00:00+00:00,0,0.019230694608222354,0.015736634811683192,0.026292110124969348,0.01001524124059805,2023-02-28 15:00:00+00:00,0
ETH/USDT|2023-02-26T18:00:00+00:00,B_opportunities,2023,2023-02-26 18:00:00+00:00,2023-02-26 17:00:00+00:00,ETH/USDT,0.009217247042506604,0.92131374,1,1,0,0,sma_cross_down,2460,0.03559745767982192,-0.0006903070933719224,2023-02-28 11:00:00+00:00,0,0.02075261662075012,0.01609462745415069,0.015416762542055595,0.022282476881074986,2023-02-28 18:00:00+00:00,0
BTC/USDT|2023-03-01T08:00:00+00:00,B_opportunities,2023,2023-03-01 08:00:00+00:00,2023-03-01 07:00:00+00:00,BTC/USDT,-0.01720827815735214,-1.71987202,0,0,0,0,sma_cross_down,1740,0.011972477721847508,-0.020241979485631334,2023-03-02 13:00:00+00:00,0,-0.0011220244846741334,-0.015218379444140506,-0.013669639898027053,-0.057146085816952796,2023-03-03 08:00:00+00:00,0
ETH/USDT|2023-03-01T09:00:00+00:00,B_opportunities,2023,2023-03-01 09:00:00+00:00,2023-03-01 08:00:00+00:00,ETH/USDT,-0.008087379232032602,-0.80830901,0,0,0,0,sma_cross_down,2100,0.011618302292911498,-0.023761146516016574,2023-03-02 20:00:00+00:00,0,-0.0026890310444412924,-0.00967689422943585,-0.007229031888531856,-0.05223714118618816,2023-03-03 09:00:00+00:00,0
BTC/USDT|2023-03-05T07:00:00+00:00,B_opportunities,2023,2023-03-05 07:00:00+00:00,2023-03-05 06:00:00+00:00,BTC/USDT,-0.004323403572344072,-0.43266143,0,0,0,0,sma_cross_down,3300,0.008316916312451683,-0.0096110950509819,2023-03-07 14:00:00+00:00,0,0.0002056591509622674,0.0006035939940389756,-0.0004371929890304438,0.0010166967571434427,2023-03-07 14:00:00+00:00,0
ETH/USDT|2023-03-05T15:00:00+00:00,B_opportunities,2023,2023-03-05 15:00:00+00:00,2023-03-05 14:00:00+00:00,ETH/USDT,-0.007361688461045543,-0.736286,0,0,0,0,sma_cross_down,900,0.00695551276983708,-0.008989251150751554,2023-03-06 06:00:00+00:00,0,0.0006439150032195862,-0.003761483682173661,0.0017596093157288273,-0.004073878089676186,2023-03-07 15:00:00+00:00,0
ETH/USDT|2023-03-07T02:00:00+00:00,B_opportunities,2023,2023-03-07 02:00:00+00:00,2023-03-07 01:00:00+00:00,ETH/USDT,-0.016485138051395436,-1.649436,0,0,0,0,sma_cross_down,1080,0.0065942024382033,-0.024121567107762365,2023-03-07 20:00:00+00:00,0,-0.001753371746574195,-0.006422676941255645,-0.006899136654998639,-0.023054297348978126,2023-03-09 02:00:00+00:00,0
ETH/USDT|2023-03-11T16:00:00+00:00,B_opportunities,2023,2023-03-11 16:00:00+00:00,2023-03-11 15:00:00+00:00,ETH/USDT,0.04999874075504327,5.002872,1,1,1,0,roi,1500,0.06581232492997202,-0.003977591036414596,2023-03-12 17:00:00+00:00,0,0.02592418820596487,0.02730373036603395,0.019516670051330287,0.1657341335144713,2023-03-13 16:00:00+00:00,0
BTC/USDT|2023-03-11T18:00:00+00:00,B_opportunities,2023,2023-03-11 18:00:00+00:00,2023-03-11 17:00:00+00:00,BTC/USDT,0.04999989820020728,4.99549116,1,1,1,0,roi,1440,0.05365493927533449,-0.0049625891803998234,2023-03-12 18:00:00+00:00,0,0.010313173559237665,0.005322290995371182,0.02660157693120735,0.1907539517121617,2023-03-13 18:00:00+00:00,0
BTC/USDT|2023-03-16T21:00:00+00:00,B_opportunities,2023,2023-03-16 21:00:00+00:00,2023-03-16 20:00:00+00:00,BTC/USDT,0.05000003715588249,4.99407161,1,1,1,0,roi,540,0.060651272693262426,-0.0017325001892835035,2023-03-17 06:00:00+00:00,0,0.03576526094197363,0.052619623458357356,0.08392642468458567,0.10613045296833157,2023-03-18 21:00:00+00:00,0
ETH/USDT|2023-03-17T03:00:00+00:00,B_opportunities,2023,2023-03-17 03:00:00+00:00,2023-03-17 02:00:00+00:00,ETH/USDT,0.050001526853244785,4.99704409,1,1,1,0,roi,1200,0.05651163336698506,-0.0043140891695819805,2023-03-17 23:00:00+00:00,0,0.004854112495671137,0.004355201295995315,0.06010412570214396,0.043475708894119336,2023-03-19 03:00:00+00:00,0
BTC/USDT|2023-03-19T20:00:00+00:00,B_opportunities,2023,2023-03-19 20:00:00+00:00,2023-03-19 19:00:00+00:00,BTC/USDT,-0.011416650588361311,-1.13985126,0,0,0,0,sma_cross_down,2760,0.007667574459350179,-0.040023570757396265,2023-03-21 18:00:00+00:00,0,-0.020527769981954158,-0.00257433234227078,-0.0166609628371025,-0.004566484769359391,2023-03-21 20:00:00+00:00,0
BTC/USDT|2023-03-21T19:00:00+00:00,B_opportunities,2023,2023-03-21 19:00:00+00:00,2023-03-21 18:00:00+00:00,BTC/USDT,-0.051897800315142975,-5.18754794,0,0,0,1,stop_loss,1440,0.026281988156609648,-0.05256184326580937,2023-03-22 19:00:00+00:00,0,-0.0035501019063400863,0.0027157248610585327,-0.003582808633296075,-0.007997861264463446,2023-03-23 19:00:00+00:00,0
ETH/USDT|2023-03-21T21:00:00+00:00,B_opportunities,2023,2023-03-21 21:00:00+00:00,2023-03-21 20:00:00+00:00,ETH/USDT,-0.03509867647172638,-3.5102693,0,0,0,0,sma_cross_down,1680,0.012804888228518108,-0.04833135778560582,2023-03-23 01:00:00+00:00,0,-0.001541483719817216,-0.006121415493859139,-0.03584923510130944,0.01047875034085144,2023-03-23 21:00:00+00:00,0
ETH/USDT|2023-03-23T23:00:00+00:00,B_opportunities,2023,2023-03-23 23:00:00+00:00,2023-03-23 22:00:00+00:00,ETH/USDT,-0.03452325086841418,-3.44989402,0,0,0,0,sma_cross_down,1500,0.006967061282492137,-0.04540201602424088,2023-03-25 00:00:00+00:00,0,-0.0022117777163395136,-0.011628421343654938,-0.036074094553497416,-0.039076582803428295,2023-03-25 23:00:00+00:00,0
BTC/USDT|2023-03-24T01:00:00+00:00,B_opportunities,2023,2023-03-24 01:00:00+00:00,2023-03-24 00:00:00+00:00,BTC/USDT,-0.026660202408632948,-2.66365116,0,0,0,0,sma_cross_down,1500,0.0049664323367484275,-0.042393250787631565,2023-03-25 02:00:00+00:00,0,0.00239508003106903,-0.004089334037942427,-0.022661578348164402,-0.023550733632910492,2023-03-26 01:00:00+00:00,0
ETH/USDT|2023-03-26T14:00:00+00:00,B_opportunities,2023,2023-03-26 14:00:00+00:00,2023-03-26 13:00:00+00:00,ETH/USDT,-0.05189587973038359,-5.18876658,0,0,0,1,stop_loss,1500,0.00028388849305316377,-0.061425676879230395,2023-03-27 15:00:00+00:00,0,-0.017061236758754705,-0.018458421237204092,-0.023123124794736327,-0.03276982081526558,2023-03-28 14:00:00+00:00,0
BTC/USDT|2023-03-26T15:00:00+00:00,B_opportunities,2023,2023-03-26 15:00:00+00:00,2023-03-26 14:00:00+00:00,BTC/USDT,-0.027290572696549286,-2.72590861,0,0,0,0,sma_cross_down,1680,0.012512223324729899,-0.046305803659766,2023-03-27 19:00:00+00:00,0,-0.0006328426254585962,0.0030199437169411425,-0.03003538018407481,-0.03066030777953921,2023-03-28 15:00:00+00:00,0
ETH/USDT|2023-03-28T23:00:00+00:00,B_opportunities,2023,2023-03-28 23:00:00+00:00,2023-03-28 22:00:00+00:00,ETH/USDT,0.005893703538480878,0.58910138,1,1,0,0,sma_cross_down,2880,0.033448745248436884,-0.004219218625562737,2023-03-30 23:00:00+00:00,0,0.012070173060412914,0.022869504315214062,0.011318964348651095,0.007901811938005432,2023-03-30 23:00:00+00:00,0
BTC/USDT|2023-03-29T08:00:00+00:00,B_opportunities,2023,2023-03-29 08:00:00+00:00,2023-03-29 07:00:00+00:00,BTC/USDT,0.0009011151922046934,0.09019178,1,0,0,0,sma_cross_down,2640,0.03908808473155734,-0.014270750480118388,2023-03-31 04:00:00+00:00,0,0.012072922459716029,0.011844345497283193,0.02272204542913725,-0.012402258425838197,2023-03-31 08:00:00+00:00,0
ETH/USDT|2023-03-31T15:00:00+00:00,B_opportunities,2023,2023-03-31 15:00:00+00:00,2023-03-31 14:00:00+00:00,ETH/USDT,-0.010773186417682677,-1.07751875,0,0,0,0,sma_cross_down,2460,0.0033156570881016645,-0.01575073227566237,2023-04-02 08:00:00+00:00,0,-0.010360804255388656,-0.004072454851829055,-0.010818138757465734,-0.013006811017405973,2023-04-02 15:00:00+00:00,0
BTC/USDT|2023-04-01T04:00:00+00:00,B_opportunities,2023,2023-04-01 04:00:00+00:00,2023-04-01 03:00:00+00:00,BTC/USDT,-0.01164370064737805,-1.16429722,0,0,0,0,sma_cross_down,1980,0.002943124126260077,-0.014200573909204595,2023-04-02 13:00:00+00:00,0,-0.004050649764725134,-0.004941295184838657,-0.0022602492545836794,-0.027583029385692903,2023-04-03 04:00:00+00:00,0
ETH/USDT|2023-04-04T02:00:00+00:00,B_opportunities,2023,2023-04-04 02:00:00+00:00,2023-04-04 01:00:00+00:00,ETH/USDT,0.049999733796339436,5.00196131,1,1,1,0,roi,1320,0.06129269655771541,-0.0022465319854141352,2023-04-05 00:00:00+00:00,0,0.0027445165002988325,0.03166707244195566,0.05742458112923576,0.0504470905911778,2023-04-06 02:00:00+00:00,0
BTC/USDT|2023-04-04T18:00:00+00:00,B_opportunities,2023,2023-04-04 18:00:00+00:00,2023-04-04 17:00:00+00:00,BTC/USDT,-0.005482720450060688,-0.54840052,0,0,0,0,sma_cross_down,2040,0.019414758504097795,-0.014945984302961235,2023-04-06 04:00:00+00:00,0,-0.0021794743258136684,0.012606728524720445,-0.007200555213290549,-0.006574912875938921,2023-04-06 18:00:00+00:00,0
BTC/USDT|2023-04-08T11:00:00+00:00,B_opportunities,2023,2023-04-08 11:00:00+00:00,2023-04-08 10:00:00+00:00,BTC/USDT,-0.0048984901044377555,-0.48897244,0,0,0,0,sma_cross_down,1500,0.0025646508715493344,-0.007554367635419723,2023-04-09 12:00:00+00:00,0,-0.00032450818624552014,-0.002636405891555005,-0.004226817299392116,0.01143311240121081,2023-04-10 11:00:00+00:00,0
ETH/USDT|2023-04-08T15:00:00+00:00,B_opportunities,2023,2023-04-08 15:00:00+00:00,2023-04-08 14:00:00+00:00,ETH/USDT,-0.009810829952221586,-0.98188603,0,0,0,0,sma_cross_down,720,0.00034781305850750677,-0.01169186973598313,2023-04-09 03:00:00+00:00,0,-0.007796363480699009,-0.007828469301484287,-0.01886216971136867,-0.006640553932427906,2023-04-10 15:00:00+00:00,0
BTC/USDT|2023-04-09T23:00:00+00:00,B_opportunities,2023,2023-04-09 23:00:00+00:00,2023-04-09 22:00:00+00:00,BTC/USDT,0.0500000514881268,4.99836139,1,1,1,0,roi,1500,0.05705115507247083,-0.0070979980529675135,2023-04-11 00:00:00+00:00,0,-0.0048245785631229055,-0.001392600080574069,0.04309305959277987,0.0666995871545244,2023-04-11 23:00:00+00:00,0
ETH/USDT|2023-04-10T10:00:00+00:00,B_opportunities,2023,2023-04-10 10:00:00+00:00,2023-04-10 09:00:00+00:00,ETH/USDT,0.004949545211165086,0.49508535,1,0,0,0,sma_cross_down,2760,0.04307165508218613,-0.005486252066093322,2023-04-12 08:00:00+00:00,0,0.002121290433733991,0.017438730240771916,0.03240082698023006,0.0074299005039411,2023-04-12 10:00:00+00:00,0
ETH/USDT|2023-04-13T05:00:00+00:00,B_opportunities,2023,2023-04-13 05:00:00+00:00,2023-04-13 04:00:00+00:00,ETH/USDT,0.04999854792170978,4.99835254,1,1,1,0,roi,720,0.05394047731050278,-0.002885188321259391,2023-04-13 17:00:00+00:00,0,0.03855783152051773,0.045608734966522624,0.10479660051326811,0.09047004280719007,2023-04-15 05:00:00+00:00,0
BTC/USDT|2023-04-13T15:00:00+00:00,B_opportunities,2023,2023-04-13 15:00:00+00:00,2023-04-13 14:00:00+00:00,BTC/USDT,-0.003451950705416637,-0.34494553,0,0,0,0,sma_cross_down,2400,0.018553109166222326,-0.015420565507257566,2023-04-15 07:00:00+00:00,0,-0.0060249039439019825,0.005272160587001862,0.005406543840154265,-0.0024954542975370586,2023-04-15 15:00:00+00:00,0
ETH/USDT|2023-04-16T20:00:00+00:00,B_opportunities,2023,2023-04-16 20:00:00+00:00,2023-04-16 19:00:00+00:00,ETH/USDT,-0.018100745782737213,-1.80847744,0,0,0,0,sma_cross_down,1260,0.008091135217954681,-0.027621461606121,2023-04-17 17:00:00+00:00,0,-0.010692026141318034,-0.011623617981141088,-0.017269915731134122,-0.015907994665809055,2023-04-18 20:00:00+00:00,0
BTC/USDT|2023-04-18T19:00:00+00:00,B_opportunities,2023,2023-04-18 19:00:00+00:00,2023-04-18 18:00:00+00:00,BTC/USDT,-0.029356522841002607,-2.93207294,0,0,0,0,sma_cross_down,1380,0.010134518734761011,-0.03796712501451338,2023-04-19 18:00:00+00:00,0,0.005797077410472973,-0.004523876660750714,-0.028763124284695407,-0.05918194032078816,2023-04-20 19:00:00+00:00,0
ETH/USDT|2023-04-18T21:00:00+00:00,B_opportunities,2023,2023-04-18 21:00:00+00:00,2023-04-18 20:00:00+00:00,ETH/USDT,-0.05189452630247853,-5.18699531,0,0,0,1,stop_loss,660,0.006979243795829815,-0.06083550290204687,2023-04-19 08:00:00+00:00,0,-0.0005684640959987552,-0.05057419650705097,-0.05423816257117753,-0.07418217602323551,2023-04-20 21:00:00+00:00,0
BTC/USDT|2023-04-23T09:00:00+00:00,B_opportunities,2023,2023-04-23 09:00:00+00:00,2023-04-23 08:00:00+00:00,BTC/USDT,-0.012500059955880868,-1.24822591,0,0,0,0,sma_cross_down,1560,0.010446938724693267,-0.019969679374360116,2023-04-24 11:00:00+00:00,0,-0.005701807725660757,-0.0074300328647866065,-0.018937219127327487,-0.01009147792660614,2023-04-25 09:00:00+00:00,0
ETH/USDT|2023-04-23T12:00:00+00:00,B_opportunities,2023,2023-04-23 12:00:00+00:00,2023-04-23 11:00:00+00:00,ETH/USDT,-0.011714738404548652,-1.17156865,0,0,0,0,sma_cross_down,1080,0.008295766758249057,-0.02031529248579589,2023-04-24 06:00:00+00:00,0,-0.008461148603590485,-0.006641948304836109,-0.010237669716450237,-0.02583157726266372,2023-04-25 12:00:00+00:00,0
BTC/USDT|2023-04-25T23:00:00+00:00,B_opportunities,2023,2023-04-25 23:00:00+00:00,2023-04-25 22:00:00+00:00,BTC/USDT,0.04999992236526832,5.00227654,1,1,1,0,roi,780,0.06328493415213132,-0.0025402663383540247,2023-04-26 12:00:00+00:00,0,0.003389266202084462,0.027115900578218888,0.0023022500066411933,0.04080118300231117,2023-04-27 23:00:00+00:00,0
ETH/USDT|2023-04-26T04:00:00+00:00,B_opportunities,2023,2023-04-26 04:00:00+00:00,2023-04-26 03:00:00+00:00,ETH/USDT,0.05000253161052405,4.9975225,1,1,1,0,roi,480,0.05471899677365677,-0.002437204408441085,2023-04-26 12:00:00+00:00,0,0.018123255314580256,0.04891024264547994,0.01911638393815762,0.022874167919261446,2023-04-28 04:00:00+00:00,0
BTC/USDT|2023-04-29T10:00:00+00:00,B_opportunities,2023,2023-04-29 10:00:00+00:00,2023-04-29 09:00:00+00:00,BTC/USDT,0.0009058549855720755,0.09059364,1,0,0,0,sma_cross_down,240,0.003226747807507868,-0.0022000863515120317,2023-04-29 14:00:00+00:00,0,-0.0009430407483709269,-0.0023495810755648217,-0.0013734332144208494,-0.026412649784087083,2023-05-01 10:00:00+00:00,0
ETH/USDT|2023-04-29T23:00:00+00:00,B_opportunities,2023,2023-04-29 23:00:00+00:00,2023-04-29 22:00:00+00:00,ETH/USDT,-0.03739807181833312,-3.74112585,0,0,0,0,sma_cross_down,1620,0.018633801411062523,-0.04230561115401388,2023-05-01 02:00:00+00:00,0,-0.0029734230613649437,0.00013133494087291808,-0.005852284965301213,-0.04073484526117266,2023-05-01 23:00:00+00:00,0
BTC/USDT|2023-04-30T18:00:00+00:00,B_opportunities,2023,2023-04-30 18:00:00+00:00,2023-04-30 17:00:00+00:00,BTC/USDT,-0.03846818381011451,-3.84687333,0,0,0,0,sma_cross_down,600,0.000921591519738918,-0.04299028786916359,2023-05-01 04:00:00+00:00,0,-0.01386974997276047,-0.0391538089694603,-0.046084635969662946,-0.0357858844697998,2023-05-02 18:00:00+00:00,0
ETH/USDT|2023-05-02T23:00:00+00:00,B_opportunities,2023,2023-05-02 23:00:00+00:00,2023-05-02 22:00:00+00:00,ETH/USDT,0.05000229421632568,4.99924685,1,1,1,0,roi,3900,0.0664005592524799,-0.016697528723057964,2023-05-05 16:00:00+00:00,0,-0.005955398547437762,-0.0048240862785696725,0.017567358439215974,-0.0014088039574584599,2023-05-05 16:00:00+00:00,0
BTC/USDT|2023-05-03T02:00:00+00:00,B_opportunities,2023,2023-05-03 02:00:00+00:00,2023-05-03 01:00:00+00:00,BTC/USDT,0.008518375618718061,0.85181292,1,1,0,0,sma_cross_down,5400,0.04477392311557038,-0.01500837711083236,2023-05-06 20:00:00+00:00,0,0.0039149241505342935,-0.00590391863796802,0.01852038710590609,0.027457023074017872,2023-05-06 20:00:00+00:00,0
BTC/USDT|2023-05-10T13:00:00+00:00,B_opportunities,2023,2023-05-10 13:00:00+00:00,2023-05-10 12:00:00+00:00,BTC/USDT,-0.02884019070458034,-2.8794103,0,0,0,0,sma_cross_down,1260,0.005542094184012969,-0.04962756346256847,2023-05-11 10:00:00+00:00,0,-0.02637418332666075,-0.023431532889823914,-0.027551811375077673,-0.0625747108813115,2023-05-12 13:00:00+00:00,0
ETH/USDT|2023-05-10T13:00:00+00:00,B_opportunities,2023,2023-05-10 13:00:00+00:00,2023-05-10 12:00:00+00:00,ETH/USDT,-0.03300512820256722,-3.29924482,0,0,0,0,sma_cross_down,1200,0.005524479249906733,-0.04612966810505559,2023-05-11 09:00:00+00:00,0,-0.022486814767460395,-0.024335411006339513,-0.0308134888924404,-0.05570294603377546,2023-05-12 13:00:00+00:00,0
ETH/USDT|2023-05-13T09:00:00+00:00,B_opportunities,2023,2023-05-13 09:00:00+00:00,2023-05-13 08:00:00+00:00,ETH/USDT,0.004645387907847704,0.46478329,1,0,0,0,sma_cross_down,4680,0.02355614676865092,-0.01061412260281569,2023-05-16 15:00:00+00:00,0,-0.005925063740161884,-0.0008036803015186722,-0.0007759671876732543,0.01519232901008749,2023-05-16 15:00:00+00:00,0
BTC/USDT|2023-05-13T14:00:00+00:00,B_opportunities,2023,2023-05-13 14:00:00+00:00,2023-05-13 13:00:00+00:00,BTC/USDT,0.004084213240875672,0.40791206,1,0,0,0,sma_cross_down,4320,0.031400696011912865,-0.009725450368325617,2023-05-16 14:00:00+00:00,0,0.0006174178957234489,-0.0034069835332858345,0.003394307078904868,0.020613033333855224,2023-05-16 14:00:00+00:00,0
BTC/USDT|2023-05-18T04:00:00+00:00,B_opportunities,2023,2023-05-18 04:00:00+00:00,2023-05-18 03:00:00+00:00,BTC/USDT,-0.019511191630191937,-1.95081973,0,0,0,0,sma_cross_down,1260,0.0038899073986440325,-0.03670618208420828,2023-05-19 01:00:00+00:00,0,0.001436470266234835,-0.010192324768715788,-0.019402397673875527,-0.018275073641483064,2023-05-20 04:00:00+00:00,0
ETH/USDT|2023-05-18T09:00:00+00:00,B_opportunities,2023,2023-05-18 09:00:00+00:00,2023-05-18 08:00:00+00:00,ETH/USDT,-0.0181944009663033,-1.81949266,0,0,0,0,sma_cross_down,720,0.0012209945356387308,-0.030256573111838825,2023-05-18 21:00:00+00:00,0,-0.005179644980781717,-0.016223348919720992,-0.009877462521490687,-0.00647729388188667,2023-05-20 09:00:00+00:00,0
ETH/USDT|2023-05-20T03:00:00+00:00,B_opportunities,2023,2023-05-20 03:00:00+00:00,2023-05-20 02:00:00+00:00,ETH/USDT,-0.0032780930596501045,-0.32762194,0,0,0,0,sma_cross_down,2400,0.011184519695922601,-0.003527297857636502,2023-05-21 19:00:00+00:00,0,0.003212180855180824,0.005783031281444639,0.005589526410650469,-0.00380928159934546,2023-05-22 03:00:00+00:00,0
BTC/USDT|2023-05-20T16:00:00+00:00,B_opportunities,2023,2023-05-20 16:00:00+00:00,2023-05-20 15:00:00+00:00,BTC/USDT,-0.009066621256092576,-0.90728232,0,0,0,0,sma_cross_down,1860,0.012316635659829656,-0.010377919717713402,2023-05-21 23:00:00+00:00,0,0.003242451660118828,0.00855647996746045,-0.0017327465721752588,-0.002541411121494086,2023-05-22 16:00:00+00:00,0
ETH/USDT|2023-05-22T22:00:00+00:00,B_opportunities,2023,2023-05-22 22:00:00+00:00,2023-05-22 21:00:00+00:00,ETH/USDT,-0.004256272298188861,-0.42588126,0,0,0,0,sma_cross_down,2340,0.028416705112150886,-0.017152178211296443,2023-05-24 13:00:00+00:00,0,0.024841138639147164,0.018909582209724496,0.0156746870829374,-0.011182082305837615,2023-05-24 22:00:00+00:00,0
BTC/USDT|2023-05-23T04:00:00+00:00,B_opportunities,2023,2023-05-23 04:00:00+00:00,2023-05-23 03:00:00+00:00,BTC/USDT,-0.0252155857047721,-2.52126188,0,0,0,0,sma_cross_down,1860,0.004719609656564039,-0.027539704319158975,2023-05-24 11:00:00+00:00,0,-0.003403044652491416,-0.0017035320702153411,-0.021218146014842065,-0.0432259387057321,2023-05-25 04:00:00+00:00,0
ETH/USDT|2023-05-26T05:00:00+00:00,B_opportunities,2023,2023-05-26 05:00:00+00:00,2023-05-26 04:00:00+00:00,ETH/USDT,0.050000874359580935,5.0046218,1,1,1,0,roi,3900,0.06111218648895278,-0.003401266487846777,2023-05-28 22:00:00+00:00,0,0.002958808954959702,0.011083089992036,0.014467746217148747,0.02266392354658886,2023-05-28 22:00:00+00:00,0
BTC/USDT|2023-05-26T07:00:00+00:00,B_opportunities,2023,2023-05-26 07:00:00+00:00,2023-05-26 06:00:00+00:00,BTC/USDT,0.05000008276582957,5.00110598,1,1,1,0,roi,3720,0.05756135944072871,-0.002973020004236937,2023-05-28 21:00:00+00:00,0,0.00021335835123936775,0.011208501044093877,0.011918938958326963,0.028391035922888275,2023-05-28 21:00:00+00:00,0
ETH/USDT|2023-06-02T04:00:00+00:00,B_opportunities,2023,2023-06-02 04:00:00+00:00,2023-06-02 03:00:00+00:00,ETH/USDT,0.0064592818925740605,0.64620976,1,1,0,0,sma_cross_down,2940,0.016692926798109298,-0.0015756078865561962,2023-06-04 05:00:00+00:00,0,0.005961759570753289,0.00711152748797006,0.011284759187497162,0.008224034407869452,2023-06-04 05:00:00+00:00,0
BTC/USDT|2023-06-02T12:00:00+00:00,B_opportunities,2023,2023-06-02 12:00:00+00:00,2023-06-02 11:00:00+00:00,BTC/USDT,-0.004786297660098405,-0.47834738,0,0,0,0,sma_cross_down,2460,0.007465329930060882,-0.00995328179279975,2023-06-04 05:00:00+00:00,0,-0.002696939819208821,0.004122259797462391,-3.5384204270072495e-05,0.0024990094265731067,2023-06-04 12:00:00+00:00,0
BTC/USDT|2023-06-04T21:00:00+00:00,B_opportunities,2023,2023-06-04 21:00:00+00:00,2023-06-04 20:00:00+00:00,BTC/USDT,-0.017560700368591697,-1.75740959,0,0,0,0,sma_cross_down,540,0.007838041223868109,-0.018395462804911555,2023-06-05 06:00:00+00:00,0,-0.011702728666656115,-0.016257175171273563,-0.059113830327320316,-0.010885226259484071,2023-06-06 21:00:00+00:00,0
ETH/USDT|2023-06-04T21:00:00+00:00,B_opportunities,2023,2023-06-04 21:00:00+00:00,2023-06-04 20:00:00+00:00,ETH/USDT,-0.019910240254919363,-1.99261545,0,0,0,0,sma_cross_down,480,0.004468645963515705,-0.022379987187431172,2023-06-05 05:00:00+00:00,0,-0.015432763247024028,-0.01810028408046671,-0.05219519111106452,-0.014603101255520223,2023-06-06 21:00:00+00:00,0
ETH/USDT|2023-06-07T01:00:00+00:00,B_opportunities,2023,2023-06-07 01:00:00+00:00,2023-06-07 00:00:00+00:00,ETH/USDT,-0.028800374269479755,-2.88111074,0,0,0,0,sma_cross_down,1620,0.0004719957997678659,-0.034169313909026666,2023-06-08 04:00:00+00:00,0,-0.004857844411092382,-0.010951363219329435,-0.026564347876814387,-0.02217849926548965,2023-06-09 01:00:00+00:00,0
BTC/USDT|2023-06-07T02:00:00+00:00,B_opportunities,2023,2023-06-07 02:00:00+00:00,2023-06-07 01:00:00+00:00,BTC/USDT,-0.026260304395937996,-2.62725476,0,0,0,0,sma_cross_down,1740,0.00030015705634900414,-0.03547280458926483,2023-06-08 07:00:00+00:00,0,-0.010705228527241095,-0.009865305955180315,-0.023710921910091165,-0.021473220499427237,2023-06-09 02:00:00+00:00,0
BTC/USDT|2023-06-09T07:00:00+00:00,B_opportunities,2023,2023-06-09 07:00:00+00:00,2023-06-09 06:00:00+00:00,BTC/USDT,-0.029408200396506802,-2.94017855,0,0,0,0,sma_cross_down,1320,0.010961796585653882,-0.03912403766742201,2023-06-10 05:00:00+00:00,0,0.006825594602031471,-0.0016204323191130188,-0.036014136601727254,-0.02666522728894083,2023-06-11 07:00:00+00:00,0
ETH/USDT|2023-06-09T14:00:00+00:00,B_opportunities,2023,2023-06-09 14:00:00+00:00,2023-06-09 13:00:00+00:00,ETH/USDT,-0.005201505247730977,-0.52038087,0,0,0,0,sma_cross_down,240,0.00250622496481534,-0.006024683338746395,2023-06-09 18:00:00+00:00,0,-0.008953123308433564,-0.0063332250730756545,-0.05625744289271417,-0.057464544765616576,2023-06-11 14:00:00+00:00,0
BTC/USDT|2023-06-12T01:00:00+00:00,B_opportunities,2023,2023-06-12 01:00:00+00:00,2023-06-12 00:00:00+00:00,BTC/USDT,-0.004711600612738773,-0.47146969,0,0,0,0,sma_cross_down,3240,0.018027254244442403,-0.013981058442611327,2023-06-14 07:00:00+00:00,0,-0.004652008289579124,-0.0012335774941238942,-0.003706509460957852,0.0009470393562442947,2023-06-14 07:00:00+00:00,0
ETH/USDT|2023-06-12T06:00:00+00:00,B_opportunities,2023,2023-06-12 06:00:00+00:00,2023-06-12 05:00:00+00:00,ETH/USDT,-0.0009864358171199914,-0.0985872,0,0,0,0,sma_cross_down,540,0.013205482607693941,-0.004330799354987369,2023-06-12 15:00:00+00:00,0,0.005304107948099102,-1.1518149724554227e-05,0.00747527917115387,0.001255478319962533,2023-06-14 06:00:00+00:00,0
ETH/USDT|2023-06-13T21:00:00+00:00,B_opportunities,2023,2023-06-13 21:00:00+00:00,2023-06-13 20:00:00+00:00,ETH/USDT,0.00027537722686190837,0.027554,1,0,0,0,sma_cross_down,480,0.005769606884412193,-0.002910689016463297,2023-06-14 05:00:00+00:00,0,0.004797432165804638,0.0033018298119567024,-0.05752316745569275,-0.03904672606892434,2023-06-15 21:00:00+00:00,0
ETH/USDT|2023-06-14T14:00:00+00:00,B_opportunities,2023,2023-06-14 14:00:00+00:00,2023-06-14 13:00:00+00:00,ETH/USDT,-0.009260846734497086,-0.92639869,0,0,0,0,sma_cross_down,360,0.003618589209711587,-0.0635148563190332,2023-06-14 20:00:00+00:00,0,-0.007277426766226336,-0.052693854106835136,-0.053429063756461836,-0.04463526708788057,2023-06-16 14:00:00+00:00,0
BTC/USDT|2023-06-14T19:00:00+00:00,B_opportunities,2023,2023-06-14 19:00:00+00:00,2023-06-14 18:00:00+00:00,BTC/USDT,-0.003555369146443357,-0.35508396,0,0,0,0,sma_cross_down,60,0.002486202981900165,-0.04223265118066666,2023-06-14 20:00:00+00:00,0,-0.027340118842231753,-0.03808909347201217,-0.02026082933340223,0.017224367480956237,2023-06-16 19:00:00+00:00,0
BTC/USDT|2023-06-16T10:00:00+00:00,B_opportunities,2023,2023-06-16 10:00:00+00:00,2023-06-16 09:00:00+00:00,BTC/USDT,0.029483013469849374,2.94606265,1,1,1,0,sma_cross_down,3960,0.048602591971545595,-0.01642446698619615,2023-06-19 04:00:00+00:00,0,0.009535102232970383,0.027421916357861287,0.03907415040270035,0.036388178598567356,2023-06-19 04:00:00+00:00,0
ETH/USDT|2023-06-16T15:00:00+00:00,B_opportunities,2023,2023-06-16 15:00:00+00:00,2023-06-16 14:00:00+00:00,ETH/USDT,0.0499991823225597,5.00228196,1,1,1,0,roi,840,0.059017805858701866,-0.004020677771395587,2023-06-17 05:00:00+00:00,0,0.03367895798057896,0.0296642873810109,0.038070564865948286,0.04149290701639985,2023-06-18 15:00:00+00:00,0
BTC/USDT|2023-06-19T23:00:00+00:00,B_opportunities,2023,2023-06-19 23:00:00+00:00,2023-06-19 22:00:00+00:00,BTC/USDT,0.04999997393515907,4.99479097,1,1,1,0,roi,1260,0.05586997261818172,-0.0038490030641024076,2023-06-20 20:00:00+00:00,0,0.007884510515608456,0.0007845265500006082,0.05451244795830612,0.1255679781603356,2023-06-21 23:00:00+00:00,0
ETH/USDT|2023-06-20T12:00:00+00:00,B_opportunities,2023,2023-06-20 12:00:00+00:00,2023-06-20 11:00:00+00:00,ETH/USDT,0.05000266714759995,5.00030496,1,1,1,0,roi,780,0.05412277515437691,-0.011341163175525693,2023-06-21 01:00:00+00:00,0,0.020001268457497945,0.03321052358466092,0.05492420966449307,0.0878522131700481,2023-06-22 12:00:00+00:00,0
BTC/USDT|2023-06-23T16:00:00+00:00,B_opportunities,2023,2023-06-23 16:00:00+00:00,2023-06-23 15:00:00+00:00,BTC/USDT,-0.021701490563763644,-2.17148573,0,0,0,0,sma_cross_down,2580,0.006208141939899603,-0.03162845520569324,2023-06-25 11:00:00+00:00,0,-0.01850950765093795,-0.01626192457903841,-0.026867597157308465,-0.020898905179588922,2023-06-25 16:00:00+00:00,0
ETH/USDT|2023-06-24T04:00:00+00:00,B_opportunities,2023,2023-06-24 04:00:00+00:00,2023-06-24 03:00:00+00:00,ETH/USDT,-0.012041200314803564,-1.20308619,0,0,0,0,sma_cross_down,1140,0.006330483999556602,-0.015438144465974357,2023-06-24 23:00:00+00:00,0,-0.0029091869060190456,-0.010401267159450889,0.0005702217529037767,-0.007148891235480459,2023-06-26 04:00:00+00:00,0
BTC/USDT|2023-06-25T12:00:00+00:00,B_opportunities,2023,2023-06-25 12:00:00+00:00,2023-06-25 11:00:00+00:00,BTC/USDT,-0.0035133936265339992,-0.35108262,0,0,0,0,sma_cross_down,60,0.000773863028523003,-0.006522652829809017,2023-06-25 13:00:00+00:00,0,-0.006186346347493488,-0.008248787359564358,-0.012799180102376462,0.0004255107186703633,2023-06-27 12:00:00+00:00,0
ETH/USDT|2023-06-25T12:00:00+00:00,B_opportunities,2023,2023-06-25 12:00:00+00:00,2023-06-25 11:00:00+00:00,ETH/USDT,-0.015550107205614049,-1.55574195,0,0,0,0,sma_cross_down,1200,0.0006255310497975675,-0.027299217564911826,2023-06-26 08:00:00+00:00,0,-0.01313615204574703,-0.010201368870447314,-0.019547845306171374,-0.01920380322878268,2023-06-27 12:00:00+00:00,0
BTC/USDT|2023-06-25T20:00:00+00:00,B_opportunities,2023,2023-06-25 20:00:00+00:00,2023-06-25 19:00:00+00:00,BTC/USDT,-0.0009193124873978526,-0.09184804,0,0,0,0,sma_cross_down,240,0.004670096201812912,-0.005004636905031723,2023-06-26 00:00:00+00:00,0,-0.008446988443557513,-0.0008376662598282847,-0.006106189397359962,0.007172250341606068,2023-06-27 20:00:00+00:00,0
BTC/USDT|2023-06-27T15:00:00+00:00,B_opportunities,2023,2023-06-27 15:00:00+00:00,2023-06-27 14:00:00+00:00,BTC/USDT,-0.014876395972104111,-1.48644623,0,0,0,0,sma_cross_down,1500,0.0003690524375798976,-0.02595474060352576,2023-06-28 16:00:00+00:00,0,-0.005150180322851194,-0.012613998090794776,-0.015990000204488153,-0.011640244957338286,2023-06-29 15:00:00+00:00,0
ETH/USDT|2023-06-27T20:00:00+00:00,B_opportunities,2023,2023-06-27 20:00:00+00:00,2023-06-27 19:00:00+00:00,ETH/USDT,-0.02164300546208753,-2.16288758,0,0,0,0,sma_cross_down,1080,0.0015783361486485514,-0.026045185810810834,2023-06-28 14:00:00+00:00,0,-0.01248422975205743,-0.022904470568362423,-0.03269654083900364,-0.019483844403739514,2023-06-29 20:00:00+00:00,0
BTC/USDT|2023-06-29T20:00:00+00:00,B_opportunities,2023,2023-06-29 20:00:00+00:00,2023-06-29 19:00:00+00:00,BTC/USDT,-0.008098917276041463,-0.80832681,0,0,0,0,sma_cross_down,1920,0.022789283239915914,-0.03547459064070324,2023-07-01 04:00:00+00:00,0,-0.006554195374920968,0.005888509363579875,-0.00695210297600235,0.0008017004419487161,2023-07-01 20:00:00+00:00,0
ETH/USDT|2023-06-30T01:00:00+00:00,B_opportunities,2023,2023-06-30 01:00:00+00:00,2023-06-30 00:00:00+00:00,ETH/USDT,0.05000031832859764,5.00005386,1,1,1,0,roi,960,0.05329160382916842,-0.013513440467889382,2023-06-30 17:00:00+00:00,0,0.0133243243243244,0.03062702702702702,0.045464864864864785,0.03837837837837843,2023-07-02 01:00:00+00:00,0
BTC/USDT|2023-07-02T01:00:00+00:00,B_opportunities,2023,2023-07-02 01:00:00+00:00,2023-07-02 00:00:00+00:00,BTC/USDT,0.006561261212523972,0.65666907,1,1,0,0,sma_cross_down,4440,0.02630285353402373,-0.013761550404127187,2023-07-05 03:00:00+00:00,0,-0.0031322187470667062,-0.0016280865535029942,0.0020349446636993562,0.017565869968278802,2023-07-05 03:00:00+00:00,0
ETH/USDT|2023-07-03T02:00:00+00:00,B_opportunities,2023,2023-07-03 02:00:00+00:00,2023-07-03 01:00:00+00:00,ETH/USDT,-0.003639967434705919,-0.36426049,0,0,0,0,sma_cross_down,2640,0.016025789335677887,-0.006894636990421588,2023-07-04 22:00:00+00:00,0,0.01122884950565295,0.009768687756749328,0.004755808513154269,-0.0034704548609504338,2023-07-05 02:00:00+00:00,0
BTC/USDT|2023-07-08T13:00:00+00:00,B_opportunities,2023,2023-07-08 13:00:00+00:00,2023-07-08 12:00:00+00:00,BTC/USDT,0.000939919867071342,0.09396256,1,0,0,0,sma_cross_down,1020,0.0076604517124405636,-0.004221816030505199,2023-07-09 06:00:00+00:00,0,0.0009906585111620902,0.005440833094424002,0.005241309366180724,-0.0003440292855757532,2023-07-10 13:00:00+00:00,0
BTC/USDT|2023-07-09T09:00:00+00:00,B_opportunities,2023,2023-07-09 09:00:00+00:00,2023-07-09 08:00:00+00:00,BTC/USDT,-0.002969806781973598,-0.29640107,0,0,0,0,sma_cross_down,60,3.299729984806987e-07,-0.002161653111925843,2023-07-09 10:00:00+00:00,0,0.001171734116997225,-0.0036798588771479457,-0.006807342955125972,0.006282685887813777,2023-07-11 09:00:00+00:00,0
BTC/USDT|2023-07-09T15:00:00+00:00,B_opportunities,2023,2023-07-09 15:00:00+00:00,2023-07-09 14:00:00+00:00,BTC/USDT,-0.011610273516502368,-1.16011917,0,0,0,0,sma_cross_down,660,0.001651229919099606,-0.012887503452421845,2023-07-10 02:00:00+00:00,0,-0.004845914870363566,-0.004647833197433671,-0.001021389524808347,0.006143827728929407,2023-07-11 15:00:00+00:00,0
ETH/USDT|2023-07-09T15:00:00+00:00,B_opportunities,2023,2023-07-09 15:00:00+00:00,2023-07-09 14:00:00+00:00,ETH/USDT,-0.008394046399199438,-0.83960172,0,0,0,0,sma_cross_down,1080,0.0021041585239836014,-0.011297136095688276,2023-07-10 09:00:00+00:00,0,0.0008620043475000561,-0.0014616595457611625,0.0012903294891153383,0.0031696060479511345,2023-07-11 15:00:00+00:00,0
BTC/USDT|2023-07-10T21:00:00+00:00,B_opportunities,2023,2023-07-10 21:00:00+00:00,2023-07-10 20:00:00+00:00,BTC/USDT,-0.016312236298627457,-1.62834805,0,0,0,0,sma_cross_down,3240,0.006635691011504408,-0.01913674286469902,2023-07-13 03:00:00+00:00,0,-0.009594850516634557,-0.009197826700728773,-0.00674128245190464,-0.014003374377538402,2023-07-13 03:00:00+00:00,0
ETH/USDT|2023-07-10T21:00:00+00:00,B_opportunities,2023,2023-07-10 21:00:00+00:00,2023-07-10 20:00:00+00:00,ETH/USDT,-0.012355566777873878,-1.2357935,0,0,0,0,sma_cross_down,3480,0.005067612198202287,-0.01586865425568451,2023-07-13 07:00:00+00:00,0,-0.007530080690759444,-0.0072288774631290575,-0.00980231556586586,-0.010267331075189845,2023-07-13 07:00:00+00:00,0
ETH/USDT|2023-07-13T17:00:00+00:00,B_opportunities,2023,2023-07-13 17:00:00+00:00,2023-07-13 16:00:00+00:00,ETH/USDT,-0.017038888924448624,-1.70392026,0,0,0,0,sma_cross_down,2280,0.03383077479607266,-0.032771015585593366,2023-07-15 07:00:00+00:00,0,0.014531003209864002,0.023671472970907548,0.014515718143373935,-0.015468487287919719,2023-07-15 17:00:00+00:00,0
BTC/USDT|2023-07-13T20:00:00+00:00,B_opportunities,2023,2023-07-13 20:00:00+00:00,2023-07-13 19:00:00+00:00,BTC/USDT,-0.05189810187809687,-5.18850417,0,0,0,1,stop_loss,1380,0.002703916977788934,-0.05397709295703346,2023-07-14 19:00:00+00:00,0,-0.005920709384069633,-0.01604979559267361,-0.04716950984955082,-0.04048407249127606,2023-07-15 20:00:00+00:00,0
BTC/USDT|2023-07-16T20:00:00+00:00,B_opportunities,2023,2023-07-16 20:00:00+00:00,2023-07-16 19:00:00+00:00,BTC/USDT,-0.001381115223574532,-0.13802111,0,0,0,0,sma_cross_down,60,0.002034182462927525,-0.0005599455788428687,2023-07-16 21:00:00+00:00,0,0.0012600432420926122,0.0009278440137863164,-0.012181960557208882,-0.017748363546935764,2023-07-18 20:00:00+00:00,0
BTC/USDT|2023-07-17T01:00:00+00:00,B_opportunities,2023,2023-07-17 01:00:00+00:00,2023-07-17 00:00:00+00:00,BTC/USDT,-0.003651540018994602,-0.36444514,0,0,0,0,sma_cross_down,600,0.004069968911752486,-0.008227976510219337,2023-07-17 11:00:00+00:00,0,0.002022903959390865,-0.0002644470326494952,-0.0015218115846336033,-0.005251540759760642,2023-07-19 01:00:00+00:00,0
ETH/USDT|2023-07-19T12:00:00+00:00,B_opportunities,2023,2023-07-19 12:00:00+00:00,2023-07-19 11:00:00+00:00,ETH/USDT,-0.008976159686162534,-0.89721853,0,0,0,0,sma_cross_down,1020,0.006677875021604995,-0.014204232987131249,2023-07-20 05:00:00+00:00,0,-7.332607056054208e-05,-0.010815595407692835,0.006384605715243463,-0.010490865666638705,2023-07-21 12:00:00+00:00,0
BTC/USDT|2023-07-19T18:00:00+00:00,B_opportunities,2023,2023-07-19 18:00:00+00:00,2023-07-19 17:00:00+00:00,BTC/USDT,-0.008891768721250012,-0.88897414,0,0,0,0,sma_cross_down,1860,0.01414554437190585,-0.014077528932400996,2023-07-21 01:00:00+00:00,0,-0.0027996364506864824,0.004428006633508064,-0.00788345883964292,-0.002373539584665574,2023-07-21 18:00:00+00:00,0
ETH/USDT|2023-07-20T11:00:00+00:00,B_opportunities,2023,2023-07-20 11:00:00+00:00,2023-07-20 10:00:00+00:00,ETH/USDT,-0.018206995891938957,-1.81939576,0,0,0,0,sma_cross_down,300,0.0016772755211533763,-0.02176291033347566,2023-07-20 16:00:00+00:00,0,-0.01834064319869988,-0.013178593380491543,-0.016350831866151272,-0.016428965819000108,2023-07-22 11:00:00+00:00,0
BTC/USDT|2023-07-22T10:00:00+00:00,B_opportunities,2023,2023-07-22 10:00:00+00:00,2023-07-22 09:00:00+00:00,BTC/USDT,-0.007037114298953899,-0.70416505,0,0,0,0,sma_cross_down,900,0.0,-0.010170236779844966,2023-07-23 01:00:00+00:00,0,-0.0009769631814517954,-0.0034227123224325195,-0.0009789678938625368,-0.025108020587060076,2023-07-24 10:00:00+00:00,0
BTC/USDT|2023-07-23T18:00:00+00:00,B_opportunities,2023,2023-07-23 18:00:00+00:00,2023-07-23 17:00:00+00:00,BTC/USDT,-0.02832443217920582,-2.8350891,0,0,0,0,sma_cross_down,1020,0.007686305758918932,-0.03713664359114832,2023-07-24 11:00:00+00:00,0,-0.0011534442795771982,-0.010577223492944099,-0.03581686864115696,-0.027972849900509633,2023-07-25 18:00:00+00:00,0
ETH/USDT|2023-07-26T02:00:00+00:00,B_opportunities,2023,2023-07-26 02:00:00+00:00,2023-07-26 01:00:00+00:00,ETH/USDT,0.0006021952314327477,0.06023271,1,0,0,0,sma_cross_down,3120,0.01842661718379146,-0.0029614206188236514,2023-07-28 06:00:00+00:00,0,-0.00037759665125702835,0.0022493971939174795,0.011241591731712353,0.005426603302352451,2023-07-28 06:00:00+00:00,0
BTC/USDT|2023-07-26T08:00:00+00:00,B_opportunities,2023,2023-07-26 08:00:00+00:00,2023-07-26 07:00:00+00:00,BTC/USDT,-0.001540616776265265,-0.15409361,0,0,0,0,sma_cross_down,2580,0.016202769588942623,-0.0045439905587951746,2023-07-28 03:00:00+00:00,0,0.003078043619708204,0.006342967236787622,0.00669345279962319,-0.002594756886579286,2023-07-28 08:00:00+00:00,0
ETH/USDT|2023-07-29T00:00:00+00:00,B_opportunities,2023,2023-07-29 00:00:00+00:00,2023-07-28 23:00:00+00:00,ETH/USDT,-0.008707438117319668,-0.87069814,0,0,0,0,sma_cross_down,2760,0.00660548500693614,-0.013888592466118843,2023-07-30 22:00:00+00:00,0,0.00029879574642910356,-0.001984857458422029,0.0033454452323402606,-0.006616191528073467,2023-07-31 00:00:00+00:00,0
BTC/USDT|2023-07-29T05:00:00+00:00,B_opportunities,2023,2023-07-29 05:00:00+00:00,2023-07-29 04:00:00+00:00,BTC/USDT,-0.00393110324597674,-0.39309076,0,0,0,0,sma_cross_down,1920,0.0,-0.005061107684851129,2023-07-30 13:00:00+00:00,0,-0.0033661312736740223,-0.0024658868632727593,-0.0018923852256447216,0.0007858844399306619,2023-07-31 05:00:00+00:00,0
BTC/USDT|2023-07-30T17:00:00+00:00,B_opportunities,2023,2023-07-30 17:00:00+00:00,2023-07-30 16:00:00+00:00,BTC/USDT,-0.008035266664698516,-0.80346179,0,0,0,0,sma_cross_down,180,0.0006524844613735592,-0.011802923144001554,2023-07-30 20:00:00+00:00,0,-0.007624909717556361,0.0008162009420007443,-0.005020759005610054,-0.015112991754260174,2023-08-01 17:00:00+00:00,0
BTC/USDT|2023-07-31T04:00:00+00:00,B_opportunities,2023,2023-07-31 04:00:00+00:00,2023-07-31 03:00:00+00:00,BTC/USDT,-0.009189097898227121,-0.91744248,0,0,0,0,sma_cross_down,1140,0.0017663653048738404,-0.010883012711576434,2023-07-31 23:00:00+00:00,0,-0.0012925706248966273,-0.005914283840080192,-0.019950723931318137,0.007170487108451695,2023-08-02 04:00:00+00:00,0
BTC/USDT|2023-08-02T05:00:00+00:00,B_opportunities,2023,2023-08-02 05:00:00+00:00,2023-08-02 04:00:00+00:00,BTC/USDT,-0.01970512264224051,-1.96675759,0,0,0,0,sma_cross_down,1500,0.0005381540070739099,-0.025206634963768182,2023-08-03 06:00:00+00:00,0,-0.0048541693624913895,-0.021890433596445824,-0.01816615176414771,-0.015822469159765373,2023-08-04 05:00:00+00:00,0
ETH/USDT|2023-08-02T08:00:00+00:00,B_opportunities,2023,2023-08-02 08:00:00+00:00,2023-08-02 07:00:00+00:00,ETH/USDT,-0.010789929479485125,-1.07910964,0,0,0,0,sma_cross_down,1200,0.00211622547224688,-0.019315269132185953,2023-08-03 04:00:00+00:00,0,-0.0024070045447692756,-0.00820643160230039,-0.013418915717147262,-0.010381889848579462,2023-08-04 08:00:00+00:00,0
BTC/USDT|2023-08-04T10:00:00+00:00,B_opportunities,2023,2023-08-04 10:00:00+00:00,2023-08-04 09:00:00+00:00,BTC/USDT,-0.009948490717171047,-0.99449366,0,0,0,0,sma_cross_down,660,0.004553405944907274,-0.013444465296717945,2023-08-04 21:00:00+00:00,0,0.0025393722562192522,-0.004923608216812703,-0.00486538929792435,-0.003991078121912461,2023-08-06 10:00:00+00:00,0
ETH/USDT|2023-08-06T06:00:00+00:00,B_opportunities,2023,2023-08-06 06:00:00+00:00,2023-08-06 05:00:00+00:00,ETH/USDT,-0.005421698144178627,-0.54218195,0,0,0,0,sma_cross_down,1020,0.0008766962165929204,-0.005761146566182429,2023-08-06 23:00:00+00:00,0,-0.002205353836771118,-0.0019221972947659483,0.0017751737056479477,-0.0008494696260155088,2023-08-08 06:00:00+00:00,0
BTC/USDT|2023-08-06T19:00:00+00:00,B_opportunities,2023,2023-08-06 19:00:00+00:00,2023-08-06 18:00:00+00:00,BTC/USDT,0.01273846981296496,1.27220364,1,1,1,0,sma_cross_down,5040,0.03974790823100527,-0.013297318258982616,2023-08-10 07:00:00+00:00,0,-0.0010942724480554888,-0.001231443263881582,0.00022724288035336215,0.026116429488356463,2023-08-10 07:00:00+00:00,0
ETH/USDT|2023-08-07T09:00:00+00:00,B_opportunities,2023,2023-08-07 09:00:00+00:00,2023-08-07 08:00:00+00:00,ETH/USDT,-0.010239743892352276,-1.02413675,0,0,0,0,sma_cross_down,420,0.0022200161455721013,-0.017083760609168053,2023-08-07 16:00:00+00:00,0,-0.0018709226976195703,-0.003229114393559107,-0.0016036480265310127,0.015758296423973972,2023-08-09 09:00:00+00:00,0
ETH/USDT|2023-08-08T15:00:00+00:00,B_opportunities,2023,2023-08-08 15:00:00+00:00,2023-08-08 14:00:00+00:00,ETH/USDT,0.00527012273124465,0.52667688,1,1,0,0,sma_cross_down,2580,0.02061339816491814,-5.438891336417839e-06,2023-08-10 10:00:00+00:00,0,0.013477572731574572,0.008049559177857324,0.007984292481820532,0.007810247959056049,2023-08-10 15:00:00+00:00,0
ETH/USDT|2023-08-12T16:00:00+00:00,B_opportunities,2023,2023-08-12 16:00:00+00:00,2023-08-12 15:00:00+00:00,ETH/USDT,-0.007449472789534599,-0.74528478,0,0,0,0,sma_cross_down,1920,0.006029694625143245,-0.008823020898618972,2023-08-14 00:00:00+00:00,0,-0.0007618203724814032,-0.0005024772669558475,-0.0015236407449630285,0.0013939691922002506,2023-08-14 16:00:00+00:00,0
BTC/USDT|2023-08-13T00:00:00+00:00,B_opportunities,2023,2023-08-13 00:00:00+00:00,2023-08-12 23:00:00+00:00,BTC/USDT,-0.003360539373606978,-0.33561061,0,0,0,0,sma_cross_down,780,0.0008504874927710571,-0.002282690761660322,2023-08-13 13:00:00+00:00,0,-0.0015348195406278409,-0.00158986509422121,-0.004292533818187172,2.582383995752835e-05,2023-08-15 00:00:00+00:00,0
BTC/USDT|2023-08-14T18:00:00+00:00,B_opportunities,2023,2023-08-14 18:00:00+00:00,2023-08-14 17:00:00+00:00,BTC/USDT,-0.0060113608696744005,-0.60150804,0,0,0,0,sma_cross_down,1140,9.190400338576765e-05,-0.007809805512815848,2023-08-15 13:00:00+00:00,0,-0.001910993486004764,-0.003986464672224743,-0.005136112927336733,-0.010827719613338282,2023-08-16 18:00:00+00:00,0
ETH/USDT|2023-08-20T04:00:00+00:00,B_opportunities,2023,2023-08-20 04:00:00+00:00,2023-08-20 03:00:00+00:00,ETH/USDT,0.0004787266739261036,0.04788526,1,0,0,0,sma_cross_down,2400,0.01590317823788223,-0.011281485655369128,2023-08-21 20:00:00+00:00,0,0.0014986033017228007,0.0017503686564122045,0.005341022167340004,-0.002415748522377137,2023-08-22 04:00:00+00:00,0
BTC/USDT|2023-08-20T09:00:00+00:00,B_opportunities,2023,2023-08-20 09:00:00+00:00,2023-08-20 08:00:00+00:00,BTC/USDT,-0.001321889320065521,-0.13198746,0,0,0,0,sma_cross_down,1740,0.007161458333333259,-0.008877144607843057,2023-08-21 14:00:00+00:00,0,-0.0018815104166667318,0.004633118872549025,-0.0019918045343136903,-0.0019255514705881493,2023-08-22 09:00:00+00:00,0
BTC/USDT|2023-08-23T18:00:00+00:00,B_opportunities,2023,2023-08-23 18:00:00+00:00,2023-08-23 17:00:00+00:00,BTC/USDT,-0.017355726151585246,-1.73362433,0,0,0,0,sma_cross_down,1980,0.010547357037757221,-0.025447119089201498,2023-08-25 03:00:00+00:00,0,-0.004017432234561968,-0.004433795263936502,-0.01806186589417813,-0.024467074162356717,2023-08-25 18:00:00+00:00,0
ETH/USDT|2023-08-23T22:00:00+00:00,B_opportunities,2023,2023-08-23 22:00:00+00:00,2023-08-23 21:00:00+00:00,ETH/USDT,-0.006031338201689978,-0.6032274,0,0,0,0,sma_cross_down,1740,0.010875178650781248,-0.01800319469632372,2023-08-25 03:00:00+00:00,0,0.006173210189399869,0.0013991809086868479,-0.006647610583332297,-0.00832302463279,2023-08-25 22:00:00+00:00,0
BTC/USDT|2023-08-26T16:00:00+00:00,B_opportunities,2023,2023-08-26 16:00:00+00:00,2023-08-26 15:00:00+00:00,BTC/USDT,-0.00275567755040495,-0.27525528,0,0,0,0,sma_cross_down,240,0.00023029093421356173,-0.0018895371152222173,2023-08-26 20:00:00+00:00,0,-0.00045981423197971605,-0.0012297535887004774,0.002615721194442422,0.001925616028249033,2023-08-28 16:00:00+00:00,0
ETH/USDT|2023-08-26T16:00:00+00:00,B_opportunities,2023,2023-08-26 16:00:00+00:00,2023-08-26 15:00:00+00:00,ETH/USDT,-0.005079915028991935,-0.50807416,0,0,0,0,sma_cross_down,120,0.0002966981731868934,-0.004547353633947093,2023-08-26 18:00:00+00:00,0,-0.0014168937329699371,-0.002555252800484409,0.002385709960641913,-0.0015682712685437528,2023-08-28 16:00:00+00:00,0
BTC/USDT|2023-08-27T13:00:00+00:00,B_opportunities,2023,2023-08-27 13:00:00+00:00,2023-08-27 12:00:00+00:00,BTC/USDT,-0.006523365977683027,-0.65203881,0,0,0,0,sma_cross_down,1320,0.004240618264959695,-0.007946172991603495,2023-08-28 11:00:00+00:00,0,0.0012450300441169126,-0.0018468329212639745,0.002488909413516316,-0.0010413606191551628,2023-08-29 13:00:00+00:00,0
ETH/USDT|2023-08-27T16:00:00+00:00,B_opportunities,2023,2023-08-27 16:00:00+00:00,2023-08-27 15:00:00+00:00,ETH/USDT,-0.011113276573722774,-1.1123119,0,0,0,0,sma_cross_down,1200,0.005376214178707706,-0.02035108490793991,2023-08-28 12:00:00+00:00,0,-0.0012504228483063429,-0.003346542308993339,-0.003944570627748445,0.035972309476634656,2023-08-29 16:00:00+00:00,0
BTC/USDT|2023-08-29T03:00:00+00:00,B_opportunities,2023,2023-08-29 03:00:00+00:00,2023-08-29 02:00:00+00:00,BTC/USDT,-0.006935503949076914,-0.69411178,0,0,0,0,sma_cross_down,540,4.635182413581518e-05,-0.006998359298654666,2023-08-29 12:00:00+00:00,0,-0.005679439211881077,0.05314523941866378,0.049641271357752315,0.04157567088519332,2023-08-31 03:00:00+00:00,0
ETH/USDT|2023-08-29T07:00:00+00:00,B_opportunities,2023,2023-08-29 07:00:00+00:00,2023-08-29 06:00:00+00:00,ETH/USDT,-0.0021677549942821727,-0.21682283,0,0,0,0,sma_cross_down,180,0.004064003499052227,-0.003742042085824071,2023-08-29 10:00:00+00:00,0,-0.0002065400292802222,0.05434432652763688,0.043464526749971144,0.035209000285511216,2023-08-31 07:00:00+00:00,0
BTC/USDT|2023-08-29T15:00:00+00:00,B_opportunities,2023,2023-08-29 15:00:00+00:00,2023-08-29 14:00:00+00:00,BTC/USDT,-0.012662294384194955,-1.26491085,0,0,0,0,sma_cross_down,2580,0.02367304269637427,-0.017270096096941412,2023-08-31 10:00:00+00:00,0,0.002809905270727553,-0.0033271460856109103,-0.013895663579590156,-0.011507698776699993,2023-08-31 15:00:00+00:00,0
ETH/USDT|2023-08-29T15:00:00+00:00,B_opportunities,2023,2023-08-29 15:00:00+00:00,2023-08-29 14:00:00+00:00,ETH/USDT,-0.010671843493929382,-1.0664808,0,0,0,0,sma_cross_down,2520,0.014268451385015757,-0.015651143335192463,2023-08-31 09:00:00+00:00,0,0.0029571188715309393,-0.0026840646731772777,-0.010701400709940967,-0.009312891062994155,2023-08-31 15:00:00+00:00,0
ETH/USDT|2023-09-03T05:00:00+00:00,B_opportunities,2023,2023-09-03 05:00:00+00:00,2023-09-03 04:00:00+00:00,ETH/USDT,-0.005983028575210264,-0.59842501,0,0,0,0,sma_cross_down,2160,0.007423441933274599,-0.01024850797377952,2023-09-04 17:00:00+00:00,0,-0.00048307406320313717,-0.004549457000293411,0.0018344584678602338,-0.00778421876528701,2023-09-05 05:00:00+00:00,0
BTC/USDT|2023-09-03T06:00:00+00:00,B_opportunities,2023,2023-09-03 06:00:00+00:00,2023-09-03 05:00:00+00:00,BTC/USDT,-0.01056538616733278,-1.05732263,0,0,0,0,sma_cross_down,2400,0.009071021457093043,-0.0103802848333171,2023-09-04 22:00:00+00:00,0,0.0016725829978772033,-0.0004656359869437132,0.0013274100523317234,-0.0064382090234540446,2023-09-05 06:00:00+00:00,0
ETH/USDT|2023-09-06T01:00:00+00:00,B_opportunities,2023,2023-09-06 01:00:00+00:00,2023-09-06 00:00:00+00:00,ETH/USDT,-0.0015459530463901579,-0.15472462,0,0,0,0,sma_cross_down,4140,0.022206987733516037,-0.015008691819895725,2023-09-08 22:00:00+00:00,0,-0.0019097402875628555,-0.000820208969658287,8.569347444176145e-05,0.012958077528110623,2023-09-08 22:00:00+00:00,0
BTC/USDT|2023-09-07T13:00:00+00:00,B_opportunities,2023,2023-09-07 13:00:00+00:00,2023-09-07 12:00:00+00:00,BTC/USDT,-0.0025180051896806295,-0.25159217,0,0,0,0,sma_cross_down,60,0.004431409029069133,-0.0017392822528127239,2023-09-07 14:00:00+00:00,0,0.009465315666406848,0.02724395946999225,0.007561574434918006,0.007511301636788925,2023-09-09 13:00:00+00:00,0
BTC/USDT|2023-09-07T15:00:00+00:00,B_opportunities,2023,2023-09-07 15:00:00+00:00,2023-09-07 14:00:00+00:00,BTC/USDT,0.0017378111860709448,0.17392496,1,0,0,0,sma_cross_down,2100,0.02626203201085353,-0.00471501151006104,2023-09-09 02:00:00+00:00,0,0.00921619821830788,0.018610519093662292,0.002425029376656118,0.003050981110461093,2023-09-09 15:00:00+00:00,0
BTC/USDT|2023-09-12T16:00:00+00:00,B_opportunities,2023,2023-09-12 16:00:00+00:00,2023-09-12 15:00:00+00:00,BTC/USDT,0.011304385398287738,1.1298126,1,1,1,0,sma_cross_down,5100,0.026025357571058283,-0.01685912909954146,2023-09-16 05:00:00+00:00,0,-0.003930020525857336,-0.012467769748648827,0.001348547678257983,0.018621711007072106,2023-09-16 05:00:00+00:00,0
ETH/USDT|2023-09-12T21:00:00+00:00,B_opportunities,2023,2023-09-12 21:00:00+00:00,2023-09-12 20:00:00+00:00,ETH/USDT,0.018314605907490393,1.83187125,1,1,1,0,sma_cross_down,6720,0.03460181640771598,-0.010558182591508314,2023-09-17 13:00:00+00:00,0,-0.0027708974455202817,-0.0038217118266655747,0.0031086592108884314,0.017963922039580638,2023-09-17 13:00:00+00:00,0
BTC/USDT|2023-09-16T14:00:00+00:00,B_opportunities,2023,2023-09-16 14:00:00+00:00,2023-09-16 13:00:00+00:00,BTC/USDT,-0.004099204450252341,-0.40963478,0,0,0,0,sma_cross_down,1740,0.002734018664696025,-0.0050657874418187365,2023-09-17 19:00:00+00:00,0,-0.0006722999248607309,-0.0020451476705843907,-0.0002527245095695907,0.02653645014340511,2023-09-18 14:00:00+00:00,0
BTC/USDT|2023-09-18T05:00:00+00:00,B_opportunities,2023,2023-09-18 05:00:00+00:00,2023-09-18 04:00:00+00:00,BTC/USDT,0.01349324900495071,1.34839969,1,1,1,0,sma_cross_down,4260,0.032372390104936866,-0.00061753993725433,2023-09-21 04:00:00+00:00,0,0.019058100988853077,0.023448871693258377,0.008945692901481062,0.016905349948820092,2023-09-21 04:00:00+00:00,0
ETH/USDT|2023-09-18T14:00:00+00:00,B_opportunities,2023,2023-09-18 14:00:00+00:00,2023-09-18 13:00:00+00:00,ETH/USDT,-0.015495910648078398,-1.54979864,0,0,0,0,sma_cross_down,2520,0.0030658925489153166,-0.018479848395234644,2023-09-20 08:00:00+00:00,0,-0.00978912935893883,-0.014321580745229157,-0.011249652974760771,-0.015558801163590652,2023-09-20 14:00:00+00:00,0
ETH/USDT|2023-09-23T08:00:00+00:00,B_opportunities,2023,2023-09-23 08:00:00+00:00,2023-09-23 07:00:00+00:00,ETH/USDT,-0.002968181794526347,-0.29703185,0,0,0,0,sma_cross_down,840,0.0006334472702185234,-0.0043902286054752215,2023-09-23 22:00:00+00:00,0,-0.0018188089936969076,0.00021323967512310027,-0.0015930258082724746,-0.008278716798896246,2023-09-25 08:00:00+00:00,0
BTC/USDT|2023-09-24T12:00:00+00:00,B_opportunities,2023,2023-09-24 12:00:00+00:00,2023-09-24 11:00:00+00:00,BTC/USDT,-0.00232145468153982,-0.231768,0,0,0,0,sma_cross_down,180,0.0012065402074166176,-0.001237371088378958,2023-09-24 15:00:00+00:00,0,0.0028710317930300544,-0.013096732640991982,-0.019600168592280753,-0.012139847372099721,2023-09-26 12:00:00+00:00,0
ETH/USDT|2023-09-24T15:00:00+00:00,B_opportunities,2023,2023-09-24 15:00:00+00:00,2023-09-24 14:00:00+00:00,ETH/USDT,-0.0075409630144684025,-0.75380416,0,0,0,0,sma_cross_down,300,0.0036922575427993376,-0.01069438262821032,2023-09-24 20:00:00+00:00,0,-0.002914940165368085,-0.009440644922675712,-0.012035881973132434,-0.005203011477968644,2023-09-26 15:00:00+00:00,0
BTC/USDT|2023-09-24T18:00:00+00:00,B_opportunities,2023,2023-09-24 18:00:00+00:00,2023-09-24 17:00:00+00:00,BTC/USDT,-0.00774960340418348,-0.77385245,0,0,0,0,sma_cross_down,240,0.0024545356046379307,-0.012644213808159277,2023-09-24 22:00:00+00:00,0,-0.015922051717331298,-0.02096721524743861,-0.01179691726524168,-0.018672766202015745,2023-09-26 18:00:00+00:00,0
ETH/USDT|2023-09-26T08:00:00+00:00,B_opportunities,2023,2023-09-26 08:00:00+00:00,2023-09-26 07:00:00+00:00,ETH/USDT,0.050003121691637245,5.00239989,1,1,1,0,roi,4260,0.06237019321543191,-0.005569891119642567,2023-09-29 07:00:00+00:00,0,-0.0025174649128327786,0.0003272704386683145,0.0022468374347031084,0.019164201648939505,2023-09-29 07:00:00+00:00,0
BTC/USDT|2023-09-26T21:00:00+00:00,B_opportunities,2023,2023-09-26 21:00:00+00:00,2023-09-26 20:00:00+00:00,BTC/USDT,-0.0022474625538516295,-0.22485223,0,0,0,0,sma_cross_down,120,0.002897471697002718,-0.0024533532282099424,2023-09-26 23:00:00+00:00,0,0.002440358367677531,0.003654613423920372,0.0035758798571636774,0.035088798850642755,2023-09-28 21:00:00+00:00,0
BTC/USDT|2023-09-27T12:00:00+00:00,B_opportunities,2023,2023-09-27 12:00:00+00:00,2023-09-27 11:00:00+00:00,BTC/USDT,0.005916159347535451,0.59125856,1,1,0,0,sma_cross_down,4260,0.020241202778528145,-0.02445689026173936,2023-09-30 11:00:00+00:00,0,-0.019999103363507742,-0.014708948058595128,-0.010825764849607955,0.007624398973351099,2023-09-30 11:00:00+00:00,0
BTC/USDT|2023-09-30T22:00:00+00:00,B_opportunities,2023,2023-09-30 22:00:00+00:00,2023-09-30 21:00:00+00:00,BTC/USDT,0.05000000871373785,4.99986439,1,1,1,0,roi,1980,0.052990652717163966,-0.0016741180971796554,2023-10-02 07:00:00+00:00,0,0.0016844893641607683,0.008092438020569581,0.006707215896127661,0.017516763409987313,2023-10-02 22:00:00+00:00,0
BTC/USDT|2023-10-04T22:00:00+00:00,B_opportunities,2023,2023-10-04 22:00:00+00:00,2023-10-04 21:00:00+00:00,BTC/USDT,-0.00872461894897561,-0.87288569,0,0,0,0,sma_cross_down,1920,0.01566786821061461,-0.012085268685934625,2023-10-06 06:00:00+00:00,0,-0.0012590933011251693,-6.89864660111672e-05,-0.008545292143236183,0.012850264333744255,2023-10-06 22:00:00+00:00,0
BTC/USDT|2023-10-06T20:00:00+00:00,B_opportunities,2023,2023-10-06 20:00:00+00:00,2023-10-06 19:00:00+00:00,BTC/USDT,-0.004126298858091301,-0.41217467,0,0,0,0,sma_cross_down,2640,0.012258361103806958,-0.009475053081404505,2023-10-08 16:00:00+00:00,0,-0.001803783294147654,-0.0022023185162183267,-0.0031081454302964717,-0.0020524206185094096,2023-10-08 20:00:00+00:00,0
ETH/USDT|2023-10-06T22:00:00+00:00,B_opportunities,2023,2023-10-06 22:00:00+00:00,2023-10-06 21:00:00+00:00,ETH/USDT,-0.013449573012864304,-1.34586848,0,0,0,0,sma_cross_down,1860,0.0016824420828391862,-0.016558135031106924,2023-10-08 05:00:00+00:00,0,-0.006753976131109396,-0.008176184366602945,-0.011323198334503237,-0.011801302379626732,2023-10-08 22:00:00+00:00,0
BTC/USDT|2023-10-13T15:00:00+00:00,B_opportunities,2023,2023-10-13 15:00:00+00:00,2023-10-13 14:00:00+00:00,BTC/USDT,0.0018825457598554785,0.18807331,1,0,0,0,sma_cross_down,2820,0.01393724576822275,-0.002693866445815485,2023-10-15 14:00:00+00:00,0,0.00838170369049851,0.005527880647708594,0.0047893847948339285,0.004345764057302137,2023-10-15 15:00:00+00:00,0
ETH/USDT|2023-10-14T01:00:00+00:00,B_opportunities,2023,2023-10-14 01:00:00+00:00,2023-10-14 00:00:00+00:00,ETH/USDT,0.04999947511081673,4.99822161,1,1,1,0,roi,3600,0.05557200988977029,-0.005517925208612273,2023-10-16 13:00:00+00:00,0,-0.004404009966969991,-0.0018285655418414093,-0.00047645721864875146,0.002214882205610502,2023-10-16 13:00:00+00:00,0
BTC/USDT|2023-10-15T16:00:00+00:00,B_opportunities,2023,2023-10-15 16:00:00+00:00,2023-10-15 15:00:00+00:00,BTC/USDT,0.05000008643725269,4.99473876,1,1,1,0,roi,1260,0.11528848609625619,-0.0002029825044694844,2023-10-16 13:00:00+00:00,0,0.010435754364402694,0.01253026614129138,0.04332115066543696,0.058100953683184464,2023-10-17 16:00:00+00:00,0
BTC/USDT|2023-10-19T19:00:00+00:00,B_opportunities,2023,2023-10-19 19:00:00+00:00,2023-10-19 18:00:00+00:00,BTC/USDT,0.05000007396225518,5.00390431,1,1,1,0,roi,900,0.05447589937927133,-0.0023978094724120824,2023-10-20 10:00:00+00:00,0,-0.0002436557012291951,0.02218802819703858,0.02927987522594,0.05442982122373796,2023-10-21 19:00:00+00:00,0
ETH/USDT|2023-10-20T06:00:00+00:00,B_opportunities,2023,2023-10-20 06:00:00+00:00,2023-10-20 05:00:00+00:00,ETH/USDT,0.05000070024434259,5.0013243,1,1,1,0,roi,3840,0.053169992422329004,-0.0025006314725939394,2023-10-22 22:00:00+00:00,0,0.018660015155342435,0.015963627178580575,0.010097246779489755,0.036852740591058364,2023-10-22 22:00:00+00:00,0
ETH/USDT|2023-10-26T08:00:00+00:00,B_opportunities,2023,2023-10-26 08:00:00+00:00,2023-10-26 07:00:00+00:00,ETH/USDT,-0.031867637593973874,-3.1856409,0,0,0,0,sma_cross_down,1320,0.008754427231189466,-0.047119258117717,2023-10-27 06:00:00+00:00,0,-0.022916283647138935,-0.03071366000843545,-0.039241026528383016,-0.03341191992819059,2023-10-28 08:00:00+00:00,0
BTC/USDT|2023-10-28T16:00:00+00:00,B_opportunities,2023,2023-10-28 16:00:00+00:00,2023-10-28 15:00:00+00:00,BTC/USDT,0.0040715062978251,0.40691984,1,0,0,0,sma_cross_down,3900,0.01939082799768488,-0.007690762165439291,2023-10-31 09:00:00+00:00,0,-8.715239209933223e-05,-0.006495777788306234,0.007516455132018152,0.01355073468296708,2023-10-31 09:00:00+00:00,0
ETH/USDT|2023-10-28T16:00:00+00:00,B_opportunities,2023,2023-10-28 16:00:00+00:00,2023-10-28 15:00:00+00:00,ETH/USDT,-0.009326499250334927,-0.93288728,0,0,0,0,sma_cross_down,660,0.00010051485944684302,-0.015702654709121133,2023-10-29 03:00:00+00:00,0,-0.004210455779045996,-0.00882297099587892,0.0007873663989994562,0.016060040876042736,2023-10-30 16:00:00+00:00,0
ETH/USDT|2023-10-29T16:00:00+00:00,B_opportunities,2023,2023-10-29 16:00:00+00:00,2023-10-29 15:00:00+00:00,ETH/USDT,0.010041281155967837,1.00337869,1,1,1,0,sma_cross_down,3180,0.02100212029907378,-0.008051556745898969,2023-10-31 21:00:00+00:00,0,0.00013949413845626424,-0.005183602185036218,0.015260658747119349,-0.00040732288429246033,2023-10-31 21:00:00+00:00,0
ETH/USDT|2023-11-01T01:00:00+00:00,B_opportunities,2023,2023-11-01 01:00:00+00:00,2023-11-01 00:00:00+00:00,ETH/USDT,-0.019049325520457364,-1.9065629,0,0,0,0,sma_cross_down,2880,0.03139852138707977,-0.022448732617497025,2023-11-03 01:00:00+00:00,0,-0.007618597077979294,-0.001226676641436386,0.01630984861820095,-0.017079959514170184,2023-11-03 01:00:00+00:00,0
BTC/USDT|2023-11-01T03:00:00+00:00,B_opportunities,2023,2023-11-01 03:00:00+00:00,2023-11-01 02:00:00+00:00,BTC/USDT,0.0006289564193685942,0.0628988,1,0,0,0,sma_cross_down,3060,0.04455582635027411,-0.010236562860304388,2023-11-03 06:00:00+00:00,0,-0.00028621165206532684,-0.007723360473125829,0.03566963512078214,0.006605509487219496,2023-11-03 06:00:00+00:00,0
ETH/USDT|2023-11-04T05:00:00+00:00,B_opportunities,2023,2023-11-04 05:00:00+00:00,2023-11-04 04:00:00+00:00,ETH/USDT,0.02389168083992527,2.38894328,1,1,1,0,sma_cross_down,4920,0.04631320032795849,-0.0021371959551790276,2023-11-07 15:00:00+00:00,0,0.006160119376226403,0.00209345671791894,0.02892577794054141,0.026619149389727426,2023-11-07 15:00:00+00:00,0
BTC/USDT|2023-11-04T14:00:00+00:00,B_opportunities,2023,2023-11-04 14:00:00+00:00,2023-11-04 13:00:00+00:00,BTC/USDT,0.0053353671100720415,0.53373398,1,1,0,0,sma_cross_down,2580,0.019585963949653618,-0.007272547028330578,2023-11-06 09:00:00+00:00,0,0.0008749186247869467,0.01050132894836553,0.0037656658992395453,0.009509696870667383,2023-11-06 14:00:00+00:00,0
BTC/USDT|2023-11-06T10:00:00+00:00,B_opportunities,2023,2023-11-06 10:00:00+00:00,2023-11-06 09:00:00+00:00,BTC/USDT,-0.008026960858082455,-0.80137481,0,0,0,0,sma_cross_down,1380,0.004503079458252346,-0.012264014745634766,2023-11-07 09:00:00+00:00,0,-0.0010607035668115383,-0.002796270879486862,-0.009475428695092436,0.004912837218308708,2023-11-08 10:00:00+00:00,0
BTC/USDT|2023-11-08T01:00:00+00:00,B_opportunities,2023,2023-11-08 01:00:00+00:00,2023-11-08 00:00:00+00:00,BTC/USDT,0.04999997310388272,4.99071767,1,1,1,0,roi,2220,0.07367628002631244,-0.007347888083140686,2023-11-09 14:00:00+00:00,0,-0.0024230892578073204,0.0008843370809012985,0.014051542117578641,0.032094337584297694,2023-11-10 01:00:00+00:00,0
ETH/USDT|2023-11-08T20:00:00+00:00,B_opportunities,2023,2023-11-08 20:00:00+00:00,2023-11-08 19:00:00+00:00,ETH/USDT,0.05000234437062442,4.99978307,1,1,1,0,roi,1140,0.0799285966288763,-0.008951750067138109,2023-11-09 15:00:00+00:00,0,0.001032084125387689,0.006482120195674845,0.06291500576598019,0.09947500618723915,2023-11-10 20:00:00+00:00,0
BTC/USDT|2023-11-12T23:00:00+00:00,B_opportunities,2023,2023-11-12 23:00:00+00:00,2023-11-12 22:00:00+00:00,BTC/USDT,-0.011282167565673268,-1.12876621,0,0,0,0,sma_cross_down,780,0.007060026100996097,-0.014039849099746982,2023-11-13 12:00:00+00:00,0,-0.00614226576993504,-0.004860092685719297,-0.018527993170355916,-0.04165366954760874,2023-11-14 23:00:00+00:00,0
ETH/USDT|2023-11-13T16:00:00+00:00,B_opportunities,2023,2023-11-13 16:00:00+00:00,2023-11-13 15:00:00+00:00,ETH/USDT,-0.02793847849257472,-2.79659765,0,0,0,0,sma_cross_down,1380,0.006065845537067238,-0.04048488763698033,2023-11-14 15:00:00+00:00,0,-0.021973741711158734,-0.023607759685356444,-0.03189660086260948,-0.03989093880032668,2023-11-15 16:00:00+00:00,0
BTC/USDT|2023-11-15T22:00:00+00:00,B_opportunities,2023,2023-11-15 22:00:00+00:00,2023-11-15 21:00:00+00:00,BTC/USDT,-0.05189784984027497,-5.17919002,0,0,0,1,stop_loss,1260,0.009537444190361732,-0.0563828523233848,2023-11-16 19:00:00+00:00,0,-0.004417988904657166,-0.00706304080227127,-0.044067186604145214,-0.03255638644072678,2023-11-17 22:00:00+00:00,0
ETH/USDT|2023-11-16T02:00:00+00:00,B_opportunities,2023,2023-11-16 02:00:00+00:00,2023-11-16 01:00:00+00:00,ETH/USDT,-0.05189592299955733,-5.19285281,0,0,0,1,stop_loss,1020,0.014220630831259129,-0.05918712914040636,2023-11-16 19:00:00+00:00,0,-0.0037747017354895496,-0.012376946178963677,-0.036427327287988476,-0.05407333013114424,2023-11-18 02:00:00+00:00,0
BTC/USDT|2023-11-18T13:00:00+00:00,B_opportunities,2023,2023-11-18 13:00:00+00:00,2023-11-18 12:00:00+00:00,BTC/USDT,0.012532583829348192,1.25289435,1,1,1,0,sma_cross_down,4740,0.035685184626316424,-0.005467869067444453,2023-11-21 20:00:00+00:00,0,0.0070753073447227255,0.0004222303308980546,0.001188774544367055,0.019034659101820672,2023-11-21 20:00:00+00:00,0
ETH/USDT|2023-11-19T05:00:00+00:00,B_opportunities,2023,2023-11-19 05:00:00+00:00,2023-11-19 04:00:00+00:00,ETH/USDT,0.04999986371484358,5.00445653,1,1,1,0,roi,2160,0.056042192626511556,-0.00589245377515657,2023-11-20 17:00:00+00:00,0,0.0004139559366902468,0.006061132603885078,0.023953228089721,0.029631068159633678,2023-11-21 05:00:00+00:00,0
ETH/USDT|2023-11-22T20:00:00+00:00,B_opportunities,2023,2023-11-22 20:00:00+00:00,2023-11-22 19:00:00+00:00,ETH/USDT,-0.0023679918675389173,-0.23680544,0,0,0,0,sma_cross_down,4200,0.026981482729732553,-0.017636183304605813,2023-11-25 18:00:00+00:00,0,-0.004862853098503983,-0.005430988411002424,-0.007116135524345424,0.005074700164181767,2023-11-25 18:00:00+00:00,0
BTC/USDT|2023-11-23T03:00:00+00:00,B_opportunities,2023,2023-11-23 03:00:00+00:00,2023-11-23 02:00:00+00:00,BTC/USDT,0.007660727668324162,0.76443894,1,1,0,0,sma_cross_down,4800,0.02887376436182043,-0.012480457853378368,2023-11-26 11:00:00+00:00,0,0.004393081419049372,-0.0035319817505795603,0.001273034750929325,0.013006220808988944,2023-11-26 11:00:00+00:00,0
BTC/USDT|2023-11-28T18:00:00+00:00,B_opportunities,2023,2023-11-28 18:00:00+00:00,2023-11-28 17:00:00+00:00,BTC/USDT,-0.014984571304816082,-1.49590657,0,0,0,0,sma_cross_down,2400,0.006261326982589965,-0.017198039818637434,2023-11-30 10:00:00+00:00,0,-0.010255752635056847,-0.004580386409583581,-0.01135125586386021,-0.01229732470574374,2023-11-30 18:00:00+00:00,0
ETH/USDT|2023-11-28T23:00:00+00:00,B_opportunities,2023,2023-11-28 23:00:00+00:00,2023-11-28 22:00:00+00:00,ETH/USDT,-0.006089152236448012,-0.60950322,0,0,0,0,sma_cross_down,1740,0.012976365348858598,-0.01454289911229767,2023-11-30 04:00:00+00:00,0,0.002640170610655357,-0.0004831365812475452,-0.009794496147107812,-0.0028158566402000096,2023-11-30 23:00:00+00:00,0
ETH/USDT|2023-12-01T03:00:00+00:00,B_opportunities,2023,2023-12-01 03:00:00+00:00,2023-12-01 02:00:00+00:00,ETH/USDT,0.04999890963084605,5.00119254,1,1,1,0,roi,4020,0.06285771808219964,-0.007257422800003743,2023-12-03 22:00:00+00:00,0,0.003806054214701815,-0.003667042159001044,0.0025741197900437385,0.03777772451645367,2023-12-03 22:00:00+00:00,0
BTC/USDT|2023-12-01T10:00:00+00:00,B_opportunities,2023,2023-12-01 10:00:00+00:00,2023-12-01 09:00:00+00:00,BTC/USDT,0.04999987397634013,4.99795763,1,1,1,0,roi,3780,0.05599162904257171,-0.012562895214473513,2023-12-04 01:00:00+00:00,0,-0.007537480713205702,0.0018294680513544215,0.0018421278359210813,0.01944827108680891,2023-12-04 01:00:00+00:00,0
ETH/USDT|2023-12-07T20:00:00+00:00,B_opportunities,2023,2023-12-07 20:00:00+00:00,2023-12-07 19:00:00+00:00,ETH/USDT,7.865846486855041e-05,0.00787092,1,0,0,0,sma_cross_down,3120,0.02884887096359856,-0.0032582355006377517,2023-12-10 00:00:00+00:00,0,0.010905027358902641,0.007359930125619751,0.00744127897517588,0.009393651364519862,2023-12-10 00:00:00+00:00,0
BTC/USDT|2023-12-08T21:00:00+00:00,B_opportunities,2023,2023-12-08 21:00:00+00:00,2023-12-08 20:00:00+00:00,BTC/USDT,-0.019031796989550567,-1.90163425,0,0,0,0,sma_cross_down,2220,0.007573935527440234,-0.017570105844852857,2023-12-10 10:00:00+00:00,0,-0.005499505342057787,-0.011938511391784146,-0.008660176868672043,-0.00910603397034393,2023-12-10 21:00:00+00:00,0
BTC/USDT|2023-12-13T21:00:00+00:00,B_opportunities,2023,2023-12-13 21:00:00+00:00,2023-12-13 20:00:00+00:00,BTC/USDT,-0.02705926987176042,-2.70588285,0,0,0,0,sma_cross_down,2640,0.014001671841413987,-0.034399629806543985,2023-12-15 17:00:00+00:00,0,-0.0025394829185488854,-0.002636742688665983,0.0010703239450056135,-0.015273748934982234,2023-12-15 21:00:00+00:00,0
ETH/USDT|2023-12-14T01:00:00+00:00,B_opportunities,2023,2023-12-14 01:00:00+00:00,2023-12-14 00:00:00+00:00,ETH/USDT,-0.008262657255249623,-0.82582219,0,0,0,0,sma_cross_down,2520,0.03237758801577728,-0.015117509307339017,2023-12-15 19:00:00+00:00,0,0.008933274899622479,0.0192565638321891,0.01791081776207748,-0.013621252163596664,2023-12-16 01:00:00+00:00,0
BTC/USDT|2023-12-19T03:00:00+00:00,B_opportunities,2023,2023-12-19 03:00:00+00:00,2023-12-19 02:00:00+00:00,BTC/USDT,0.01867551561458083,1.86825946,1,1,1,0,sma_cross_down,5580,0.030678991037152104,-0.029380377470795693,2023-12-23 00:00:00+00:00,0,0.0002634834461592295,-0.01647479577711486,-0.015059181632023355,0.007271678825982786,2023-12-23 00:00:00+00:00,0
ETH/USDT|2023-12-19T08:00:00+00:00,B_opportunities,2023,2023-12-19 08:00:00+00:00,2023-12-19 07:00:00+00:00,ETH/USDT,-0.05189410632297135,-5.18474651,0,0,0,1,stop_loss,600,0.003122803583661682,-0.05001379015827534,2023-12-19 18:00:00+00:00,0,-0.010053425504561786,-0.031721671359748016,-0.013892410553427492,-0.01462639958362788,2023-12-21 08:00:00+00:00,0
ETH/USDT|2023-12-20T17:00:00+00:00,B_opportunities,2023,2023-12-20 17:00:00+00:00,2023-12-20 16:00:00+00:00,ETH/USDT,0.04999824276399714,4.99592197,1,1,1,0,roi,2700,0.05394901966076082,-0.030231062292810806,2023-12-22 14:00:00+00:00,0,-0.013979785985129611,-0.010646767511841015,0.005779930820750234,0.041494055892155934,2023-12-22 17:00:00+00:00,0
BTC/USDT|2023-12-24T05:00:00+00:00,B_opportunities,2023,2023-12-24 05:00:00+00:00,2023-12-24 04:00:00+00:00,BTC/USDT,-0.0050785019176911896,-0.50760652,0,0,0,0,sma_cross_down,840,0.001581694269252587,-0.00899216139994663,2023-12-24 19:00:00+00:00,0,-0.004572231275806415,-0.0030074339858991994,-0.015762370015990457,-0.007873307362219362,2023-12-26 05:00:00+00:00,0
ETH/USDT|2023-12-24T18:00:00+00:00,B_opportunities,2023,2023-12-24 18:00:00+00:00,2023-12-24 17:00:00+00:00,ETH/USDT,-0.00661002654156002,-0.66046414,0,0,0,0,sma_cross_down,180,0.0016860165456753506,-0.008045705899310751,2023-12-24 21:00:00+00:00,0,-0.011081409265228714,-0.0017209598937723003,-0.004429069371281735,-0.039424832490325135,2023-12-26 18:00:00+00:00,0
BTC/USDT|2023-12-26T05:00:00+00:00,B_opportunities,2023,2023-12-26 05:00:00+00:00,2023-12-26 04:00:00+00:00,BTC/USDT,-0.019077728503281946,-1.90843977,0,0,0,0,sma_cross_down,240,0.0,-0.02991967090456371,2023-12-26 09:00:00+00:00,0,-0.018529804372842462,-0.026020253164557028,-0.026467203682393525,-0.00313003452243954,2023-12-28 05:00:00+00:00,0
ETH/USDT|2023-12-27T17:00:00+00:00,B_opportunities,2023,2023-12-27 17:00:00+00:00,2023-12-27 16:00:00+00:00,ETH/USDT,-0.0014539409738249889,-0.14533385,0,0,0,0,sma_cross_down,2460,0.03358801852665749,-0.023310456742959618,2023-12-29 10:00:00+00:00,0,-0.0006761525231053778,0.01575435378835599,0.0005620517848312634,-0.028651963166591243,2023-12-29 17:00:00+00:00,0
BTC/USDT|2023-12-27T22:00:00+00:00,B_opportunities,2023,2023-12-27 22:00:00+00:00,2023-12-27 21:00:00+00:00,BTC/USDT,-0.019030880561188776,-1.90008122,0,0,0,0,sma_cross_down,1500,0.009716553444848897,-0.02592825749085681,2023-12-28 23:00:00+00:00,0,0.0009733386831221047,-0.007405306436810255,-0.021034815132522477,-0.03297452854988436,2023-12-29 22:00:00+00:00,0
BTC/USDT|2023-12-31T07:00:00+00:00,B_opportunities,2023,2023-12-31 07:00:00+00:00,2023-12-31 06:00:00+00:00,BTC/USDT,0.049999930922309144,4.99079398,1,1,1,0,roi,2460,0.06975488176250177,-0.004654617092836877,2024-01-02 00:00:00+00:00,0,0.004160682825326223,0.009561997014153834,0.0034083045146486857,0.06901503052587432,2024-01-02 07:00:00+00:00,0
ETH/USDT|2024-01-01T02:00:00+00:00,B_opportunities,2024,2024-01-01 02:00:00+00:00,2024-01-01 01:00:00+00:00,ETH/USDT,-0.014054326339641512,-1.40657707,0,0,0,0,sma_cross_down,240,0.00043408053061999574,-0.016703418818259208,2024-01-01 06:00:00+00:00,0,-0.008269234108311707,0.00019099543347289583,0.032278228256906294,0.030107825603806093,2024-01-03 02:00:00+00:00,0
ETH/USDT|2024-01-01T19:00:00+00:00,B_opportunities,2024,2024-01-01 19:00:00+00:00,2024-01-01 18:00:00+00:00,ETH/USDT,-0.05189595736970061,-5.18564303,0,0,0,1,stop_loss,2460,0.04486656066010575,-0.09751171085994248,2024-01-03 12:00:00+00:00,0,0.02607761399286601,0.020181357170484304,0.016674545532682883,-0.05529674674459584,2024-01-03 19:00:00+00:00,0
BTC/USDT|2024-01-05T03:00:00+00:00,B_opportunities,2024,2024-01-05 03:00:00+00:00,2024-01-05 02:00:00+00:00,BTC/USDT,0.002325158323858374,0.2318843,1,0,0,0,sma_cross_down,1920,0.019570859290474862,-0.009332273862852514,2024-01-06 11:00:00+00:00,0,0.009319174366754002,-0.00045878729370663063,0.009270215602445564,0.00975221808486193,2024-01-07 03:00:00+00:00,0
ETH/USDT|2024-01-05T07:00:00+00:00,B_opportunities,2024,2024-01-05 07:00:00+00:00,2024-01-05 06:00:00+00:00,ETH/USDT,-0.005086695474840942,-0.50872791,0,0,0,0,sma_cross_down,840,0.0060567364565873305,-0.021801590890952127,2024-01-05 21:00:00+00:00,0,-0.005901549212092183,-0.009532930733281875,-0.015962116576658025,-0.0025495047309940233,2024-01-07 07:00:00+00:00,0
BTC/USDT|2024-01-06T13:00:00+00:00,B_opportunities,2024,2024-01-06 13:00:00+00:00,2024-01-06 12:00:00+00:00,BTC/USDT,0.00020200812631738865,0.02019315,1,0,0,0,sma_cross_down,60,0.007157639834021179,-0.001512338919852807,2024-01-06 14:00:00+00:00,0,0.00889585295895512,0.011721483875879679,0.011022528914445884,0.03446916572112069,2024-01-08 13:00:00+00:00,0
BTC/USDT|2024-01-07T01:00:00+00:00,B_opportunities,2024,2024-01-07 01:00:00+00:00,2024-01-07 00:00:00+00:00,BTC/USDT,-0.011015941808402395,-1.09948901,0,0,0,0,sma_cross_down,1980,0.008193274977668308,-0.02139911707194453,2024-01-08 10:00:00+00:00,0,-0.00220108701195465,-0.0006908570911788869,-0.011040793887274747,0.057792870255088946,2024-01-09 01:00:00+00:00,0
ETH/USDT|2024-01-07T08:00:00+00:00,B_opportunities,2024,2024-01-07 08:00:00+00:00,2024-01-07 07:00:00+00:00,ETH/USDT,-0.006399744778687935,-0.63973207,0,0,0,0,sma_cross_down,600,0.003939265944912673,-0.012515839317075339,2024-01-07 18:00:00+00:00,0,0.001307160482849179,-0.00024453682502290075,-0.01114643309694785,0.025298446079630166,2024-01-09 08:00:00+00:00,0
BTC/USDT|2024-01-08T13:00:00+00:00,B_opportunities,2024,2024-01-08 13:00:00+00:00,2024-01-08 12:00:00+00:00,BTC/USDT,0.049999930592371594,4.9897544,1,1,1,0,roi,1920,0.06341898113768019,-0.009839706857070585,2024-01-09 21:00:00+00:00,0,0.041207605491244026,0.03453230680083319,0.023392474001404207,-0.009766112944732619,2024-01-10 13:00:00+00:00,0
ETH/USDT|2024-01-08T20:00:00+00:00,B_opportunities,2024,2024-01-08 20:00:00+00:00,2024-01-08 19:00:00+00:00,ETH/USDT,-0.051894499129927524,-5.18600421,0,0,0,1,stop_loss,960,0.0013675533112202931,-0.05427317939156617,2024-01-09 12:00:00+00:00,0,-0.019196792606686497,-0.020602575428105396,-0.03552680755640125,0.05238346017939666,2024-01-10 20:00:00+00:00,0
BTC/USDT|2024-01-11T10:00:00+00:00,B_opportunities,2024,2024-01-11 10:00:00+00:00,2024-01-11 09:00:00+00:00,BTC/USDT,0.0500000990344806,4.99677463,1,1,1,0,roi,240,0.059484051534266946,-0.00021895226580981308,2024-01-11 14:00:00+00:00,0,0.012195121951219523,-0.0013870582767850914,-0.0063651933400433736,-0.07133062397934065,2024-01-13 10:00:00+00:00,0
ETH/USDT|2024-01-16T05:00:00+00:00,B_opportunities,2024,2024-01-16 05:00:00+00:00,2024-01-16 04:00:00+00:00,ETH/USDT,-0.002735512760663741,-0.27369984,0,0,0,0,sma_cross_down,2520,0.03317144110429204,-0.012029290769771661,2024-01-17 23:00:00+00:00,0,0.0013515115589803894,0.017949021932424536,0.01513930053349144,-0.00025291444378572336,2024-01-18 05:00:00+00:00,0
BTC/USDT|2024-01-16T07:00:00+00:00,B_opportunities,2024,2024-01-16 07:00:00+00:00,2024-01-16 06:00:00+00:00,BTC/USDT,-0.010889891570720608,-1.08557354,0,0,0,0,sma_cross_down,2040,0.01958091860059774,-0.016169448142420273,2024-01-17 17:00:00+00:00,0,0.009710327930336105,0.006361793768011159,0.0015198489322572062,0.001543245621485223,2024-01-18 07:00:00+00:00,0
BTC/USDT|2024-01-20T12:00:00+00:00,B_opportunities,2024,2024-01-20 12:00:00+00:00,2024-01-20 11:00:00+00:00,BTC/USDT,-0.021065032576048952,-2.10426535,0,0,0,0,sma_cross_down,2460,0.007228573173881703,-0.02156811722327745,2024-01-22 05:00:00+00:00,0,0.0002472293121613678,0.002770747962462572,0.0033443295864945544,-0.018394053221159945,2024-01-22 12:00:00+00:00,0
ETH/USDT|2024-01-20T13:00:00+00:00,B_opportunities,2024,2024-01-20 13:00:00+00:00,2024-01-20 12:00:00+00:00,ETH/USDT,-0.0023862194776737506,-0.23874102,0,0,0,0,sma_cross_down,480,0.00248389318854092,-0.005551278414846705,2024-01-20 21:00:00+00:00,0,-0.00408039223631429,-0.0008590299444871663,0.0016208112160136512,-0.03669111390250823,2024-01-22 13:00:00+00:00,0
ETH/USDT|2024-01-21T22:00:00+00:00,B_opportunities,2024,2024-01-21 22:00:00+00:00,2024-01-21 21:00:00+00:00,ETH/USDT,-0.00653323760600325,-0.65349424,0,0,0,0,sma_cross_down,60,0.00012128955050072499,-0.008607515100549024,2024-01-21 23:00:00+00:00,0,-0.014498144269877389,-0.03400150399042612,-0.059031624228800705,-0.10925358410621733,2024-01-23 22:00:00+00:00,0
BTC/USDT|2024-01-24T15:00:00+00:00,B_opportunities,2024,2024-01-24 15:00:00+00:00,2024-01-24 14:00:00+00:00,BTC/USDT,0.003884143916413296,0.38796688,1,0,0,0,sma_cross_down,2280,0.00967680513103164,-0.01076840206443852,2024-01-26 05:00:00+00:00,0,-0.009260157022559223,0.0006471411917767789,0.0024785783237515346,0.04193991032221511,2024-01-26 15:00:00+00:00,0
ETH/USDT|2024-01-25T11:00:00+00:00,B_opportunities,2024,2024-01-25 11:00:00+00:00,2024-01-25 10:00:00+00:00,ETH/USDT,-0.014898952316009587,-1.48861643,0,0,0,0,sma_cross_down,120,0.0021894646535507434,-0.017864244254889194,2024-01-25 13:00:00+00:00,0,-0.02322630229045841,-0.007403998248420529,-0.0001697959767290591,0.011282495822125371,2024-01-27 11:00:00+00:00,0
BTC/USDT|2024-01-26T12:00:00+00:00,B_opportunities,2024,2024-01-26 12:00:00+00:00,2024-01-26 11:00:00+00:00,BTC/USDT,0.0227447106062125,2.27493867,1,1,1,0,sma_cross_down,4260,0.03761632491731559,-0.009082692169828932,2024-01-29 11:00:00+00:00,0,0.015152513276976975,0.012932821694221719,0.011424448625220407,0.028638259781174735,2024-01-29 11:00:00+00:00,0
ETH/USDT|2024-01-26T13:00:00+00:00,B_opportunities,2024,2024-01-26 13:00:00+00:00,2024-01-26 12:00:00+00:00,ETH/USDT,0.007429008203187973,0.74208784,1,1,0,0,sma_cross_down,3720,0.027007305765414547,-0.005819696201179947,2024-01-29 03:00:00+00:00,0,0.008569369176966823,0.014522544648815972,0.007087749272537858,0.013009779581231173,2024-01-29 03:00:00+00:00,0
BTC/USDT|2024-01-29T17:00:00+00:00,B_opportunities,2024,2024-01-29 17:00:00+00:00,2024-01-29 16:00:00+00:00,BTC/USDT,-0.014750939886157432,-1.47349816,0,0,0,0,sma_cross_down,2580,0.01579513523260756,-0.01956041213879356,2024-01-31 12:00:00+00:00,0,-0.002057870370370418,0.005127083333333227,0.0069219907407407355,0.006361342592592578,2024-01-31 17:00:00+00:00,0
ETH/USDT|2024-01-29T22:00:00+00:00,B_opportunities,2024,2024-01-29 22:00:00+00:00,2024-01-29 21:00:00+00:00,ETH/USDT,-0.009929883094902012,-0.99262176,0,0,0,0,sma_cross_down,2820,0.03714591707099224,-0.018531767195216542,2024-01-31 21:00:00+00:00,0,0.0022026431718060735,-0.0008368309688162601,0.03196000554996714,-0.011845710916091545,2024-01-31 22:00:00+00:00,0
BTC/USDT|2024-02-02T05:00:00+00:00,B_opportunities,2024,2024-02-02 05:00:00+00:00,2024-02-02 04:00:00+00:00,BTC/USDT,-0.001034298658253757,-0.10320471,0,0,0,0,sma_cross_down,2640,0.012133829376970162,-0.009771764845525555,2024-02-04 01:00:00+00:00,0,0.0036267663408713346,0.005811716761721097,0.00523708504153797,-0.001167184316208103,2024-02-04 05:00:00+00:00,0
ETH/USDT|2024-02-02T08:00:00+00:00,B_opportunities,2024,2024-02-02 08:00:00+00:00,2024-02-02 07:00:00+00:00,ETH/USDT,-0.008187716711939503,-0.81920635,0,0,0,0,sma_cross_down,2460,0.007023291395279463,-0.013739718981903626,2024-02-04 01:00:00+00:00,0,-0.009383117304093358,-0.005324735383990475,0.00028525368128518025,-0.009919048462871616,2024-02-04 08:00:00+00:00,0
ETH/USDT|2024-02-05T13:00:00+00:00,B_opportunities,2024,2024-02-05 13:00:00+00:00,2024-02-05 12:00:00+00:00,ETH/USDT,0.050002145107346935,5.00510411,1,1,1,0,roi,4440,0.05917790783176313,-0.018017398184499878,2024-02-08 15:00:00+00:00,0,-0.010466431308131963,-0.0097698159129318,0.00018920418141221695,0.020558754348471098,2024-02-08 15:00:00+00:00,0
BTC/USDT|2024-02-05T23:00:00+00:00,B_opportunities,2024,2024-02-05 23:00:00+00:00,2024-02-05 22:00:00+00:00,BTC/USDT,0.00447607957882997,0.4475453,1,0,0,0,sma_cross_down,480,0.010711278485947329,-0.0010015355938033377,2024-02-06 07:00:00+00:00,0,0.0075624506819711446,0.006934755982509255,0.01635676397502972,0.03895918431685508,2024-02-07 23:00:00+00:00,0
BTC/USDT|2024-02-06T17:00:00+00:00,B_opportunities,2024,2024-02-06 17:00:00+00:00,2024-02-06 16:00:00+00:00,BTC/USDT,0.049999972141304715,4.99059346,1,1,1,0,roi,2760,0.05332226275359986,-0.008744491544860122,2024-02-08 15:00:00+00:00,0,0.0007997134746160484,-0.005473820967041632,0.0017432919746482867,0.044029416111863506,2024-02-08 17:00:00+00:00,0
ETH/USDT|2024-02-12T19:00:00+00:00,B_opportunities,2024,2024-02-12 19:00:00+00:00,2024-02-12 18:00:00+00:00,ETH/USDT,0.04999831854524361,4.99946981,1,1,1,0,roi,2340,0.05268778653322448,-0.012151678579329195,2024-02-14 10:00:00+00:00,0,0.01770124148978791,0.009615347941339225,0.00316951770696261,0.0487327650323246,2024-02-14 19:00:00+00:00,0
BTC/USDT|2024-02-14T11:00:00+00:00,B_opportunities,2024,2024-02-14 11:00:00+00:00,2024-02-14 10:00:00+00:00,BTC/USDT,0.009441082988672196,0.94053524,1,1,0,0,sma_cross_down,3180,0.029563541995411002,-0.006144443246697162,2024-02-16 16:00:00+00:00,0,0.005484405458089592,0.009599025341130663,0.019233918128654937,0.01949317738791434,2024-02-16 16:00:00+00:00,0
BTC/USDT|2024-02-16T17:00:00+00:00,B_opportunities,2024,2024-02-16 17:00:00+00:00,2024-02-16 16:00:00+00:00,BTC/USDT,-0.00040629529089131216,-0.04063718,0,0,0,0,sma_cross_down,420,0.0032153432575408036,-0.007419136029023221,2024-02-17 00:00:00+00:00,0,-0.0012151933760047307,-0.0005664753435264958,-0.020942101531289614,-0.003949378472015375,2024-02-18 17:00:00+00:00,0
BTC/USDT|2024-02-17T05:00:00+00:00,B_opportunities,2024,2024-02-17 05:00:00+00:00,2024-02-17 04:00:00+00:00,BTC/USDT,-0.00392218045455918,-0.39206968,0,0,0,0,sma_cross_down,180,3.691482787870903e-05,-0.005945786729965374,2024-02-17 08:00:00+00:00,0,-0.005574715803891572,-0.02038717501973597,-0.008603846601970888,0.0016490545766503217,2024-02-19 05:00:00+00:00,0
ETH/USDT|2024-02-18T13:00:00+00:00,B_opportunities,2024,2024-02-18 13:00:00+00:00,2024-02-18 12:00:00+00:00,ETH/USDT,0.04999984596612239,5.0033969,1,1,1,0,roi,1680,0.05444401072908356,-0.002334900677192775,2024-02-19 17:00:00+00:00,0,0.015051514641474695,0.028416314223198125,0.04071393527454781,0.04955934121422012,2024-02-20 13:00:00+00:00,0
BTC/USDT|2024-02-18T20:00:00+00:00,B_opportunities,2024,2024-02-18 20:00:00+00:00,2024-02-18 19:00:00+00:00,BTC/USDT,0.001664234596951936,0.16641195,1,0,0,0,sma_cross_down,2100,0.014116429631441552,-0.008638836063049382,2024-02-20 07:00:00+00:00,0,0.006451934498393541,0.012286381344608355,0.0012073467892572687,0.006626786289764652,2024-02-20 20:00:00+00:00,0
BTC/USDT|2024-02-21T05:00:00+00:00,B_opportunities,2024,2024-02-21 05:00:00+00:00,2024-02-21 04:00:00+00:00,BTC/USDT,-0.009316039460754806,-0.93014056,0,0,0,0,sma_cross_down,180,0.0031534428485162636,-0.00956928036170468,2024-02-21 08:00:00+00:00,0,-0.013060355829633385,-0.01161106596049477,-0.009912880912608002,-0.014051894163533252,2024-02-23 05:00:00+00:00,0
ETH/USDT|2024-02-22T14:00:00+00:00,B_opportunities,2024,2024-02-22 14:00:00+00:00,2024-02-22 13:00:00+00:00,ETH/USDT,-0.005499014239660789,-0.54948612,0,0,0,0,sma_cross_down,1620,0.031018650583425122,-0.013118573155656899,2024-02-23 17:00:00+00:00,0,0.014697692109159721,0.01179415080755808,-0.0006757949930042972,0.007471100425173516,2024-02-24 14:00:00+00:00,0
BTC/USDT|2024-02-22T17:00:00+00:00,B_opportunities,2024,2024-02-22 17:00:00+00:00,2024-02-22 16:00:00+00:00,BTC/USDT,-0.012915536040354563,-1.2911574,0,0,0,0,sma_cross_down,900,0.011396469635249984,-0.012609000545852567,2024-02-23 08:00:00+00:00,0,-0.0004483373734849305,-0.005040881647286333,-0.00827559306118264,-0.0051292670480382885,2024-02-24 17:00:00+00:00,0
ETH/USDT|2024-02-24T20:00:00+00:00,B_opportunities,2024,2024-02-24 20:00:00+00:00,2024-02-24 19:00:00+00:00,ETH/USDT,0.04999860039524609,4.99330568,1,1,1,0,roi,2580,0.053178668273576424,-0.002698269224331251,2024-02-26 15:00:00+00:00,0,0.01003649024137121,0.01435840782029385,0.03163603495028622,0.06428308392755522,2024-02-26 20:00:00+00:00,0
BTC/USDT|2024-02-24T22:00:00+00:00,B_opportunities,2024,2024-02-24 22:00:00+00:00,2024-02-24 21:00:00+00:00,BTC/USDT,-0.01113968385562471,-1.1096773,0,0,0,0,sma_cross_down,2280,0.007684487431907749,-0.012817111410037385,2024-02-26 12:00:00+00:00,0,0.00121542242474737,0.0014970234077908984,0.0039664623314077385,0.05974459644174268,2024-02-26 22:00:00+00:00,0
BTC/USDT|2024-02-26T17:00:00+00:00,B_opportunities,2024,2024-02-26 17:00:00+00:00,2024-02-26 16:00:00+00:00,BTC/USDT,0.0499999279131403,4.99704429,1,1,1,0,roi,540,0.06897846659952678,-0.0033104824201677374,2024-02-27 02:00:00+00:00,0,0.02376373405115695,0.04395814127544306,0.06834463922959344,0.16896081026359866,2024-02-28 17:00:00+00:00,0
BTC/USDT|2024-03-02T00:00:00+00:00,B_opportunities,2024,2024-03-02 00:00:00+00:00,2024-03-01 23:00:00+00:00,BTC/USDT,-0.011474141158442922,-1.14650147,0,0,0,0,sma_cross_down,1560,0.0007259420496603664,-0.01325224923422652,2024-03-03 02:00:00+00:00,0,-0.006112563493882561,-0.009001424955800696,-0.006421437490282567,0.011637993905869504,2024-03-04 00:00:00+00:00,0
ETH/USDT|2024-03-02T02:00:00+00:00,B_opportunities,2024,2024-03-02 02:00:00+00:00,2024-03-02 01:00:00+00:00,ETH/USDT,-0.010686565697938346,-1.06792413,0,0,0,0,sma_cross_down,1740,0.0029891328029003628,-0.023956635787675706,2024-03-03 07:00:00+00:00,0,-0.003549776759129264,-0.009388607598613707,-0.0034016273199184432,0.010382080308615649,2024-03-04 02:00:00+00:00,0
ETH/USDT|2024-03-03T19:00:00+00:00,B_opportunities,2024,2024-03-03 19:00:00+00:00,2024-03-03 18:00:00+00:00,ETH/USDT,0.049998885816151944,5.00139706,1,1,1,0,roi,1800,0.05345264856764076,-0.013263012277364705,2024-03-05 01:00:00+00:00,0,0.0045276384806041126,0.0009625915038329325,0.036489134820450575,0.0409476050492823,2024-03-05 19:00:00+00:00,0
BTC/USDT|2024-03-03T20:00:00+00:00,B_opportunities,2024,2024-03-03 20:00:00+00:00,2024-03-03 19:00:00+00:00,BTC/USDT,0.04999992262654345,4.99201431,1,1,1,0,roi,1080,0.058220787501992666,-0.006854774430097188,2024-03-04 14:00:00+00:00,0,0.01247266060895913,0.021307508369201367,0.07452989000478238,-0.021026940857643783,2024-03-05 20:00:00+00:00,0
BTC/USDT|2024-03-06T23:00:00+00:00,B_opportunities,2024,2024-03-06 23:00:00+00:00,2024-03-06 22:00:00+00:00,BTC/USDT,0.050000003382246125,4.98167505,1,1,1,0,roi,2400,0.061797397405476406,-0.005545346516268368,2024-03-08 15:00:00+00:00,0,-0.0011068543808357978,0.014894898138600565,0.017987142223657715,0.033156023231198484,2024-03-08 23:00:00+00:00,0
ETH/USDT|2024-03-10T13:00:00+00:00,B_opportunities,2024,2024-03-10 13:00:00+00:00,2024-03-10 12:00:00+00:00,ETH/USDT,-0.051897339571816206,-5.18232517,0,0,0,1,stop_loss,660,0.0010031929033014197,-0.052071822501056686,2024-03-11 00:00:00+00:00,0,-0.008695187220239098,-0.02542610236641496,0.032471368263457645,0.024107183777810626,2024-03-12 13:00:00+00:00,0
ETH/USDT|2024-03-11T14:00:00+00:00,B_opportunities,2024,2024-03-11 14:00:00+00:00,2024-03-11 13:00:00+00:00,ETH/USDT,-0.013219340686597546,-1.32010623,0,0,0,0,sma_cross_down,2100,0.017714646527422273,-0.048147245852246945,2024-03-13 01:00:00+00:00,0,0.0022497551371480906,0.00973982389762007,0.0004797820347730575,-0.011519740669109435,2024-03-13 14:00:00+00:00,0
BTC/USDT|2024-03-13T13:00:00+00:00,B_opportunities,2024,2024-03-13 13:00:00+00:00,2024-03-13 12:00:00+00:00,BTC/USDT,-0.051897971669174,-5.1819832,0,0,0,1,stop_loss,1800,0.01328128186805122,-0.058439645438764676,2024-03-14 19:00:00+00:00,0,0.004444307100673006,0.00045007553907439046,0.0002737261365195476,-0.06722963878588117,2024-03-15 13:00:00+00:00,0
ETH/USDT|2024-03-13T19:00:00+00:00,B_opportunities,2024,2024-03-13 19:00:00+00:00,2024-03-13 18:00:00+00:00,ETH/USDT,-0.006813716503080249,-0.67997866,0,0,0,0,sma_cross_down,480,0.004283377249397535,-0.012200756771607257,2024-03-14 03:00:00+00:00,0,-0.007185583875519819,-0.005769446907351705,-0.04783895500580693,-0.05401800766761988,2024-03-15 19:00:00+00:00,0
BTC/USDT|2024-03-18T04:00:00+00:00,B_opportunities,2024,2024-03-18 04:00:00+00:00,2024-03-18 03:00:00+00:00,BTC/USDT,-0.032772613315512594,-3.27787659,0,0,0,0,sma_cross_down,1440,0.014476399918142757,-0.04578369831935225,2024-03-19 04:00:00+00:00,0,-0.0018835694280631143,-0.007426880564514571,-0.030836222144968173,-0.08990759578832519,2024-03-20 04:00:00+00:00,0
ETH/USDT|2024-03-18T07:00:00+00:00,B_opportunities,2024,2024-03-18 07:00:00+00:00,2024-03-18 06:00:00+00:00,ETH/USDT,-0.04323416121364283,-4.31679793,0,0,0,0,sma_cross_down,720,0.002362723555829893,-0.04771764212871188,2024-03-18 19:00:00+00:00,0,-0.007989699958921181,-0.04131871403876852,-0.06952527728228908,-0.1339860001047649,2024-03-20 07:00:00+00:00,0
BTC/USDT|2024-03-21T01:00:00+00:00,B_opportunities,2024,2024-03-21 01:00:00+00:00,2024-03-21 00:00:00+00:00,BTC/USDT,-0.04624605496828717,-4.60397,0,0,0,0,sma_cross_down,2040,0.004362361895122069,-0.05306683027864034,2024-03-22 11:00:00+00:00,0,-0.009991575026605304,-0.006089482085846143,-0.027521579756414782,-0.06036434314768835,2024-03-23 01:00:00+00:00,0
ETH/USDT|2024-03-21T01:00:00+00:00,B_opportunities,2024,2024-03-21 01:00:00+00:00,2024-03-21 00:00:00+00:00,ETH/USDT,-0.05189583132378972,-5.18774024,0,0,0,1,stop_loss,2160,0.020179958821053612,-0.05299798655427779,2024-03-22 13:00:00+00:00,0,-0.002616341899009278,0.007177877122933829,-0.00598346016903839,-0.05611484603396699,2024-03-23 01:00:00+00:00,0
BTC/USDT|2024-03-23T22:00:00+00:00,B_opportunities,2024,2024-03-23 22:00:00+00:00,2024-03-23 21:00:00+00:00,BTC/USDT,0.04999993316203358,4.97322964,1,1,1,0,roi,2400,0.06937165600015271,-0.01805213298456465,2024-03-25 14:00:00+00:00,0,-0.015116093401939423,-0.0009957704009366797,0.024410309757425752,0.0755855482565242,2024-03-25 22:00:00+00:00,0
ETH/USDT|2024-03-24T08:00:00+00:00,B_opportunities,2024,2024-03-24 08:00:00+00:00,2024-03-24 07:00:00+00:00,ETH/USDT,0.05000139586078179,5.00114157,1,1,1,0,roi,1800,0.06678716025148046,-0.0026362958995275187,2024-03-25 14:00:00+00:00,0,0.01337303249745636,0.012179065174456882,0.03076186486324728,0.08777604883595669,2024-03-26 08:00:00+00:00,0
BTC/USDT|2024-03-28T15:00:00+00:00,B_opportunities,2024,2024-03-28 15:00:00+00:00,2024-03-28 14:00:00+00:00,BTC/USDT,-0.028113361115090094,-2.7983257,0,0,0,0,sma_cross_down,1740,1.397859066276652e-07,-0.03535143644696659,2024-03-29 20:00:00+00:00,0,-0.012075964693993968,-0.012842131248622213,-0.020634356831763623,-0.02096732686152547,2024-03-30 15:00:00+00:00,0
ETH/USDT|2024-03-28T22:00:00+00:00,B_opportunities,2024,2024-03-28 22:00:00+00:00,2024-03-28 21:00:00+00:00,ETH/USDT,-0.021046591075715465,-2.10037016,0,0,0,0,sma_cross_down,1260,0.0066786684229298565,-0.03220814527929372,2024-03-29 19:00:00+00:00,0,0.0005055341951754055,-0.007641991917069935,-0.02114537197486932,-0.015823220308993746,2024-03-30 22:00:00+00:00,0
BTC/USDT|2024-03-31T03:00:00+00:00,B_opportunities,2024,2024-03-31 03:00:00+00:00,2024-03-31 02:00:00+00:00,BTC/USDT,-0.02699239454327586,-2.68534377,0,0,0,0,sma_cross_down,2220,0.01965980573513293,-0.027534643872746956,2024-04-01 16:00:00+00:00,0,0.003943277047681493,0.0077935408210401125,0.012529931057303711,-0.04277767641410535,2024-04-02 03:00:00+00:00,0
ETH/USDT|2024-03-31T04:00:00+00:00,B_opportunities,2024,2024-03-31 04:00:00+00:00,2024-03-31 03:00:00+00:00,ETH/USDT,-0.028299078609205656,-2.82567666,0,0,0,0,sma_cross_down,2160,0.033376115976772924,-0.029474791222584784,2024-04-01 16:00:00+00:00,0,0.018078965074662223,0.022735111357378157,0.020682675291044506,-0.04839338923347458,2024-04-02 04:00:00+00:00,0
ETH/USDT|2024-04-04T02:00:00+00:00,B_opportunities,2024,2024-04-04 02:00:00+00:00,2024-04-04 01:00:00+00:00,ETH/USDT,-0.015645471433550544,-1.56572555,0,0,0,0,sma_cross_down,1980,0.03687858278337108,-0.025482923069511942,2024-04-05 11:00:00+00:00,0,0.00040343825738764494,0.013343569826431256,-0.006557377049180246,-0.0011621430399372246,2024-04-06 02:00:00+00:00,0
BTC/USDT|2024-04-04T04:00:00+00:00,B_opportunities,2024,2024-04-04 04:00:00+00:00,2024-04-04 03:00:00+00:00,BTC/USDT,-0.0024303884528823973,-0.24265519,0,0,0,0,sma_cross_down,120,0.002966930813776303,-0.00846510210301743,2024-04-04 06:00:00+00:00,0,0.00995671899470918,0.030904902330859407,0.03419658119527891,0.03303870267621112,2024-04-06 04:00:00+00:00,0
BTC/USDT|2024-04-04T08:00:00+00:00,B_opportunities,2024,2024-04-04 08:00:00+00:00,2024-04-04 07:00:00+00:00,BTC/USDT,0.04999998838771699,4.9949038,1,1,1,0,roi,3780,0.0544760687403647,-0.0021035959340666155,2024-04-06 23:00:00+00:00,0,0.01740841498768364,0.03644033432387772,0.012696621053204904,0.028754334892785227,2024-04-06 23:00:00+00:00,0
ETH/USDT|2024-04-06T09:00:00+00:00,B_opportunities,2024,2024-04-06 09:00:00+00:00,2024-04-06 08:00:00+00:00,ETH/USDT,0.05000062348987313,4.99970249,1,1,1,0,roi,2820,0.08109790774940895,-0.008231314915142618,2024-04-08 08:00:00+00:00,0,-0.0017480371996682065,0.00623187234539313,0.015546755505269516,0.07645567498480954,2024-04-08 09:00:00+00:00,0
BTC/USDT|2024-04-11T06:00:00+00:00,B_opportunities,2024,2024-04-11 06:00:00+00:00,2024-04-11 05:00:00+00:00,BTC/USDT,-0.036553953327431284,-3.64161264,0,0,0,0,sma_cross_down,2160,0.01022753176747293,-0.0778806922079639,2024-04-12 18:00:00+00:00,0,-0.00851227027545487,-0.005383657115444973,0.005274992246825372,-0.045881651065631246,2024-04-13 06:00:00+00:00,0
ETH/USDT|2024-04-11T10:00:00+00:00,B_opportunities,2024,2024-04-11 10:00:00+00:00,2024-04-11 09:00:00+00:00,ETH/USDT,-0.01070685810127424,-1.07014496,0,0,0,0,sma_cross_down,1140,0.0017435817192161807,-0.029149109767410697,2024-04-12 05:00:00+00:00,0,-0.019707447923215438,-0.021755591880073255,-0.01771239364600352,-0.0874694385067829,2024-04-13 10:00:00+00:00,0
ETH/USDT|2024-04-15T09:00:00+00:00,B_opportunities,2024,2024-04-15 09:00:00+00:00,2024-04-15 08:00:00+00:00,ETH/USDT,-0.05189625908735226,-5.18204273,0,0,0,1,stop_loss,540,0.008780298647101503,-0.06220070660938293,2024-04-15 18:00:00+00:00,0,-0.03708160476653588,-0.051613876134083414,-0.05055827065355223,-0.05420518754693293,2024-04-17 09:00:00+00:00,0
BTC/USDT|2024-04-15T11:00:00+00:00,B_opportunities,2024,2024-04-15 11:00:00+00:00,2024-04-15 10:00:00+00:00,BTC/USDT,-0.05189797421775572,-5.1793168,0,0,0,1,stop_loss,420,0.0038376260069685753,-0.05047079262240595,2024-04-15 18:00:00+00:00,0,-0.03485940688681477,-0.045220110986802675,-0.05877224234626166,-0.05367471514570854,2024-04-17 11:00:00+00:00,0
BTC/USDT|2024-04-17T14:00:00+00:00,B_opportunities,2024,2024-04-17 14:00:00+00:00,2024-04-17 13:00:00+00:00,BTC/USDT,-0.04089013602290223,-4.07636384,0,0,0,0,sma_cross_down,180,0.00034596783824225597,-0.04722085807687215,2024-04-17 17:00:00+00:00,0,-0.02576047466723541,-0.015911327501106354,0.0027798763264761384,0.0362065640332665,2024-04-19 14:00:00+00:00,0
BTC/USDT|2024-04-18T23:00:00+00:00,B_opportunities,2024,2024-04-18 23:00:00+00:00,2024-04-18 22:00:00+00:00,BTC/USDT,-0.05189799970390848,-5.17912303,0,0,0,1,stop_loss,180,0.0026105622811309903,-0.061413174512710555,2024-04-19 02:00:00+00:00,0,-0.01669676390750019,0.02012559738442965,0.008075152445530032,0.017539917098860158,2024-04-20 23:00:00+00:00,0
ETH/USDT|2024-04-19T01:00:00+00:00,B_opportunities,2024,2024-04-19 01:00:00+00:00,2024-04-19 00:00:00+00:00,ETH/USDT,-0.051897281523995996,-5.18242722,0,0,0,1,stop_loss,60,0.001019250686350448,-0.05795590918805171,2024-04-19 02:00:00+00:00,0,0.020509886699151103,0.01914212253325709,-0.00359366883010126,0.030955527937240657,2024-04-21 01:00:00+00:00,0
BTC/USDT|2024-04-26T12:00:00+00:00,B_opportunities,2024,2024-04-26 12:00:00+00:00,2024-04-26 11:00:00+00:00,BTC/USDT,-0.009795723898301514,-0.97641645,0,0,0,0,sma_cross_down,480,0.008965502319826513,-0.014733664746747643,2024-04-26 20:00:00+00:00,0,-0.003667578710049524,-0.007378274273621033,-0.021509861929561613,-0.011830050485632682,2024-04-28 12:00:00+00:00,0
ETH/USDT|2024-04-27T20:00:00+00:00,B_opportunities,2024,2024-04-27 20:00:00+00:00,2024-04-27 19:00:00+00:00,ETH/USDT,-0.025824398022726968,-2.57757531,0,0,0,0,sma_cross_down,2400,0.03706678198554392,-0.03224810032742331,2024-04-29 12:00:00+00:00,0,0.009001050225489582,0.0247729659603384,0.024562920862420512,-0.015873849385309113,2024-04-29 20:00:00+00:00,0
BTC/USDT|2024-04-28T11:00:00+00:00,B_opportunities,2024,2024-04-28 11:00:00+00:00,2024-04-28 10:00:00+00:00,BTC/USDT,-0.02157776563458252,-2.14618463,0,0,0,0,sma_cross_down,1140,0.00441953386870142,-0.02781040749201269,2024-04-29 06:00:00+00:00,0,0.00017081537652385848,-0.008532133857711344,-0.020496746186876358,-0.030023157415475343,2024-04-30 11:00:00+00:00,0
BTC/USDT|2024-04-30T08:00:00+00:00,B_opportunities,2024,2024-04-30 08:00:00+00:00,2024-04-30 07:00:00+00:00,BTC/USDT,-0.03272617213523771,-3.26851938,0,0,0,0,sma_cross_down,240,0.0015085019906968533,-0.03818429314662497,2024-04-30 12:00:00+00:00,0,-0.03686803568843966,-0.06105885881491857,-0.08945150766270238,-0.08658383366002231,2024-05-02 08:00:00+00:00,0
ETH/USDT|2024-05-02T17:00:00+00:00,B_opportunities,2024,2024-05-02 17:00:00+00:00,2024-05-02 16:00:00+00:00,ETH/USDT,0.050001632521019655,4.99893499,1,1,1,0,roi,2460,0.0626023023049882,-0.007728016744036226,2024-05-04 10:00:00+00:00,0,0.0053834491641397975,0.0075972039606087005,0.02892639600719127,0.049323127700109826,2024-05-04 17:00:00+00:00,0
BTC/USDT|2024-05-02T23:00:00+00:00,B_opportunities,2024,2024-05-02 23:00:00+00:00,2024-05-02 22:00:00+00:00,BTC/USDT,0.04999994094459247,4.98852966,1,1,1,0,roi,1260,0.06531435409924491,-0.008708872707659077,2024-05-03 20:00:00+00:00,0,0.004652103559870557,-0.004854368932038833,0.05822596413160741,0.07224110032362452,2024-05-04 23:00:00+00:00,0
ETH/USDT|2024-05-10T02:00:00+00:00,B_opportunities,2024,2024-05-10 02:00:00+00:00,2024-05-10 01:00:00+00:00,ETH/USDT,-0.05189810193809238,-5.19104557,0,0,0,1,stop_loss,900,0.0054951929408666444,-0.05240682207296177,2024-05-10 17:00:00+00:00,0,0.0016660081654156222,-0.005445805347030097,-0.03875609113657319,-0.0410542605030948,2024-05-12 02:00:00+00:00,0
BTC/USDT|2024-05-10T04:00:00+00:00,B_opportunities,2024,2024-05-10 04:00:00+00:00,2024-05-10 03:00:00+00:00,BTC/USDT,-0.03588280885793695,-3.57058852,0,0,0,0,sma_cross_down,1260,0.008788997929943587,-0.04337581950328817,2024-05-11 01:00:00+00:00,0,0.0033508084409474836,-0.03159983063174876,-0.03471699480705759,-0.03156836017964226,2024-05-12 04:00:00+00:00,0
BTC/USDT|2024-05-12T14:00:00+00:00,B_opportunities,2024,2024-05-12 14:00:00+00:00,2024-05-12 13:00:00+00:00,BTC/USDT,0.0018952491264283557,0.1892246,1,0,0,0,sma_cross_down,3180,0.03691227950906084,-0.007224557612692917,2024-05-14 19:00:00+00:00,0,0.0035104669308327896,0.003670130177023667,0.02595745244135239,0.0082477424483125,2024-05-14 19:00:00+00:00,0
ETH/USDT|2024-05-12T14:00:00+00:00,B_opportunities,2024,2024-05-12 14:00:00+00:00,2024-05-12 13:00:00+00:00,ETH/USDT,-0.016141017360276202,-1.61298754,0,0,0,0,sma_cross_down,2820,0.020499214974405877,-0.024334090545294673,2024-05-14 13:00:00+00:00,0,-0.0022512090457051936,-0.006290443430283954,0.009743886656222278,-0.013425515973026214,2024-05-14 14:00:00+00:00,0
BTC/USDT|2024-05-15T16:00:00+00:00,B_opportunities,2024,2024-05-15 16:00:00+00:00,2024-05-15 15:00:00+00:00,BTC/USDT,0.021976821838046758,2.19276732,1,1,1,0,sma_cross_down,6120,0.04596175333471764,-0.0018903016325038102,2024-05-19 22:00:00+00:00,0,0.017533844283926348,0.01931676902518964,0.016898696657294376,0.038161232943443535,2024-05-19 22:00:00+00:00,0
ETH/USDT|2024-05-15T19:00:00+00:00,B_opportunities,2024,2024-05-15 19:00:00+00:00,2024-05-15 18:00:00+00:00,ETH/USDT,-0.019631673233766262,-1.95959912,0,0,0,0,sma_cross_down,1980,0.012581694450270797,-0.02689133264748278,2024-05-17 04:00:00+00:00,0,0.005986229674119992,0.003961965134706924,-0.01816178135279456,0.02791687197858539,2024-05-17 19:00:00+00:00,0
ETH/USDT|2024-05-17T16:00:00+00:00,B_opportunities,2024,2024-05-17 16:00:00+00:00,2024-05-17 15:00:00+00:00,ETH/USDT,-0.014388270812547062,-1.43854384,0,0,0,0,sma_cross_down,3000,0.011389858398092256,-0.01726476278627298,2024-05-19 18:00:00+00:00,0,-0.008147091151005537,0.0009191590016519591,-0.00020889977310278862,-0.01102026649183363,2024-05-19 18:00:00+00:00,0
BTC/USDT|2024-05-20T18:00:00+00:00,B_opportunities,2024,2024-05-20 18:00:00+00:00,2024-05-20 17:00:00+00:00,BTC/USDT,0.05000006849100626,4.99319527,1,1,1,0,roi,360,0.05337932675569457,-0.0005694298282006294,2024-05-21 00:00:00+00:00,0,0.0455881920361485,0.042123319095392464,0.022325571321342164,0.022420256774656533,2024-05-22 18:00:00+00:00,0
ETH/USDT|2024-05-20T19:00:00+00:00,B_opportunities,2024,2024-05-20 19:00:00+00:00,2024-05-20 18:00:00+00:00,ETH/USDT,0.050000450654978774,4.99586801,1,1,1,0,roi,0,0.09792015345577187,-0.002318350858583784,2024-05-20 19:00:00+00:00,0,0.17153310170923342,0.16544820533666993,0.18506532688850919,0.18567508685903733,2024-05-22 19:00:00+00:00,0
BTC/USDT|2024-05-25T05:00:00+00:00,B_opportunities,2024,2024-05-25 05:00:00+00:00,2024-05-25 04:00:00+00:00,BTC/USDT,-0.006012680830200146,-0.60028846,0,0,0,0,sma_cross_down,2580,0.01200316292785697,-0.009542284097390108,2024-05-27 00:00:00+00:00,0,0.008775540140878002,0.0022134388960748375,0.0027568763078007485,-0.00020876835827676743,2024-05-27 05:00:00+00:00,0
ETH/USDT|2024-05-25T20:00:00+00:00,B_opportunities,2024,2024-05-25 20:00:00+00:00,2024-05-25 19:00:00+00:00,ETH/USDT,0.049999611162808155,5.00263327,1,1,1,0,roi,2160,0.052346546378720715,-0.007326387502827658,2024-05-27 08:00:00+00:00,0,9.314356883582953e-05,0.007552612810168169,0.03225960975505915,0.030766651408863144,2024-05-27 20:00:00+00:00,0
BTC/USDT|2024-05-27T19:00:00+00:00,B_opportunities,2024,2024-05-27 19:00:00+00:00,2024-05-27 18:00:00+00:00,BTC/USDT,-0.02733610918155747,-2.71936266,0,0,0,0,sma_cross_down,1080,0.0018269501292338397,-0.035705115446073354,2024-05-28 13:00:00+00:00,0,-0.008688799822820337,-0.02875881432582461,-0.03009294782490668,-0.03704581663344553,2024-05-29 19:00:00+00:00,0
BTC/USDT|2024-05-30T18:00:00+00:00,B_opportunities,2024,2024-05-30 18:00:00+00:00,2024-05-30 17:00:00+00:00,BTC/USDT,-0.025525848919669313,-2.55037838,0,0,0,0,sma_cross_down,1560,0.001513378758740691,-0.0381605162511488,2024-05-31 20:00:00+00:00,0,-0.013892066807953962,-0.012585713646810048,-0.028454550307220217,-0.02198770542060824,2024-06-01 18:00:00+00:00,0
ETH/USDT|2024-05-31T20:00:00+00:00,B_opportunities,2024,2024-05-31 20:00:00+00:00,2024-05-31 19:00:00+00:00,ETH/USDT,-0.00262019615368983,-0.26211346,0,0,0,0,sma_cross_down,3000,0.014037961140683564,-0.01147815979606115,2024-06-02 22:00:00+00:00,0,-0.0049294007317491895,-0.0032889088483535334,0.0050350684859132855,-0.0008136417070625512,2024-06-02 22:00:00+00:00,0
BTC/USDT|2024-06-02T08:00:00+00:00,B_opportunities,2024,2024-06-02 08:00:00+00:00,2024-06-02 07:00:00+00:00,BTC/USDT,0.05000004456387553,4.98247617,1,1,1,0,roi,3900,0.05247987293751244,-0.006844847706789836,2024-06-05 01:00:00+00:00,0,0.006570783065814156,0.00023552516944524982,0.01750860146778699,0.019087579923509734,2024-06-05 01:00:00+00:00,0
ETH/USDT|2024-06-03T14:00:00+00:00,B_opportunities,2024,2024-06-03 14:00:00+00:00,2024-06-03 13:00:00+00:00,ETH/USDT,-0.01852160288694409,-1.85005048,0,0,0,0,sma_cross_down,660,0.002746368907965202,-0.024385140313295306,2024-06-04 01:00:00+00:00,0,-0.013036063652817953,-0.012706500245864727,-0.01235601217815252,-0.00619369958464544,2024-06-05 14:00:00+00:00,0
ETH/USDT|2024-06-05T02:00:00+00:00,B_opportunities,2024,2024-06-05 02:00:00+00:00,2024-06-05 01:00:00+00:00,ETH/USDT,-0.007715640190918797,-0.77055813,0,0,0,0,sma_cross_down,2940,0.016970125045780327,-0.016376288390100968,2024-06-07 03:00:00+00:00,0,-0.003406058703500192,-0.00602731125412026,0.010084759064511006,-0.004347826086956497,2024-06-07 03:00:00+00:00,0
BTC/USDT|2024-06-07T16:00:00+00:00,B_opportunities,2024,2024-06-07 16:00:00+00:00,2024-06-07 15:00:00+00:00,BTC/USDT,-0.029464703162074207,-2.93632639,0,0,0,0,sma_cross_down,180,0.0013688353017196064,-0.037849688271455184,2024-06-07 19:00:00+00:00,0,-0.026177607741303288,-0.023618388801592505,-0.023646373007812804,-0.022540645301732942,2024-06-09 16:00:00+00:00,0
BTC/USDT|2024-06-09T19:00:00+00:00,B_opportunities,2024,2024-06-09 19:00:00+00:00,2024-06-09 18:00:00+00:00,BTC/USDT,-0.023027169835656083,-2.2986917,0,0,0,0,sma_cross_down,1920,0.0065652787450876104,-0.026357045339211238,2024-06-11 03:00:00+00:00,0,-0.0025539841205882707,-0.004419822163207909,0.0017481118642461713,-0.037580605149839186,2024-06-11 19:00:00+00:00,0
ETH/USDT|2024-06-09T20:00:00+00:00,B_opportunities,2024,2024-06-09 20:00:00+00:00,2024-06-09 19:00:00+00:00,ETH/USDT,-0.007493485955236413,-0.7495686,0,0,0,0,sma_cross_down,1140,0.005519995460796734,-0.015765625802128702,2024-06-10 15:00:00+00:00,0,-0.002456033222645315,-0.01440116290065907,-0.008851446465770962,-0.055086474525072426,2024-06-11 20:00:00+00:00,0
BTC/USDT|2024-06-12T18:00:00+00:00,B_opportunities,2024,2024-06-12 18:00:00+00:00,2024-06-12 17:00:00+00:00,BTC/USDT,-0.049610275211794036,-4.95675181,0,0,0,0,sma_cross_down,1320,0.00012134670487107257,-0.050834097421203484,2024-06-13 16:00:00+00:00,0,-0.02200573381170967,-0.031460606226448085,-0.04126060763045958,-0.06280774538792921,2024-06-14 18:00:00+00:00,0
ETH/USDT|2024-06-12T21:00:00+00:00,B_opportunities,2024,2024-06-12 21:00:00+00:00,2024-06-12 20:00:00+00:00,ETH/USDT,-0.0177171544125191,-1.77215713,0,0,0,0,sma_cross_down,1020,0.005157407797977909,-0.02346704911348274,2024-06-13 14:00:00+00:00,0,-0.012286103963667583,-0.014724202415601573,-0.02187258334387876,-0.040137230916325706,2024-06-14 21:00:00+00:00,0
ETH/USDT|2024-06-15T13:00:00+00:00,B_opportunities,2024,2024-06-15 13:00:00+00:00,2024-06-15 12:00:00+00:00,ETH/USDT,-0.02096693215396617,-2.09502384,0,0,0,0,sma_cross_down,3060,0.024900281064341945,-0.028507553954816522,2024-06-17 16:00:00+00:00,0,-0.000900415705942792,-0.0017419257114966724,-0.0002861134018883327,-0.011856875978255355,2024-06-17 16:00:00+00:00,0
BTC/USDT|2024-06-16T12:00:00+00:00,B_opportunities,2024,2024-06-16 12:00:00+00:00,2024-06-16 11:00:00+00:00,BTC/USDT,-0.015016053011127066,-1.49918748,0,0,0,0,sma_cross_down,1500,0.007607887948219316,-0.019608580353701277,2024-06-17 13:00:00+00:00,0,0.0012811907689898039,0.0027678172217966424,-0.010160945172584812,-0.01694663920906958,2024-06-18 12:00:00+00:00,0
ETH/USDT|2024-06-19T10:00:00+00:00,B_opportunities,2024,2024-06-19 10:00:00+00:00,2024-06-19 09:00:00+00:00,ETH/USDT,-0.0037206914311529614,-0.37115994,0,0,0,0,sma_cross_down,2400,0.02605053906448962,-0.013554429949913738,2024-06-21 02:00:00+00:00,0,-0.0013045077676222538,0.01015874812530071,0.013248818585698485,-0.005489685616457796,2024-06-21 10:00:00+00:00,0
BTC/USDT|2024-06-20T10:00:00+00:00,B_opportunities,2024,2024-06-20 10:00:00+00:00,2024-06-20 09:00:00+00:00,BTC/USDT,-0.020430974118272865,-2.04298053,0,0,0,0,sma_cross_down,1080,0.01160910097521306,-0.02133277865684402,2024-06-21 04:00:00+00:00,0,-0.013523434802713785,-0.01018761567066595,-0.024649882022197533,-0.02121120225368278,2024-06-22 10:00:00+00:00,0
BTC/USDT|2024-06-22T22:00:00+00:00,B_opportunities,2024,2024-06-22 22:00:00+00:00,2024-06-22 21:00:00+00:00,BTC/USDT,-0.011150826778612942,-1.11297753,0,0,0,0,sma_cross_down,1380,0.002969065754702349,-0.012342608425306989,2024-06-23 21:00:00+00:00,0,0.0013390331105238573,0.0013805378517022238,-0.00754438053785178,-0.06545561946214828,2024-06-24 22:00:00+00:00,0
ETH/USDT|2024-06-23T07:00:00+00:00,B_opportunities,2024,2024-06-23 07:00:00+00:00,2024-06-23 06:00:00+00:00,ETH/USDT,-0.011328314611648897,-1.13349829,0,0,0,0,sma_cross_down,540,0.002010076040749098,-0.013101133910980667,2024-06-23 16:00:00+00:00,0,-0.0019758676140188003,-0.00842523636280701,-0.03804899467399614,-0.038941413957095605,2024-06-25 07:00:00+00:00,0
ETH/USDT|2024-06-25T19:00:00+00:00,B_opportunities,2024,2024-06-25 19:00:00+00:00,2024-06-25 18:00:00+00:00,ETH/USDT,-0.015427298386560978,-1.54116228,0,0,0,0,sma_cross_down,1740,0.0038387715930900956,-0.027137657413042415,2024-06-27 00:00:00+00:00,0,-0.008578693124464243,-0.008531878973716767,-0.015554001585829313,0.010890141817617938,2024-06-27 19:00:00+00:00,0
BTC/USDT|2024-06-26T00:00:00+00:00,B_opportunities,2024,2024-06-26 00:00:00+00:00,2024-06-25 23:00:00+00:00,BTC/USDT,-0.017193123277629657,-1.71255859,0,0,0,0,sma_cross_down,1440,0.011031289675550893,-0.017700705805147487,2024-06-27 00:00:00+00:00,0,-0.003947836140854255,-0.005836811015627719,-0.015225380185519222,-0.0016105229895927442,2024-06-28 00:00:00+00:00,0
ETH/USDT|2024-06-27T14:00:00+00:00,B_opportunities,2024,2024-06-27 14:00:00+00:00,2024-06-27 13:00:00+00:00,ETH/USDT,-0.025421448141980933,-2.53674835,0,0,0,0,sma_cross_down,2040,0.007600992664796413,-0.027783636053724137,2024-06-29 00:00:00+00:00,0,-0.003351254842707707,0.006598505224779672,-0.004472191807337489,-0.019599062804249057,2024-06-29 14:00:00+00:00,0
BTC/USDT|2024-06-28T01:00:00+00:00,B_opportunities,2024,2024-06-28 01:00:00+00:00,2024-06-28 00:00:00+00:00,BTC/USDT,-0.021354801816375422,-2.1317839,0,0,0,0,sma_cross_down,1260,0.010807669072071091,-0.024317580298502284,2024-06-28 22:00:00+00:00,0,0.0009902534113059858,-0.002678849902534197,-0.012821474983755743,-0.00869801819363214,2024-06-30 01:00:00+00:00,0
BTC/USDT|2024-06-30T07:00:00+00:00,B_opportunities,2024,2024-06-30 07:00:00+00:00,2024-06-30 06:00:00+00:00,BTC/USDT,0.012401864552388087,1.23516336,1,1,1,0,sma_cross_down,3480,0.046225133383475336,0.0,2024-07-02 17:00:00+00:00,0,0.007467540233334846,0.016630521076445026,0.03872563940669904,0.029911772868297604,2024-07-02 17:00:00+00:00,0
ETH/USDT|2024-06-30T20:00:00+00:00,B_opportunities,2024,2024-06-30 20:00:00+00:00,2024-06-30 19:00:00+00:00,ETH/USDT,0.0009071607226257227,0.0905947,1,0,0,0,sma_cross_down,2520,0.028158907945397216,-0.007700385019250966,2024-07-02 14:00:00+00:00,0,0.026539999591647545,0.018133770465026178,0.012559758021940093,-0.0038035124153762423,2024-07-02 20:00:00+00:00,0
BTC/USDT|2024-07-06T13:00:00+00:00,B_opportunities,2024,2024-07-06 13:00:00+00:00,2024-07-06 12:00:00+00:00,BTC/USDT,-0.01778284697366616,-1.77809859,0,0,0,0,sma_cross_down,2100,0.030296986299825024,-0.0302858860501225,2024-07-08 00:00:00+00:00,0,0.018174635854482535,0.020726107985714837,0.01031830059728156,0.006970958041577324,2024-07-08 13:00:00+00:00,0
ETH/USDT|2024-07-06T19:00:00+00:00,B_opportunities,2024,2024-07-06 19:00:00+00:00,2024-07-06 18:00:00+00:00,ETH/USDT,-0.020304750465925923,-2.03047576,0,0,0,0,sma_cross_down,1560,0.008749447635881591,-0.04138721133860335,2024-07-07 21:00:00+00:00,0,-0.002369846647354512,-0.00862833668843399,-0.021911261681478278,-0.0207754373905501,2024-07-08 19:00:00+00:00,0
ETH/USDT|2024-07-09T00:00:00+00:00,B_opportunities,2024,2024-07-09 00:00:00+00:00,2024-07-08 23:00:00+00:00,ETH/USDT,0.05000106867287252,5.00156491,1,1,1,0,roi,3600,0.06566059734813723,-0.004971828513320675,2024-07-11 12:00:00+00:00,0,0.016253672561534982,0.02135137015114208,0.01578000735340379,0.02717447110145388,2024-07-11 12:00:00+00:00,0
BTC/USDT|2024-07-09T07:00:00+00:00,B_opportunities,2024,2024-07-09 07:00:00+00:00,2024-07-09 06:00:00+00:00,BTC/USDT,0.006996622078584411,0.69639418,1,1,0,0,sma_cross_down,2820,0.03469274131811528,-0.009969378523209671,2024-07-11 06:00:00+00:00,0,-0.002400654603774477,0.007507656675422192,0.030664630570086837,0.009047430066015494,2024-07-11 07:00:00+00:00,0
BTC/USDT|2024-07-13T04:00:00+00:00,B_opportunities,2024,2024-07-13 04:00:00+00:00,2024-07-13 03:00:00+00:00,BTC/USDT,0.04999998388579733,4.9769744,1,1,1,0,roi,2460,0.062384370567682534,-0.0009923201992597663,2024-07-14 21:00:00+00:00,0,0.014944823053239631,0.017584495104991715,0.028576988272736692,0.08361071712733947,2024-07-15 04:00:00+00:00,0
ETH/USDT|2024-07-13T05:00:00+00:00,B_opportunities,2024,2024-07-13 05:00:00+00:00,2024-07-13 04:00:00+00:00,ETH/USDT,0.05000142168437137,4.99027904,1,1,1,0,roi,2580,0.05516541922894236,-0.0006996777630852158,2024-07-15 00:00:00+00:00,0,0.013698278407559217,0.011676273862863296,0.024918798865109837,0.07083755921584745,2024-07-15 05:00:00+00:00,0
BTC/USDT|2024-07-19T18:00:00+00:00,B_opportunities,2024,2024-07-19 18:00:00+00:00,2024-07-19 17:00:00+00:00,BTC/USDT,-0.004680353802507077,-0.46599962,0,0,0,0,sma_cross_down,5160,0.025752665476451275,-0.01465678741890919,2024-07-23 08:00:00+00:00,0,-0.0014293970437156966,-0.0032671504426156073,0.009700935145041445,-0.0016090079277458758,2024-07-23 08:00:00+00:00,0
ETH/USDT|2024-07-19T18:00:00+00:00,B_opportunities,2024,2024-07-19 18:00:00+00:00,2024-07-19 17:00:00+00:00,ETH/USDT,-0.01252081189998777,-1.25041783,0,0,0,0,sma_cross_down,2940,0.011329454009443962,-0.025484129908787345,2024-07-21 19:00:00+00:00,0,0.0008312813158812826,0.0002828070456091236,0.007581514131782319,-0.00914695111151742,2024-07-21 19:00:00+00:00,0
ETH/USDT|2024-07-22T02:00:00+00:00,B_opportunities,2024,2024-07-22 02:00:00+00:00,2024-07-22 01:00:00+00:00,ETH/USDT,-0.010199657527125022,-1.01925818,0,0,0,0,sma_cross_down,660,0.0035179825319835434,-0.019273781817047975,2024-07-22 13:00:00+00:00,0,-0.0138054592512169,-0.01717886715859851,-0.013204482380321902,-0.02380662151780677,2024-07-24 02:00:00+00:00,0
BTC/USDT|2024-07-26T07:00:00+00:00,B_opportunities,2024,2024-07-26 07:00:00+00:00,2024-07-26 06:00:00+00:00,BTC/USDT,0.011961106504588067,1.19637759,1,1,1,0,sma_cross_down,3240,0.03486295743297907,-0.006143716837595403,2024-07-28 13:00:00+00:00,0,0.0037577161793986846,0.00763084792716473,0.015372041488169064,0.00632250658755984,2024-07-28 13:00:00+00:00,0
ETH/USDT|2024-07-26T18:00:00+00:00,B_opportunities,2024,2024-07-26 18:00:00+00:00,2024-07-26 17:00:00+00:00,ETH/USDT,-0.008128650662139374,-0.81125763,0,0,0,0,sma_cross_down,2280,0.024617876365607083,-0.017437277530760742,2024-07-28 08:00:00+00:00,0,0.008304491877178632,0.002176965427202582,0.00403677747533604,0.007356110898991464,2024-07-28 18:00:00+00:00,0
ETH/USDT|2024-07-29T03:00:00+00:00,B_opportunities,2024,2024-07-29 03:00:00+00:00,2024-07-29 02:00:00+00:00,ETH/USDT,-0.016019807379132986,-1.6024554,0,0,0,0,sma_cross_down,2400,0.019747882761581348,-0.021912404420307396,2024-07-30 19:00:00+00:00,0,0.012632880915283584,-0.0015340784571552524,-0.005881134437509483,-0.011870344852431214,2024-07-31 03:00:00+00:00,0
BTC/USDT|2024-07-29T05:00:00+00:00,B_opportunities,2024,2024-07-29 05:00:00+00:00,2024-07-29 04:00:00+00:00,BTC/USDT,-0.051897965224955094,-5.18926693,0,0,0,1,stop_loss,1140,0.010264100199530057,-0.050541899801334944,2024-07-30 00:00:00+00:00,0,0.0036327989851228093,-0.03500158574558887,-0.0369040479760121,-0.05137815707530846,2024-07-31 05:00:00+00:00,0
BTC/USDT|2024-08-06T16:00:00+00:00,B_opportunities,2024,2024-08-06 16:00:00+00:00,2024-08-06 15:00:00+00:00,BTC/USDT,0.0043602234141914805,0.43575393,1,0,0,0,sma_cross_down,2220,0.023580119770967745,-0.03275130885921862,2024-08-08 05:00:00+00:00,0,0.0009222424781483163,0.008084425076131163,-0.005522285842336938,0.053576579366836796,2024-08-08 16:00:00+00:00,0
ETH/USDT|2024-08-06T17:00:00+00:00,B_opportunities,2024,2024-08-06 17:00:00+00:00,2024-08-06 16:00:00+00:00,ETH/USDT,-0.05189790479317415,-5.19367607,0,0,0,1,stop_loss,1260,0.008024464541823262,-0.06568524027957223,2024-08-07 14:00:00+00:00,0,-0.021971465936523438,-0.0056894283309825155,-0.05511633695639295,0.021659337576698467,2024-08-08 17:00:00+00:00,0
BTC/USDT|2024-08-08T15:00:00+00:00,B_opportunities,2024,2024-08-08 15:00:00+00:00,2024-08-08 14:00:00+00:00,BTC/USDT,0.04999994778069842,4.98390385,1,1,1,0,roi,420,0.06122899244343172,-0.004790210828676811,2024-08-08 22:00:00+00:00,0,0.009912045110293644,0.03925953268926419,0.02407952853124251,0.028225839984046708,2024-08-10 15:00:00+00:00,0
ETH/USDT|2024-08-08T19:00:00+00:00,B_opportunities,2024,2024-08-08 19:00:00+00:00,2024-08-08 18:00:00+00:00,ETH/USDT,0.04999961237786502,4.99456124,1,1,1,0,roi,180,0.05642187069777904,-0.004890231558863145,2024-08-08 22:00:00+00:00,0,0.03396015682867892,0.04238329952959141,0.0029395682169850446,0.008558874742593758,2024-08-10 19:00:00+00:00,0
BTC/USDT|2024-08-11T01:00:00+00:00,B_opportunities,2024,2024-08-11 01:00:00+00:00,2024-08-11 00:00:00+00:00,BTC/USDT,-0.044310268187530776,-4.41705561,0,0,0,0,sma_cross_down,1200,0.012486095461571756,-0.045968125789342396,2024-08-11 21:00:00+00:00,0,0.0004069062765210685,-0.009870832627467241,-0.04329558074577122,-0.021228853681511617,2024-08-13 01:00:00+00:00,0
ETH/USDT|2024-08-11T06:00:00+00:00,B_opportunities,2024,2024-08-11 06:00:00+00:00,2024-08-11 05:00:00+00:00,ETH/USDT,-0.05189660186503811,-5.18435625,0,0,0,1,stop_loss,1080,0.022064570432273056,-0.056826038597967865,2024-08-12 00:00:00+00:00,0,-0.0032540854554403698,-0.009270010183108135,-0.04043558150807702,-0.003340510357836668,2024-08-13 06:00:00+00:00,0
ETH/USDT|2024-08-12T22:00:00+00:00,B_opportunities,2024,2024-08-12 22:00:00+00:00,2024-08-12 21:00:00+00:00,ETH/USDT,-0.014852218893818098,-1.48397942,0,0,0,0,sma_cross_down,3180,0.03606088162072729,-0.026784782576288357,2024-08-15 03:00:00+00:00,0,-0.010006559234358448,-0.01543656176860797,0.017426693102368773,-0.007244972495937585,2024-08-15 03:00:00+00:00,0
BTC/USDT|2024-08-13T16:00:00+00:00,B_opportunities,2024,2024-08-13 16:00:00+00:00,2024-08-13 15:00:00+00:00,BTC/USDT,-0.010023500537984184,-1.0024833,0,0,0,0,sma_cross_down,1980,0.03914010315735483,-0.022481913833762857,2024-08-15 01:00:00+00:00,0,0.026193220166847553,0.024895135984406735,-0.0006149085304644197,0.0035408104551599706,2024-08-15 16:00:00+00:00,0
BTC/USDT|2024-08-16T21:00:00+00:00,B_opportunities,2024,2024-08-16 21:00:00+00:00,2024-08-16 20:00:00+00:00,BTC/USDT,-0.013364638846526753,-1.33180132,0,0,0,0,sma_cross_down,3360,0.01734988116993641,-0.017666468827506776,2024-08-19 05:00:00+00:00,0,-0.0018681318310425077,0.0003716012910530697,0.0023636002191131933,0.009407655391610703,2024-08-19 05:00:00+00:00,0
ETH/USDT|2024-08-17T13:00:00+00:00,B_opportunities,2024,2024-08-17 13:00:00+00:00,2024-08-17 12:00:00+00:00,ETH/USDT,-0.014718484731303187,-1.47276211,0,0,0,0,sma_cross_down,2940,0.033028833964612536,-0.015212163584538918,2024-08-19 14:00:00+00:00,0,0.0029463850122350976,0.00525124942858568,0.024439245694705347,-0.006757094180601553,2024-08-19 14:00:00+00:00,0
BTC/USDT|2024-08-20T06:00:00+00:00,B_opportunities,2024,2024-08-20 06:00:00+00:00,2024-08-20 05:00:00+00:00,BTC/USDT,-0.024988787190068786,-2.49201244,0,0,0,0,sma_cross_down,1560,0.0003929973821990007,-0.04207738874345546,2024-08-21 08:00:00+00:00,0,-0.009835898206135174,-0.03403976342273607,-0.028468591045253788,-0.006478895039086163,2024-08-22 06:00:00+00:00,0
ETH/USDT|2024-08-20T10:00:00+00:00,B_opportunities,2024,2024-08-20 10:00:00+00:00,2024-08-20 09:00:00+00:00,ETH/USDT,-0.030390912711696933,-3.03507262,0,0,0,0,sma_cross_down,960,0.0010411655039692658,-0.039646980995910464,2024-08-21 02:00:00+00:00,0,-0.03213329925427,-0.02860761967765224,-0.029769064229011266,-0.0137118114024537,2024-08-22 10:00:00+00:00,0
BTC/USDT|2024-08-21T23:00:00+00:00,B_opportunities,2024,2024-08-21 23:00:00+00:00,2024-08-21 22:00:00+00:00,BTC/USDT,0.04999995614685826,4.99086381,1,1,1,0,roi,2760,0.058854817873603915,-0.023728077151231486,2024-08-23 21:00:00+00:00,0,-0.00558956736143823,0.002836711565737726,-0.012119365501147672,0.0475426254571405,2024-08-23 23:00:00+00:00,0
ETH/USDT|2024-08-22T06:00:00+00:00,B_opportunities,2024,2024-08-22 06:00:00+00:00,2024-08-22 05:00:00+00:00,ETH/USDT,0.05000150659523511,4.99582211,1,1,1,0,roi,2280,0.054439685775141466,-0.01117651100474093,2024-08-23 20:00:00+00:00,0,0.008447274198596588,-0.006099748833871543,0.02095977524830328,0.05191657314736342,2024-08-24 06:00:00+00:00,0
BTC/USDT|2024-08-26T00:00:00+00:00,B_opportunities,2024,2024-08-26 00:00:00+00:00,2024-08-25 23:00:00+00:00,BTC/USDT,-0.006349459187651681,-0.63266345,0,0,0,0,sma_cross_down,120,0.004064310816616512,-0.006695578744250752,2024-08-26 02:00:00+00:00,0,-0.004204142011834278,-0.005621301775147969,-0.021582061663033336,-0.07482092805979446,2024-08-28 00:00:00+00:00,0
BTC/USDT|2024-08-26T03:00:00+00:00,B_opportunities,2024,2024-08-26 03:00:00+00:00,2024-08-26 02:00:00+00:00,BTC/USDT,-0.007169636780879292,-0.71731606,0,0,0,0,sma_cross_down,360,0.0021119088496956984,-0.013251911971281505,2024-08-26 09:00:00+00:00,0,-0.0051818323708443526,-0.008887154674574682,-0.018260184173560123,-0.07388762291243955,2024-08-28 03:00:00+00:00,0
ETH/USDT|2024-08-29T11:00:00+00:00,B_opportunities,2024,2024-08-29 11:00:00+00:00,2024-08-29 10:00:00+00:00,ETH/USDT,-0.011679109007218155,-1.16798107,0,0,0,0,sma_cross_down,1440,0.020950852431416145,-0.015081781491184443,2024-08-30 11:00:00+00:00,0,0.0109786798835656,-0.007080481472740097,-0.00972386122256308,-0.006490441350011755,2024-08-31 11:00:00+00:00,0
BTC/USDT|2024-08-29T19:00:00+00:00,B_opportunities,2024,2024-08-29 19:00:00+00:00,2024-08-29 18:00:00+00:00,BTC/USDT,0.005089108201617226,0.50932858,1,1,0,0,sma_cross_down,960,0.009174285564090168,-0.00804600868037919,2024-08-30 11:00:00+00:00,0,0.0007269992055578545,0.003380605466439146,0.0035494667094875254,-0.004064840012846349,2024-08-31 19:00:00+00:00,0
ETH/USDT|2024-08-31T16:00:00+00:00,B_opportunities,2024,2024-08-31 16:00:00+00:00,2024-08-31 15:00:00+00:00,ETH/USDT,-0.012032771510242174,-1.20158399,0,0,0,0,sma_cross_down,600,0.0035884692638079585,-0.01696583809017216,2024-09-01 02:00:00+00:00,0,-0.000504130295849059,-0.012087218510711928,-0.015227116652574924,-0.002377748403256663,2024-09-02 16:00:00+00:00,0
ETH/USDT|2024-09-02T20:00:00+00:00,B_opportunities,2024,2024-09-02 20:00:00+00:00,2024-09-02 19:00:00+00:00,ETH/USDT,-0.025972886205371984,-2.59886405,0,0,0,0,sma_cross_down,1500,0.01607203695340398,-0.03504789522473928,2024-09-03 21:00:00+00:00,0,0.0044765772011490235,-0.0018619391898583304,-0.030365455085669013,-0.02855897791423201,2024-09-04 20:00:00+00:00,0
BTC/USDT|2024-09-02T23:00:00+00:00,B_opportunities,2024,2024-09-02 23:00:00+00:00,2024-09-02 22:00:00+00:00,BTC/USDT,-0.039159836017305695,-3.90845282,0,0,0,0,sma_cross_down,1560,0.007744904422056331,-0.06308324567535728,2024-09-04 01:00:00+00:00,0,-0.004228812843944829,-0.00456697633815939,-0.02502089722340306,-0.020539177849903556,2024-09-04 23:00:00+00:00,0
ETH/USDT|2024-09-05T08:00:00+00:00,B_opportunities,2024,2024-09-05 08:00:00+00:00,2024-09-05 07:00:00+00:00,ETH/USDT,-0.018951223869343815,-1.89462298,0,0,0,0,sma_cross_down,480,0.001633221550233932,-0.023466160395620883,2024-09-05 16:00:00+00:00,0,-0.004178411540374682,-0.02007544354170132,-0.028166970651633316,-0.0515213065826563,2024-09-07 08:00:00+00:00,0
BTC/USDT|2024-09-05T09:00:00+00:00,B_opportunities,2024,2024-09-05 09:00:00+00:00,2024-09-05 08:00:00+00:00,BTC/USDT,-0.01999561752240762,-1.99669752,0,0,0,0,sma_cross_down,420,0.006069749491263821,-0.020814153392744283,2024-09-05 16:00:00+00:00,0,-0.00782383692372457,-0.015963792014595413,-0.021419374079011955,-0.046189916497087924,2024-09-07 09:00:00+00:00,0
ETH/USDT|2024-09-08T08:00:00+00:00,B_opportunities,2024,2024-09-08 08:00:00+00:00,2024-09-08 07:00:00+00:00,ETH/USDT,0.011461243974872908,1.1453189,1,1,1,0,sma_cross_down,4800,0.045778974613715384,-0.023530026928808567,2024-09-11 16:00:00+00:00,0,-0.004623214550271482,-0.00995668732080135,0.008449022632399883,0.029878776787192862,2024-09-11 16:00:00+00:00,0
BTC/USDT|2024-09-08T14:00:00+00:00,B_opportunities,2024,2024-09-08 14:00:00+00:00,2024-09-08 13:00:00+00:00,BTC/USDT,0.049999968262975786,4.98248193,1,1,1,0,roi,1860,0.06781394286915998,-0.014154306909006875,2024-09-09 21:00:00+00:00,0,-0.0011395430063052547,0.012959613228184397,0.023675435210205986,0.0430539164322874,2024-09-10 14:00:00+00:00,0
BTC/USDT|2024-09-12T03:00:00+00:00,B_opportunities,2024,2024-09-12 03:00:00+00:00,2024-09-12 02:00:00+00:00,BTC/USDT,0.027374069778100807,2.73103666,1,1,1,0,sma_cross_down,5460,0.046227463397570334,-0.010372708934428765,2024-09-15 22:00:00+00:00,0,0.003879110099906269,-0.00698905952202622,0.0018037396015759821,0.04041173997709602,2024-09-15 22:00:00+00:00,0
ETH/USDT|2024-09-12T10:00:00+00:00,B_opportunities,2024,2024-09-12 10:00:00+00:00,2024-09-12 09:00:00+00:00,ETH/USDT,0.023332967174401812,2.3347851,1,1,1,0,sma_cross_down,4620,0.04792758780488837,-0.015603144437500327,2024-09-15 15:00:00+00:00,0,-0.012286892564091656,-0.001249946856000994,4.251519918363478e-05,0.028952850644105244,2024-09-15 15:00:00+00:00,0
BTC/USDT|2024-09-17T17:00:00+00:00,B_opportunities,2024,2024-09-17 17:00:00+00:00,2024-09-17 16:00:00+00:00,BTC/USDT,0.05000006447802379,4.99665462,1,1,1,0,roi,3540,0.05354449348209567,-0.027911159239778716,2024-09-20 04:00:00+00:00,0,-0.010412515322668847,-0.007291635523030804,-0.01574731748569913,0.04407573299935308,2024-09-20 04:00:00+00:00,0
ETH/USDT|2024-09-17T18:00:00+00:00,B_opportunities,2024,2024-09-17 18:00:00+00:00,2024-09-17 17:00:00+00:00,ETH/USDT,-0.01938425285881365,-1.93838357,0,0,0,0,sma_cross_down,1620,0.0014996303727954352,-0.037980779385362706,2024-09-18 21:00:00+00:00,0,-0.010750871264124995,-0.019478297602703587,-0.024517900517478042,0.045774633012989785,2024-09-19 18:00:00+00:00,0
ETH/USDT|2024-09-19T02:00:00+00:00,B_opportunities,2024,2024-09-19 02:00:00+00:00,2024-09-19 01:00:00+00:00,ETH/USDT,0.04999970915647398,5.00073548,1,1,1,0,roi,1500,0.05496753572743396,-0.0026063455938953872,2024-09-20 03:00:00+00:00,0,0.019976488405269555,0.01764624672113646,0.026812421819764065,0.06421342838376631,2024-09-21 02:00:00+00:00,0
BTC/USDT|2024-09-22T07:00:00+00:00,B_opportunities,2024,2024-09-22 07:00:00+00:00,2024-09-22 06:00:00+00:00,BTC/USDT,-0.003462079736912917,-0.34646138,0,0,0,0,sma_cross_down,300,0.0025248011013381255,-0.005269080975579876,2024-09-22 12:00:00+00:00,0,-0.0014989764018967788,0.0012683646477589239,0.012646748596926383,0.006825948879894961,2024-09-24 07:00:00+00:00,0
BTC/USDT|2024-09-23T04:00:00+00:00,B_opportunities,2024,2024-09-23 04:00:00+00:00,2024-09-23 03:00:00+00:00,BTC/USDT,-0.01557758443171486,-1.55539764,0,0,0,0,sma_cross_down,1920,0.001571464089256347,-0.025701588090872307,2024-09-24 12:00:00+00:00,0,-0.011161854740963983,-0.011436740528949274,-0.019113031047021112,0.0016471392609627156,2024-09-25 04:00:00+00:00,0
BTC/USDT|2024-09-24T22:00:00+00:00,B_opportunities,2024,2024-09-24 22:00:00+00:00,2024-09-24 21:00:00+00:00,BTC/USDT,-0.015682771278705876,-1.56806834,0,0,0,0,sma_cross_down,1560,0.01230657504294852,-0.018750585662970498,2024-09-26 00:00:00+00:00,0,0.006715602061533765,-0.006561143214118381,-0.00924582227081061,0.0159612681555521,2024-09-26 22:00:00+00:00,0
BTC/USDT|2024-09-26T17:00:00+00:00,B_opportunities,2024,2024-09-26 17:00:00+00:00,2024-09-26 16:00:00+00:00,BTC/USDT,0.0061723011452292495,0.61764432,1,1,0,0,sma_cross_down,3420,0.01775383390982266,-0.010782086993786244,2024-09-29 02:00:00+00:00,0,-0.0038518167069698794,-0.0005209831950778732,0.014769812360341694,0.0027242952034038925,2024-09-29 02:00:00+00:00,0
ETH/USDT|2024-09-26T20:00:00+00:00,B_opportunities,2024,2024-09-26 20:00:00+00:00,2024-09-26 19:00:00+00:00,ETH/USDT,0.008049832377314946,0.80471894,1,1,0,0,sma_cross_down,3240,0.03004907512268784,-0.012755756889392234,2024-09-29 02:00:00+00:00,0,-0.008867530643754673,0.003125719613890743,0.019773574079177347,0.011079694525083283,2024-09-29 02:00:00+00:00,0
BTC/USDT|2024-10-04T12:00:00+00:00,B_opportunities,2024,2024-10-04 12:00:00+00:00,2024-10-04 11:00:00+00:00,BTC/USDT,0.008015175410241044,0.79869852,1,1,0,0,sma_cross_down,2760,0.01684316834673627,-0.011324195473901844,2024-10-06 10:00:00+00:00,0,0.008681552303472229,0.010352508647703651,0.01188221157288627,0.01061158173886212,2024-10-06 12:00:00+00:00,0
ETH/USDT|2024-10-04T17:00:00+00:00,B_opportunities,2024,2024-10-04 17:00:00+00:00,2024-10-04 16:00:00+00:00,ETH/USDT,-0.0012065650447886768,-0.12051499,0,0,0,0,sma_cross_down,5160,0.03585853812871598,-0.017947759200897306,2024-10-08 07:00:00+00:00,0,-0.005267634454109604,-0.011574825473655737,-0.01187888549674776,0.0013395076692976904,2024-10-08 07:00:00+00:00,0
BTC/USDT|2024-10-06T17:00:00+00:00,B_opportunities,2024,2024-10-06 17:00:00+00:00,2024-10-06 16:00:00+00:00,BTC/USDT,-0.003309073067285937,-0.32970523,0,0,0,0,sma_cross_down,2520,0.029969964223193424,-0.009536594751510363,2024-10-08 11:00:00+00:00,0,0.00026916072968918847,0.013812018785342328,0.01945465001118185,-0.0005111657774512501,2024-10-08 17:00:00+00:00,0
ETH/USDT|2024-10-09T16:00:00+00:00,B_opportunities,2024,2024-10-09 16:00:00+00:00,2024-10-09 15:00:00+00:00,ETH/USDT,-0.04462180652373307,-4.46346169,0,0,0,0,sma_cross_down,300,0.0005322390606590233,-0.04464307479787111,2024-10-09 21:00:00+00:00,0,-0.03366919920367295,-0.02681509771259094,-0.023024417990492818,-0.007106000893836728,2024-10-11 16:00:00+00:00,0
ETH/USDT|2024-10-11T15:00:00+00:00,B_opportunities,2024,2024-10-11 15:00:00+00:00,2024-10-11 14:00:00+00:00,ETH/USDT,0.0063100996692555585,0.6314904,1,1,0,0,sma_cross_down,3480,0.02384368409585158,-0.00013566234054551707,2024-10-14 01:00:00+00:00,0,0.010129496402877747,0.0017142857142857792,0.016004110996916676,0.005985611510791244,2024-10-14 01:00:00+00:00,0
BTC/USDT|2024-10-11T17:00:00+00:00,B_opportunities,2024,2024-10-11 17:00:00+00:00,2024-10-11 16:00:00+00:00,BTC/USDT,0.003725059048771099,0.37151821,1,0,0,0,sma_cross_down,2880,0.019398602999967318,-0.0035651651520482996,2024-10-13 17:00:00+00:00,0,0.002862763360739873,0.005003532887975393,0.01271936022610487,0.00573451952723536,2024-10-13 17:00:00+00:00,0
ETH/USDT|2024-10-14T05:00:00+00:00,B_opportunities,2024,2024-10-14 05:00:00+00:00,2024-10-14 04:00:00+00:00,ETH/USDT,0.04999926200614586,5.00026594,1,1,1,0,roi,1920,0.0527700852818076,-0.0121235484784592,2024-10-15 13:00:00+00:00,0,-0.0005035108077808825,0.03074169502193036,0.028527034203331914,0.028460161674173312,2024-10-16 05:00:00+00:00,0
BTC/USDT|2024-10-14T08:00:00+00:00,B_opportunities,2024,2024-10-14 08:00:00+00:00,2024-10-14 07:00:00+00:00,BTC/USDT,0.0499999511423184,4.98077793,1,1,1,0,roi,3060,0.0588529680891019,-0.004331263259067852,2024-10-16 11:00:00+00:00,0,0.008188376293912558,0.020404089267135994,0.015751412817561983,0.036391648704203305,2024-10-16 11:00:00+00:00,0
ETH/USDT|2024-10-16T17:00:00+00:00,B_opportunities,2024,2024-10-16 17:00:00+00:00,2024-10-16 16:00:00+00:00,ETH/USDT,-0.0042960617580260355,-0.42905896,0,0,0,0,sma_cross_down,1800,0.011326187321238246,-0.016538677440419147,2024-10-17 23:00:00+00:00,0,0.0012219757055953462,0.003494086783187189,-0.0023064791443114796,0.012517613634193792,2024-10-18 17:00:00+00:00,0
BTC/USDT|2024-10-18T10:00:00+00:00,B_opportunities,2024,2024-10-18 10:00:00+00:00,2024-10-18 09:00:00+00:00,BTC/USDT,0.0035219049732497956,0.35137556,1,0,0,0,sma_cross_down,2460,0.017669095306923177,-0.002349340727412108,2024-10-20 03:00:00+00:00,0,0.013765818117459805,0.00899678475561183,0.008111855107518995,0.00932420872540618,2024-10-20 10:00:00+00:00,0
ETH/USDT|2024-10-18T15:00:00+00:00,B_opportunities,2024,2024-10-18 15:00:00+00:00,2024-10-18 14:00:00+00:00,ETH/USDT,1.9316018803379375e-05,0.00193082,1,0,0,0,sma_cross_down,4980,0.048334651883760626,-0.01071243361508678,2024-10-22 02:00:00+00:00,0,0.0006548590160460055,0.0020137861071471974,0.003141809152128028,0.02620193126630066,2024-10-22 02:00:00+00:00,0
BTC/USDT|2024-10-20T18:00:00+00:00,B_opportunities,2024,2024-10-20 18:00:00+00:00,2024-10-20 17:00:00+00:00,BTC/USDT,-0.019857871239516798,-1.97614274,0,0,0,0,sma_cross_down,1500,0.013965605734137743,-0.02510632345813657,2024-10-21 19:00:00+00:00,0,0.006854963390799718,0.006096234065517292,-0.015110265161459746,-0.017946092587730833,2024-10-22 18:00:00+00:00,0
BTC/USDT|2024-10-24T14:00:00+00:00,B_opportunities,2024,2024-10-24 14:00:00+00:00,2024-10-24 13:00:00+00:00,BTC/USDT,-0.01974705293128059,-1.97315795,0,0,0,0,sma_cross_down,2040,0.013901569817100112,-0.034013341972727096,2024-10-26 00:00:00+00:00,0,0.005946456269910527,0.000938208838424881,0.006302978573760498,-0.01490280901581742,2024-10-26 14:00:00+00:00,0
BTC/USDT|2024-10-27T14:00:00+00:00,B_opportunities,2024,2024-10-27 14:00:00+00:00,2024-10-27 13:00:00+00:00,BTC/USDT,0.05000006295799104,4.97475204,1,1,1,0,roi,2160,0.058741717936583226,-0.001110979649787014,2024-10-29 02:00:00+00:00,0,0.0034607193563653826,0.0020097314245148823,0.01780628845243748,0.06193800283956463,2024-10-29 14:00:00+00:00,0
ETH/USDT|2024-10-27T14:00:00+00:00,B_opportunities,2024,2024-10-27 14:00:00+00:00,2024-10-27 13:00:00+00:00,ETH/USDT,0.04999888249188935,4.99931059,1,1,1,0,roi,2160,0.05910761070352022,-0.005280124276095699,2024-10-29 02:00:00+00:00,0,0.003943995267205791,0.002901653660872805,0.01166295743302248,0.061381444709613264,2024-10-29 14:00:00+00:00,0
BTC/USDT|2024-11-04T14:00:00+00:00,B_opportunities,2024,2024-11-04 14:00:00+00:00,2024-11-04 13:00:00+00:00,BTC/USDT,-0.016686696334754027,-1.66299659,0,0,0,0,sma_cross_down,300,0.0022127106265892316,-0.020548221522728838,2024-11-04 19:00:00+00:00,0,-0.011744275141019722,-0.009686234341682587,0.002295434225345172,0.07754842206919976,2024-11-06 14:00:00+00:00,0
ETH/USDT|2024-11-04T15:00:00+00:00,B_opportunities,2024,2024-11-04 15:00:00+00:00,2024-11-04 14:00:00+00:00,ETH/USDT,-0.016578968606230017,-1.65912792,0,0,0,0,sma_cross_down,120,0.0018732017874998341,-0.01818107617279152,2024-11-04 17:00:00+00:00,0,-0.011284102271104213,-0.018393290754381897,0.0079784520578694,0.06670067541371649,2024-11-06 15:00:00+00:00,0
BTC/USDT|2024-11-05T17:00:00+00:00,B_opportunities,2024,2024-11-05 17:00:00+00:00,2024-11-05 16:00:00+00:00,BTC/USDT,0.05000000410354442,4.98861462,1,1,1,0,roi,600,0.06849813896117474,-0.020788842258047002,2024-11-06 03:00:00+00:00,0,-0.008519206895146625,0.05797086789687378,0.05900973302078105,0.08123449431117358,2024-11-07 17:00:00+00:00,0
ETH/USDT|2024-11-06T02:00:00+00:00,B_opportunities,2024,2024-11-06 02:00:00+00:00,2024-11-06 01:00:00+00:00,ETH/USDT,0.05000049078573637,4.99468277,1,1,1,0,roi,60,0.06267699533920679,-0.0023122691255673677,2024-11-06 03:00:00+00:00,0,0.04495649371575894,0.05462858524009029,0.13336287463744756,0.1772518530454399,2024-11-08 02:00:00+00:00,0
BTC/USDT|2024-11-16T01:00:00+00:00,B_opportunities,2024,2024-11-16 01:00:00+00:00,2024-11-16 00:00:00+00:00,BTC/USDT,-0.009555180176210522,-0.9487261,0,0,0,0,sma_cross_down,2280,0.008567692307692276,-0.017978021978022007,2024-11-17 15:00:00+00:00,0,0.0021098901098901557,-0.0011567032967032542,-0.0021098901098901557,-0.011648351648351651,2024-11-18 01:00:00+00:00,0
ETH/USDT|2024-11-16T12:00:00+00:00,B_opportunities,2024,2024-11-16 12:00:00+00:00,2024-11-16 11:00:00+00:00,ETH/USDT,-0.051895915544830244,-5.1789167,0,0,0,1,stop_loss,840,0.007708099920509026,-0.050182453197468946,2024-11-17 02:00:00+00:00,0,-0.00874085386844603,-0.019550345190183283,-0.02810968472838571,-0.04351962545456822,2024-11-18 12:00:00+00:00,0
BTC/USDT|2024-11-18T16:00:00+00:00,B_opportunities,2024,2024-11-18 16:00:00+00:00,2024-11-18 15:00:00+00:00,BTC/USDT,0.050000005275469314,4.98969878,1,1,1,0,roi,3600,0.057988066451658105,-0.028619478101443607,2024-11-21 04:00:00+00:00,0,-0.01119256293311488,-0.009549503621024469,0.0008935157385192571,0.02632946486228782,2024-11-21 04:00:00+00:00,0
ETH/USDT|2024-11-18T20:00:00+00:00,B_opportunities,2024,2024-11-18 20:00:00+00:00,2024-11-18 19:00:00+00:00,ETH/USDT,-0.013011489926384172,-1.29928158,0,0,0,0,sma_cross_down,1620,0.031264689799403333,-0.01975268373641348,2024-11-19 23:00:00+00:00,0,0.005189996066731206,-0.002906781530904956,-0.0015924941720469876,-0.022103051640940508,2024-11-20 20:00:00+00:00,0
ETH/USDT|2024-11-21T14:00:00+00:00,B_opportunities,2024,2024-11-21 14:00:00+00:00,2024-11-21 13:00:00+00:00,ETH/USDT,0.013448970344402256,1.34315096,1,1,1,0,sma_cross_down,2820,0.028814217443249746,-0.03318996415770603,2024-11-23 13:00:00+00:00,0,-0.00029868578255676237,-0.007915173237753925,-0.01636499402628433,0.025994623655914095,2024-11-23 14:00:00+00:00,0
ETH/USDT|2024-11-23T14:00:00+00:00,B_opportunities,2024,2024-11-23 14:00:00+00:00,2024-11-23 13:00:00+00:00,ETH/USDT,-0.029142917206355003,-2.91601235,0,0,0,0,sma_cross_down,1860,0.018192033816397002,-0.044721719233075774,2024-11-24 21:00:00+00:00,0,-0.007918417015280843,-0.0004803451498240907,-0.032031743536446555,0.012037740572862443,2024-11-25 14:00:00+00:00,0
ETH/USDT|2024-11-25T15:00:00+00:00,B_opportunities,2024,2024-11-25 15:00:00+00:00,2024-11-25 14:00:00+00:00,ETH/USDT,-0.03462873561431781,-3.46103554,0,0,0,0,sma_cross_down,1500,0.040762966766928255,-0.03745873376861564,2024-11-26 16:00:00+00:00,0,0.027601871034762082,0.010930998256909241,-0.018129317377499343,0.033089378884539444,2024-11-27 15:00:00+00:00,0
BTC/USDT|2024-11-25T17:00:00+00:00,B_opportunities,2024,2024-11-25 17:00:00+00:00,2024-11-25 16:00:00+00:00,BTC/USDT,-0.00901019591128954,-0.8996521,0,0,0,0,sma_cross_down,60,0.0,-0.01107264992910173,2024-11-25 18:00:00+00:00,0,-0.015717637000583817,-0.016707815497539413,-0.01962809658853959,-0.0023230669780631708,2024-11-27 17:00:00+00:00,0
ETH/USDT|2024-11-27T16:00:00+00:00,B_opportunities,2024,2024-11-27 16:00:00+00:00,2024-11-27 15:00:00+00:00,ETH/USDT,0.0023729040310955947,0.23713197,1,0,0,0,sma_cross_down,2520,0.03719048972779149,-0.006482229459101041,2024-11-29 10:00:00+00:00,0,0.02251751440417249,0.012950385471699688,-0.0030989729198741545,0.01721463976198989,2024-11-29 16:00:00+00:00,0
BTC/USDT|2024-11-27T19:00:00+00:00,B_opportunities,2024,2024-11-27 19:00:00+00:00,2024-11-27 18:00:00+00:00,BTC/USDT,0.0009972652103266376,0.0997906,1,0,0,0,sma_cross_down,4620,0.0260142815959008,-0.015392400564671949,2024-12-01 00:00:00+00:00,0,0.0044996067915867854,-0.006662955314690966,-0.00862780095320903,0.010991316955319519,2024-12-01 00:00:00+00:00,0
ETH/USDT|2024-11-30T03:00:00+00:00,B_opportunities,2024,2024-11-30 03:00:00+00:00,2024-11-30 02:00:00+00:00,ETH/USDT,-0.011835620233409956,-1.18095203,0,0,0,0,sma_cross_down,3420,0.037321503454059934,-0.015212209494802287,2024-12-02 12:00:00+00:00,0,0.019008364784038445,0.008571696572424958,0.010839457944337827,0.03194453640557082,2024-12-02 12:00:00+00:00,0
BTC/USDT|2024-12-01T21:00:00+00:00,B_opportunities,2024,2024-12-01 21:00:00+00:00,2024-12-01 20:00:00+00:00,BTC/USDT,-0.023869356786777637,-2.36643266,0,0,0,0,sma_cross_down,960,0.010607725088334075,-0.024036974669101485,2024-12-02 13:00:00+00:00,0,0.005610402225582067,-0.02107446149067571,-0.01476138154082196,-0.015292792512131115,2024-12-03 21:00:00+00:00,0
BTC/USDT|2024-12-04T08:00:00+00:00,B_opportunities,2024,2024-12-04 08:00:00+00:00,2024-12-04 07:00:00+00:00,BTC/USDT,0.04999999961124038,4.979298,1,1,1,0,roi,1140,0.07764036020321607,-0.020716478440929054,2024-12-05 03:00:00+00:00,0,-0.009559078323876258,0.006427556152726277,0.058467331774767706,0.016044612207148923,2024-12-06 08:00:00+00:00,0
ETH/USDT|2024-12-04T08:00:00+00:00,B_opportunities,2024,2024-12-04 08:00:00+00:00,2024-12-04 07:00:00+00:00,ETH/USDT,0.050000185587951454,5.00169024,1,1,1,0,roi,1440,0.055986541049798166,-0.006729475100942128,2024-12-05 08:00:00+00:00,0,-0.00198654639716378,0.03395971456181579,0.03660575129408161,0.04811856828685945,2024-12-06 08:00:00+00:00,0
BTC/USDT|2024-12-07T08:00:00+00:00,B_opportunities,2024,2024-12-07 08:00:00+00:00,2024-12-07 07:00:00+00:00,BTC/USDT,0.0012299740273729561,0.12238808,1,0,0,0,sma_cross_down,1860,0.011013508347651912,-0.007519727338207605,2024-12-08 15:00:00+00:00,0,-0.0005553029418984279,0.006762724686435018,0.002715250308837014,0.0017233504887068651,2024-12-09 08:00:00+00:00,0
BTC/USDT|2024-12-09T00:00:00+00:00,B_opportunities,2024,2024-12-09 00:00:00+00:00,2024-12-08 23:00:00+00:00,BTC/USDT,-0.028683087937498953,-2.84497497,0,0,0,0,sma_cross_down,600,0.0010516311012997992,-0.02806419964078599,2024-12-09 10:00:00+00:00,0,-0.01655352375575847,-0.02987965829947481,-0.0379105483466009,-0.04467024344575021,2024-12-11 00:00:00+00:00,0
BTC/USDT|2024-12-11T15:00:00+00:00,B_opportunities,2024,2024-12-11 15:00:00+00:00,2024-12-11 14:00:00+00:00,BTC/USDT,0.007445190210392064,0.74165639,1,1,0,0,sma_cross_down,2640,0.03038717697527793,-0.0031250254356109952,2024-12-13 11:00:00+00:00,0,0.01764118687270133,0.023200093090576912,0.021966924307030844,0.015094460206290572,2024-12-13 15:00:00+00:00,0
ETH/USDT|2024-12-11T20:00:00+00:00,B_opportunities,2024,2024-12-11 20:00:00+00:00,2024-12-11 19:00:00+00:00,ETH/USDT,0.026518139876831208,2.64550544,1,1,1,0,sma_cross_down,3300,0.04823983743043336,-0.0018691293958058575,2024-12-14 03:00:00+00:00,0,8.412396718116e-05,0.02668044196629271,0.017673919729962018,0.029987565426101037,2024-12-14 03:00:00+00:00,0
BTC/USDT|2024-12-14T00:00:00+00:00,B_opportunities,2024,2024-12-14 00:00:00+00:00,2024-12-13 23:00:00+00:00,BTC/USDT,0.05000003831583713,4.97476136,1,1,1,0,roi,3840,0.05690296520831706,-0.008033878291816676,2024-12-16 16:00:00+00:00,0,0.0029435761171514585,0.0015749685109824885,-4.19031937628489e-05,0.02997054451967851,2024-12-16 16:00:00+00:00,0
ETH/USDT|2024-12-14T06:00:00+00:00,B_opportunities,2024,2024-12-14 06:00:00+00:00,2024-12-14 05:00:00+00:00,ETH/USDT,-0.007776378557306938,-0.77822124,0,0,0,0,sma_cross_down,300,0.0038565624051480896,-0.008771638962503214,2024-12-14 11:00:00+00:00,0,-0.006649492424628756,-0.015658317604448246,-0.007080548895577188,0.011799214405958436,2024-12-16 06:00:00+00:00,0
ETH/USDT|2024-12-14T12:00:00+00:00,B_opportunities,2024,2024-12-14 12:00:00+00:00,2024-12-14 11:00:00+00:00,ETH/USDT,-0.008583816333684418,-0.85666202,0,0,0,0,sma_cross_down,60,0.0010964095795897855,-0.012384036071104831,2024-12-14 13:00:00+00:00,0,-0.009069130293000716,-0.0062241143347208094,-0.00434455505542386,0.00388750375526703,2024-12-16 12:00:00+00:00,0
ETH/USDT|2024-12-16T00:00:00+00:00,B_opportunities,2024,2024-12-16 00:00:00+00:00,2024-12-15 23:00:00+00:00,ETH/USDT,-0.018655358114678312,-1.86308892,0,0,0,0,sma_cross_down,2880,0.03756166189705201,-0.028069581646287478,2024-12-18 00:00:00+00:00,0,0.001962572207249602,-0.012482666471335557,0.006857636477069162,-0.01669070417696994,2024-12-18 00:00:00+00:00,0
ETH/USDT|2024-12-21T10:00:00+00:00,B_opportunities,2024,2024-12-21 10:00:00+00:00,2024-12-21 09:00:00+00:00,ETH/USDT,-0.0518958094287933,-5.19244389,0,0,0,1,stop_loss,660,0.0041231666838943415,-0.0515568112646293,2024-12-21 21:00:00+00:00,0,-0.026519197418139684,-0.04730730799710581,-0.028497513466331337,-0.041877706187047115,2024-12-23 10:00:00+00:00,0
BTC/USDT|2024-12-21T13:00:00+00:00,B_opportunities,2024,2024-12-21 13:00:00+00:00,2024-12-21 12:00:00+00:00,BTC/USDT,-0.0023135380260069283,-0.22944216,0,0,0,0,sma_cross_down,1380,0.009528373759420061,-0.01278384054688464,2024-12-22 12:00:00+00:00,0,0.002759338092424457,0.001245933497295626,-0.0014864309894196959,-0.008514084803575073,2024-12-23 13:00:00+00:00,0
ETH/USDT|2024-12-23T22:00:00+00:00,B_opportunities,2024,2024-12-23 22:00:00+00:00,2024-12-23 21:00:00+00:00,ETH/USDT,-0.018468096300867362,-1.84776169,0,0,0,0,sma_cross_down,3540,0.03650306748466248,-0.022240724510663168,2024-12-26 09:00:00+00:00,0,-0.007616103955290887,-0.006865302759851755,0.019348468161062726,0.013023625405710115,2024-12-26 09:00:00+00:00,0
BTC/USDT|2024-12-24T17:00:00+00:00,B_opportunities,2024,2024-12-24 17:00:00+00:00,2024-12-24 16:00:00+00:00,BTC/USDT,-0.030285399608521404,-3.01584049,0,0,0,0,sma_cross_down,2700,0.014898742824979161,-0.03347427612204035,2024-12-26 14:00:00+00:00,0,0.0028516827496849473,-0.0026419285286350958,-0.0007179970238454514,-0.02006939757998849,2024-12-26 17:00:00+00:00,0
ETH/USDT|2024-12-28T21:00:00+00:00,B_opportunities,2024,2024-12-28 21:00:00+00:00,2024-12-28 20:00:00+00:00,ETH/USDT,-0.02436261995483936,-2.43798089,0,0,0,0,sma_cross_down,2580,0.010948840710983454,-0.02804408944935244,2024-12-30 16:00:00+00:00,0,-0.003587855403545559,-0.0011645825736098514,-0.012054605982895983,-0.00027350045289331604,2024-12-30 21:00:00+00:00,0
BTC/USDT|2024-12-29T09:00:00+00:00,B_opportunities,2024,2024-12-29 09:00:00+00:00,2024-12-29 08:00:00+00:00,BTC/USDT,-0.020575381267352717,-2.05711378,0,0,0,0,sma_cross_down,780,0.0016349301480509393,-0.021397064211271855,2024-12-29 22:00:00+00:00,0,-0.005252759759356684,-0.013296212401310958,-0.013374426652220883,-0.012509549444915335,2024-12-31 09:00:00+00:00,0
ETH/USDT|2024-12-30T18:00:00+00:00,B_opportunities,2024,2024-12-30 18:00:00+00:00,2024-12-30 17:00:00+00:00,ETH/USDT,-0.010653018696672104,-1.06319426,0,0,0,0,sma_cross_down,360,0.008185796345879348,-0.024289050612755214,2024-12-31 00:00:00+00:00,0,-0.008678164817310319,-0.013844370987859955,-0.008212262662660286,,2025-01-01 18:00:00+00:00,1
BTC/USDT|2024-12-31T18:00:00+00:00,B_opportunities,2024,2024-12-31 18:00:00+00:00,2024-12-31 17:00:00+00:00,BTC/USDT,-0.008700306731416755,-0.86888174,0,0,0,0,force_exit,300,0.0031427657103224593,-0.007921087044197916,2024-12-31 23:00:00+00:00,1,-0.005789784929899788,,,,2025-01-02 18:00:00+00:00,1
