fold,evaluation_year,target,feature_set,model,pair,feature,ap_drop
1,2020,profitable_after_fees,A_all,logistic,ALL,ema20_distance,-0.0010418263443597309
1,2020,profitable_after_fees,A_all,logistic,ALL,ema50_distance,0.002355547944690173
1,2020,profitable_after_fees,A_all,logistic,ALL,ema_gap,0.0018679405011707468
1,2020,profitable_after_fees,A_all,logistic,ALL,ema20_slope_6,-0.009402922060402441
1,2020,profitable_after_fees,A_all,logistic,ALL,ema50_slope_6,0.0004419674450216367
1,2020,profitable_after_fees,A_all,logistic,ALL,trend_efficiency_20,0.0007214504746704079
1,2020,profitable_after_fees,A_all,logistic,ALL,range_ratio,-0.0005879960629089909
1,2020,profitable_after_fees,A_all,logistic,ALL,body_to_range,-0.007281009184556671
1,2020,profitable_after_fees,A_all,logistic,ALL,close_location,-0.0026048526653692137
1,2020,profitable_after_fees,A_all,logistic,ALL,natr14,-0.0013881280803844098
1,2020,profitable_after_fees,A_all,logistic,ALL,return_std_24,-0.0074094788653049455
1,2020,profitable_after_fees,A_all,logistic,ALL,return_std_168,0.012646298387334684
1,2020,profitable_after_fees,A_all,logistic,ALL,volatility_percentile_720,0.004843619672262822
1,2020,profitable_after_fees,A_all,logistic,ALL,rsi14,0.024612516843944516
1,2020,profitable_after_fees,A_all,logistic,ALL,macd_ratio,-0.00027747214865209147
1,2020,profitable_after_fees,A_all,logistic,ALL,macd_signal_ratio,-0.0019082090215710168
1,2020,profitable_after_fees,A_all,logistic,ALL,relative_volume_24,-0.0029646845684789445
1,2020,profitable_after_fees,A_all,logistic,ALL,volume_zscore_24,-0.0010646367106637393
1,2020,profitable_after_fees,A_all,logistic,ALL,volume_trend_24_168,-0.022330189773178077
1,2020,profitable_after_fees,A_all,logistic,ALL,regime_duration,0.04828895225567209
1,2020,profitable_after_fees,A_all,logistic,ALL,regime_transition,0.0046555366097167745
1,2020,profitable_after_fees,A_all,logistic,ALL,hour_of_day,-0.0027804911449456995
1,2020,profitable_after_fees,A_all,logistic,ALL,day_of_week,-0.0002609351464492408
1,2020,profitable_after_fees,A_all,logistic,ALL,distance_high_24,0.003705247074105263
1,2020,profitable_after_fees,A_all,logistic,ALL,distance_low_24,-0.0200381096116309
1,2020,profitable_after_fees,A_all,logistic,ALL,distance_high_168,0.023250284771089664
1,2020,profitable_after_fees,A_all,logistic,ALL,distance_low_168,-0.008080926851385525
1,2020,profitable_after_fees,A_all,logistic,ALL,candles_since_prior_signal,-0.001221553463858253
1,2020,profitable_after_fees,A_all,logistic,ALL,source_synthetic,0.0
1,2020,profitable_after_fees,A_all,logistic,ALL,pair,-0.001038330834004897
1,2020,profitable_after_fees,A_all,logistic,ALL,regime,-0.004369439002023245
1,2020,profitable_after_fees,A_all,logistic,ALL,return_1h,-3.53761864646159e-05
1,2020,profitable_after_fees,A_all,logistic,ALL,return_3h,4.626999240274025e-05
1,2020,profitable_after_fees,A_all,logistic,ALL,return_6h,-0.0002070377669728766
1,2020,profitable_after_fees,A_all,logistic,ALL,return_12h,0.004385846866082417
1,2020,profitable_after_fees,A_all,logistic,ALL,return_24h,-0.014808932034173106
1,2020,profitable_after_fees,A_all,logistic,ALL,return_72h,0.001202716699425103
1,2020,profitable_after_fees,A_all,logistic,ALL,return_168h,-0.01055832408121495
1,2020,profitable_after_fees,A_all,logistic,ALL,volatility_ratio_24_168,0.020872049686043725
1,2020,profitable_after_fees,A_all,logistic,ALL,natr_ratio_168,-0.019759359293969953
1,2020,profitable_after_fees,A_all,logistic,ALL,up_fraction_24,0.007877819950305657
1,2020,profitable_after_fees,A_all,logistic,ALL,volume_price_interaction,0.0028651485429478005
1,2020,profitable_after_fees,A_all,logistic,ALL,range_expansion_24,0.0049118424134461285
1,2020,profitable_after_fees,A_all,logistic,ALL,signal_density_168,-0.0006201927272553864
1,2020,profitable_after_fees,A_all,logistic,BTC/USDT,ema20_distance,-0.004576605805635865
1,2020,profitable_after_fees,A_all,logistic,BTC/USDT,ema50_distance,-0.007189900109145016
1,2020,profitable_after_fees,A_all,logistic,BTC/USDT,ema_gap,-0.0034717618216542068
1,2020,profitable_after_fees,A_all,logistic,BTC/USDT,ema20_slope_6,-0.0044082772554291565
1,2020,profitable_after_fees,A_all,logistic,BTC/USDT,ema50_slope_6,2.2910691769869224e-05
1,2020,profitable_after_fees,A_all,logistic,BTC/USDT,trend_efficiency_20,-0.003802714520384313
1,2020,profitable_after_fees,A_all,logistic,BTC/USDT,range_ratio,-0.0011946238357606886
1,2020,profitable_after_fees,A_all,logistic,BTC/USDT,body_to_range,-0.018537900455667205
1,2020,profitable_after_fees,A_all,logistic,BTC/USDT,close_location,-0.007255737643878528
1,2020,profitable_after_fees,A_all,logistic,BTC/USDT,natr14,0.0019069020752540689
1,2020,profitable_after_fees,A_all,logistic,BTC/USDT,return_std_24,0.01937265977627341
1,2020,profitable_after_fees,A_all,logistic,BTC/USDT,return_std_168,-0.016838287324817847
1,2020,profitable_after_fees,A_all,logistic,BTC/USDT,volatility_percentile_720,0.00301958324695184
1,2020,profitable_after_fees,A_all,logistic,BTC/USDT,rsi14,-0.005004600256705109
1,2020,profitable_after_fees,A_all,logistic,BTC/USDT,macd_ratio,-0.003571792347285293
1,2020,profitable_after_fees,A_all,logistic,BTC/USDT,macd_signal_ratio,-0.0036905298089321046
1,2020,profitable_after_fees,A_all,logistic,BTC/USDT,relative_volume_24,-0.0036675026494365306
1,2020,profitable_after_fees,A_all,logistic,BTC/USDT,volume_zscore_24,0.0122184488242242
1,2020,profitable_after_fees,A_all,logistic,BTC/USDT,volume_trend_24_168,-0.013969446397288717
1,2020,profitable_after_fees,A_all,logistic,BTC/USDT,regime_duration,0.040022586560779116
1,2020,profitable_after_fees,A_all,logistic,BTC/USDT,regime_transition,-0.011042325739768285
1,2020,profitable_after_fees,A_all,logistic,BTC/USDT,hour_of_day,0.00028824977401803453
1,2020,profitable_after_fees,A_all,logistic,BTC/USDT,day_of_week,-0.0005996325328982236
1,2020,profitable_after_fees,A_all,logistic,BTC/USDT,distance_high_24,0.04451490729942004
1,2020,profitable_after_fees,A_all,logistic,BTC/USDT,distance_low_24,-0.002452914649378709
1,2020,profitable_after_fees,A_all,logistic,BTC/USDT,distance_high_168,-0.02948340891737859
1,2020,profitable_after_fees,A_all,logistic,BTC/USDT,distance_low_168,-0.0017304180206709023
1,2020,profitable_after_fees,A_all,logistic,BTC/USDT,candles_since_prior_signal,-0.0009083350165477085
1,2020,profitable_after_fees,A_all,logistic,BTC/USDT,source_synthetic,0.0
1,2020,profitable_after_fees,A_all,logistic,BTC/USDT,pair,0.0
1,2020,profitable_after_fees,A_all,logistic,BTC/USDT,regime,-0.013269204514946342
1,2020,profitable_after_fees,A_all,logistic,BTC/USDT,return_1h,0.0011012528827843056
1,2020,profitable_after_fees,A_all,logistic,BTC/USDT,return_3h,-0.0004573283576177663
1,2020,profitable_after_fees,A_all,logistic,BTC/USDT,return_6h,-0.0005749680636569036
1,2020,profitable_after_fees,A_all,logistic,BTC/USDT,return_12h,-0.0047438713160382244
1,2020,profitable_after_fees,A_all,logistic,BTC/USDT,return_24h,-0.00596959483802791
1,2020,profitable_after_fees,A_all,logistic,BTC/USDT,return_72h,0.011692276058684151
1,2020,profitable_after_fees,A_all,logistic,BTC/USDT,return_168h,-0.009674180997618445
1,2020,profitable_after_fees,A_all,logistic,BTC/USDT,volatility_ratio_24_168,-0.0025622158688478427
1,2020,profitable_after_fees,A_all,logistic,BTC/USDT,natr_ratio_168,-0.02923996763357171
1,2020,profitable_after_fees,A_all,logistic,BTC/USDT,up_fraction_24,-0.0299568659890805
1,2020,profitable_after_fees,A_all,logistic,BTC/USDT,volume_price_interaction,-0.008592756647967345
1,2020,profitable_after_fees,A_all,logistic,BTC/USDT,range_expansion_24,0.00837580189581072
1,2020,profitable_after_fees,A_all,logistic,BTC/USDT,signal_density_168,0.004201698266564802
1,2020,profitable_after_fees,A_all,logistic,ETH/USDT,ema20_distance,0.0018906127071851204
1,2020,profitable_after_fees,A_all,logistic,ETH/USDT,ema50_distance,0.007589974053813823
1,2020,profitable_after_fees,A_all,logistic,ETH/USDT,ema_gap,0.01254040896464174
1,2020,profitable_after_fees,A_all,logistic,ETH/USDT,ema20_slope_6,0.0012637734896444968
1,2020,profitable_after_fees,A_all,logistic,ETH/USDT,ema50_slope_6,0.001483794840346886
1,2020,profitable_after_fees,A_all,logistic,ETH/USDT,trend_efficiency_20,0.009306408017295134
1,2020,profitable_after_fees,A_all,logistic,ETH/USDT,range_ratio,-0.000999208339712343
1,2020,profitable_after_fees,A_all,logistic,ETH/USDT,body_to_range,0.0026538354612082315
1,2020,profitable_after_fees,A_all,logistic,ETH/USDT,close_location,-0.00014625885099543248
1,2020,profitable_after_fees,A_all,logistic,ETH/USDT,natr14,0.001184740080503029
1,2020,profitable_after_fees,A_all,logistic,ETH/USDT,return_std_24,0.012206344492972384
1,2020,profitable_after_fees,A_all,logistic,ETH/USDT,return_std_168,0.013974491561887237
1,2020,profitable_after_fees,A_all,logistic,ETH/USDT,volatility_percentile_720,0.007133298154617644
1,2020,profitable_after_fees,A_all,logistic,ETH/USDT,rsi14,0.05292829646797346
1,2020,profitable_after_fees,A_all,logistic,ETH/USDT,macd_ratio,0.007731674889167077
1,2020,profitable_after_fees,A_all,logistic,ETH/USDT,macd_signal_ratio,-0.0015069475092910345
1,2020,profitable_after_fees,A_all,logistic,ETH/USDT,relative_volume_24,0.001432524725886175
1,2020,profitable_after_fees,A_all,logistic,ETH/USDT,volume_zscore_24,-0.000977267434990529
1,2020,profitable_after_fees,A_all,logistic,ETH/USDT,volume_trend_24_168,-0.024872644713485232
1,2020,profitable_after_fees,A_all,logistic,ETH/USDT,regime_duration,0.09430234811854711
1,2020,profitable_after_fees,A_all,logistic,ETH/USDT,regime_transition,0.026652045808546854
1,2020,profitable_after_fees,A_all,logistic,ETH/USDT,hour_of_day,-0.0034893119009100637
1,2020,profitable_after_fees,A_all,logistic,ETH/USDT,day_of_week,-0.0005088364698239145
1,2020,profitable_after_fees,A_all,logistic,ETH/USDT,distance_high_24,0.030975710482057828
1,2020,profitable_after_fees,A_all,logistic,ETH/USDT,distance_low_24,-0.0039767925572557665
1,2020,profitable_after_fees,A_all,logistic,ETH/USDT,distance_high_168,0.057318004649379396
1,2020,profitable_after_fees,A_all,logistic,ETH/USDT,distance_low_168,0.005781134802726943
1,2020,profitable_after_fees,A_all,logistic,ETH/USDT,candles_since_prior_signal,0.0021057721777921388
1,2020,profitable_after_fees,A_all,logistic,ETH/USDT,source_synthetic,0.0
1,2020,profitable_after_fees,A_all,logistic,ETH/USDT,pair,0.0
1,2020,profitable_after_fees,A_all,logistic,ETH/USDT,regime,0.023543549795634333
1,2020,profitable_after_fees,A_all,logistic,ETH/USDT,return_1h,-0.0015693166776470369
1,2020,profitable_after_fees,A_all,logistic,ETH/USDT,return_3h,0.00031999928551647755
1,2020,profitable_after_fees,A_all,logistic,ETH/USDT,return_6h,-0.0005613915822229032
1,2020,profitable_after_fees,A_all,logistic,ETH/USDT,return_12h,0.006591946490288973
1,2020,profitable_after_fees,A_all,logistic,ETH/USDT,return_24h,-0.017054928503624518
1,2020,profitable_after_fees,A_all,logistic,ETH/USDT,return_72h,0.017704824076949843
1,2020,profitable_after_fees,A_all,logistic,ETH/USDT,return_168h,0.04350016150884221
1,2020,profitable_after_fees,A_all,logistic,ETH/USDT,volatility_ratio_24_168,0.06056226665225445
1,2020,profitable_after_fees,A_all,logistic,ETH/USDT,natr_ratio_168,-0.005257176952122504
1,2020,profitable_after_fees,A_all,logistic,ETH/USDT,up_fraction_24,0.04951776789940937
1,2020,profitable_after_fees,A_all,logistic,ETH/USDT,volume_price_interaction,0.0052939994672989155
1,2020,profitable_after_fees,A_all,logistic,ETH/USDT,range_expansion_24,-0.0015697888947433514
1,2020,profitable_after_fees,A_all,logistic,ETH/USDT,signal_density_168,0.011053526786505249
1,2020,profitable_after_fees,A_all,forest,ALL,ema20_distance,-0.007110678669081698
1,2020,profitable_after_fees,A_all,forest,ALL,ema50_distance,-0.0038548569480008807
1,2020,profitable_after_fees,A_all,forest,ALL,ema_gap,0.03436363957971552
1,2020,profitable_after_fees,A_all,forest,ALL,ema20_slope_6,-0.009023398702168653
1,2020,profitable_after_fees,A_all,forest,ALL,ema50_slope_6,0.009071449208565785
1,2020,profitable_after_fees,A_all,forest,ALL,trend_efficiency_20,-0.0029352524864996177
1,2020,profitable_after_fees,A_all,forest,ALL,range_ratio,0.00864037341189866
1,2020,profitable_after_fees,A_all,forest,ALL,body_to_range,0.0007390566886185298
1,2020,profitable_after_fees,A_all,forest,ALL,close_location,0.005410546880738498
1,2020,profitable_after_fees,A_all,forest,ALL,natr14,0.010645101037437987
1,2020,profitable_after_fees,A_all,forest,ALL,return_std_24,0.0006959671664226175
1,2020,profitable_after_fees,A_all,forest,ALL,return_std_168,0.007327989189973201
1,2020,profitable_after_fees,A_all,forest,ALL,volatility_percentile_720,-0.007933127208251825
1,2020,profitable_after_fees,A_all,forest,ALL,rsi14,-0.003277318551735464
1,2020,profitable_after_fees,A_all,forest,ALL,macd_ratio,0.011915719047475995
1,2020,profitable_after_fees,A_all,forest,ALL,macd_signal_ratio,0.005516640463770077
1,2020,profitable_after_fees,A_all,forest,ALL,relative_volume_24,0.002143846939486327
1,2020,profitable_after_fees,A_all,forest,ALL,volume_zscore_24,0.0008639019492700887
1,2020,profitable_after_fees,A_all,forest,ALL,volume_trend_24_168,0.004411696143324262
1,2020,profitable_after_fees,A_all,forest,ALL,regime_duration,0.004277345090123193
1,2020,profitable_after_fees,A_all,forest,ALL,regime_transition,0.0
1,2020,profitable_after_fees,A_all,forest,ALL,hour_of_day,-0.006820705443845572
1,2020,profitable_after_fees,A_all,forest,ALL,day_of_week,0.0006691207528614259
1,2020,profitable_after_fees,A_all,forest,ALL,distance_high_24,0.0034691012474375262
1,2020,profitable_after_fees,A_all,forest,ALL,distance_low_24,-0.005231286501985122
1,2020,profitable_after_fees,A_all,forest,ALL,distance_high_168,-0.01272509619812423
1,2020,profitable_after_fees,A_all,forest,ALL,distance_low_168,-0.000520186806908444
1,2020,profitable_after_fees,A_all,forest,ALL,candles_since_prior_signal,-0.0007652990787841244
1,2020,profitable_after_fees,A_all,forest,ALL,source_synthetic,0.0
1,2020,profitable_after_fees,A_all,forest,ALL,pair,0.0012044227481372571
1,2020,profitable_after_fees,A_all,forest,ALL,regime,0.000628365440682325
1,2020,profitable_after_fees,A_all,forest,ALL,return_1h,-0.0022797029406436686
1,2020,profitable_after_fees,A_all,forest,ALL,return_3h,-0.022227603188254008
1,2020,profitable_after_fees,A_all,forest,ALL,return_6h,-0.014539102931737935
1,2020,profitable_after_fees,A_all,forest,ALL,return_12h,0.0027531573575640955
1,2020,profitable_after_fees,A_all,forest,ALL,return_24h,-0.012504731419228718
1,2020,profitable_after_fees,A_all,forest,ALL,return_72h,-0.004433417607784078
1,2020,profitable_after_fees,A_all,forest,ALL,return_168h,-0.01996852845147971
1,2020,profitable_after_fees,A_all,forest,ALL,volatility_ratio_24_168,0.014624062519742723
1,2020,profitable_after_fees,A_all,forest,ALL,natr_ratio_168,-0.005345578704164393
1,2020,profitable_after_fees,A_all,forest,ALL,up_fraction_24,0.00012970391545654344
1,2020,profitable_after_fees,A_all,forest,ALL,volume_price_interaction,-0.004841619826233194
1,2020,profitable_after_fees,A_all,forest,ALL,range_expansion_24,-0.002759012518521342
1,2020,profitable_after_fees,A_all,forest,ALL,signal_density_168,-0.00045073010941681924
1,2020,profitable_after_fees,A_all,forest,BTC/USDT,ema20_distance,0.003814500625050954
1,2020,profitable_after_fees,A_all,forest,BTC/USDT,ema50_distance,-2.8273610286844164e-05
1,2020,profitable_after_fees,A_all,forest,BTC/USDT,ema_gap,0.006639774116960946
1,2020,profitable_after_fees,A_all,forest,BTC/USDT,ema20_slope_6,0.00021855387477729785
1,2020,profitable_after_fees,A_all,forest,BTC/USDT,ema50_slope_6,0.004760342860051485
1,2020,profitable_after_fees,A_all,forest,BTC/USDT,trend_efficiency_20,-0.002130267576315107
1,2020,profitable_after_fees,A_all,forest,BTC/USDT,range_ratio,0.004579693239082676
1,2020,profitable_after_fees,A_all,forest,BTC/USDT,body_to_range,-0.0007569094233043638
1,2020,profitable_after_fees,A_all,forest,BTC/USDT,close_location,0.002284858446243506
1,2020,profitable_after_fees,A_all,forest,BTC/USDT,natr14,0.002757917407591348
1,2020,profitable_after_fees,A_all,forest,BTC/USDT,return_std_24,0.005192001894941363
1,2020,profitable_after_fees,A_all,forest,BTC/USDT,return_std_168,-0.024140444109588394
1,2020,profitable_after_fees,A_all,forest,BTC/USDT,volatility_percentile_720,0.0014134079667956951
1,2020,profitable_after_fees,A_all,forest,BTC/USDT,rsi14,0.0046887327734862665
1,2020,profitable_after_fees,A_all,forest,BTC/USDT,macd_ratio,-0.008260531532751433
1,2020,profitable_after_fees,A_all,forest,BTC/USDT,macd_signal_ratio,0.0007608028453205037
1,2020,profitable_after_fees,A_all,forest,BTC/USDT,relative_volume_24,-0.003974644695959799
1,2020,profitable_after_fees,A_all,forest,BTC/USDT,volume_zscore_24,0.0019027530335111176
1,2020,profitable_after_fees,A_all,forest,BTC/USDT,volume_trend_24_168,0.007430631717657399
1,2020,profitable_after_fees,A_all,forest,BTC/USDT,regime_duration,0.0022554758352861803
1,2020,profitable_after_fees,A_all,forest,BTC/USDT,regime_transition,0.0
1,2020,profitable_after_fees,A_all,forest,BTC/USDT,hour_of_day,0.006517937615539056
1,2020,profitable_after_fees,A_all,forest,BTC/USDT,day_of_week,-0.0005372393774792372
1,2020,profitable_after_fees,A_all,forest,BTC/USDT,distance_high_24,0.007226127561906215
1,2020,profitable_after_fees,A_all,forest,BTC/USDT,distance_low_24,4.160186251421042e-05
1,2020,profitable_after_fees,A_all,forest,BTC/USDT,distance_high_168,-0.017930284903479476
1,2020,profitable_after_fees,A_all,forest,BTC/USDT,distance_low_168,0.000386229365757218
1,2020,profitable_after_fees,A_all,forest,BTC/USDT,candles_since_prior_signal,-0.0010328031624804816
1,2020,profitable_after_fees,A_all,forest,BTC/USDT,source_synthetic,0.0
1,2020,profitable_after_fees,A_all,forest,BTC/USDT,pair,0.0
1,2020,profitable_after_fees,A_all,forest,BTC/USDT,regime,0.0019004998441817984
1,2020,profitable_after_fees,A_all,forest,BTC/USDT,return_1h,-0.0018012100833954918
1,2020,profitable_after_fees,A_all,forest,BTC/USDT,return_3h,0.0014785233914771008
1,2020,profitable_after_fees,A_all,forest,BTC/USDT,return_6h,0.00033746327885329314
1,2020,profitable_after_fees,A_all,forest,BTC/USDT,return_12h,0.0012148607704937642
1,2020,profitable_after_fees,A_all,forest,BTC/USDT,return_24h,-0.009557443425967612
1,2020,profitable_after_fees,A_all,forest,BTC/USDT,return_72h,-0.0012384334700163795
1,2020,profitable_after_fees,A_all,forest,BTC/USDT,return_168h,-0.005182952968394161
1,2020,profitable_after_fees,A_all,forest,BTC/USDT,volatility_ratio_24_168,-0.010546876489909837
1,2020,profitable_after_fees,A_all,forest,BTC/USDT,natr_ratio_168,0.008213802151510833
1,2020,profitable_after_fees,A_all,forest,BTC/USDT,up_fraction_24,-0.0032980089636974372
1,2020,profitable_after_fees,A_all,forest,BTC/USDT,volume_price_interaction,-0.00041754387543128474
1,2020,profitable_after_fees,A_all,forest,BTC/USDT,range_expansion_24,0.0014729714635263365
1,2020,profitable_after_fees,A_all,forest,BTC/USDT,signal_density_168,0.0003538876775411315
1,2020,profitable_after_fees,A_all,forest,ETH/USDT,ema20_distance,-0.008274523889155172
1,2020,profitable_after_fees,A_all,forest,ETH/USDT,ema50_distance,-0.01730405931171149
1,2020,profitable_after_fees,A_all,forest,ETH/USDT,ema_gap,0.052905024830984214
1,2020,profitable_after_fees,A_all,forest,ETH/USDT,ema20_slope_6,-0.004735083377760445
1,2020,profitable_after_fees,A_all,forest,ETH/USDT,ema50_slope_6,0.010072739787184481
1,2020,profitable_after_fees,A_all,forest,ETH/USDT,trend_efficiency_20,-0.007048373226330377
1,2020,profitable_after_fees,A_all,forest,ETH/USDT,range_ratio,0.005768184442909385
1,2020,profitable_after_fees,A_all,forest,ETH/USDT,body_to_range,0.001582124571577063
1,2020,profitable_after_fees,A_all,forest,ETH/USDT,close_location,-0.0011794491863698076
1,2020,profitable_after_fees,A_all,forest,ETH/USDT,natr14,0.007948975447747789
1,2020,profitable_after_fees,A_all,forest,ETH/USDT,return_std_24,-0.0006524633324349605
1,2020,profitable_after_fees,A_all,forest,ETH/USDT,return_std_168,0.02819408735621613
1,2020,profitable_after_fees,A_all,forest,ETH/USDT,volatility_percentile_720,-0.009575964702274212
1,2020,profitable_after_fees,A_all,forest,ETH/USDT,rsi14,-0.008845670002596099
1,2020,profitable_after_fees,A_all,forest,ETH/USDT,macd_ratio,0.00524657658815771
1,2020,profitable_after_fees,A_all,forest,ETH/USDT,macd_signal_ratio,-0.006387579602848341
1,2020,profitable_after_fees,A_all,forest,ETH/USDT,relative_volume_24,-0.004241069076655483
1,2020,profitable_after_fees,A_all,forest,ETH/USDT,volume_zscore_24,0.0038839376489442725
1,2020,profitable_after_fees,A_all,forest,ETH/USDT,volume_trend_24_168,0.021139379177722423
1,2020,profitable_after_fees,A_all,forest,ETH/USDT,regime_duration,-0.00457660065565794
1,2020,profitable_after_fees,A_all,forest,ETH/USDT,regime_transition,0.0
1,2020,profitable_after_fees,A_all,forest,ETH/USDT,hour_of_day,-0.0004160648510434702
1,2020,profitable_after_fees,A_all,forest,ETH/USDT,day_of_week,7.929834678477299e-05
1,2020,profitable_after_fees,A_all,forest,ETH/USDT,distance_high_24,-0.0030501641682075067
1,2020,profitable_after_fees,A_all,forest,ETH/USDT,distance_low_24,0.004770167733739099
1,2020,profitable_after_fees,A_all,forest,ETH/USDT,distance_high_168,-0.003145296258525739
1,2020,profitable_after_fees,A_all,forest,ETH/USDT,distance_low_168,-0.012746160668421566
1,2020,profitable_after_fees,A_all,forest,ETH/USDT,candles_since_prior_signal,-0.003498744828449326
1,2020,profitable_after_fees,A_all,forest,ETH/USDT,source_synthetic,0.0
1,2020,profitable_after_fees,A_all,forest,ETH/USDT,pair,0.0
1,2020,profitable_after_fees,A_all,forest,ETH/USDT,regime,-0.001155180847417688
1,2020,profitable_after_fees,A_all,forest,ETH/USDT,return_1h,-0.0022900291047988444
1,2020,profitable_after_fees,A_all,forest,ETH/USDT,return_3h,-0.017023664522055726
1,2020,profitable_after_fees,A_all,forest,ETH/USDT,return_6h,0.0030114487450600227
1,2020,profitable_after_fees,A_all,forest,ETH/USDT,return_12h,0.0014107898331798818
1,2020,profitable_after_fees,A_all,forest,ETH/USDT,return_24h,-0.001409057613160088
1,2020,profitable_after_fees,A_all,forest,ETH/USDT,return_72h,-0.01909808515408662
1,2020,profitable_after_fees,A_all,forest,ETH/USDT,return_168h,-0.016620388338628295
1,2020,profitable_after_fees,A_all,forest,ETH/USDT,volatility_ratio_24_168,0.02688161365802011
1,2020,profitable_after_fees,A_all,forest,ETH/USDT,natr_ratio_168,0.01099402791235815
1,2020,profitable_after_fees,A_all,forest,ETH/USDT,up_fraction_24,-0.0016038914764709238
1,2020,profitable_after_fees,A_all,forest,ETH/USDT,volume_price_interaction,-0.00178670681312539
1,2020,profitable_after_fees,A_all,forest,ETH/USDT,range_expansion_24,-0.01421289281010644
1,2020,profitable_after_fees,A_all,forest,ETH/USDT,signal_density_168,-0.0003077491163154811
1,2020,profitable_after_fees,A_all,hist_gradient,ALL,ema20_distance,-0.0019510753364402704
1,2020,profitable_after_fees,A_all,hist_gradient,ALL,ema50_distance,0.0
1,2020,profitable_after_fees,A_all,hist_gradient,ALL,ema_gap,0.018198335866829507
1,2020,profitable_after_fees,A_all,hist_gradient,ALL,ema20_slope_6,-0.0005760835207419731
1,2020,profitable_after_fees,A_all,hist_gradient,ALL,ema50_slope_6,-0.0013647145181326925
1,2020,profitable_after_fees,A_all,hist_gradient,ALL,trend_efficiency_20,-0.05033040946470293
1,2020,profitable_after_fees,A_all,hist_gradient,ALL,range_ratio,0.0
1,2020,profitable_after_fees,A_all,hist_gradient,ALL,body_to_range,0.0
1,2020,profitable_after_fees,A_all,hist_gradient,ALL,close_location,0.005611727792829331
1,2020,profitable_after_fees,A_all,hist_gradient,ALL,natr14,3.155766882791585e-05
1,2020,profitable_after_fees,A_all,hist_gradient,ALL,return_std_24,0.0030148744485839853
1,2020,profitable_after_fees,A_all,hist_gradient,ALL,return_std_168,-0.0018700888394858433
1,2020,profitable_after_fees,A_all,hist_gradient,ALL,volatility_percentile_720,-0.0037904115428084952
1,2020,profitable_after_fees,A_all,hist_gradient,ALL,rsi14,-0.004098568762356962
1,2020,profitable_after_fees,A_all,hist_gradient,ALL,macd_ratio,0.0
1,2020,profitable_after_fees,A_all,hist_gradient,ALL,macd_signal_ratio,0.0012203738487219968
1,2020,profitable_after_fees,A_all,hist_gradient,ALL,relative_volume_24,0.00037131261744631033
1,2020,profitable_after_fees,A_all,hist_gradient,ALL,volume_zscore_24,-0.0006094886375503742
1,2020,profitable_after_fees,A_all,hist_gradient,ALL,volume_trend_24_168,-1.709246223450626e-05
1,2020,profitable_after_fees,A_all,hist_gradient,ALL,regime_duration,0.00045512863611344806
1,2020,profitable_after_fees,A_all,hist_gradient,ALL,regime_transition,0.0
1,2020,profitable_after_fees,A_all,hist_gradient,ALL,hour_of_day,-0.0015418046481073995
1,2020,profitable_after_fees,A_all,hist_gradient,ALL,day_of_week,-0.00015423858647845012
1,2020,profitable_after_fees,A_all,hist_gradient,ALL,distance_high_24,0.011014688756437832
1,2020,profitable_after_fees,A_all,hist_gradient,ALL,distance_low_24,0.000439058532889743
1,2020,profitable_after_fees,A_all,hist_gradient,ALL,distance_high_168,-0.01294280965756702
1,2020,profitable_after_fees,A_all,hist_gradient,ALL,distance_low_168,-0.0033321352933187534
1,2020,profitable_after_fees,A_all,hist_gradient,ALL,candles_since_prior_signal,0.0
1,2020,profitable_after_fees,A_all,hist_gradient,ALL,source_synthetic,0.0
1,2020,profitable_after_fees,A_all,hist_gradient,ALL,pair,0.0
1,2020,profitable_after_fees,A_all,hist_gradient,ALL,regime,0.0
1,2020,profitable_after_fees,A_all,hist_gradient,ALL,return_1h,-0.0030771937307987516
1,2020,profitable_after_fees,A_all,hist_gradient,ALL,return_3h,-0.007099226645417252
1,2020,profitable_after_fees,A_all,hist_gradient,ALL,return_6h,-0.0012943416306616662
1,2020,profitable_after_fees,A_all,hist_gradient,ALL,return_12h,-0.007056321580435361
1,2020,profitable_after_fees,A_all,hist_gradient,ALL,return_24h,0.0005672806196642307
1,2020,profitable_after_fees,A_all,hist_gradient,ALL,return_72h,-0.008384188812108914
1,2020,profitable_after_fees,A_all,hist_gradient,ALL,return_168h,0.010974836288097903
1,2020,profitable_after_fees,A_all,hist_gradient,ALL,volatility_ratio_24_168,0.0
1,2020,profitable_after_fees,A_all,hist_gradient,ALL,natr_ratio_168,-0.001106800254230933
1,2020,profitable_after_fees,A_all,hist_gradient,ALL,up_fraction_24,0.0
1,2020,profitable_after_fees,A_all,hist_gradient,ALL,volume_price_interaction,-0.003468965666783138
1,2020,profitable_after_fees,A_all,hist_gradient,ALL,range_expansion_24,0.006539941282359925
1,2020,profitable_after_fees,A_all,hist_gradient,ALL,signal_density_168,0.0
1,2020,profitable_after_fees,A_all,hist_gradient,BTC/USDT,ema20_distance,-0.0036809359815847174
1,2020,profitable_after_fees,A_all,hist_gradient,BTC/USDT,ema50_distance,0.0
1,2020,profitable_after_fees,A_all,hist_gradient,BTC/USDT,ema_gap,0.022088662176862766
1,2020,profitable_after_fees,A_all,hist_gradient,BTC/USDT,ema20_slope_6,0.0009065815308309707
1,2020,profitable_after_fees,A_all,hist_gradient,BTC/USDT,ema50_slope_6,0.0004857888398376679
1,2020,profitable_after_fees,A_all,hist_gradient,BTC/USDT,trend_efficiency_20,-0.024641523535398575
1,2020,profitable_after_fees,A_all,hist_gradient,BTC/USDT,range_ratio,0.0
1,2020,profitable_after_fees,A_all,hist_gradient,BTC/USDT,body_to_range,0.0
1,2020,profitable_after_fees,A_all,hist_gradient,BTC/USDT,close_location,0.006281201664648073
1,2020,profitable_after_fees,A_all,hist_gradient,BTC/USDT,natr14,-0.007180341764583542
1,2020,profitable_after_fees,A_all,hist_gradient,BTC/USDT,return_std_24,0.002297511485593632
1,2020,profitable_after_fees,A_all,hist_gradient,BTC/USDT,return_std_168,-0.0005942724373809161
1,2020,profitable_after_fees,A_all,hist_gradient,BTC/USDT,volatility_percentile_720,-0.0020278128489928013
1,2020,profitable_after_fees,A_all,hist_gradient,BTC/USDT,rsi14,-0.005689099172062136
1,2020,profitable_after_fees,A_all,hist_gradient,BTC/USDT,macd_ratio,0.0
1,2020,profitable_after_fees,A_all,hist_gradient,BTC/USDT,macd_signal_ratio,0.013362803166596326
1,2020,profitable_after_fees,A_all,hist_gradient,BTC/USDT,relative_volume_24,-0.0027967455869899647
1,2020,profitable_after_fees,A_all,hist_gradient,BTC/USDT,volume_zscore_24,-0.0003926855042044782
1,2020,profitable_after_fees,A_all,hist_gradient,BTC/USDT,volume_trend_24_168,0.00019217330538090494
1,2020,profitable_after_fees,A_all,hist_gradient,BTC/USDT,regime_duration,0.001179811913572563
1,2020,profitable_after_fees,A_all,hist_gradient,BTC/USDT,regime_transition,0.0
1,2020,profitable_after_fees,A_all,hist_gradient,BTC/USDT,hour_of_day,-0.0008196560613397871
1,2020,profitable_after_fees,A_all,hist_gradient,BTC/USDT,day_of_week,-8.225866773607185e-06
1,2020,profitable_after_fees,A_all,hist_gradient,BTC/USDT,distance_high_24,0.017904953949408275
1,2020,profitable_after_fees,A_all,hist_gradient,BTC/USDT,distance_low_24,-0.002235089510757682
1,2020,profitable_after_fees,A_all,hist_gradient,BTC/USDT,distance_high_168,-0.034806114775665586
1,2020,profitable_after_fees,A_all,hist_gradient,BTC/USDT,distance_low_168,0.0019417492406490304
1,2020,profitable_after_fees,A_all,hist_gradient,BTC/USDT,candles_since_prior_signal,0.0
1,2020,profitable_after_fees,A_all,hist_gradient,BTC/USDT,source_synthetic,0.0
1,2020,profitable_after_fees,A_all,hist_gradient,BTC/USDT,pair,0.0
1,2020,profitable_after_fees,A_all,hist_gradient,BTC/USDT,regime,0.0
1,2020,profitable_after_fees,A_all,hist_gradient,BTC/USDT,return_1h,-0.0035369155610868175
1,2020,profitable_after_fees,A_all,hist_gradient,BTC/USDT,return_3h,0.00013137875876839678
1,2020,profitable_after_fees,A_all,hist_gradient,BTC/USDT,return_6h,-0.002084652757998499
1,2020,profitable_after_fees,A_all,hist_gradient,BTC/USDT,return_12h,-0.026809689752497996
1,2020,profitable_after_fees,A_all,hist_gradient,BTC/USDT,return_24h,-0.0003587811780048818
1,2020,profitable_after_fees,A_all,hist_gradient,BTC/USDT,return_72h,0.0034843927189527704
1,2020,profitable_after_fees,A_all,hist_gradient,BTC/USDT,return_168h,0.007319500268227808
1,2020,profitable_after_fees,A_all,hist_gradient,BTC/USDT,volatility_ratio_24_168,0.0
1,2020,profitable_after_fees,A_all,hist_gradient,BTC/USDT,natr_ratio_168,0.0014855858559640704
1,2020,profitable_after_fees,A_all,hist_gradient,BTC/USDT,up_fraction_24,0.0
1,2020,profitable_after_fees,A_all,hist_gradient,BTC/USDT,volume_price_interaction,-0.0036282414609369686
1,2020,profitable_after_fees,A_all,hist_gradient,BTC/USDT,range_expansion_24,0.0037446532051538806
1,2020,profitable_after_fees,A_all,hist_gradient,BTC/USDT,signal_density_168,0.0
1,2020,profitable_after_fees,A_all,hist_gradient,ETH/USDT,ema20_distance,0.004037981346050157
1,2020,profitable_after_fees,A_all,hist_gradient,ETH/USDT,ema50_distance,0.0
1,2020,profitable_after_fees,A_all,hist_gradient,ETH/USDT,ema_gap,0.06720110588602392
1,2020,profitable_after_fees,A_all,hist_gradient,ETH/USDT,ema20_slope_6,0.001046956794855447
1,2020,profitable_after_fees,A_all,hist_gradient,ETH/USDT,ema50_slope_6,-0.006602308927631769
1,2020,profitable_after_fees,A_all,hist_gradient,ETH/USDT,trend_efficiency_20,-0.06520910158460162
1,2020,profitable_after_fees,A_all,hist_gradient,ETH/USDT,range_ratio,0.0
1,2020,profitable_after_fees,A_all,hist_gradient,ETH/USDT,body_to_range,0.0
1,2020,profitable_after_fees,A_all,hist_gradient,ETH/USDT,close_location,0.010724461255708547
1,2020,profitable_after_fees,A_all,hist_gradient,ETH/USDT,natr14,0.005345175049067914
1,2020,profitable_after_fees,A_all,hist_gradient,ETH/USDT,return_std_24,-0.0018438055211242494
1,2020,profitable_after_fees,A_all,hist_gradient,ETH/USDT,return_std_168,-0.0016420095363512226
1,2020,profitable_after_fees,A_all,hist_gradient,ETH/USDT,volatility_percentile_720,-0.0052790505022215495
1,2020,profitable_after_fees,A_all,hist_gradient,ETH/USDT,rsi14,-0.01248604579977867
1,2020,profitable_after_fees,A_all,hist_gradient,ETH/USDT,macd_ratio,0.0
1,2020,profitable_after_fees,A_all,hist_gradient,ETH/USDT,macd_signal_ratio,0.00015420568754812938
1,2020,profitable_after_fees,A_all,hist_gradient,ETH/USDT,relative_volume_24,-0.0017598260368346663
1,2020,profitable_after_fees,A_all,hist_gradient,ETH/USDT,volume_zscore_24,-0.0015200332673644956
1,2020,profitable_after_fees,A_all,hist_gradient,ETH/USDT,volume_trend_24_168,-1.6164287730916864e-06
1,2020,profitable_after_fees,A_all,hist_gradient,ETH/USDT,regime_duration,-0.011576414239905963
1,2020,profitable_after_fees,A_all,hist_gradient,ETH/USDT,regime_transition,0.0
1,2020,profitable_after_fees,A_all,hist_gradient,ETH/USDT,hour_of_day,-0.0024745891156100486
1,2020,profitable_after_fees,A_all,hist_gradient,ETH/USDT,day_of_week,-0.0005171822058401091
1,2020,profitable_after_fees,A_all,hist_gradient,ETH/USDT,distance_high_24,0.033714537227843046
1,2020,profitable_after_fees,A_all,hist_gradient,ETH/USDT,distance_low_24,-0.0013160128743344712
1,2020,profitable_after_fees,A_all,hist_gradient,ETH/USDT,distance_high_168,0.042998005133879524
1,2020,profitable_after_fees,A_all,hist_gradient,ETH/USDT,distance_low_168,-0.014800719497658895
1,2020,profitable_after_fees,A_all,hist_gradient,ETH/USDT,candles_since_prior_signal,0.0
1,2020,profitable_after_fees,A_all,hist_gradient,ETH/USDT,source_synthetic,0.0
1,2020,profitable_after_fees,A_all,hist_gradient,ETH/USDT,pair,0.0
1,2020,profitable_after_fees,A_all,hist_gradient,ETH/USDT,regime,0.0
1,2020,profitable_after_fees,A_all,hist_gradient,ETH/USDT,return_1h,-0.002506912817431465
1,2020,profitable_after_fees,A_all,hist_gradient,ETH/USDT,return_3h,-0.007230708087490045
1,2020,profitable_after_fees,A_all,hist_gradient,ETH/USDT,return_6h,-0.0012010768029792802
1,2020,profitable_after_fees,A_all,hist_gradient,ETH/USDT,return_12h,0.01742877786631014
1,2020,profitable_after_fees,A_all,hist_gradient,ETH/USDT,return_24h,0.02689759500034759
1,2020,profitable_after_fees,A_all,hist_gradient,ETH/USDT,return_72h,-0.016981386518477803
1,2020,profitable_after_fees,A_all,hist_gradient,ETH/USDT,return_168h,0.03366761097027229
1,2020,profitable_after_fees,A_all,hist_gradient,ETH/USDT,volatility_ratio_24_168,0.0
1,2020,profitable_after_fees,A_all,hist_gradient,ETH/USDT,natr_ratio_168,0.027360391147695857
1,2020,profitable_after_fees,A_all,hist_gradient,ETH/USDT,up_fraction_24,0.0
1,2020,profitable_after_fees,A_all,hist_gradient,ETH/USDT,volume_price_interaction,-0.008349481694895725
1,2020,profitable_after_fees,A_all,hist_gradient,ETH/USDT,range_expansion_24,0.010163120488806706
1,2020,profitable_after_fees,A_all,hist_gradient,ETH/USDT,signal_density_168,0.0
2,2021,profitable_after_fees,A_all,logistic,ALL,ema20_distance,0.003986791600130601
2,2021,profitable_after_fees,A_all,logistic,ALL,ema50_distance,0.014949178698029494
2,2021,profitable_after_fees,A_all,logistic,ALL,ema_gap,0.006964880816881551
2,2021,profitable_after_fees,A_all,logistic,ALL,ema20_slope_6,-0.0014327520272834904
2,2021,profitable_after_fees,A_all,logistic,ALL,ema50_slope_6,0.006782557457414999
2,2021,profitable_after_fees,A_all,logistic,ALL,trend_efficiency_20,0.0015275852762443587
2,2021,profitable_after_fees,A_all,logistic,ALL,range_ratio,-0.0069664985448406975
2,2021,profitable_after_fees,A_all,logistic,ALL,body_to_range,-1.0646808960993829e-05
2,2021,profitable_after_fees,A_all,logistic,ALL,close_location,0.006855605456560776
2,2021,profitable_after_fees,A_all,logistic,ALL,natr14,0.0008639736117015592
2,2021,profitable_after_fees,A_all,logistic,ALL,return_std_24,0.002129048274919961
2,2021,profitable_after_fees,A_all,logistic,ALL,return_std_168,0.0011887235417794573
2,2021,profitable_after_fees,A_all,logistic,ALL,volatility_percentile_720,0.006413100482820733
2,2021,profitable_after_fees,A_all,logistic,ALL,rsi14,0.005607565639323427
2,2021,profitable_after_fees,A_all,logistic,ALL,macd_ratio,-0.0020620194993261434
2,2021,profitable_after_fees,A_all,logistic,ALL,macd_signal_ratio,-0.005865171484315608
2,2021,profitable_after_fees,A_all,logistic,ALL,relative_volume_24,0.005671733794854898
2,2021,profitable_after_fees,A_all,logistic,ALL,volume_zscore_24,-0.006966726477762253
2,2021,profitable_after_fees,A_all,logistic,ALL,volume_trend_24_168,-0.0012587168760831806
2,2021,profitable_after_fees,A_all,logistic,ALL,regime_duration,0.03464794656745498
2,2021,profitable_after_fees,A_all,logistic,ALL,regime_transition,0.004321119845172509
2,2021,profitable_after_fees,A_all,logistic,ALL,hour_of_day,0.004223440488967611
2,2021,profitable_after_fees,A_all,logistic,ALL,day_of_week,0.00018687088915420036
2,2021,profitable_after_fees,A_all,logistic,ALL,distance_high_24,-0.010495563489818597
2,2021,profitable_after_fees,A_all,logistic,ALL,distance_low_24,0.0041286787990194584
2,2021,profitable_after_fees,A_all,logistic,ALL,distance_high_168,0.011935835207192528
2,2021,profitable_after_fees,A_all,logistic,ALL,distance_low_168,0.0013089339012519186
2,2021,profitable_after_fees,A_all,logistic,ALL,candles_since_prior_signal,0.0020822303952256296
2,2021,profitable_after_fees,A_all,logistic,ALL,source_synthetic,0.0
2,2021,profitable_after_fees,A_all,logistic,ALL,pair,-0.00026528046146806483
2,2021,profitable_after_fees,A_all,logistic,ALL,regime,0.0014943836031144537
2,2021,profitable_after_fees,A_all,logistic,ALL,return_1h,-0.023751995631985896
2,2021,profitable_after_fees,A_all,logistic,ALL,return_3h,-0.0019191835614671415
2,2021,profitable_after_fees,A_all,logistic,ALL,return_6h,0.001665818989113906
2,2021,profitable_after_fees,A_all,logistic,ALL,return_12h,0.01662518444118638
2,2021,profitable_after_fees,A_all,logistic,ALL,return_24h,-0.0009533239133834118
2,2021,profitable_after_fees,A_all,logistic,ALL,return_72h,-0.006216087282604236
2,2021,profitable_after_fees,A_all,logistic,ALL,return_168h,0.00015675957118900982
2,2021,profitable_after_fees,A_all,logistic,ALL,volatility_ratio_24_168,0.010636990800312052
2,2021,profitable_after_fees,A_all,logistic,ALL,natr_ratio_168,0.005849853795203881
2,2021,profitable_after_fees,A_all,logistic,ALL,up_fraction_24,-0.0014773247928270838
2,2021,profitable_after_fees,A_all,logistic,ALL,volume_price_interaction,-0.0009187029307271185
2,2021,profitable_after_fees,A_all,logistic,ALL,range_expansion_24,-0.004555428583157532
2,2021,profitable_after_fees,A_all,logistic,ALL,signal_density_168,0.0007487665223900689
2,2021,profitable_after_fees,A_all,logistic,BTC/USDT,ema20_distance,0.0004616676903667997
2,2021,profitable_after_fees,A_all,logistic,BTC/USDT,ema50_distance,0.007488415000565629
2,2021,profitable_after_fees,A_all,logistic,BTC/USDT,ema_gap,0.012312904605732497
2,2021,profitable_after_fees,A_all,logistic,BTC/USDT,ema20_slope_6,0.0014105569863257321
2,2021,profitable_after_fees,A_all,logistic,BTC/USDT,ema50_slope_6,0.002057159826403032
2,2021,profitable_after_fees,A_all,logistic,BTC/USDT,trend_efficiency_20,0.000766421229919767
2,2021,profitable_after_fees,A_all,logistic,BTC/USDT,range_ratio,-0.011762306956277576
2,2021,profitable_after_fees,A_all,logistic,BTC/USDT,body_to_range,0.00013421531972005832
2,2021,profitable_after_fees,A_all,logistic,BTC/USDT,close_location,-0.0002873171878520764
2,2021,profitable_after_fees,A_all,logistic,BTC/USDT,natr14,-0.0008091108058579377
2,2021,profitable_after_fees,A_all,logistic,BTC/USDT,return_std_24,0.00020847611067372393
2,2021,profitable_after_fees,A_all,logistic,BTC/USDT,return_std_168,0.0001282671870438771
2,2021,profitable_after_fees,A_all,logistic,BTC/USDT,volatility_percentile_720,0.009907239614814397
2,2021,profitable_after_fees,A_all,logistic,BTC/USDT,rsi14,-0.0012756453894484283
2,2021,profitable_after_fees,A_all,logistic,BTC/USDT,macd_ratio,0.0018849991659490306
2,2021,profitable_after_fees,A_all,logistic,BTC/USDT,macd_signal_ratio,-0.006454548081900731
2,2021,profitable_after_fees,A_all,logistic,BTC/USDT,relative_volume_24,0.004392793585328236
2,2021,profitable_after_fees,A_all,logistic,BTC/USDT,volume_zscore_24,-0.004656102586018951
2,2021,profitable_after_fees,A_all,logistic,BTC/USDT,volume_trend_24_168,0.00039394853025874016
2,2021,profitable_after_fees,A_all,logistic,BTC/USDT,regime_duration,0.058990775006626896
2,2021,profitable_after_fees,A_all,logistic,BTC/USDT,regime_transition,0.008769189777069511
2,2021,profitable_after_fees,A_all,logistic,BTC/USDT,hour_of_day,0.016385812059359833
2,2021,profitable_after_fees,A_all,logistic,BTC/USDT,day_of_week,0.0004990258897255018
2,2021,profitable_after_fees,A_all,logistic,BTC/USDT,distance_high_24,0.011544472329281888
2,2021,profitable_after_fees,A_all,logistic,BTC/USDT,distance_low_24,0.017867291366862176
2,2021,profitable_after_fees,A_all,logistic,BTC/USDT,distance_high_168,0.006674577450657859
2,2021,profitable_after_fees,A_all,logistic,BTC/USDT,distance_low_168,-0.002210969228874963
2,2021,profitable_after_fees,A_all,logistic,BTC/USDT,candles_since_prior_signal,0.01042386564350247
2,2021,profitable_after_fees,A_all,logistic,BTC/USDT,source_synthetic,0.0
2,2021,profitable_after_fees,A_all,logistic,BTC/USDT,pair,0.0
2,2021,profitable_after_fees,A_all,logistic,BTC/USDT,regime,-0.010432312825973991
2,2021,profitable_after_fees,A_all,logistic,BTC/USDT,return_1h,0.0026951257136641296
2,2021,profitable_after_fees,A_all,logistic,BTC/USDT,return_3h,-0.0027070899306764207
2,2021,profitable_after_fees,A_all,logistic,BTC/USDT,return_6h,0.0007905981352280452
2,2021,profitable_after_fees,A_all,logistic,BTC/USDT,return_12h,0.005195051154179582
2,2021,profitable_after_fees,A_all,logistic,BTC/USDT,return_24h,-0.0026581964123463253
2,2021,profitable_after_fees,A_all,logistic,BTC/USDT,return_72h,-0.005755396085393642
2,2021,profitable_after_fees,A_all,logistic,BTC/USDT,return_168h,0.003119977137255925
2,2021,profitable_after_fees,A_all,logistic,BTC/USDT,volatility_ratio_24_168,0.037076506559202006
2,2021,profitable_after_fees,A_all,logistic,BTC/USDT,natr_ratio_168,-0.00935753743367664
2,2021,profitable_after_fees,A_all,logistic,BTC/USDT,up_fraction_24,0.002010292610171882
2,2021,profitable_after_fees,A_all,logistic,BTC/USDT,volume_price_interaction,0.0037912926094036035
2,2021,profitable_after_fees,A_all,logistic,BTC/USDT,range_expansion_24,-0.012737706668871807
2,2021,profitable_after_fees,A_all,logistic,BTC/USDT,signal_density_168,-0.0028340884726744306
2,2021,profitable_after_fees,A_all,logistic,ETH/USDT,ema20_distance,-0.0001135439420429744
2,2021,profitable_after_fees,A_all,logistic,ETH/USDT,ema50_distance,0.007883887757512828
2,2021,profitable_after_fees,A_all,logistic,ETH/USDT,ema_gap,0.0029494264614714494
2,2021,profitable_after_fees,A_all,logistic,ETH/USDT,ema20_slope_6,-0.0019389906992114219
2,2021,profitable_after_fees,A_all,logistic,ETH/USDT,ema50_slope_6,0.005445612928878407
2,2021,profitable_after_fees,A_all,logistic,ETH/USDT,trend_efficiency_20,0.00195528156859757
2,2021,profitable_after_fees,A_all,logistic,ETH/USDT,range_ratio,0.0001576466036607623
2,2021,profitable_after_fees,A_all,logistic,ETH/USDT,body_to_range,0.00010917412752708966
2,2021,profitable_after_fees,A_all,logistic,ETH/USDT,close_location,0.008692510032657641
2,2021,profitable_after_fees,A_all,logistic,ETH/USDT,natr14,0.00631505869704202
2,2021,profitable_after_fees,A_all,logistic,ETH/USDT,return_std_24,0.008546437148524452
2,2021,profitable_after_fees,A_all,logistic,ETH/USDT,return_std_168,-0.0011821207750552325
2,2021,profitable_after_fees,A_all,logistic,ETH/USDT,volatility_percentile_720,-0.007460680353909159
2,2021,profitable_after_fees,A_all,logistic,ETH/USDT,rsi14,0.0029908317691029382
2,2021,profitable_after_fees,A_all,logistic,ETH/USDT,macd_ratio,-0.0034377523024561687
2,2021,profitable_after_fees,A_all,logistic,ETH/USDT,macd_signal_ratio,-0.006366275779486581
2,2021,profitable_after_fees,A_all,logistic,ETH/USDT,relative_volume_24,0.00764510927071906
2,2021,profitable_after_fees,A_all,logistic,ETH/USDT,volume_zscore_24,-0.0023537503944582316
2,2021,profitable_after_fees,A_all,logistic,ETH/USDT,volume_trend_24_168,-0.007489016341436727
2,2021,profitable_after_fees,A_all,logistic,ETH/USDT,regime_duration,0.0674059895697816
2,2021,profitable_after_fees,A_all,logistic,ETH/USDT,regime_transition,0.0039450112395365
2,2021,profitable_after_fees,A_all,logistic,ETH/USDT,hour_of_day,-0.00154322153827946
2,2021,profitable_after_fees,A_all,logistic,ETH/USDT,day_of_week,-2.02920856517963e-06
2,2021,profitable_after_fees,A_all,logistic,ETH/USDT,distance_high_24,-0.01875029563670429
2,2021,profitable_after_fees,A_all,logistic,ETH/USDT,distance_low_24,0.010174847207228074
2,2021,profitable_after_fees,A_all,logistic,ETH/USDT,distance_high_168,0.015186334095749118
2,2021,profitable_after_fees,A_all,logistic,ETH/USDT,distance_low_168,0.005150997275308267
2,2021,profitable_after_fees,A_all,logistic,ETH/USDT,candles_since_prior_signal,-0.0018746112736872471
2,2021,profitable_after_fees,A_all,logistic,ETH/USDT,source_synthetic,0.0
2,2021,profitable_after_fees,A_all,logistic,ETH/USDT,pair,0.0
2,2021,profitable_after_fees,A_all,logistic,ETH/USDT,regime,0.009179609583135387
2,2021,profitable_after_fees,A_all,logistic,ETH/USDT,return_1h,-0.0057038214816786574
2,2021,profitable_after_fees,A_all,logistic,ETH/USDT,return_3h,-0.0018584162694231243
2,2021,profitable_after_fees,A_all,logistic,ETH/USDT,return_6h,0.005143657264738847
2,2021,profitable_after_fees,A_all,logistic,ETH/USDT,return_12h,0.009869070250799064
2,2021,profitable_after_fees,A_all,logistic,ETH/USDT,return_24h,0.003457279298986371
2,2021,profitable_after_fees,A_all,logistic,ETH/USDT,return_72h,-0.00615454606703895
2,2021,profitable_after_fees,A_all,logistic,ETH/USDT,return_168h,-0.001621844959993272
2,2021,profitable_after_fees,A_all,logistic,ETH/USDT,volatility_ratio_24_168,-0.006201611398747142
2,2021,profitable_after_fees,A_all,logistic,ETH/USDT,natr_ratio_168,0.011734980720219687
2,2021,profitable_after_fees,A_all,logistic,ETH/USDT,up_fraction_24,-0.0025635081125100303
2,2021,profitable_after_fees,A_all,logistic,ETH/USDT,volume_price_interaction,-0.0013227484831723941
2,2021,profitable_after_fees,A_all,logistic,ETH/USDT,range_expansion_24,-0.006010728661754598
2,2021,profitable_after_fees,A_all,logistic,ETH/USDT,signal_density_168,0.0015339284645298952
2,2021,profitable_after_fees,A_all,forest,ALL,ema20_distance,0.005215628005637092
2,2021,profitable_after_fees,A_all,forest,ALL,ema50_distance,0.014509441565782136
2,2021,profitable_after_fees,A_all,forest,ALL,ema_gap,-0.0247035096250184
2,2021,profitable_after_fees,A_all,forest,ALL,ema20_slope_6,0.003562923411382276
2,2021,profitable_after_fees,A_all,forest,ALL,ema50_slope_6,0.0006009335535726024
2,2021,profitable_after_fees,A_all,forest,ALL,trend_efficiency_20,-0.0027854917538847612
2,2021,profitable_after_fees,A_all,forest,ALL,range_ratio,-0.0018148481470725009
2,2021,profitable_after_fees,A_all,forest,ALL,body_to_range,0.0002989476272143669
2,2021,profitable_after_fees,A_all,forest,ALL,close_location,-0.0016653144733655978
2,2021,profitable_after_fees,A_all,forest,ALL,natr14,-0.00441891652200795
2,2021,profitable_after_fees,A_all,forest,ALL,return_std_24,0.0022236508939708077
2,2021,profitable_after_fees,A_all,forest,ALL,return_std_168,-0.012438194476413237
2,2021,profitable_after_fees,A_all,forest,ALL,volatility_percentile_720,0.0007451976741285246
2,2021,profitable_after_fees,A_all,forest,ALL,rsi14,0.0019191143489235378
2,2021,profitable_after_fees,A_all,forest,ALL,macd_ratio,0.0036571925047744203
2,2021,profitable_after_fees,A_all,forest,ALL,macd_signal_ratio,-0.005733827824864905
2,2021,profitable_after_fees,A_all,forest,ALL,relative_volume_24,0.011135582896811583
2,2021,profitable_after_fees,A_all,forest,ALL,volume_zscore_24,0.00048356606668625846
2,2021,profitable_after_fees,A_all,forest,ALL,volume_trend_24_168,0.0008278313662724394
2,2021,profitable_after_fees,A_all,forest,ALL,regime_duration,0.00023451965203435954
2,2021,profitable_after_fees,A_all,forest,ALL,regime_transition,-0.0007934354559006226
2,2021,profitable_after_fees,A_all,forest,ALL,hour_of_day,0.004510415026191539
2,2021,profitable_after_fees,A_all,forest,ALL,day_of_week,0.0025727857275961163
2,2021,profitable_after_fees,A_all,forest,ALL,distance_high_24,0.007447229172124796
2,2021,profitable_after_fees,A_all,forest,ALL,distance_low_24,0.004549919453728735
2,2021,profitable_after_fees,A_all,forest,ALL,distance_high_168,-0.02119667036783564
2,2021,profitable_after_fees,A_all,forest,ALL,distance_low_168,0.0007941150360405436
2,2021,profitable_after_fees,A_all,forest,ALL,candles_since_prior_signal,0.0012545869867099195
2,2021,profitable_after_fees,A_all,forest,ALL,source_synthetic,0.0
2,2021,profitable_after_fees,A_all,forest,ALL,pair,-0.0003479634544328129
2,2021,profitable_after_fees,A_all,forest,ALL,regime,0.001062148701541606
2,2021,profitable_after_fees,A_all,forest,ALL,return_1h,-0.003225099698433931
2,2021,profitable_after_fees,A_all,forest,ALL,return_3h,-0.00475050220992466
2,2021,profitable_after_fees,A_all,forest,ALL,return_6h,0.0007013716462242839
2,2021,profitable_after_fees,A_all,forest,ALL,return_12h,-0.0016692181432753084
2,2021,profitable_after_fees,A_all,forest,ALL,return_24h,0.0021914088053472023
2,2021,profitable_after_fees,A_all,forest,ALL,return_72h,-0.0159028403405172
2,2021,profitable_after_fees,A_all,forest,ALL,return_168h,0.0012043581144388453
2,2021,profitable_after_fees,A_all,forest,ALL,volatility_ratio_24_168,0.015695351591202094
2,2021,profitable_after_fees,A_all,forest,ALL,natr_ratio_168,-0.0016023611926727817
2,2021,profitable_after_fees,A_all,forest,ALL,up_fraction_24,0.0011949776686692726
2,2021,profitable_after_fees,A_all,forest,ALL,volume_price_interaction,0.000921609371941301
2,2021,profitable_after_fees,A_all,forest,ALL,range_expansion_24,0.0016895229746423657
2,2021,profitable_after_fees,A_all,forest,ALL,signal_density_168,-0.000230319999932412
2,2021,profitable_after_fees,A_all,forest,BTC/USDT,ema20_distance,-0.004716252573917168
2,2021,profitable_after_fees,A_all,forest,BTC/USDT,ema50_distance,-0.002080388682151065
2,2021,profitable_after_fees,A_all,forest,BTC/USDT,ema_gap,0.012405802718796507
2,2021,profitable_after_fees,A_all,forest,BTC/USDT,ema20_slope_6,0.009228230389996464
2,2021,profitable_after_fees,A_all,forest,BTC/USDT,ema50_slope_6,-8.586958165020715e-05
2,2021,profitable_after_fees,A_all,forest,BTC/USDT,trend_efficiency_20,-0.0017951912599682245
2,2021,profitable_after_fees,A_all,forest,BTC/USDT,range_ratio,-0.0030430037508733334
2,2021,profitable_after_fees,A_all,forest,BTC/USDT,body_to_range,0.002872219179258654
2,2021,profitable_after_fees,A_all,forest,BTC/USDT,close_location,0.002321467634079366
2,2021,profitable_after_fees,A_all,forest,BTC/USDT,natr14,-0.008593310910593713
2,2021,profitable_after_fees,A_all,forest,BTC/USDT,return_std_24,0.000957118472773355
2,2021,profitable_after_fees,A_all,forest,BTC/USDT,return_std_168,0.006010686847255771
2,2021,profitable_after_fees,A_all,forest,BTC/USDT,volatility_percentile_720,0.00037858216546404755
2,2021,profitable_after_fees,A_all,forest,BTC/USDT,rsi14,-0.004909336421642596
2,2021,profitable_after_fees,A_all,forest,BTC/USDT,macd_ratio,0.0022585104579225432
2,2021,profitable_after_fees,A_all,forest,BTC/USDT,macd_signal_ratio,0.019008134787313686
2,2021,profitable_after_fees,A_all,forest,BTC/USDT,relative_volume_24,0.004798042511386417
2,2021,profitable_after_fees,A_all,forest,BTC/USDT,volume_zscore_24,-0.0004636262294363351
2,2021,profitable_after_fees,A_all,forest,BTC/USDT,volume_trend_24_168,0.01614344906158982
2,2021,profitable_after_fees,A_all,forest,BTC/USDT,regime_duration,0.00393383921492411
2,2021,profitable_after_fees,A_all,forest,BTC/USDT,regime_transition,-0.0002088554720133621
2,2021,profitable_after_fees,A_all,forest,BTC/USDT,hour_of_day,0.00992906308145928
2,2021,profitable_after_fees,A_all,forest,BTC/USDT,day_of_week,0.0028647354675163474
2,2021,profitable_after_fees,A_all,forest,BTC/USDT,distance_high_24,0.0013802743402364648
2,2021,profitable_after_fees,A_all,forest,BTC/USDT,distance_low_24,0.0019875992926225994
2,2021,profitable_after_fees,A_all,forest,BTC/USDT,distance_high_168,-0.01568148446723483
2,2021,profitable_after_fees,A_all,forest,BTC/USDT,distance_low_168,0.0020790335579151664
2,2021,profitable_after_fees,A_all,forest,BTC/USDT,candles_since_prior_signal,0.005455015788464486
2,2021,profitable_after_fees,A_all,forest,BTC/USDT,source_synthetic,0.0
2,2021,profitable_after_fees,A_all,forest,BTC/USDT,pair,0.0
2,2021,profitable_after_fees,A_all,forest,BTC/USDT,regime,0.00021991446725104039
2,2021,profitable_after_fees,A_all,forest,BTC/USDT,return_1h,-0.0029140521569954725
2,2021,profitable_after_fees,A_all,forest,BTC/USDT,return_3h,0.0016277159882381136
2,2021,profitable_after_fees,A_all,forest,BTC/USDT,return_6h,0.001882180603454649
2,2021,profitable_after_fees,A_all,forest,BTC/USDT,return_12h,-0.0021503852360492313
2,2021,profitable_after_fees,A_all,forest,BTC/USDT,return_24h,0.008538050080720616
2,2021,profitable_after_fees,A_all,forest,BTC/USDT,return_72h,-0.0009026386586060328
2,2021,profitable_after_fees,A_all,forest,BTC/USDT,return_168h,0.0014589544232507246
2,2021,profitable_after_fees,A_all,forest,BTC/USDT,volatility_ratio_24_168,0.027613595968428977
2,2021,profitable_after_fees,A_all,forest,BTC/USDT,natr_ratio_168,0.004419193002845508
2,2021,profitable_after_fees,A_all,forest,BTC/USDT,up_fraction_24,0.0009757143599723092
2,2021,profitable_after_fees,A_all,forest,BTC/USDT,volume_price_interaction,0.0018173144453966044
2,2021,profitable_after_fees,A_all,forest,BTC/USDT,range_expansion_24,-0.0011081300754501495
2,2021,profitable_after_fees,A_all,forest,BTC/USDT,signal_density_168,-0.0003108543629349869
2,2021,profitable_after_fees,A_all,forest,ETH/USDT,ema20_distance,0.010046147613450407
2,2021,profitable_after_fees,A_all,forest,ETH/USDT,ema50_distance,0.01443085468423679
2,2021,profitable_after_fees,A_all,forest,ETH/USDT,ema_gap,-0.023487493981130758
2,2021,profitable_after_fees,A_all,forest,ETH/USDT,ema20_slope_6,-0.00166085566258047
2,2021,profitable_after_fees,A_all,forest,ETH/USDT,ema50_slope_6,-0.001825419369694159
2,2021,profitable_after_fees,A_all,forest,ETH/USDT,trend_efficiency_20,-0.0031501218671786866
2,2021,profitable_after_fees,A_all,forest,ETH/USDT,range_ratio,0.00511741289207579
2,2021,profitable_after_fees,A_all,forest,ETH/USDT,body_to_range,0.0005002629662444283
2,2021,profitable_after_fees,A_all,forest,ETH/USDT,close_location,-0.001057134422435842
2,2021,profitable_after_fees,A_all,forest,ETH/USDT,natr14,-0.0009761035503668322
2,2021,profitable_after_fees,A_all,forest,ETH/USDT,return_std_24,0.002662468795092835
2,2021,profitable_after_fees,A_all,forest,ETH/USDT,return_std_168,-0.007082586245341083
2,2021,profitable_after_fees,A_all,forest,ETH/USDT,volatility_percentile_720,0.0005165531124849595
2,2021,profitable_after_fees,A_all,forest,ETH/USDT,rsi14,-0.00021970185148582436
2,2021,profitable_after_fees,A_all,forest,ETH/USDT,macd_ratio,0.008680894931111552
2,2021,profitable_after_fees,A_all,forest,ETH/USDT,macd_signal_ratio,-0.004089293900085907
2,2021,profitable_after_fees,A_all,forest,ETH/USDT,relative_volume_24,0.004760797467434315
2,2021,profitable_after_fees,A_all,forest,ETH/USDT,volume_zscore_24,0.0015680833547403277
2,2021,profitable_after_fees,A_all,forest,ETH/USDT,volume_trend_24_168,-0.022556020192345334
2,2021,profitable_after_fees,A_all,forest,ETH/USDT,regime_duration,0.0012877949277698513
2,2021,profitable_after_fees,A_all,forest,ETH/USDT,regime_transition,-0.0004918861619128134
2,2021,profitable_after_fees,A_all,forest,ETH/USDT,hour_of_day,-0.0011645827143345426
2,2021,profitable_after_fees,A_all,forest,ETH/USDT,day_of_week,0.002708332710566974
2,2021,profitable_after_fees,A_all,forest,ETH/USDT,distance_high_24,0.012987283544555825
2,2021,profitable_after_fees,A_all,forest,ETH/USDT,distance_low_24,0.005950110193496764
2,2021,profitable_after_fees,A_all,forest,ETH/USDT,distance_high_168,-0.004306456494549971
2,2021,profitable_after_fees,A_all,forest,ETH/USDT,distance_low_168,0.00025189709485046174
2,2021,profitable_after_fees,A_all,forest,ETH/USDT,candles_since_prior_signal,-0.005882068454211816
2,2021,profitable_after_fees,A_all,forest,ETH/USDT,source_synthetic,0.0
2,2021,profitable_after_fees,A_all,forest,ETH/USDT,pair,0.0
2,2021,profitable_after_fees,A_all,forest,ETH/USDT,regime,0.005927391197626808
2,2021,profitable_after_fees,A_all,forest,ETH/USDT,return_1h,0.0021352847259973884
2,2021,profitable_after_fees,A_all,forest,ETH/USDT,return_3h,-0.007768686267636123
2,2021,profitable_after_fees,A_all,forest,ETH/USDT,return_6h,-0.007049968474869606
2,2021,profitable_after_fees,A_all,forest,ETH/USDT,return_12h,-0.0023587410737651027
2,2021,profitable_after_fees,A_all,forest,ETH/USDT,return_24h,0.0034281499332091125
2,2021,profitable_after_fees,A_all,forest,ETH/USDT,return_72h,-0.015092686918985835
2,2021,profitable_after_fees,A_all,forest,ETH/USDT,return_168h,0.0007470149586109772
2,2021,profitable_after_fees,A_all,forest,ETH/USDT,volatility_ratio_24_168,0.003909840923102
2,2021,profitable_after_fees,A_all,forest,ETH/USDT,natr_ratio_168,-0.00842787189045289
2,2021,profitable_after_fees,A_all,forest,ETH/USDT,up_fraction_24,0.0018797941087870251
2,2021,profitable_after_fees,A_all,forest,ETH/USDT,volume_price_interaction,-0.0002984257897036824
2,2021,profitable_after_fees,A_all,forest,ETH/USDT,range_expansion_24,0.0018676564533952982
2,2021,profitable_after_fees,A_all,forest,ETH/USDT,signal_density_168,0.0008747151343321083
2,2021,profitable_after_fees,A_all,hist_gradient,ALL,ema20_distance,-0.0006461843660651353
2,2021,profitable_after_fees,A_all,hist_gradient,ALL,ema50_distance,0.004105258974269332
2,2021,profitable_after_fees,A_all,hist_gradient,ALL,ema_gap,-0.011017311981805685
2,2021,profitable_after_fees,A_all,hist_gradient,ALL,ema20_slope_6,-0.0022695047357955134
2,2021,profitable_after_fees,A_all,hist_gradient,ALL,ema50_slope_6,0.0
2,2021,profitable_after_fees,A_all,hist_gradient,ALL,trend_efficiency_20,-0.005048300967071022
2,2021,profitable_after_fees,A_all,hist_gradient,ALL,range_ratio,-0.001300200325838552
2,2021,profitable_after_fees,A_all,hist_gradient,ALL,body_to_range,-0.005748115894243529
2,2021,profitable_after_fees,A_all,hist_gradient,ALL,close_location,0.003836562774898226
2,2021,profitable_after_fees,A_all,hist_gradient,ALL,natr14,-0.0022030579345787005
2,2021,profitable_after_fees,A_all,hist_gradient,ALL,return_std_24,0.0019136038844868402
2,2021,profitable_after_fees,A_all,hist_gradient,ALL,return_std_168,-0.012826381345799831
2,2021,profitable_after_fees,A_all,hist_gradient,ALL,volatility_percentile_720,0.0032968651991131157
2,2021,profitable_after_fees,A_all,hist_gradient,ALL,rsi14,0.0
2,2021,profitable_after_fees,A_all,hist_gradient,ALL,macd_ratio,0.0
2,2021,profitable_after_fees,A_all,hist_gradient,ALL,macd_signal_ratio,-0.003193112689983846
2,2021,profitable_after_fees,A_all,hist_gradient,ALL,relative_volume_24,-0.0009318412568498821
2,2021,profitable_after_fees,A_all,hist_gradient,ALL,volume_zscore_24,0.0
2,2021,profitable_after_fees,A_all,hist_gradient,ALL,volume_trend_24_168,-0.00011548037156922097
2,2021,profitable_after_fees,A_all,hist_gradient,ALL,regime_duration,0.004367019950639502
2,2021,profitable_after_fees,A_all,hist_gradient,ALL,regime_transition,0.0
2,2021,profitable_after_fees,A_all,hist_gradient,ALL,hour_of_day,-0.001139304944286934
2,2021,profitable_after_fees,A_all,hist_gradient,ALL,day_of_week,0.0
2,2021,profitable_after_fees,A_all,hist_gradient,ALL,distance_high_24,-0.0007573814151239181
2,2021,profitable_after_fees,A_all,hist_gradient,ALL,distance_low_24,-0.0001623627218346376
2,2021,profitable_after_fees,A_all,hist_gradient,ALL,distance_high_168,-0.02361638007993681
2,2021,profitable_after_fees,A_all,hist_gradient,ALL,distance_low_168,0.00010845697209031317
2,2021,profitable_after_fees,A_all,hist_gradient,ALL,candles_since_prior_signal,-0.004537927140590832
2,2021,profitable_after_fees,A_all,hist_gradient,ALL,source_synthetic,0.0
2,2021,profitable_after_fees,A_all,hist_gradient,ALL,pair,0.0
2,2021,profitable_after_fees,A_all,hist_gradient,ALL,regime,0.0
2,2021,profitable_after_fees,A_all,hist_gradient,ALL,return_1h,0.0
2,2021,profitable_after_fees,A_all,hist_gradient,ALL,return_3h,-0.0008605711632440801
2,2021,profitable_after_fees,A_all,hist_gradient,ALL,return_6h,0.0012992193088601407
2,2021,profitable_after_fees,A_all,hist_gradient,ALL,return_12h,0.009967858643954589
2,2021,profitable_after_fees,A_all,hist_gradient,ALL,return_24h,0.0004685068515736801
2,2021,profitable_after_fees,A_all,hist_gradient,ALL,return_72h,-0.000961132187969079
2,2021,profitable_after_fees,A_all,hist_gradient,ALL,return_168h,-0.0030048055714029056
2,2021,profitable_after_fees,A_all,hist_gradient,ALL,volatility_ratio_24_168,0.030461996949492254
2,2021,profitable_after_fees,A_all,hist_gradient,ALL,natr_ratio_168,-0.014320053393078977
2,2021,profitable_after_fees,A_all,hist_gradient,ALL,up_fraction_24,0.0
2,2021,profitable_after_fees,A_all,hist_gradient,ALL,volume_price_interaction,-0.00824667564225734
2,2021,profitable_after_fees,A_all,hist_gradient,ALL,range_expansion_24,-0.0008341739368332527
2,2021,profitable_after_fees,A_all,hist_gradient,ALL,signal_density_168,0.0
2,2021,profitable_after_fees,A_all,hist_gradient,BTC/USDT,ema20_distance,-0.0007921451066653465
2,2021,profitable_after_fees,A_all,hist_gradient,BTC/USDT,ema50_distance,-0.0018369396901571726
2,2021,profitable_after_fees,A_all,hist_gradient,BTC/USDT,ema_gap,0.028397297332812894
2,2021,profitable_after_fees,A_all,hist_gradient,BTC/USDT,ema20_slope_6,-0.001702978047509962
2,2021,profitable_after_fees,A_all,hist_gradient,BTC/USDT,ema50_slope_6,0.0
2,2021,profitable_after_fees,A_all,hist_gradient,BTC/USDT,trend_efficiency_20,-0.0071245424757543545
2,2021,profitable_after_fees,A_all,hist_gradient,BTC/USDT,range_ratio,-0.0018391647541342038
2,2021,profitable_after_fees,A_all,hist_gradient,BTC/USDT,body_to_range,-0.009179709713506548
2,2021,profitable_after_fees,A_all,hist_gradient,BTC/USDT,close_location,-0.01866566511424304
2,2021,profitable_after_fees,A_all,hist_gradient,BTC/USDT,natr14,-0.0038509845157120304
2,2021,profitable_after_fees,A_all,hist_gradient,BTC/USDT,return_std_24,6.091924475976063e-05
2,2021,profitable_after_fees,A_all,hist_gradient,BTC/USDT,return_std_168,0.005426955923624281
2,2021,profitable_after_fees,A_all,hist_gradient,BTC/USDT,volatility_percentile_720,0.0004811473729096442
2,2021,profitable_after_fees,A_all,hist_gradient,BTC/USDT,rsi14,0.0
2,2021,profitable_after_fees,A_all,hist_gradient,BTC/USDT,macd_ratio,0.0
2,2021,profitable_after_fees,A_all,hist_gradient,BTC/USDT,macd_signal_ratio,0.008844432219037154
2,2021,profitable_after_fees,A_all,hist_gradient,BTC/USDT,relative_volume_24,-0.012869664337992692
2,2021,profitable_after_fees,A_all,hist_gradient,BTC/USDT,volume_zscore_24,0.0
2,2021,profitable_after_fees,A_all,hist_gradient,BTC/USDT,volume_trend_24_168,0.000597222372822929
2,2021,profitable_after_fees,A_all,hist_gradient,BTC/USDT,regime_duration,0.009104137661264056
2,2021,profitable_after_fees,A_all,hist_gradient,BTC/USDT,regime_transition,0.0
2,2021,profitable_after_fees,A_all,hist_gradient,BTC/USDT,hour_of_day,-0.010096252051851181
2,2021,profitable_after_fees,A_all,hist_gradient,BTC/USDT,day_of_week,0.0
2,2021,profitable_after_fees,A_all,hist_gradient,BTC/USDT,distance_high_24,-0.03777112625246598
2,2021,profitable_after_fees,A_all,hist_gradient,BTC/USDT,distance_low_24,0.0003567004688085536
2,2021,profitable_after_fees,A_all,hist_gradient,BTC/USDT,distance_high_168,-0.04659731373896331
2,2021,profitable_after_fees,A_all,hist_gradient,BTC/USDT,distance_low_168,-0.0011553793138591544
2,2021,profitable_after_fees,A_all,hist_gradient,BTC/USDT,candles_since_prior_signal,-0.008555128273079212
2,2021,profitable_after_fees,A_all,hist_gradient,BTC/USDT,source_synthetic,0.0
2,2021,profitable_after_fees,A_all,hist_gradient,BTC/USDT,pair,0.0
2,2021,profitable_after_fees,A_all,hist_gradient,BTC/USDT,regime,0.0
2,2021,profitable_after_fees,A_all,hist_gradient,BTC/USDT,return_1h,0.0
2,2021,profitable_after_fees,A_all,hist_gradient,BTC/USDT,return_3h,0.0005580799960360575
2,2021,profitable_after_fees,A_all,hist_gradient,BTC/USDT,return_6h,-0.0009208909025210285
2,2021,profitable_after_fees,A_all,hist_gradient,BTC/USDT,return_12h,0.0032228821378224213
2,2021,profitable_after_fees,A_all,hist_gradient,BTC/USDT,return_24h,0.0026121913090052704
2,2021,profitable_after_fees,A_all,hist_gradient,BTC/USDT,return_72h,-7.965159447392844e-05
2,2021,profitable_after_fees,A_all,hist_gradient,BTC/USDT,return_168h,-0.01039842876026037
2,2021,profitable_after_fees,A_all,hist_gradient,BTC/USDT,volatility_ratio_24_168,0.048727359608922584
2,2021,profitable_after_fees,A_all,hist_gradient,BTC/USDT,natr_ratio_168,-0.008997046770814162
2,2021,profitable_after_fees,A_all,hist_gradient,BTC/USDT,up_fraction_24,0.0
2,2021,profitable_after_fees,A_all,hist_gradient,BTC/USDT,volume_price_interaction,-0.007414001407205162
2,2021,profitable_after_fees,A_all,hist_gradient,BTC/USDT,range_expansion_24,0.005602005394447274
2,2021,profitable_after_fees,A_all,hist_gradient,BTC/USDT,signal_density_168,0.0
2,2021,profitable_after_fees,A_all,hist_gradient,ETH/USDT,ema20_distance,-0.0010932297068939056
2,2021,profitable_after_fees,A_all,hist_gradient,ETH/USDT,ema50_distance,0.0049892499864841455
2,2021,profitable_after_fees,A_all,hist_gradient,ETH/USDT,ema_gap,-0.016096693692971953
2,2021,profitable_after_fees,A_all,hist_gradient,ETH/USDT,ema20_slope_6,-0.00044024519313995425
2,2021,profitable_after_fees,A_all,hist_gradient,ETH/USDT,ema50_slope_6,0.0
2,2021,profitable_after_fees,A_all,hist_gradient,ETH/USDT,trend_efficiency_20,-0.00172992267851028
2,2021,profitable_after_fees,A_all,hist_gradient,ETH/USDT,range_ratio,-0.002164821258318572
2,2021,profitable_after_fees,A_all,hist_gradient,ETH/USDT,body_to_range,0.004431838970184954
2,2021,profitable_after_fees,A_all,hist_gradient,ETH/USDT,close_location,0.001990008269043886
2,2021,profitable_after_fees,A_all,hist_gradient,ETH/USDT,natr14,-0.0037073206791606674
2,2021,profitable_after_fees,A_all,hist_gradient,ETH/USDT,return_std_24,0.00044235023077889474
2,2021,profitable_after_fees,A_all,hist_gradient,ETH/USDT,return_std_168,0.003795461482996476
2,2021,profitable_after_fees,A_all,hist_gradient,ETH/USDT,volatility_percentile_720,0.00910064658667481
2,2021,profitable_after_fees,A_all,hist_gradient,ETH/USDT,rsi14,0.0
2,2021,profitable_after_fees,A_all,hist_gradient,ETH/USDT,macd_ratio,0.0
2,2021,profitable_after_fees,A_all,hist_gradient,ETH/USDT,macd_signal_ratio,0.017261267236825972
2,2021,profitable_after_fees,A_all,hist_gradient,ETH/USDT,relative_volume_24,0.0028088776478448576
2,2021,profitable_after_fees,A_all,hist_gradient,ETH/USDT,volume_zscore_24,0.0
2,2021,profitable_after_fees,A_all,hist_gradient,ETH/USDT,volume_trend_24_168,-0.0018348209993235092
2,2021,profitable_after_fees,A_all,hist_gradient,ETH/USDT,regime_duration,-0.0034968093108153817
2,2021,profitable_after_fees,A_all,hist_gradient,ETH/USDT,regime_transition,0.0
2,2021,profitable_after_fees,A_all,hist_gradient,ETH/USDT,hour_of_day,-0.00011852540720704481
2,2021,profitable_after_fees,A_all,hist_gradient,ETH/USDT,day_of_week,0.0
2,2021,profitable_after_fees,A_all,hist_gradient,ETH/USDT,distance_high_24,0.013368727641466424
2,2021,profitable_after_fees,A_all,hist_gradient,ETH/USDT,distance_low_24,0.0
2,2021,profitable_after_fees,A_all,hist_gradient,ETH/USDT,distance_high_168,-0.008177717507481605
2,2021,profitable_after_fees,A_all,hist_gradient,ETH/USDT,distance_low_168,0.0006355656755079134
2,2021,profitable_after_fees,A_all,hist_gradient,ETH/USDT,candles_since_prior_signal,-0.010843252469224407
2,2021,profitable_after_fees,A_all,hist_gradient,ETH/USDT,source_synthetic,0.0
2,2021,profitable_after_fees,A_all,hist_gradient,ETH/USDT,pair,0.0
2,2021,profitable_after_fees,A_all,hist_gradient,ETH/USDT,regime,0.0
2,2021,profitable_after_fees,A_all,hist_gradient,ETH/USDT,return_1h,0.0
2,2021,profitable_after_fees,A_all,hist_gradient,ETH/USDT,return_3h,-0.0007011070097156328
2,2021,profitable_after_fees,A_all,hist_gradient,ETH/USDT,return_6h,0.0019004991370836961
2,2021,profitable_after_fees,A_all,hist_gradient,ETH/USDT,return_12h,0.016121237177438446
2,2021,profitable_after_fees,A_all,hist_gradient,ETH/USDT,return_24h,0.0015102644400423748
2,2021,profitable_after_fees,A_all,hist_gradient,ETH/USDT,return_72h,-0.0021753830407837036
2,2021,profitable_after_fees,A_all,hist_gradient,ETH/USDT,return_168h,0.0026176502812564895
2,2021,profitable_after_fees,A_all,hist_gradient,ETH/USDT,volatility_ratio_24_168,0.014384413729163012
2,2021,profitable_after_fees,A_all,hist_gradient,ETH/USDT,natr_ratio_168,-0.03653113845607283
2,2021,profitable_after_fees,A_all,hist_gradient,ETH/USDT,up_fraction_24,0.0
2,2021,profitable_after_fees,A_all,hist_gradient,ETH/USDT,volume_price_interaction,-0.004708279425580497
2,2021,profitable_after_fees,A_all,hist_gradient,ETH/USDT,range_expansion_24,-0.004863138475241206
2,2021,profitable_after_fees,A_all,hist_gradient,ETH/USDT,signal_density_168,0.0
3,2022,profitable_after_fees,A_all,logistic,ALL,ema20_distance,-0.00533473093973863
3,2022,profitable_after_fees,A_all,logistic,ALL,ema50_distance,-0.018319266651706745
3,2022,profitable_after_fees,A_all,logistic,ALL,ema_gap,0.0023357828794196753
3,2022,profitable_after_fees,A_all,logistic,ALL,ema20_slope_6,0.006271124613418037
3,2022,profitable_after_fees,A_all,logistic,ALL,ema50_slope_6,0.00829633770758544
3,2022,profitable_after_fees,A_all,logistic,ALL,trend_efficiency_20,-4.478793800366532e-05
3,2022,profitable_after_fees,A_all,logistic,ALL,range_ratio,0.009584445192971691
3,2022,profitable_after_fees,A_all,logistic,ALL,body_to_range,-0.001304682954463084
3,2022,profitable_after_fees,A_all,logistic,ALL,close_location,0.004318738728838441
3,2022,profitable_after_fees,A_all,logistic,ALL,natr14,0.005772085619046981
3,2022,profitable_after_fees,A_all,logistic,ALL,return_std_24,0.002776237220580032
3,2022,profitable_after_fees,A_all,logistic,ALL,return_std_168,-0.014109289775210088
3,2022,profitable_after_fees,A_all,logistic,ALL,volatility_percentile_720,-0.006107265161729399
3,2022,profitable_after_fees,A_all,logistic,ALL,rsi14,0.0018386122830986174
3,2022,profitable_after_fees,A_all,logistic,ALL,macd_ratio,-0.007032506837465961
3,2022,profitable_after_fees,A_all,logistic,ALL,macd_signal_ratio,-0.008639051072685774
3,2022,profitable_after_fees,A_all,logistic,ALL,relative_volume_24,-0.005960141531066869
3,2022,profitable_after_fees,A_all,logistic,ALL,volume_zscore_24,0.002159282691431138
3,2022,profitable_after_fees,A_all,logistic,ALL,volume_trend_24_168,0.004988602306737551
3,2022,profitable_after_fees,A_all,logistic,ALL,regime_duration,-0.004516423330943524
3,2022,profitable_after_fees,A_all,logistic,ALL,regime_transition,-0.0034692822945753266
3,2022,profitable_after_fees,A_all,logistic,ALL,hour_of_day,0.007283401177664461
3,2022,profitable_after_fees,A_all,logistic,ALL,day_of_week,0.00736923007516473
3,2022,profitable_after_fees,A_all,logistic,ALL,distance_high_24,-0.006851483024698772
3,2022,profitable_after_fees,A_all,logistic,ALL,distance_low_24,-0.0057883130700402225
3,2022,profitable_after_fees,A_all,logistic,ALL,distance_high_168,0.015489550091197549
3,2022,profitable_after_fees,A_all,logistic,ALL,distance_low_168,0.00015930341252147948
3,2022,profitable_after_fees,A_all,logistic,ALL,candles_since_prior_signal,-0.005802688892231567
3,2022,profitable_after_fees,A_all,logistic,ALL,source_synthetic,0.0
3,2022,profitable_after_fees,A_all,logistic,ALL,pair,-0.003829400368586459
3,2022,profitable_after_fees,A_all,logistic,ALL,regime,0.02291198167338689
3,2022,profitable_after_fees,A_all,logistic,ALL,return_1h,0.0009371289054011337
3,2022,profitable_after_fees,A_all,logistic,ALL,return_3h,0.00817452687365583
3,2022,profitable_after_fees,A_all,logistic,ALL,return_6h,-0.025747497856825896
3,2022,profitable_after_fees,A_all,logistic,ALL,return_12h,-0.016928102996131327
3,2022,profitable_after_fees,A_all,logistic,ALL,return_24h,2.278046499885426e-05
3,2022,profitable_after_fees,A_all,logistic,ALL,return_72h,0.011828691957780893
3,2022,profitable_after_fees,A_all,logistic,ALL,return_168h,-9.013030572019298e-05
3,2022,profitable_after_fees,A_all,logistic,ALL,volatility_ratio_24_168,0.017014754195279074
3,2022,profitable_after_fees,A_all,logistic,ALL,natr_ratio_168,0.023519759037624988
3,2022,profitable_after_fees,A_all,logistic,ALL,up_fraction_24,0.0005015499418431121
3,2022,profitable_after_fees,A_all,logistic,ALL,volume_price_interaction,-0.0007580762645949165
3,2022,profitable_after_fees,A_all,logistic,ALL,range_expansion_24,0.00040557054447731833
3,2022,profitable_after_fees,A_all,logistic,ALL,signal_density_168,-0.0026287515762722924
3,2022,profitable_after_fees,A_all,logistic,BTC/USDT,ema20_distance,-0.020255279924440595
3,2022,profitable_after_fees,A_all,logistic,BTC/USDT,ema50_distance,-0.011297953485753761
3,2022,profitable_after_fees,A_all,logistic,BTC/USDT,ema_gap,-0.010409762342309448
3,2022,profitable_after_fees,A_all,logistic,BTC/USDT,ema20_slope_6,0.0055721044867999186
3,2022,profitable_after_fees,A_all,logistic,BTC/USDT,ema50_slope_6,0.013287842146310291
3,2022,profitable_after_fees,A_all,logistic,BTC/USDT,trend_efficiency_20,0.0018026336767810365
3,2022,profitable_after_fees,A_all,logistic,BTC/USDT,range_ratio,0.0026307498915414396
3,2022,profitable_after_fees,A_all,logistic,BTC/USDT,body_to_range,-0.0026749039533485175
3,2022,profitable_after_fees,A_all,logistic,BTC/USDT,close_location,-0.020497190053972363
3,2022,profitable_after_fees,A_all,logistic,BTC/USDT,natr14,0.013761821018198487
3,2022,profitable_after_fees,A_all,logistic,BTC/USDT,return_std_24,0.014537485592240143
3,2022,profitable_after_fees,A_all,logistic,BTC/USDT,return_std_168,0.0038572769958096407
3,2022,profitable_after_fees,A_all,logistic,BTC/USDT,volatility_percentile_720,0.006520279330815004
3,2022,profitable_after_fees,A_all,logistic,BTC/USDT,rsi14,0.0014563841727714781
3,2022,profitable_after_fees,A_all,logistic,BTC/USDT,macd_ratio,-0.0043303402280969
3,2022,profitable_after_fees,A_all,logistic,BTC/USDT,macd_signal_ratio,-0.019974378773999157
3,2022,profitable_after_fees,A_all,logistic,BTC/USDT,relative_volume_24,0.0054038624605757994
3,2022,profitable_after_fees,A_all,logistic,BTC/USDT,volume_zscore_24,0.002209295179972907
3,2022,profitable_after_fees,A_all,logistic,BTC/USDT,volume_trend_24_168,0.004896142639811622
3,2022,profitable_after_fees,A_all,logistic,BTC/USDT,regime_duration,0.001007033559716597
3,2022,profitable_after_fees,A_all,logistic,BTC/USDT,regime_transition,-0.002922430459501746
3,2022,profitable_after_fees,A_all,logistic,BTC/USDT,hour_of_day,0.021497423350748206
3,2022,profitable_after_fees,A_all,logistic,BTC/USDT,day_of_week,0.0038002120880116785
3,2022,profitable_after_fees,A_all,logistic,BTC/USDT,distance_high_24,-0.03818518688146083
3,2022,profitable_after_fees,A_all,logistic,BTC/USDT,distance_low_24,-0.000772413801856849
3,2022,profitable_after_fees,A_all,logistic,BTC/USDT,distance_high_168,-0.012072067626224925
3,2022,profitable_after_fees,A_all,logistic,BTC/USDT,distance_low_168,0.0010230760646202652
3,2022,profitable_after_fees,A_all,logistic,BTC/USDT,candles_since_prior_signal,0.0007093187784690628
3,2022,profitable_after_fees,A_all,logistic,BTC/USDT,source_synthetic,0.0
3,2022,profitable_after_fees,A_all,logistic,BTC/USDT,pair,0.0
3,2022,profitable_after_fees,A_all,logistic,BTC/USDT,regime,0.023548165307894386
3,2022,profitable_after_fees,A_all,logistic,BTC/USDT,return_1h,0.006037128731404162
3,2022,profitable_after_fees,A_all,logistic,BTC/USDT,return_3h,0.007423979075690941
3,2022,profitable_after_fees,A_all,logistic,BTC/USDT,return_6h,0.0026005416677152837
3,2022,profitable_after_fees,A_all,logistic,BTC/USDT,return_12h,-0.016519143687786248
3,2022,profitable_after_fees,A_all,logistic,BTC/USDT,return_24h,-0.00028119948518344023
3,2022,profitable_after_fees,A_all,logistic,BTC/USDT,return_72h,0.018684058434974966
3,2022,profitable_after_fees,A_all,logistic,BTC/USDT,return_168h,-0.0004151573446335803
3,2022,profitable_after_fees,A_all,logistic,BTC/USDT,volatility_ratio_24_168,-0.041814100767954686
3,2022,profitable_after_fees,A_all,logistic,BTC/USDT,natr_ratio_168,0.00823655447602556
3,2022,profitable_after_fees,A_all,logistic,BTC/USDT,up_fraction_24,0.0005875779285643609
3,2022,profitable_after_fees,A_all,logistic,BTC/USDT,volume_price_interaction,0.002322996774913729
3,2022,profitable_after_fees,A_all,logistic,BTC/USDT,range_expansion_24,-0.017960168681560695
3,2022,profitable_after_fees,A_all,logistic,BTC/USDT,signal_density_168,0.004884998618560528
3,2022,profitable_after_fees,A_all,logistic,ETH/USDT,ema20_distance,-0.020066012464110144
3,2022,profitable_after_fees,A_all,logistic,ETH/USDT,ema50_distance,0.0013879793615514946
3,2022,profitable_after_fees,A_all,logistic,ETH/USDT,ema_gap,-0.011153221406659827
3,2022,profitable_after_fees,A_all,logistic,ETH/USDT,ema20_slope_6,-0.003584933792261454
3,2022,profitable_after_fees,A_all,logistic,ETH/USDT,ema50_slope_6,0.007933120166139507
3,2022,profitable_after_fees,A_all,logistic,ETH/USDT,trend_efficiency_20,0.0007039114812247652
3,2022,profitable_after_fees,A_all,logistic,ETH/USDT,range_ratio,0.008313946943061442
3,2022,profitable_after_fees,A_all,logistic,ETH/USDT,body_to_range,0.0037029709685940473
3,2022,profitable_after_fees,A_all,logistic,ETH/USDT,close_location,0.00390344986310411
3,2022,profitable_after_fees,A_all,logistic,ETH/USDT,natr14,0.0009553954502098949
3,2022,profitable_after_fees,A_all,logistic,ETH/USDT,return_std_24,0.01111761120707433
3,2022,profitable_after_fees,A_all,logistic,ETH/USDT,return_std_168,-0.0017349084192857522
3,2022,profitable_after_fees,A_all,logistic,ETH/USDT,volatility_percentile_720,0.0017247609418661696
3,2022,profitable_after_fees,A_all,logistic,ETH/USDT,rsi14,0.0005989515689360051
3,2022,profitable_after_fees,A_all,logistic,ETH/USDT,macd_ratio,-0.001237908360180599
3,2022,profitable_after_fees,A_all,logistic,ETH/USDT,macd_signal_ratio,-0.0044619873665666665
3,2022,profitable_after_fees,A_all,logistic,ETH/USDT,relative_volume_24,-0.0063921637237135025
3,2022,profitable_after_fees,A_all,logistic,ETH/USDT,volume_zscore_24,0.009174821379463793
3,2022,profitable_after_fees,A_all,logistic,ETH/USDT,volume_trend_24_168,-0.0031052877600918904
3,2022,profitable_after_fees,A_all,logistic,ETH/USDT,regime_duration,0.0029849447976158703
3,2022,profitable_after_fees,A_all,logistic,ETH/USDT,regime_transition,0.0011568898544144963
3,2022,profitable_after_fees,A_all,logistic,ETH/USDT,hour_of_day,0.0057179106885261914
3,2022,profitable_after_fees,A_all,logistic,ETH/USDT,day_of_week,0.004382604307921885
3,2022,profitable_after_fees,A_all,logistic,ETH/USDT,distance_high_24,0.0028811768790175294
3,2022,profitable_after_fees,A_all,logistic,ETH/USDT,distance_low_24,-0.0011140992457980465
3,2022,profitable_after_fees,A_all,logistic,ETH/USDT,distance_high_168,0.01946561184655245
3,2022,profitable_after_fees,A_all,logistic,ETH/USDT,distance_low_168,0.0007065374095629092
3,2022,profitable_after_fees,A_all,logistic,ETH/USDT,candles_since_prior_signal,0.00017800764095680469
3,2022,profitable_after_fees,A_all,logistic,ETH/USDT,source_synthetic,0.0
3,2022,profitable_after_fees,A_all,logistic,ETH/USDT,pair,0.0
3,2022,profitable_after_fees,A_all,logistic,ETH/USDT,regime,0.02534285527152752
3,2022,profitable_after_fees,A_all,logistic,ETH/USDT,return_1h,-0.006029940805973873
3,2022,profitable_after_fees,A_all,logistic,ETH/USDT,return_3h,0.007365720478178017
3,2022,profitable_after_fees,A_all,logistic,ETH/USDT,return_6h,-0.013253537452681688
3,2022,profitable_after_fees,A_all,logistic,ETH/USDT,return_12h,-0.020436883686429264
3,2022,profitable_after_fees,A_all,logistic,ETH/USDT,return_24h,0.0011472597748540443
3,2022,profitable_after_fees,A_all,logistic,ETH/USDT,return_72h,-0.0025020178871259144
3,2022,profitable_after_fees,A_all,logistic,ETH/USDT,return_168h,-0.00047828190208613436
3,2022,profitable_after_fees,A_all,logistic,ETH/USDT,volatility_ratio_24_168,-0.017103690230482027
3,2022,profitable_after_fees,A_all,logistic,ETH/USDT,natr_ratio_168,-0.003440189175441958
3,2022,profitable_after_fees,A_all,logistic,ETH/USDT,up_fraction_24,-7.014048537675362e-05
3,2022,profitable_after_fees,A_all,logistic,ETH/USDT,volume_price_interaction,-0.008584565582615611
3,2022,profitable_after_fees,A_all,logistic,ETH/USDT,range_expansion_24,0.017046643559039436
3,2022,profitable_after_fees,A_all,logistic,ETH/USDT,signal_density_168,-0.005777323880036267
3,2022,profitable_after_fees,A_all,forest,ALL,ema20_distance,-0.0030247400115366863
3,2022,profitable_after_fees,A_all,forest,ALL,ema50_distance,0.002263922963082606
3,2022,profitable_after_fees,A_all,forest,ALL,ema_gap,-0.007474666441943241
3,2022,profitable_after_fees,A_all,forest,ALL,ema20_slope_6,0.002605764069137854
3,2022,profitable_after_fees,A_all,forest,ALL,ema50_slope_6,-0.0053370417291015255
3,2022,profitable_after_fees,A_all,forest,ALL,trend_efficiency_20,0.0010401134275080937
3,2022,profitable_after_fees,A_all,forest,ALL,range_ratio,0.0005031411619869272
3,2022,profitable_after_fees,A_all,forest,ALL,body_to_range,-0.002504296798715907
3,2022,profitable_after_fees,A_all,forest,ALL,close_location,-0.0027526222168125316
3,2022,profitable_after_fees,A_all,forest,ALL,natr14,0.0006245754473554096
3,2022,profitable_after_fees,A_all,forest,ALL,return_std_24,0.004292892503035402
3,2022,profitable_after_fees,A_all,forest,ALL,return_std_168,-0.004149653530029236
3,2022,profitable_after_fees,A_all,forest,ALL,volatility_percentile_720,-0.0029852348881640087
3,2022,profitable_after_fees,A_all,forest,ALL,rsi14,0.0031475982971524616
3,2022,profitable_after_fees,A_all,forest,ALL,macd_ratio,0.0034880188372892564
3,2022,profitable_after_fees,A_all,forest,ALL,macd_signal_ratio,-0.0005206470850914561
3,2022,profitable_after_fees,A_all,forest,ALL,relative_volume_24,0.0003754852107030193
3,2022,profitable_after_fees,A_all,forest,ALL,volume_zscore_24,0.0016770297354454233
3,2022,profitable_after_fees,A_all,forest,ALL,volume_trend_24_168,0.00042661869666482666
3,2022,profitable_after_fees,A_all,forest,ALL,regime_duration,-0.00029178027470766477
3,2022,profitable_after_fees,A_all,forest,ALL,regime_transition,0.0
3,2022,profitable_after_fees,A_all,forest,ALL,hour_of_day,-0.0012851747449092825
3,2022,profitable_after_fees,A_all,forest,ALL,day_of_week,0.006670934780486841
3,2022,profitable_after_fees,A_all,forest,ALL,distance_high_24,0.004943564102644182
3,2022,profitable_after_fees,A_all,forest,ALL,distance_low_24,-8.215176634860748e-05
3,2022,profitable_after_fees,A_all,forest,ALL,distance_high_168,-0.000836042450111966
3,2022,profitable_after_fees,A_all,forest,ALL,distance_low_168,-0.002114892491352901
3,2022,profitable_after_fees,A_all,forest,ALL,candles_since_prior_signal,0.0005454646663831294
3,2022,profitable_after_fees,A_all,forest,ALL,source_synthetic,0.0
3,2022,profitable_after_fees,A_all,forest,ALL,pair,-7.107456567092181e-05
3,2022,profitable_after_fees,A_all,forest,ALL,regime,0.0009313208426338093
3,2022,profitable_after_fees,A_all,forest,ALL,return_1h,0.0006071857268252953
3,2022,profitable_after_fees,A_all,forest,ALL,return_3h,-0.0019919454627596775
3,2022,profitable_after_fees,A_all,forest,ALL,return_6h,-0.00012248697659526334
3,2022,profitable_after_fees,A_all,forest,ALL,return_12h,0.005568434672934682
3,2022,profitable_after_fees,A_all,forest,ALL,return_24h,0.0011738900821235594
3,2022,profitable_after_fees,A_all,forest,ALL,return_72h,-0.005411723051981972
3,2022,profitable_after_fees,A_all,forest,ALL,return_168h,0.0014309863072155538
3,2022,profitable_after_fees,A_all,forest,ALL,volatility_ratio_24_168,0.009670249627172075
3,2022,profitable_after_fees,A_all,forest,ALL,natr_ratio_168,-0.0005985465596043404
3,2022,profitable_after_fees,A_all,forest,ALL,up_fraction_24,-1.1005433673142809e-05
3,2022,profitable_after_fees,A_all,forest,ALL,volume_price_interaction,-0.0009131858943458396
3,2022,profitable_after_fees,A_all,forest,ALL,range_expansion_24,-0.0013016732504265531
3,2022,profitable_after_fees,A_all,forest,ALL,signal_density_168,-0.0005775138296586121
3,2022,profitable_after_fees,A_all,forest,BTC/USDT,ema20_distance,0.0005185588077717777
3,2022,profitable_after_fees,A_all,forest,BTC/USDT,ema50_distance,-0.0009758064726518301
3,2022,profitable_after_fees,A_all,forest,BTC/USDT,ema_gap,-0.005141930464130399
3,2022,profitable_after_fees,A_all,forest,BTC/USDT,ema20_slope_6,0.005716733573546129
3,2022,profitable_after_fees,A_all,forest,BTC/USDT,ema50_slope_6,0.0019231038645043756
3,2022,profitable_after_fees,A_all,forest,BTC/USDT,trend_efficiency_20,-0.0016739949756220025
3,2022,profitable_after_fees,A_all,forest,BTC/USDT,range_ratio,-0.0017160422603879066
3,2022,profitable_after_fees,A_all,forest,BTC/USDT,body_to_range,-0.0019148843964291729
3,2022,profitable_after_fees,A_all,forest,BTC/USDT,close_location,-0.0033314144868306084
3,2022,profitable_after_fees,A_all,forest,BTC/USDT,natr14,-0.005395733050270264
3,2022,profitable_after_fees,A_all,forest,BTC/USDT,return_std_24,0.0007391960845258653
3,2022,profitable_after_fees,A_all,forest,BTC/USDT,return_std_168,0.0025609162411654083
3,2022,profitable_after_fees,A_all,forest,BTC/USDT,volatility_percentile_720,-0.001442303495308254
3,2022,profitable_after_fees,A_all,forest,BTC/USDT,rsi14,0.0038132067312896165
3,2022,profitable_after_fees,A_all,forest,BTC/USDT,macd_ratio,0.0058285165770787795
3,2022,profitable_after_fees,A_all,forest,BTC/USDT,macd_signal_ratio,-0.011959675835821396
3,2022,profitable_after_fees,A_all,forest,BTC/USDT,relative_volume_24,0.0036348502504209477
3,2022,profitable_after_fees,A_all,forest,BTC/USDT,volume_zscore_24,-0.000586001242946721
3,2022,profitable_after_fees,A_all,forest,BTC/USDT,volume_trend_24_168,0.002590814429296928
3,2022,profitable_after_fees,A_all,forest,BTC/USDT,regime_duration,-0.00192538407444857
3,2022,profitable_after_fees,A_all,forest,BTC/USDT,regime_transition,0.0
3,2022,profitable_after_fees,A_all,forest,BTC/USDT,hour_of_day,0.004036452655980571
3,2022,profitable_after_fees,A_all,forest,BTC/USDT,day_of_week,0.005651915993967231
3,2022,profitable_after_fees,A_all,forest,BTC/USDT,distance_high_24,0.0010198781031561983
3,2022,profitable_after_fees,A_all,forest,BTC/USDT,distance_low_24,0.0001543324599510195
3,2022,profitable_after_fees,A_all,forest,BTC/USDT,distance_high_168,-0.0060628319306921434
3,2022,profitable_after_fees,A_all,forest,BTC/USDT,distance_low_168,-0.0014419501277593099
3,2022,profitable_after_fees,A_all,forest,BTC/USDT,candles_since_prior_signal,0.005228831253688744
3,2022,profitable_after_fees,A_all,forest,BTC/USDT,source_synthetic,0.0
3,2022,profitable_after_fees,A_all,forest,BTC/USDT,pair,0.0
3,2022,profitable_after_fees,A_all,forest,BTC/USDT,regime,0.0017739239631399117
3,2022,profitable_after_fees,A_all,forest,BTC/USDT,return_1h,0.006405907411453822
3,2022,profitable_after_fees,A_all,forest,BTC/USDT,return_3h,-0.0006940400470015207
3,2022,profitable_after_fees,A_all,forest,BTC/USDT,return_6h,0.005415024814025042
3,2022,profitable_after_fees,A_all,forest,BTC/USDT,return_12h,-0.000314997373199936
3,2022,profitable_after_fees,A_all,forest,BTC/USDT,return_24h,0.0009575276174163353
3,2022,profitable_after_fees,A_all,forest,BTC/USDT,return_72h,-0.004684381424971333
3,2022,profitable_after_fees,A_all,forest,BTC/USDT,return_168h,0.0018687414026261988
3,2022,profitable_after_fees,A_all,forest,BTC/USDT,volatility_ratio_24_168,0.015385830554318025
3,2022,profitable_after_fees,A_all,forest,BTC/USDT,natr_ratio_168,-0.0035322385340779325
3,2022,profitable_after_fees,A_all,forest,BTC/USDT,up_fraction_24,-0.0005016624140637971
3,2022,profitable_after_fees,A_all,forest,BTC/USDT,volume_price_interaction,0.001246385607247343
3,2022,profitable_after_fees,A_all,forest,BTC/USDT,range_expansion_24,0.000997051126914524
3,2022,profitable_after_fees,A_all,forest,BTC/USDT,signal_density_168,-0.0003907102419392812
3,2022,profitable_after_fees,A_all,forest,ETH/USDT,ema20_distance,0.005418942373317026
3,2022,profitable_after_fees,A_all,forest,ETH/USDT,ema50_distance,0.003202733401321397
3,2022,profitable_after_fees,A_all,forest,ETH/USDT,ema_gap,-0.022691689554284206
3,2022,profitable_after_fees,A_all,forest,ETH/USDT,ema20_slope_6,-0.004280314551996733
3,2022,profitable_after_fees,A_all,forest,ETH/USDT,ema50_slope_6,-0.0002706854014126181
3,2022,profitable_after_fees,A_all,forest,ETH/USDT,trend_efficiency_20,-0.005350660801491806
3,2022,profitable_after_fees,A_all,forest,ETH/USDT,range_ratio,-0.0016438744758252022
3,2022,profitable_after_fees,A_all,forest,ETH/USDT,body_to_range,-0.0001487620427050492
3,2022,profitable_after_fees,A_all,forest,ETH/USDT,close_location,-0.008152079420218524
3,2022,profitable_after_fees,A_all,forest,ETH/USDT,natr14,-0.0018366228085123781
3,2022,profitable_after_fees,A_all,forest,ETH/USDT,return_std_24,0.0025099761905594633
3,2022,profitable_after_fees,A_all,forest,ETH/USDT,return_std_168,-0.01155903567549671
3,2022,profitable_after_fees,A_all,forest,ETH/USDT,volatility_percentile_720,-0.0033340993526458176
3,2022,profitable_after_fees,A_all,forest,ETH/USDT,rsi14,0.0007594068849984444
3,2022,profitable_after_fees,A_all,forest,ETH/USDT,macd_ratio,0.002093095028648314
3,2022,profitable_after_fees,A_all,forest,ETH/USDT,macd_signal_ratio,0.001969934513864957
3,2022,profitable_after_fees,A_all,forest,ETH/USDT,relative_volume_24,-0.0025138421271085156
3,2022,profitable_after_fees,A_all,forest,ETH/USDT,volume_zscore_24,-0.0009495932461457043
3,2022,profitable_after_fees,A_all,forest,ETH/USDT,volume_trend_24_168,-0.00019187988022523195
3,2022,profitable_after_fees,A_all,forest,ETH/USDT,regime_duration,0.0005086540178204831
3,2022,profitable_after_fees,A_all,forest,ETH/USDT,regime_transition,0.0
3,2022,profitable_after_fees,A_all,forest,ETH/USDT,hour_of_day,-0.007683406043587433
3,2022,profitable_after_fees,A_all,forest,ETH/USDT,day_of_week,0.007103411880252837
3,2022,profitable_after_fees,A_all,forest,ETH/USDT,distance_high_24,-0.0013809625236469631
3,2022,profitable_after_fees,A_all,forest,ETH/USDT,distance_low_24,-0.0015147452805093775
3,2022,profitable_after_fees,A_all,forest,ETH/USDT,distance_high_168,-0.006809974337001849
3,2022,profitable_after_fees,A_all,forest,ETH/USDT,distance_low_168,-0.0029755118887463774
3,2022,profitable_after_fees,A_all,forest,ETH/USDT,candles_since_prior_signal,-0.0038537822317418944
3,2022,profitable_after_fees,A_all,forest,ETH/USDT,source_synthetic,0.0
3,2022,profitable_after_fees,A_all,forest,ETH/USDT,pair,0.0
3,2022,profitable_after_fees,A_all,forest,ETH/USDT,regime,0.0014154120361818772
3,2022,profitable_after_fees,A_all,forest,ETH/USDT,return_1h,-0.00449667998527864
3,2022,profitable_after_fees,A_all,forest,ETH/USDT,return_3h,-0.0005931963845103491
3,2022,profitable_after_fees,A_all,forest,ETH/USDT,return_6h,-0.001485607738280122
3,2022,profitable_after_fees,A_all,forest,ETH/USDT,return_12h,-0.005904741679676195
3,2022,profitable_after_fees,A_all,forest,ETH/USDT,return_24h,0.0025971322438390807
3,2022,profitable_after_fees,A_all,forest,ETH/USDT,return_72h,-0.0018046567664707913
3,2022,profitable_after_fees,A_all,forest,ETH/USDT,return_168h,0.004285336729157947
3,2022,profitable_after_fees,A_all,forest,ETH/USDT,volatility_ratio_24_168,-0.0041659535365494715
3,2022,profitable_after_fees,A_all,forest,ETH/USDT,natr_ratio_168,-0.00012159273918170103
3,2022,profitable_after_fees,A_all,forest,ETH/USDT,up_fraction_24,0.001323525534600467
3,2022,profitable_after_fees,A_all,forest,ETH/USDT,volume_price_interaction,-0.0021773541518980886
3,2022,profitable_after_fees,A_all,forest,ETH/USDT,range_expansion_24,0.0016888564502714292
3,2022,profitable_after_fees,A_all,forest,ETH/USDT,signal_density_168,-0.0008631122011957629
3,2022,profitable_after_fees,A_all,hist_gradient,ALL,ema20_distance,0.00019173059327596645
3,2022,profitable_after_fees,A_all,hist_gradient,ALL,ema50_distance,0.003596343035386603
3,2022,profitable_after_fees,A_all,hist_gradient,ALL,ema_gap,-0.0017917416907311523
3,2022,profitable_after_fees,A_all,hist_gradient,ALL,ema20_slope_6,9.087946643756191e-05
3,2022,profitable_after_fees,A_all,hist_gradient,ALL,ema50_slope_6,0.006125782064669479
3,2022,profitable_after_fees,A_all,hist_gradient,ALL,trend_efficiency_20,0.02105553152281588
3,2022,profitable_after_fees,A_all,hist_gradient,ALL,range_ratio,-0.0029758401311935447
3,2022,profitable_after_fees,A_all,hist_gradient,ALL,body_to_range,0.025980172156259158
3,2022,profitable_after_fees,A_all,hist_gradient,ALL,close_location,0.01667939576473217
3,2022,profitable_after_fees,A_all,hist_gradient,ALL,natr14,0.011040284798456165
3,2022,profitable_after_fees,A_all,hist_gradient,ALL,return_std_24,0.0
3,2022,profitable_after_fees,A_all,hist_gradient,ALL,return_std_168,0.012797914762425477
3,2022,profitable_after_fees,A_all,hist_gradient,ALL,volatility_percentile_720,0.02181233938010683
3,2022,profitable_after_fees,A_all,hist_gradient,ALL,rsi14,0.04005127001545792
3,2022,profitable_after_fees,A_all,hist_gradient,ALL,macd_ratio,0.000965975251028206
3,2022,profitable_after_fees,A_all,hist_gradient,ALL,macd_signal_ratio,0.005582979334492273
3,2022,profitable_after_fees,A_all,hist_gradient,ALL,relative_volume_24,-0.00277432431487723
3,2022,profitable_after_fees,A_all,hist_gradient,ALL,volume_zscore_24,0.004654770236279322
3,2022,profitable_after_fees,A_all,hist_gradient,ALL,volume_trend_24_168,0.00020849547592814247
3,2022,profitable_after_fees,A_all,hist_gradient,ALL,regime_duration,-0.0014660825409804994
3,2022,profitable_after_fees,A_all,hist_gradient,ALL,regime_transition,0.0
3,2022,profitable_after_fees,A_all,hist_gradient,ALL,hour_of_day,0.01421552039424521
3,2022,profitable_after_fees,A_all,hist_gradient,ALL,day_of_week,0.03390224628033708
3,2022,profitable_after_fees,A_all,hist_gradient,ALL,distance_high_24,0.037839910893303165
3,2022,profitable_after_fees,A_all,hist_gradient,ALL,distance_low_24,0.0
3,2022,profitable_after_fees,A_all,hist_gradient,ALL,distance_high_168,0.016253877618065165
3,2022,profitable_after_fees,A_all,hist_gradient,ALL,distance_low_168,-0.001446414368215761
3,2022,profitable_after_fees,A_all,hist_gradient,ALL,candles_since_prior_signal,-0.005000780768480244
3,2022,profitable_after_fees,A_all,hist_gradient,ALL,source_synthetic,0.0
3,2022,profitable_after_fees,A_all,hist_gradient,ALL,pair,0.0
3,2022,profitable_after_fees,A_all,hist_gradient,ALL,regime,0.0
3,2022,profitable_after_fees,A_all,hist_gradient,ALL,return_1h,0.014420056971266878
3,2022,profitable_after_fees,A_all,hist_gradient,ALL,return_3h,0.0011695039188211465
3,2022,profitable_after_fees,A_all,hist_gradient,ALL,return_6h,0.022516325930297326
3,2022,profitable_after_fees,A_all,hist_gradient,ALL,return_12h,0.03431932583543157
3,2022,profitable_after_fees,A_all,hist_gradient,ALL,return_24h,0.005774881444660558
3,2022,profitable_after_fees,A_all,hist_gradient,ALL,return_72h,-0.0025738655867658298
3,2022,profitable_after_fees,A_all,hist_gradient,ALL,return_168h,0.006248745325135918
3,2022,profitable_after_fees,A_all,hist_gradient,ALL,volatility_ratio_24_168,0.03084716182735712
3,2022,profitable_after_fees,A_all,hist_gradient,ALL,natr_ratio_168,0.004941574573589569
3,2022,profitable_after_fees,A_all,hist_gradient,ALL,up_fraction_24,0.001089224252243411
3,2022,profitable_after_fees,A_all,hist_gradient,ALL,volume_price_interaction,0.001488249998285544
3,2022,profitable_after_fees,A_all,hist_gradient,ALL,range_expansion_24,-0.0011161874097010787
3,2022,profitable_after_fees,A_all,hist_gradient,ALL,signal_density_168,0.0
3,2022,profitable_after_fees,A_all,hist_gradient,BTC/USDT,ema20_distance,0.0018995237841856933
3,2022,profitable_after_fees,A_all,hist_gradient,BTC/USDT,ema50_distance,0.00025520620160292734
3,2022,profitable_after_fees,A_all,hist_gradient,BTC/USDT,ema_gap,-0.03025639015351785
3,2022,profitable_after_fees,A_all,hist_gradient,BTC/USDT,ema20_slope_6,-0.0031748054422368797
3,2022,profitable_after_fees,A_all,hist_gradient,BTC/USDT,ema50_slope_6,-0.006605208911535117
3,2022,profitable_after_fees,A_all,hist_gradient,BTC/USDT,trend_efficiency_20,0.015793404898140406
3,2022,profitable_after_fees,A_all,hist_gradient,BTC/USDT,range_ratio,-0.005200158481992789
3,2022,profitable_after_fees,A_all,hist_gradient,BTC/USDT,body_to_range,0.0024993354309793916
3,2022,profitable_after_fees,A_all,hist_gradient,BTC/USDT,close_location,0.00041774385000899655
3,2022,profitable_after_fees,A_all,hist_gradient,BTC/USDT,natr14,-0.026256920552576186
3,2022,profitable_after_fees,A_all,hist_gradient,BTC/USDT,return_std_24,0.0
3,2022,profitable_after_fees,A_all,hist_gradient,BTC/USDT,return_std_168,0.010498484300761798
3,2022,profitable_after_fees,A_all,hist_gradient,BTC/USDT,volatility_percentile_720,-0.003980277945026034
3,2022,profitable_after_fees,A_all,hist_gradient,BTC/USDT,rsi14,0.013614662366515632
3,2022,profitable_after_fees,A_all,hist_gradient,BTC/USDT,macd_ratio,-0.0009596130382998705
3,2022,profitable_after_fees,A_all,hist_gradient,BTC/USDT,macd_signal_ratio,0.006143933281184048
3,2022,profitable_after_fees,A_all,hist_gradient,BTC/USDT,relative_volume_24,0.0
3,2022,profitable_after_fees,A_all,hist_gradient,BTC/USDT,volume_zscore_24,0.0
3,2022,profitable_after_fees,A_all,hist_gradient,BTC/USDT,volume_trend_24_168,0.003696709593612124
3,2022,profitable_after_fees,A_all,hist_gradient,BTC/USDT,regime_duration,8.178408258704047e-05
3,2022,profitable_after_fees,A_all,hist_gradient,BTC/USDT,regime_transition,0.0
3,2022,profitable_after_fees,A_all,hist_gradient,BTC/USDT,hour_of_day,-0.0002089253947220593
3,2022,profitable_after_fees,A_all,hist_gradient,BTC/USDT,day_of_week,0.03413228267404985
3,2022,profitable_after_fees,A_all,hist_gradient,BTC/USDT,distance_high_24,0.03206963811501362
3,2022,profitable_after_fees,A_all,hist_gradient,BTC/USDT,distance_low_24,0.0
3,2022,profitable_after_fees,A_all,hist_gradient,BTC/USDT,distance_high_168,0.007117401495520315
3,2022,profitable_after_fees,A_all,hist_gradient,BTC/USDT,distance_low_168,-0.0031293087813042777
3,2022,profitable_after_fees,A_all,hist_gradient,BTC/USDT,candles_since_prior_signal,-0.0015403740536776105
3,2022,profitable_after_fees,A_all,hist_gradient,BTC/USDT,source_synthetic,0.0
3,2022,profitable_after_fees,A_all,hist_gradient,BTC/USDT,pair,0.0
3,2022,profitable_after_fees,A_all,hist_gradient,BTC/USDT,regime,0.0
3,2022,profitable_after_fees,A_all,hist_gradient,BTC/USDT,return_1h,0.02294460996326649
3,2022,profitable_after_fees,A_all,hist_gradient,BTC/USDT,return_3h,-3.2535457672825765e-06
3,2022,profitable_after_fees,A_all,hist_gradient,BTC/USDT,return_6h,-0.004713103154932803
3,2022,profitable_after_fees,A_all,hist_gradient,BTC/USDT,return_12h,0.012222878805786893
3,2022,profitable_after_fees,A_all,hist_gradient,BTC/USDT,return_24h,-0.00040349997640609647
3,2022,profitable_after_fees,A_all,hist_gradient,BTC/USDT,return_72h,0.0042260586445361055
3,2022,profitable_after_fees,A_all,hist_gradient,BTC/USDT,return_168h,-0.0017934614690538846
3,2022,profitable_after_fees,A_all,hist_gradient,BTC/USDT,volatility_ratio_24_168,0.017009206057808517
3,2022,profitable_after_fees,A_all,hist_gradient,BTC/USDT,natr_ratio_168,0.0016763651854010593
3,2022,profitable_after_fees,A_all,hist_gradient,BTC/USDT,up_fraction_24,-0.002513638488390683
3,2022,profitable_after_fees,A_all,hist_gradient,BTC/USDT,volume_price_interaction,6.498183269317466e-05
3,2022,profitable_after_fees,A_all,hist_gradient,BTC/USDT,range_expansion_24,-0.0021003732035741276
3,2022,profitable_after_fees,A_all,hist_gradient,BTC/USDT,signal_density_168,0.0
3,2022,profitable_after_fees,A_all,hist_gradient,ETH/USDT,ema20_distance,-0.0022448857106762143
3,2022,profitable_after_fees,A_all,hist_gradient,ETH/USDT,ema50_distance,0.0033705523328779554
3,2022,profitable_after_fees,A_all,hist_gradient,ETH/USDT,ema_gap,0.017135235338823235
3,2022,profitable_after_fees,A_all,hist_gradient,ETH/USDT,ema20_slope_6,-0.0013769864112286683
3,2022,profitable_after_fees,A_all,hist_gradient,ETH/USDT,ema50_slope_6,0.017163376070370162
3,2022,profitable_after_fees,A_all,hist_gradient,ETH/USDT,trend_efficiency_20,0.02353851948952453
3,2022,profitable_after_fees,A_all,hist_gradient,ETH/USDT,range_ratio,-0.001522009536880457
3,2022,profitable_after_fees,A_all,hist_gradient,ETH/USDT,body_to_range,0.05064045666177245
3,2022,profitable_after_fees,A_all,hist_gradient,ETH/USDT,close_location,0.03902577478303534
3,2022,profitable_after_fees,A_all,hist_gradient,ETH/USDT,natr14,0.03768928753003342
3,2022,profitable_after_fees,A_all,hist_gradient,ETH/USDT,return_std_24,0.0
3,2022,profitable_after_fees,A_all,hist_gradient,ETH/USDT,return_std_168,0.018155637640890065
3,2022,profitable_after_fees,A_all,hist_gradient,ETH/USDT,volatility_percentile_720,0.0463660041665955
3,2022,profitable_after_fees,A_all,hist_gradient,ETH/USDT,rsi14,0.0411280405746395
3,2022,profitable_after_fees,A_all,hist_gradient,ETH/USDT,macd_ratio,0.0007091096529216098
3,2022,profitable_after_fees,A_all,hist_gradient,ETH/USDT,macd_signal_ratio,0.03466520649060334
3,2022,profitable_after_fees,A_all,hist_gradient,ETH/USDT,relative_volume_24,0.005885393389983173
3,2022,profitable_after_fees,A_all,hist_gradient,ETH/USDT,volume_zscore_24,0.003933246567223288
3,2022,profitable_after_fees,A_all,hist_gradient,ETH/USDT,volume_trend_24_168,-0.003159360146942791
3,2022,profitable_after_fees,A_all,hist_gradient,ETH/USDT,regime_duration,0.008758552940526817
3,2022,profitable_after_fees,A_all,hist_gradient,ETH/USDT,regime_transition,0.0
3,2022,profitable_after_fees,A_all,hist_gradient,ETH/USDT,hour_of_day,0.031100546720610522
3,2022,profitable_after_fees,A_all,hist_gradient,ETH/USDT,day_of_week,0.0506916276210014
3,2022,profitable_after_fees,A_all,hist_gradient,ETH/USDT,distance_high_24,0.050251032645877346
3,2022,profitable_after_fees,A_all,hist_gradient,ETH/USDT,distance_low_24,0.0
3,2022,profitable_after_fees,A_all,hist_gradient,ETH/USDT,distance_high_168,0.046424406253084825
3,2022,profitable_after_fees,A_all,hist_gradient,ETH/USDT,distance_low_168,-0.0013545283024910537
3,2022,profitable_after_fees,A_all,hist_gradient,ETH/USDT,candles_since_prior_signal,-0.008002390251715416
3,2022,profitable_after_fees,A_all,hist_gradient,ETH/USDT,source_synthetic,0.0
3,2022,profitable_after_fees,A_all,hist_gradient,ETH/USDT,pair,0.0
3,2022,profitable_after_fees,A_all,hist_gradient,ETH/USDT,regime,0.0
3,2022,profitable_after_fees,A_all,hist_gradient,ETH/USDT,return_1h,-0.0013599244206538945
3,2022,profitable_after_fees,A_all,hist_gradient,ETH/USDT,return_3h,0.004386887950764899
3,2022,profitable_after_fees,A_all,hist_gradient,ETH/USDT,return_6h,0.061213108191594034
3,2022,profitable_after_fees,A_all,hist_gradient,ETH/USDT,return_12h,-0.002657231613756713
3,2022,profitable_after_fees,A_all,hist_gradient,ETH/USDT,return_24h,0.018058604713971155
3,2022,profitable_after_fees,A_all,hist_gradient,ETH/USDT,return_72h,-0.004721211127103368
3,2022,profitable_after_fees,A_all,hist_gradient,ETH/USDT,return_168h,0.008610020704232021
3,2022,profitable_after_fees,A_all,hist_gradient,ETH/USDT,volatility_ratio_24_168,0.03582445702808975
3,2022,profitable_after_fees,A_all,hist_gradient,ETH/USDT,natr_ratio_168,0.030262519763869716
3,2022,profitable_after_fees,A_all,hist_gradient,ETH/USDT,up_fraction_24,0.008510949946847942
3,2022,profitable_after_fees,A_all,hist_gradient,ETH/USDT,volume_price_interaction,0.007853125985790188
3,2022,profitable_after_fees,A_all,hist_gradient,ETH/USDT,range_expansion_24,0.0021318019762238314
3,2022,profitable_after_fees,A_all,hist_gradient,ETH/USDT,signal_density_168,0.0
4,2023,profitable_after_fees,A_all,logistic,ALL,ema20_distance,-0.011833039249854405
4,2023,profitable_after_fees,A_all,logistic,ALL,ema50_distance,-0.019789252255397516
4,2023,profitable_after_fees,A_all,logistic,ALL,ema_gap,-0.021477465362973736
4,2023,profitable_after_fees,A_all,logistic,ALL,ema20_slope_6,-0.004910389959851047
4,2023,profitable_after_fees,A_all,logistic,ALL,ema50_slope_6,-0.00017095088754115473
4,2023,profitable_after_fees,A_all,logistic,ALL,trend_efficiency_20,-0.0022840161479422694
4,2023,profitable_after_fees,A_all,logistic,ALL,range_ratio,-0.014672611333105268
4,2023,profitable_after_fees,A_all,logistic,ALL,body_to_range,-0.0022497115392548137
4,2023,profitable_after_fees,A_all,logistic,ALL,close_location,-0.0033496098608159866
4,2023,profitable_after_fees,A_all,logistic,ALL,natr14,-0.0004480558948402417
4,2023,profitable_after_fees,A_all,logistic,ALL,return_std_24,-0.011120645773446977
4,2023,profitable_after_fees,A_all,logistic,ALL,return_std_168,0.0003352132985610286
4,2023,profitable_after_fees,A_all,logistic,ALL,volatility_percentile_720,-0.0003221033533991058
4,2023,profitable_after_fees,A_all,logistic,ALL,rsi14,-0.017777073113120934
4,2023,profitable_after_fees,A_all,logistic,ALL,macd_ratio,-0.003873847135045738
4,2023,profitable_after_fees,A_all,logistic,ALL,macd_signal_ratio,-0.002901888470596433
4,2023,profitable_after_fees,A_all,logistic,ALL,relative_volume_24,0.0019250981117535833
4,2023,profitable_after_fees,A_all,logistic,ALL,volume_zscore_24,0.004671808981658847
4,2023,profitable_after_fees,A_all,logistic,ALL,volume_trend_24_168,-0.0071209835187264385
4,2023,profitable_after_fees,A_all,logistic,ALL,regime_duration,-0.002796817640736952
4,2023,profitable_after_fees,A_all,logistic,ALL,regime_transition,-0.0011228658426747733
4,2023,profitable_after_fees,A_all,logistic,ALL,hour_of_day,-0.0019044877170692476
4,2023,profitable_after_fees,A_all,logistic,ALL,day_of_week,-0.0056615510979644195
4,2023,profitable_after_fees,A_all,logistic,ALL,distance_high_24,0.0040787224335213645
4,2023,profitable_after_fees,A_all,logistic,ALL,distance_low_24,0.00013776531167952744
4,2023,profitable_after_fees,A_all,logistic,ALL,distance_high_168,-0.00804176987360892
4,2023,profitable_after_fees,A_all,logistic,ALL,distance_low_168,0.005914919840136683
4,2023,profitable_after_fees,A_all,logistic,ALL,candles_since_prior_signal,-0.00012122035793138419
4,2023,profitable_after_fees,A_all,logistic,ALL,source_synthetic,0.0
4,2023,profitable_after_fees,A_all,logistic,ALL,pair,-0.0007300782885902857
4,2023,profitable_after_fees,A_all,logistic,ALL,regime,0.011363301778120912
4,2023,profitable_after_fees,A_all,logistic,ALL,return_1h,0.005151537977057141
4,2023,profitable_after_fees,A_all,logistic,ALL,return_3h,0.015405720795532854
4,2023,profitable_after_fees,A_all,logistic,ALL,return_6h,-0.010055062004214632
4,2023,profitable_after_fees,A_all,logistic,ALL,return_12h,0.0004548183045050373
4,2023,profitable_after_fees,A_all,logistic,ALL,return_24h,0.0007808558268743715
4,2023,profitable_after_fees,A_all,logistic,ALL,return_72h,0.008873429035969327
4,2023,profitable_after_fees,A_all,logistic,ALL,return_168h,-0.006218576981538382
4,2023,profitable_after_fees,A_all,logistic,ALL,volatility_ratio_24_168,-0.013606144178521204
4,2023,profitable_after_fees,A_all,logistic,ALL,natr_ratio_168,-0.022721416649487347
4,2023,profitable_after_fees,A_all,logistic,ALL,up_fraction_24,0.0009570824051207497
4,2023,profitable_after_fees,A_all,logistic,ALL,volume_price_interaction,0.010140217444433572
4,2023,profitable_after_fees,A_all,logistic,ALL,range_expansion_24,0.033221727578777394
4,2023,profitable_after_fees,A_all,logistic,ALL,signal_density_168,-0.0005245229771588625
4,2023,profitable_after_fees,A_all,logistic,BTC/USDT,ema20_distance,-0.027007299899560373
4,2023,profitable_after_fees,A_all,logistic,BTC/USDT,ema50_distance,-0.018076937670170563
4,2023,profitable_after_fees,A_all,logistic,BTC/USDT,ema_gap,-0.015167046707103782
4,2023,profitable_after_fees,A_all,logistic,BTC/USDT,ema20_slope_6,-0.007927950590554234
4,2023,profitable_after_fees,A_all,logistic,BTC/USDT,ema50_slope_6,0.006840916271695067
4,2023,profitable_after_fees,A_all,logistic,BTC/USDT,trend_efficiency_20,-0.000638872207030868
4,2023,profitable_after_fees,A_all,logistic,BTC/USDT,range_ratio,-0.032352798757246636
4,2023,profitable_after_fees,A_all,logistic,BTC/USDT,body_to_range,0.001967977308489651
4,2023,profitable_after_fees,A_all,logistic,BTC/USDT,close_location,-0.005149805155505653
4,2023,profitable_after_fees,A_all,logistic,BTC/USDT,natr14,1.7223883201781625e-05
4,2023,profitable_after_fees,A_all,logistic,BTC/USDT,return_std_24,-0.002840915608229263
4,2023,profitable_after_fees,A_all,logistic,BTC/USDT,return_std_168,-0.001144090043656713
4,2023,profitable_after_fees,A_all,logistic,BTC/USDT,volatility_percentile_720,-0.0005477811129360929
4,2023,profitable_after_fees,A_all,logistic,BTC/USDT,rsi14,-0.017819097706192073
4,2023,profitable_after_fees,A_all,logistic,BTC/USDT,macd_ratio,0.00033475771852068775
4,2023,profitable_after_fees,A_all,logistic,BTC/USDT,macd_signal_ratio,-0.0033792449222633802
4,2023,profitable_after_fees,A_all,logistic,BTC/USDT,relative_volume_24,-0.0028202583593756603
4,2023,profitable_after_fees,A_all,logistic,BTC/USDT,volume_zscore_24,0.0030632271377815656
4,2023,profitable_after_fees,A_all,logistic,BTC/USDT,volume_trend_24_168,0.016487841495796702
4,2023,profitable_after_fees,A_all,logistic,BTC/USDT,regime_duration,-0.0031157495919007148
4,2023,profitable_after_fees,A_all,logistic,BTC/USDT,regime_transition,0.0020025623103748225
4,2023,profitable_after_fees,A_all,logistic,BTC/USDT,hour_of_day,-0.007177738223632324
4,2023,profitable_after_fees,A_all,logistic,BTC/USDT,day_of_week,0.009946396382500148
4,2023,profitable_after_fees,A_all,logistic,BTC/USDT,distance_high_24,0.007458513463355391
4,2023,profitable_after_fees,A_all,logistic,BTC/USDT,distance_low_24,-0.0002812454238288094
4,2023,profitable_after_fees,A_all,logistic,BTC/USDT,distance_high_168,-0.008901965696829736
4,2023,profitable_after_fees,A_all,logistic,BTC/USDT,distance_low_168,0.006083346198898831
4,2023,profitable_after_fees,A_all,logistic,BTC/USDT,candles_since_prior_signal,-0.0004705660372164207
4,2023,profitable_after_fees,A_all,logistic,BTC/USDT,source_synthetic,0.0
4,2023,profitable_after_fees,A_all,logistic,BTC/USDT,pair,0.0
4,2023,profitable_after_fees,A_all,logistic,BTC/USDT,regime,-0.006094324866275869
4,2023,profitable_after_fees,A_all,logistic,BTC/USDT,return_1h,0.002819250837148124
4,2023,profitable_after_fees,A_all,logistic,BTC/USDT,return_3h,-0.005637586113254804
4,2023,profitable_after_fees,A_all,logistic,BTC/USDT,return_6h,-0.0175386838871406
4,2023,profitable_after_fees,A_all,logistic,BTC/USDT,return_12h,5.5507257509061304e-05
4,2023,profitable_after_fees,A_all,logistic,BTC/USDT,return_24h,0.00016365270320500835
4,2023,profitable_after_fees,A_all,logistic,BTC/USDT,return_72h,0.01271796319250218
4,2023,profitable_after_fees,A_all,logistic,BTC/USDT,return_168h,-0.018114643501417078
4,2023,profitable_after_fees,A_all,logistic,BTC/USDT,volatility_ratio_24_168,-0.01157110572514991
4,2023,profitable_after_fees,A_all,logistic,BTC/USDT,natr_ratio_168,-0.016030960055314476
4,2023,profitable_after_fees,A_all,logistic,BTC/USDT,up_fraction_24,0.0006991073788734092
4,2023,profitable_after_fees,A_all,logistic,BTC/USDT,volume_price_interaction,0.0006984337633398156
4,2023,profitable_after_fees,A_all,logistic,BTC/USDT,range_expansion_24,0.012017950608092446
4,2023,profitable_after_fees,A_all,logistic,BTC/USDT,signal_density_168,0.0005830231583049775
4,2023,profitable_after_fees,A_all,logistic,ETH/USDT,ema20_distance,-0.00994390735038947
4,2023,profitable_after_fees,A_all,logistic,ETH/USDT,ema50_distance,-0.02884867411405645
4,2023,profitable_after_fees,A_all,logistic,ETH/USDT,ema_gap,-0.019049052646800273
4,2023,profitable_after_fees,A_all,logistic,ETH/USDT,ema20_slope_6,0.008759517210806608
4,2023,profitable_after_fees,A_all,logistic,ETH/USDT,ema50_slope_6,0.009434274696668576
4,2023,profitable_after_fees,A_all,logistic,ETH/USDT,trend_efficiency_20,7.169151493278496e-05
4,2023,profitable_after_fees,A_all,logistic,ETH/USDT,range_ratio,-0.0506569686406208
4,2023,profitable_after_fees,A_all,logistic,ETH/USDT,body_to_range,-0.0023032938828594918
4,2023,profitable_after_fees,A_all,logistic,ETH/USDT,close_location,-0.0018588203577053302
4,2023,profitable_after_fees,A_all,logistic,ETH/USDT,natr14,0.0007425389833475108
4,2023,profitable_after_fees,A_all,logistic,ETH/USDT,return_std_24,-0.006056782971715395
4,2023,profitable_after_fees,A_all,logistic,ETH/USDT,return_std_168,-0.015213408698944905
4,2023,profitable_after_fees,A_all,logistic,ETH/USDT,volatility_percentile_720,0.0009494664367457051
4,2023,profitable_after_fees,A_all,logistic,ETH/USDT,rsi14,-0.027676498781462538
4,2023,profitable_after_fees,A_all,logistic,ETH/USDT,macd_ratio,-0.0027076307354393
4,2023,profitable_after_fees,A_all,logistic,ETH/USDT,macd_signal_ratio,-0.0006457922640881556
4,2023,profitable_after_fees,A_all,logistic,ETH/USDT,relative_volume_24,0.0056861764172579
4,2023,profitable_after_fees,A_all,logistic,ETH/USDT,volume_zscore_24,-0.012099589071696393
4,2023,profitable_after_fees,A_all,logistic,ETH/USDT,volume_trend_24_168,-0.0005852023499211545
4,2023,profitable_after_fees,A_all,logistic,ETH/USDT,regime_duration,-0.002792267890708818
4,2023,profitable_after_fees,A_all,logistic,ETH/USDT,regime_transition,0.004444867473620921
4,2023,profitable_after_fees,A_all,logistic,ETH/USDT,hour_of_day,-0.007718070597521627
4,2023,profitable_after_fees,A_all,logistic,ETH/USDT,day_of_week,-0.0028078544049786602
4,2023,profitable_after_fees,A_all,logistic,ETH/USDT,distance_high_24,-0.010854719755266603
4,2023,profitable_after_fees,A_all,logistic,ETH/USDT,distance_low_24,0.0024573990143165005
4,2023,profitable_after_fees,A_all,logistic,ETH/USDT,distance_high_168,-0.004231203128130597
4,2023,profitable_after_fees,A_all,logistic,ETH/USDT,distance_low_168,0.013610503434656732
4,2023,profitable_after_fees,A_all,logistic,ETH/USDT,candles_since_prior_signal,-0.0005328580365155378
4,2023,profitable_after_fees,A_all,logistic,ETH/USDT,source_synthetic,0.0
4,2023,profitable_after_fees,A_all,logistic,ETH/USDT,pair,0.0
4,2023,profitable_after_fees,A_all,logistic,ETH/USDT,regime,0.004505638360930079
4,2023,profitable_after_fees,A_all,logistic,ETH/USDT,return_1h,0.007966149449589658
4,2023,profitable_after_fees,A_all,logistic,ETH/USDT,return_3h,0.030162471347574698
4,2023,profitable_after_fees,A_all,logistic,ETH/USDT,return_6h,0.0064852104671886774
4,2023,profitable_after_fees,A_all,logistic,ETH/USDT,return_12h,0.002618203433837951
4,2023,profitable_after_fees,A_all,logistic,ETH/USDT,return_24h,0.0024702663930981084
4,2023,profitable_after_fees,A_all,logistic,ETH/USDT,return_72h,0.015245641350587388
4,2023,profitable_after_fees,A_all,logistic,ETH/USDT,return_168h,-0.01880580216775381
4,2023,profitable_after_fees,A_all,logistic,ETH/USDT,volatility_ratio_24_168,-0.00046467178388635383
4,2023,profitable_after_fees,A_all,logistic,ETH/USDT,natr_ratio_168,-0.03903290235110416
4,2023,profitable_after_fees,A_all,logistic,ETH/USDT,up_fraction_24,0.0014378248370946107
4,2023,profitable_after_fees,A_all,logistic,ETH/USDT,volume_price_interaction,0.011438446696845886
4,2023,profitable_after_fees,A_all,logistic,ETH/USDT,range_expansion_24,0.05473521322493178
4,2023,profitable_after_fees,A_all,logistic,ETH/USDT,signal_density_168,-0.00022541447224655453
4,2023,profitable_after_fees,A_all,forest,ALL,ema20_distance,-0.005893291168421318
4,2023,profitable_after_fees,A_all,forest,ALL,ema50_distance,-0.004468873429702203
4,2023,profitable_after_fees,A_all,forest,ALL,ema_gap,-0.0009222864702088477
4,2023,profitable_after_fees,A_all,forest,ALL,ema20_slope_6,-0.00013539078269133217
4,2023,profitable_after_fees,A_all,forest,ALL,ema50_slope_6,0.002834992571376538
4,2023,profitable_after_fees,A_all,forest,ALL,trend_efficiency_20,0.001948141813039909
4,2023,profitable_after_fees,A_all,forest,ALL,range_ratio,0.002082044725210471
4,2023,profitable_after_fees,A_all,forest,ALL,body_to_range,0.0005502054140255804
4,2023,profitable_after_fees,A_all,forest,ALL,close_location,-0.00042271090961842894
4,2023,profitable_after_fees,A_all,forest,ALL,natr14,0.0006688899127427946
4,2023,profitable_after_fees,A_all,forest,ALL,return_std_24,0.0019274295740722518
4,2023,profitable_after_fees,A_all,forest,ALL,return_std_168,0.0006373202116622215
4,2023,profitable_after_fees,A_all,forest,ALL,volatility_percentile_720,-0.0004624575028190729
4,2023,profitable_after_fees,A_all,forest,ALL,rsi14,-0.0006355599728012177
4,2023,profitable_after_fees,A_all,forest,ALL,macd_ratio,-0.0013946474873569963
4,2023,profitable_after_fees,A_all,forest,ALL,macd_signal_ratio,0.005280409069282455
4,2023,profitable_after_fees,A_all,forest,ALL,relative_volume_24,-0.00012364850857142043
4,2023,profitable_after_fees,A_all,forest,ALL,volume_zscore_24,0.0018728486658288745
4,2023,profitable_after_fees,A_all,forest,ALL,volume_trend_24_168,-0.000766995049640414
4,2023,profitable_after_fees,A_all,forest,ALL,regime_duration,-0.0005014343625862431
4,2023,profitable_after_fees,A_all,forest,ALL,regime_transition,0.0
4,2023,profitable_after_fees,A_all,forest,ALL,hour_of_day,-0.0010696994777391982
4,2023,profitable_after_fees,A_all,forest,ALL,day_of_week,-0.0010933379289071454
4,2023,profitable_after_fees,A_all,forest,ALL,distance_high_24,-0.0031999234627797155
4,2023,profitable_after_fees,A_all,forest,ALL,distance_low_24,0.0007164539574531781
4,2023,profitable_after_fees,A_all,forest,ALL,distance_high_168,-0.002511888468841058
4,2023,profitable_after_fees,A_all,forest,ALL,distance_low_168,0.001888381916476704
4,2023,profitable_after_fees,A_all,forest,ALL,candles_since_prior_signal,0.0015260704881987868
4,2023,profitable_after_fees,A_all,forest,ALL,source_synthetic,0.0
4,2023,profitable_after_fees,A_all,forest,ALL,pair,8.029735577523105e-05
4,2023,profitable_after_fees,A_all,forest,ALL,regime,9.139419365311596e-05
4,2023,profitable_after_fees,A_all,forest,ALL,return_1h,0.0010757344253653673
4,2023,profitable_after_fees,A_all,forest,ALL,return_3h,-0.0004256144221209864
4,2023,profitable_after_fees,A_all,forest,ALL,return_6h,-0.004504288875976981
4,2023,profitable_after_fees,A_all,forest,ALL,return_12h,-0.0024603156532178594
4,2023,profitable_after_fees,A_all,forest,ALL,return_24h,-0.0004621725524290299
4,2023,profitable_after_fees,A_all,forest,ALL,return_72h,0.00066380230005512
4,2023,profitable_after_fees,A_all,forest,ALL,return_168h,-0.0009578127437085785
4,2023,profitable_after_fees,A_all,forest,ALL,volatility_ratio_24_168,-0.0010397743410437237
4,2023,profitable_after_fees,A_all,forest,ALL,natr_ratio_168,0.00017069564367531523
4,2023,profitable_after_fees,A_all,forest,ALL,up_fraction_24,0.0009409481230358193
4,2023,profitable_after_fees,A_all,forest,ALL,volume_price_interaction,-9.957145991529304e-05
4,2023,profitable_after_fees,A_all,forest,ALL,range_expansion_24,0.000559074250306583
4,2023,profitable_after_fees,A_all,forest,ALL,signal_density_168,2.5677194886645587e-05
4,2023,profitable_after_fees,A_all,forest,BTC/USDT,ema20_distance,0.0005180497754440442
4,2023,profitable_after_fees,A_all,forest,BTC/USDT,ema50_distance,-0.0017872003131684615
4,2023,profitable_after_fees,A_all,forest,BTC/USDT,ema_gap,-0.0011492784865133054
4,2023,profitable_after_fees,A_all,forest,BTC/USDT,ema20_slope_6,0.003964492211244027
4,2023,profitable_after_fees,A_all,forest,BTC/USDT,ema50_slope_6,-0.005105398838860464
4,2023,profitable_after_fees,A_all,forest,BTC/USDT,trend_efficiency_20,0.0022126931683582964
4,2023,profitable_after_fees,A_all,forest,BTC/USDT,range_ratio,0.000944095946051271
4,2023,profitable_after_fees,A_all,forest,BTC/USDT,body_to_range,0.0025203956340339637
4,2023,profitable_after_fees,A_all,forest,BTC/USDT,close_location,0.0016621367326503471
4,2023,profitable_after_fees,A_all,forest,BTC/USDT,natr14,-0.0020084989150274124
4,2023,profitable_after_fees,A_all,forest,BTC/USDT,return_std_24,0.0012952940680453866
4,2023,profitable_after_fees,A_all,forest,BTC/USDT,return_std_168,-0.000690507235565759
4,2023,profitable_after_fees,A_all,forest,BTC/USDT,volatility_percentile_720,0.0003774302010933021
4,2023,profitable_after_fees,A_all,forest,BTC/USDT,rsi14,-0.0009593341021958413
4,2023,profitable_after_fees,A_all,forest,BTC/USDT,macd_ratio,0.0011190643221127283
4,2023,profitable_after_fees,A_all,forest,BTC/USDT,macd_signal_ratio,0.0034740460420704853
4,2023,profitable_after_fees,A_all,forest,BTC/USDT,relative_volume_24,0.0018254327283326137
4,2023,profitable_after_fees,A_all,forest,BTC/USDT,volume_zscore_24,0.00202641623025653
4,2023,profitable_after_fees,A_all,forest,BTC/USDT,volume_trend_24_168,0.0045098795121935225
4,2023,profitable_after_fees,A_all,forest,BTC/USDT,regime_duration,-0.000798986043119343
4,2023,profitable_after_fees,A_all,forest,BTC/USDT,regime_transition,0.0
4,2023,profitable_after_fees,A_all,forest,BTC/USDT,hour_of_day,-0.00021261101646680158
4,2023,profitable_after_fees,A_all,forest,BTC/USDT,day_of_week,0.002310971813776245
4,2023,profitable_after_fees,A_all,forest,BTC/USDT,distance_high_24,-0.0009828578851534913
4,2023,profitable_after_fees,A_all,forest,BTC/USDT,distance_low_24,0.005218216781469979
4,2023,profitable_after_fees,A_all,forest,BTC/USDT,distance_high_168,-0.0022121886172489225
4,2023,profitable_after_fees,A_all,forest,BTC/USDT,distance_low_168,0.0016958952088499217
4,2023,profitable_after_fees,A_all,forest,BTC/USDT,candles_since_prior_signal,0.0010849604647194717
4,2023,profitable_after_fees,A_all,forest,BTC/USDT,source_synthetic,0.0
4,2023,profitable_after_fees,A_all,forest,BTC/USDT,pair,0.0
4,2023,profitable_after_fees,A_all,forest,BTC/USDT,regime,0.0017824998894367394
4,2023,profitable_after_fees,A_all,forest,BTC/USDT,return_1h,0.0012664944499866104
4,2023,profitable_after_fees,A_all,forest,BTC/USDT,return_3h,-0.0004555276224701976
4,2023,profitable_after_fees,A_all,forest,BTC/USDT,return_6h,-0.008832352789550727
4,2023,profitable_after_fees,A_all,forest,BTC/USDT,return_12h,0.0023555919090112454
4,2023,profitable_after_fees,A_all,forest,BTC/USDT,return_24h,0.003152733220715446
4,2023,profitable_after_fees,A_all,forest,BTC/USDT,return_72h,0.00018650082325101977
4,2023,profitable_after_fees,A_all,forest,BTC/USDT,return_168h,-0.0026641062608345014
4,2023,profitable_after_fees,A_all,forest,BTC/USDT,volatility_ratio_24_168,-0.0035579969569453085
4,2023,profitable_after_fees,A_all,forest,BTC/USDT,natr_ratio_168,-2.8633956242048637e-05
4,2023,profitable_after_fees,A_all,forest,BTC/USDT,up_fraction_24,-0.0001357533116409515
4,2023,profitable_after_fees,A_all,forest,BTC/USDT,volume_price_interaction,0.0011289134486352492
4,2023,profitable_after_fees,A_all,forest,BTC/USDT,range_expansion_24,-0.0023199435386454157
4,2023,profitable_after_fees,A_all,forest,BTC/USDT,signal_density_168,0.000829961459520967
4,2023,profitable_after_fees,A_all,forest,ETH/USDT,ema20_distance,-0.002095786770256495
4,2023,profitable_after_fees,A_all,forest,ETH/USDT,ema50_distance,-0.00633246175313477
4,2023,profitable_after_fees,A_all,forest,ETH/USDT,ema_gap,0.001023865313094341
4,2023,profitable_after_fees,A_all,forest,ETH/USDT,ema20_slope_6,0.008114744533381735
4,2023,profitable_after_fees,A_all,forest,ETH/USDT,ema50_slope_6,-0.017130086815640173
4,2023,profitable_after_fees,A_all,forest,ETH/USDT,trend_efficiency_20,0.003818258526740633
4,2023,profitable_after_fees,A_all,forest,ETH/USDT,range_ratio,0.006766549151346908
4,2023,profitable_after_fees,A_all,forest,ETH/USDT,body_to_range,0.0004947821265304242
4,2023,profitable_after_fees,A_all,forest,ETH/USDT,close_location,-0.00021243070027252933
4,2023,profitable_after_fees,A_all,forest,ETH/USDT,natr14,0.0010290671557350861
4,2023,profitable_after_fees,A_all,forest,ETH/USDT,return_std_24,0.0041594186558504736
4,2023,profitable_after_fees,A_all,forest,ETH/USDT,return_std_168,0.0020520867723587966
4,2023,profitable_after_fees,A_all,forest,ETH/USDT,volatility_percentile_720,0.0020681388189211134
4,2023,profitable_after_fees,A_all,forest,ETH/USDT,rsi14,-0.0019935551549243313
4,2023,profitable_after_fees,A_all,forest,ETH/USDT,macd_ratio,0.015339201986950454
4,2023,profitable_after_fees,A_all,forest,ETH/USDT,macd_signal_ratio,0.009398517413708082
4,2023,profitable_after_fees,A_all,forest,ETH/USDT,relative_volume_24,0.0014857117414838195
4,2023,profitable_after_fees,A_all,forest,ETH/USDT,volume_zscore_24,0.003688977634757747
4,2023,profitable_after_fees,A_all,forest,ETH/USDT,volume_trend_24_168,0.0017752618677753425
4,2023,profitable_after_fees,A_all,forest,ETH/USDT,regime_duration,-0.00032289100742277643
4,2023,profitable_after_fees,A_all,forest,ETH/USDT,regime_transition,0.0
4,2023,profitable_after_fees,A_all,forest,ETH/USDT,hour_of_day,0.002124582222550057
4,2023,profitable_after_fees,A_all,forest,ETH/USDT,day_of_week,-0.009300384377402734
4,2023,profitable_after_fees,A_all,forest,ETH/USDT,distance_high_24,-0.00013714178447541783
4,2023,profitable_after_fees,A_all,forest,ETH/USDT,distance_low_24,0.00113778260347915
4,2023,profitable_after_fees,A_all,forest,ETH/USDT,distance_high_168,-0.004145935113244718
4,2023,profitable_after_fees,A_all,forest,ETH/USDT,distance_low_168,0.005243865151571177
4,2023,profitable_after_fees,A_all,forest,ETH/USDT,candles_since_prior_signal,-7.978504773871926e-05
4,2023,profitable_after_fees,A_all,forest,ETH/USDT,source_synthetic,0.0
4,2023,profitable_after_fees,A_all,forest,ETH/USDT,pair,0.0
4,2023,profitable_after_fees,A_all,forest,ETH/USDT,regime,-0.0017971552280687437
4,2023,profitable_after_fees,A_all,forest,ETH/USDT,return_1h,0.001994588697077896
4,2023,profitable_after_fees,A_all,forest,ETH/USDT,return_3h,9.911132452067317e-05
4,2023,profitable_after_fees,A_all,forest,ETH/USDT,return_6h,-0.0050282656769349105
4,2023,profitable_after_fees,A_all,forest,ETH/USDT,return_12h,-0.007372896524068122
4,2023,profitable_after_fees,A_all,forest,ETH/USDT,return_24h,-0.0018501644121697487
4,2023,profitable_after_fees,A_all,forest,ETH/USDT,return_72h,0.005245453607693055
4,2023,profitable_after_fees,A_all,forest,ETH/USDT,return_168h,-0.0038923711302621213
4,2023,profitable_after_fees,A_all,forest,ETH/USDT,volatility_ratio_24_168,-0.010164780740364013
4,2023,profitable_after_fees,A_all,forest,ETH/USDT,natr_ratio_168,-0.0007507958056353256
4,2023,profitable_after_fees,A_all,forest,ETH/USDT,up_fraction_24,0.002219123313203305
4,2023,profitable_after_fees,A_all,forest,ETH/USDT,volume_price_interaction,-0.0004969549097081916
4,2023,profitable_after_fees,A_all,forest,ETH/USDT,range_expansion_24,0.0009674138389816345
4,2023,profitable_after_fees,A_all,forest,ETH/USDT,signal_density_168,-0.0010824322613003923
4,2023,profitable_after_fees,A_all,hist_gradient,ALL,ema20_distance,-0.006248092523826724
4,2023,profitable_after_fees,A_all,hist_gradient,ALL,ema50_distance,-0.0015496932924099298
4,2023,profitable_after_fees,A_all,hist_gradient,ALL,ema_gap,-0.0007152530062640716
4,2023,profitable_after_fees,A_all,hist_gradient,ALL,ema20_slope_6,-0.0006161000960230126
4,2023,profitable_after_fees,A_all,hist_gradient,ALL,ema50_slope_6,-0.0005947783147127924
4,2023,profitable_after_fees,A_all,hist_gradient,ALL,trend_efficiency_20,0.0009539810218167818
4,2023,profitable_after_fees,A_all,hist_gradient,ALL,range_ratio,0.0034114815581726687
4,2023,profitable_after_fees,A_all,hist_gradient,ALL,body_to_range,-0.0008781861969781221
4,2023,profitable_after_fees,A_all,hist_gradient,ALL,close_location,0.00688613106500835
4,2023,profitable_after_fees,A_all,hist_gradient,ALL,natr14,-0.0001775047270820007
4,2023,profitable_after_fees,A_all,hist_gradient,ALL,return_std_24,0.00041699411471200304
4,2023,profitable_after_fees,A_all,hist_gradient,ALL,return_std_168,0.0005373970230202288
4,2023,profitable_after_fees,A_all,hist_gradient,ALL,volatility_percentile_720,0.0037914455575006425
4,2023,profitable_after_fees,A_all,hist_gradient,ALL,rsi14,-0.0019070513126583366
4,2023,profitable_after_fees,A_all,hist_gradient,ALL,macd_ratio,-0.004618073397108328
4,2023,profitable_after_fees,A_all,hist_gradient,ALL,macd_signal_ratio,0.017312264207885397
4,2023,profitable_after_fees,A_all,hist_gradient,ALL,relative_volume_24,0.0015991423303111836
4,2023,profitable_after_fees,A_all,hist_gradient,ALL,volume_zscore_24,0.001516988073441213
4,2023,profitable_after_fees,A_all,hist_gradient,ALL,volume_trend_24_168,-0.00022384132070133825
4,2023,profitable_after_fees,A_all,hist_gradient,ALL,regime_duration,-0.0001582304302941336
4,2023,profitable_after_fees,A_all,hist_gradient,ALL,regime_transition,0.0
4,2023,profitable_after_fees,A_all,hist_gradient,ALL,hour_of_day,-0.007569054732761778
4,2023,profitable_after_fees,A_all,hist_gradient,ALL,day_of_week,0.00257032580221093
4,2023,profitable_after_fees,A_all,hist_gradient,ALL,distance_high_24,-0.02718506578573025
4,2023,profitable_after_fees,A_all,hist_gradient,ALL,distance_low_24,0.002343551138494345
4,2023,profitable_after_fees,A_all,hist_gradient,ALL,distance_high_168,-0.001499816653387979
4,2023,profitable_after_fees,A_all,hist_gradient,ALL,distance_low_168,0.0005582983458864618
4,2023,profitable_after_fees,A_all,hist_gradient,ALL,candles_since_prior_signal,-0.006919648120002527
4,2023,profitable_after_fees,A_all,hist_gradient,ALL,source_synthetic,0.0
4,2023,profitable_after_fees,A_all,hist_gradient,ALL,pair,0.0
4,2023,profitable_after_fees,A_all,hist_gradient,ALL,regime,0.00023244458583907926
4,2023,profitable_after_fees,A_all,hist_gradient,ALL,return_1h,0.00019682433350213616
4,2023,profitable_after_fees,A_all,hist_gradient,ALL,return_3h,-0.0002872280762343434
4,2023,profitable_after_fees,A_all,hist_gradient,ALL,return_6h,0.0013847926399676025
4,2023,profitable_after_fees,A_all,hist_gradient,ALL,return_12h,0.00040070587508145294
4,2023,profitable_after_fees,A_all,hist_gradient,ALL,return_24h,0.00018018339115727366
4,2023,profitable_after_fees,A_all,hist_gradient,ALL,return_72h,0.001666895752289362
4,2023,profitable_after_fees,A_all,hist_gradient,ALL,return_168h,-0.001804185686506532
4,2023,profitable_after_fees,A_all,hist_gradient,ALL,volatility_ratio_24_168,0.0006575520007771248
4,2023,profitable_after_fees,A_all,hist_gradient,ALL,natr_ratio_168,-0.006335677268047735
4,2023,profitable_after_fees,A_all,hist_gradient,ALL,up_fraction_24,0.0
4,2023,profitable_after_fees,A_all,hist_gradient,ALL,volume_price_interaction,0.0
4,2023,profitable_after_fees,A_all,hist_gradient,ALL,range_expansion_24,-0.0017573356761458325
4,2023,profitable_after_fees,A_all,hist_gradient,ALL,signal_density_168,0.0
4,2023,profitable_after_fees,A_all,hist_gradient,BTC/USDT,ema20_distance,-0.000771077173071455
4,2023,profitable_after_fees,A_all,hist_gradient,BTC/USDT,ema50_distance,-0.000730811061673442
4,2023,profitable_after_fees,A_all,hist_gradient,BTC/USDT,ema_gap,-0.0014153708972322228
4,2023,profitable_after_fees,A_all,hist_gradient,BTC/USDT,ema20_slope_6,0.0022612296846240367
4,2023,profitable_after_fees,A_all,hist_gradient,BTC/USDT,ema50_slope_6,-0.01800328856571265
4,2023,profitable_after_fees,A_all,hist_gradient,BTC/USDT,trend_efficiency_20,0.0026573764600789453
4,2023,profitable_after_fees,A_all,hist_gradient,BTC/USDT,range_ratio,-0.0007374097906135598
4,2023,profitable_after_fees,A_all,hist_gradient,BTC/USDT,body_to_range,-0.0011340334947422814
4,2023,profitable_after_fees,A_all,hist_gradient,BTC/USDT,close_location,0.009063627538391109
4,2023,profitable_after_fees,A_all,hist_gradient,BTC/USDT,natr14,-0.0022127273420652536
4,2023,profitable_after_fees,A_all,hist_gradient,BTC/USDT,return_std_24,0.0006859150791721872
4,2023,profitable_after_fees,A_all,hist_gradient,BTC/USDT,return_std_168,-8.034915480357545e-05
4,2023,profitable_after_fees,A_all,hist_gradient,BTC/USDT,volatility_percentile_720,0.00046214458398402547
4,2023,profitable_after_fees,A_all,hist_gradient,BTC/USDT,rsi14,-0.0042862516770969155
4,2023,profitable_after_fees,A_all,hist_gradient,BTC/USDT,macd_ratio,0.0012733734160522332
4,2023,profitable_after_fees,A_all,hist_gradient,BTC/USDT,macd_signal_ratio,-0.000987714519349962
4,2023,profitable_after_fees,A_all,hist_gradient,BTC/USDT,relative_volume_24,0.0002512927006861528
4,2023,profitable_after_fees,A_all,hist_gradient,BTC/USDT,volume_zscore_24,0.00032137494293105195
4,2023,profitable_after_fees,A_all,hist_gradient,BTC/USDT,volume_trend_24_168,-0.000810277977488875
4,2023,profitable_after_fees,A_all,hist_gradient,BTC/USDT,regime_duration,-0.0005119387735647759
4,2023,profitable_after_fees,A_all,hist_gradient,BTC/USDT,regime_transition,0.0
4,2023,profitable_after_fees,A_all,hist_gradient,BTC/USDT,hour_of_day,-0.009203955392527977
4,2023,profitable_after_fees,A_all,hist_gradient,BTC/USDT,day_of_week,0.0036107311482588833
4,2023,profitable_after_fees,A_all,hist_gradient,BTC/USDT,distance_high_24,-0.025711133275196345
4,2023,profitable_after_fees,A_all,hist_gradient,BTC/USDT,distance_low_24,0.0018817314498152937
4,2023,profitable_after_fees,A_all,hist_gradient,BTC/USDT,distance_high_168,-0.003714645930605942
4,2023,profitable_after_fees,A_all,hist_gradient,BTC/USDT,distance_low_168,-0.004462359181778508
4,2023,profitable_after_fees,A_all,hist_gradient,BTC/USDT,candles_since_prior_signal,-0.0030214240570937134
4,2023,profitable_after_fees,A_all,hist_gradient,BTC/USDT,source_synthetic,0.0
4,2023,profitable_after_fees,A_all,hist_gradient,BTC/USDT,pair,0.0
4,2023,profitable_after_fees,A_all,hist_gradient,BTC/USDT,regime,-0.0004605764822827596
4,2023,profitable_after_fees,A_all,hist_gradient,BTC/USDT,return_1h,0.00022780218814079842
4,2023,profitable_after_fees,A_all,hist_gradient,BTC/USDT,return_3h,-0.0016467754055647748
4,2023,profitable_after_fees,A_all,hist_gradient,BTC/USDT,return_6h,-0.004822931321837661
4,2023,profitable_after_fees,A_all,hist_gradient,BTC/USDT,return_12h,0.0013180979139766162
4,2023,profitable_after_fees,A_all,hist_gradient,BTC/USDT,return_24h,-0.00013686005337500604
4,2023,profitable_after_fees,A_all,hist_gradient,BTC/USDT,return_72h,0.002404716708301983
4,2023,profitable_after_fees,A_all,hist_gradient,BTC/USDT,return_168h,-0.004039577517988298
4,2023,profitable_after_fees,A_all,hist_gradient,BTC/USDT,volatility_ratio_24_168,-0.026184367223377542
4,2023,profitable_after_fees,A_all,hist_gradient,BTC/USDT,natr_ratio_168,-0.010769622244216256
4,2023,profitable_after_fees,A_all,hist_gradient,BTC/USDT,up_fraction_24,0.0
4,2023,profitable_after_fees,A_all,hist_gradient,BTC/USDT,volume_price_interaction,0.0
4,2023,profitable_after_fees,A_all,hist_gradient,BTC/USDT,range_expansion_24,-0.005437012638784637
4,2023,profitable_after_fees,A_all,hist_gradient,BTC/USDT,signal_density_168,0.0
4,2023,profitable_after_fees,A_all,hist_gradient,ETH/USDT,ema20_distance,0.0007519102779715384
4,2023,profitable_after_fees,A_all,hist_gradient,ETH/USDT,ema50_distance,-0.0019584888295633798
4,2023,profitable_after_fees,A_all,hist_gradient,ETH/USDT,ema_gap,0.006145004488580501
4,2023,profitable_after_fees,A_all,hist_gradient,ETH/USDT,ema20_slope_6,0.000650380205386473
4,2023,profitable_after_fees,A_all,hist_gradient,ETH/USDT,ema50_slope_6,-0.01187920183428387
4,2023,profitable_after_fees,A_all,hist_gradient,ETH/USDT,trend_efficiency_20,0.0014718360561858934
4,2023,profitable_after_fees,A_all,hist_gradient,ETH/USDT,range_ratio,0.00844013890772588
4,2023,profitable_after_fees,A_all,hist_gradient,ETH/USDT,body_to_range,0.00301470244264875
4,2023,profitable_after_fees,A_all,hist_gradient,ETH/USDT,close_location,0.021955651530687237
4,2023,profitable_after_fees,A_all,hist_gradient,ETH/USDT,natr14,0.004268650526564295
4,2023,profitable_after_fees,A_all,hist_gradient,ETH/USDT,return_std_24,0.003931986067892727
4,2023,profitable_after_fees,A_all,hist_gradient,ETH/USDT,return_std_168,0.006811891095685622
4,2023,profitable_after_fees,A_all,hist_gradient,ETH/USDT,volatility_percentile_720,0.011917377821236511
4,2023,profitable_after_fees,A_all,hist_gradient,ETH/USDT,rsi14,0.0008525836191075239
4,2023,profitable_after_fees,A_all,hist_gradient,ETH/USDT,macd_ratio,0.0005351802033241223
4,2023,profitable_after_fees,A_all,hist_gradient,ETH/USDT,macd_signal_ratio,0.021993515757753435
4,2023,profitable_after_fees,A_all,hist_gradient,ETH/USDT,relative_volume_24,0.0022972504710244888
4,2023,profitable_after_fees,A_all,hist_gradient,ETH/USDT,volume_zscore_24,0.001484847133951528
4,2023,profitable_after_fees,A_all,hist_gradient,ETH/USDT,volume_trend_24_168,0.0012721245035250777
4,2023,profitable_after_fees,A_all,hist_gradient,ETH/USDT,regime_duration,0.001921839894714857
4,2023,profitable_after_fees,A_all,hist_gradient,ETH/USDT,regime_transition,0.0
4,2023,profitable_after_fees,A_all,hist_gradient,ETH/USDT,hour_of_day,-0.003091674911806286
4,2023,profitable_after_fees,A_all,hist_gradient,ETH/USDT,day_of_week,-0.0055327321086031485
4,2023,profitable_after_fees,A_all,hist_gradient,ETH/USDT,distance_high_24,-0.00034971821021214283
4,2023,profitable_after_fees,A_all,hist_gradient,ETH/USDT,distance_low_24,0.0026443215898951746
4,2023,profitable_after_fees,A_all,hist_gradient,ETH/USDT,distance_high_168,0.00022864795106151506
4,2023,profitable_after_fees,A_all,hist_gradient,ETH/USDT,distance_low_168,-0.001502668074811142
4,2023,profitable_after_fees,A_all,hist_gradient,ETH/USDT,candles_since_prior_signal,-0.001057861813133017
4,2023,profitable_after_fees,A_all,hist_gradient,ETH/USDT,source_synthetic,0.0
4,2023,profitable_after_fees,A_all,hist_gradient,ETH/USDT,pair,0.0
4,2023,profitable_after_fees,A_all,hist_gradient,ETH/USDT,regime,5.6858382620243266e-05
4,2023,profitable_after_fees,A_all,hist_gradient,ETH/USDT,return_1h,0.00013428697498898043
4,2023,profitable_after_fees,A_all,hist_gradient,ETH/USDT,return_3h,0.0019108001101560783
4,2023,profitable_after_fees,A_all,hist_gradient,ETH/USDT,return_6h,0.021660494829900716
4,2023,profitable_after_fees,A_all,hist_gradient,ETH/USDT,return_12h,-0.0006141454680326971
4,2023,profitable_after_fees,A_all,hist_gradient,ETH/USDT,return_24h,0.011935988863938726
4,2023,profitable_after_fees,A_all,hist_gradient,ETH/USDT,return_72h,0.0015083597852756185
4,2023,profitable_after_fees,A_all,hist_gradient,ETH/USDT,return_168h,-0.0011453080346413014
4,2023,profitable_after_fees,A_all,hist_gradient,ETH/USDT,volatility_ratio_24_168,0.012679885095428741
4,2023,profitable_after_fees,A_all,hist_gradient,ETH/USDT,natr_ratio_168,0.003088388537504353
4,2023,profitable_after_fees,A_all,hist_gradient,ETH/USDT,up_fraction_24,0.0
4,2023,profitable_after_fees,A_all,hist_gradient,ETH/USDT,volume_price_interaction,0.0
4,2023,profitable_after_fees,A_all,hist_gradient,ETH/USDT,range_expansion_24,0.007953378578726375
4,2023,profitable_after_fees,A_all,hist_gradient,ETH/USDT,signal_density_168,0.0
5,2024,profitable_after_fees,A_all,logistic,ALL,ema20_distance,0.06494628988471766
5,2024,profitable_after_fees,A_all,logistic,ALL,ema50_distance,0.07103591552985607
5,2024,profitable_after_fees,A_all,logistic,ALL,ema_gap,0.05174746009309359
5,2024,profitable_after_fees,A_all,logistic,ALL,ema20_slope_6,0.025744794009784133
5,2024,profitable_after_fees,A_all,logistic,ALL,ema50_slope_6,0.011556655308568142
5,2024,profitable_after_fees,A_all,logistic,ALL,trend_efficiency_20,0.03713649850168823
5,2024,profitable_after_fees,A_all,logistic,ALL,range_ratio,0.04211330718040466
5,2024,profitable_after_fees,A_all,logistic,ALL,body_to_range,-0.00113838557435673
5,2024,profitable_after_fees,A_all,logistic,ALL,close_location,-0.00022914762950985526
5,2024,profitable_after_fees,A_all,logistic,ALL,natr14,0.008233130451131812
5,2024,profitable_after_fees,A_all,logistic,ALL,return_std_24,0.01842756831502318
5,2024,profitable_after_fees,A_all,logistic,ALL,return_std_168,-0.015220772553046621
5,2024,profitable_after_fees,A_all,logistic,ALL,volatility_percentile_720,0.005308180886535748
5,2024,profitable_after_fees,A_all,logistic,ALL,rsi14,0.011277452584602313
5,2024,profitable_after_fees,A_all,logistic,ALL,macd_ratio,0.012543819449573149
5,2024,profitable_after_fees,A_all,logistic,ALL,macd_signal_ratio,-0.0006253220637282286
5,2024,profitable_after_fees,A_all,logistic,ALL,relative_volume_24,0.008012160907810428
5,2024,profitable_after_fees,A_all,logistic,ALL,volume_zscore_24,0.001313011386092448
5,2024,profitable_after_fees,A_all,logistic,ALL,volume_trend_24_168,0.040572662506455304
5,2024,profitable_after_fees,A_all,logistic,ALL,regime_duration,0.002254052980590504
5,2024,profitable_after_fees,A_all,logistic,ALL,regime_transition,-0.0005324202985706646
5,2024,profitable_after_fees,A_all,logistic,ALL,hour_of_day,0.012542128031312771
5,2024,profitable_after_fees,A_all,logistic,ALL,day_of_week,0.018247940964181236
5,2024,profitable_after_fees,A_all,logistic,ALL,distance_high_24,-0.009156023063785526
5,2024,profitable_after_fees,A_all,logistic,ALL,distance_low_24,0.009149388840239839
5,2024,profitable_after_fees,A_all,logistic,ALL,distance_high_168,0.034895643390965736
5,2024,profitable_after_fees,A_all,logistic,ALL,distance_low_168,-0.0007437662023107953
5,2024,profitable_after_fees,A_all,logistic,ALL,candles_since_prior_signal,-0.005945342552920803
5,2024,profitable_after_fees,A_all,logistic,ALL,source_synthetic,0.0
5,2024,profitable_after_fees,A_all,logistic,ALL,pair,-0.00016715508931710218
5,2024,profitable_after_fees,A_all,logistic,ALL,regime,0.01129703314021215
5,2024,profitable_after_fees,A_all,logistic,ALL,return_1h,-0.0028406427244307606
5,2024,profitable_after_fees,A_all,logistic,ALL,return_3h,-0.004923802647278226
5,2024,profitable_after_fees,A_all,logistic,ALL,return_6h,0.04379951885339639
5,2024,profitable_after_fees,A_all,logistic,ALL,return_12h,-0.0014785305421354256
5,2024,profitable_after_fees,A_all,logistic,ALL,return_24h,0.012393306338737142
5,2024,profitable_after_fees,A_all,logistic,ALL,return_72h,-0.013016933905682112
5,2024,profitable_after_fees,A_all,logistic,ALL,return_168h,0.012251267573387107
5,2024,profitable_after_fees,A_all,logistic,ALL,volatility_ratio_24_168,0.018012278734851617
5,2024,profitable_after_fees,A_all,logistic,ALL,natr_ratio_168,0.015065486977327236
5,2024,profitable_after_fees,A_all,logistic,ALL,up_fraction_24,-0.008646023882013873
5,2024,profitable_after_fees,A_all,logistic,ALL,volume_price_interaction,-0.002325173170214893
5,2024,profitable_after_fees,A_all,logistic,ALL,range_expansion_24,0.02973425801139697
5,2024,profitable_after_fees,A_all,logistic,ALL,signal_density_168,0.018259361090658194
5,2024,profitable_after_fees,A_all,logistic,BTC/USDT,ema20_distance,0.06389832565703335
5,2024,profitable_after_fees,A_all,logistic,BTC/USDT,ema50_distance,0.021951080945448658
5,2024,profitable_after_fees,A_all,logistic,BTC/USDT,ema_gap,0.024590307300884923
5,2024,profitable_after_fees,A_all,logistic,BTC/USDT,ema20_slope_6,0.02984060722667396
5,2024,profitable_after_fees,A_all,logistic,BTC/USDT,ema50_slope_6,0.013995313630646267
5,2024,profitable_after_fees,A_all,logistic,BTC/USDT,trend_efficiency_20,0.04571578373342757
5,2024,profitable_after_fees,A_all,logistic,BTC/USDT,range_ratio,0.008912027338966214
5,2024,profitable_after_fees,A_all,logistic,BTC/USDT,body_to_range,-0.005753329787776762
5,2024,profitable_after_fees,A_all,logistic,BTC/USDT,close_location,4.182673862633083e-05
5,2024,profitable_after_fees,A_all,logistic,BTC/USDT,natr14,-0.007962278606445125
5,2024,profitable_after_fees,A_all,logistic,BTC/USDT,return_std_24,-0.02459858722931581
5,2024,profitable_after_fees,A_all,logistic,BTC/USDT,return_std_168,0.003796205988530347
5,2024,profitable_after_fees,A_all,logistic,BTC/USDT,volatility_percentile_720,0.007989725839739947
5,2024,profitable_after_fees,A_all,logistic,BTC/USDT,rsi14,0.007566117495178493
5,2024,profitable_after_fees,A_all,logistic,BTC/USDT,macd_ratio,-0.0024000900839980335
5,2024,profitable_after_fees,A_all,logistic,BTC/USDT,macd_signal_ratio,-0.00032414144464883626
5,2024,profitable_after_fees,A_all,logistic,BTC/USDT,relative_volume_24,-0.014947644936781579
5,2024,profitable_after_fees,A_all,logistic,BTC/USDT,volume_zscore_24,-0.0049872266897978594
5,2024,profitable_after_fees,A_all,logistic,BTC/USDT,volume_trend_24_168,0.048411195824240694
5,2024,profitable_after_fees,A_all,logistic,BTC/USDT,regime_duration,0.0010843772010036279
5,2024,profitable_after_fees,A_all,logistic,BTC/USDT,regime_transition,9.643015980838794e-05
5,2024,profitable_after_fees,A_all,logistic,BTC/USDT,hour_of_day,0.02328033245931338
5,2024,profitable_after_fees,A_all,logistic,BTC/USDT,day_of_week,-0.0074416287409037425
5,2024,profitable_after_fees,A_all,logistic,BTC/USDT,distance_high_24,0.020378942299059826
5,2024,profitable_after_fees,A_all,logistic,BTC/USDT,distance_low_24,-0.0031670963240341132
5,2024,profitable_after_fees,A_all,logistic,BTC/USDT,distance_high_168,0.011413603969392505
5,2024,profitable_after_fees,A_all,logistic,BTC/USDT,distance_low_168,0.00022021022417018088
5,2024,profitable_after_fees,A_all,logistic,BTC/USDT,candles_since_prior_signal,-0.003634736594860096
5,2024,profitable_after_fees,A_all,logistic,BTC/USDT,source_synthetic,0.0
5,2024,profitable_after_fees,A_all,logistic,BTC/USDT,pair,0.0
5,2024,profitable_after_fees,A_all,logistic,BTC/USDT,regime,-0.01792865029713157
5,2024,profitable_after_fees,A_all,logistic,BTC/USDT,return_1h,-0.009725383069683699
5,2024,profitable_after_fees,A_all,logistic,BTC/USDT,return_3h,-0.030472835157412576
5,2024,profitable_after_fees,A_all,logistic,BTC/USDT,return_6h,0.02496713586405021
5,2024,profitable_after_fees,A_all,logistic,BTC/USDT,return_12h,0.007639933291831769
5,2024,profitable_after_fees,A_all,logistic,BTC/USDT,return_24h,0.008013490421680572
5,2024,profitable_after_fees,A_all,logistic,BTC/USDT,return_72h,-0.006122495616687318
5,2024,profitable_after_fees,A_all,logistic,BTC/USDT,return_168h,0.004739276709058308
5,2024,profitable_after_fees,A_all,logistic,BTC/USDT,volatility_ratio_24_168,0.07323703993342169
5,2024,profitable_after_fees,A_all,logistic,BTC/USDT,natr_ratio_168,-0.018727564664389112
5,2024,profitable_after_fees,A_all,logistic,BTC/USDT,up_fraction_24,-0.015410566470220913
5,2024,profitable_after_fees,A_all,logistic,BTC/USDT,volume_price_interaction,0.0004284847656850406
5,2024,profitable_after_fees,A_all,logistic,BTC/USDT,range_expansion_24,-0.014502871288139466
5,2024,profitable_after_fees,A_all,logistic,BTC/USDT,signal_density_168,0.018721237277420588
5,2024,profitable_after_fees,A_all,logistic,ETH/USDT,ema20_distance,0.0884834041209618
5,2024,profitable_after_fees,A_all,logistic,ETH/USDT,ema50_distance,0.11838905023243014
5,2024,profitable_after_fees,A_all,logistic,ETH/USDT,ema_gap,0.09843014748161737
5,2024,profitable_after_fees,A_all,logistic,ETH/USDT,ema20_slope_6,0.02831975451533582
5,2024,profitable_after_fees,A_all,logistic,ETH/USDT,ema50_slope_6,0.025039759694824137
5,2024,profitable_after_fees,A_all,logistic,ETH/USDT,trend_efficiency_20,0.08160778633591163
5,2024,profitable_after_fees,A_all,logistic,ETH/USDT,range_ratio,0.05635419843311784
5,2024,profitable_after_fees,A_all,logistic,ETH/USDT,body_to_range,0.00010069192969908158
5,2024,profitable_after_fees,A_all,logistic,ETH/USDT,close_location,-0.002024771693700189
5,2024,profitable_after_fees,A_all,logistic,ETH/USDT,natr14,0.009148055285871684
5,2024,profitable_after_fees,A_all,logistic,ETH/USDT,return_std_24,0.04095035759469495
5,2024,profitable_after_fees,A_all,logistic,ETH/USDT,return_std_168,0.02213695758497462
5,2024,profitable_after_fees,A_all,logistic,ETH/USDT,volatility_percentile_720,0.009601584487759737
5,2024,profitable_after_fees,A_all,logistic,ETH/USDT,rsi14,0.015405521878787262
5,2024,profitable_after_fees,A_all,logistic,ETH/USDT,macd_ratio,0.01721879042959586
5,2024,profitable_after_fees,A_all,logistic,ETH/USDT,macd_signal_ratio,-0.002199962366430904
5,2024,profitable_after_fees,A_all,logistic,ETH/USDT,relative_volume_24,0.013744239954193457
5,2024,profitable_after_fees,A_all,logistic,ETH/USDT,volume_zscore_24,0.004901044003762622
5,2024,profitable_after_fees,A_all,logistic,ETH/USDT,volume_trend_24_168,0.012092565773023848
5,2024,profitable_after_fees,A_all,logistic,ETH/USDT,regime_duration,0.005506946553867835
5,2024,profitable_after_fees,A_all,logistic,ETH/USDT,regime_transition,0.003440007628454459
5,2024,profitable_after_fees,A_all,logistic,ETH/USDT,hour_of_day,0.018620152360961928
5,2024,profitable_after_fees,A_all,logistic,ETH/USDT,day_of_week,0.04072783624336281
5,2024,profitable_after_fees,A_all,logistic,ETH/USDT,distance_high_24,-0.008669425642130838
5,2024,profitable_after_fees,A_all,logistic,ETH/USDT,distance_low_24,0.00943589797796246
5,2024,profitable_after_fees,A_all,logistic,ETH/USDT,distance_high_168,0.04004919290091032
5,2024,profitable_after_fees,A_all,logistic,ETH/USDT,distance_low_168,0.005668681235648065
5,2024,profitable_after_fees,A_all,logistic,ETH/USDT,candles_since_prior_signal,0.016533690698062247
5,2024,profitable_after_fees,A_all,logistic,ETH/USDT,source_synthetic,0.0
5,2024,profitable_after_fees,A_all,logistic,ETH/USDT,pair,0.0
5,2024,profitable_after_fees,A_all,logistic,ETH/USDT,regime,0.022865397989930408
5,2024,profitable_after_fees,A_all,logistic,ETH/USDT,return_1h,0.0034060852599044713
5,2024,profitable_after_fees,A_all,logistic,ETH/USDT,return_3h,0.01101904364342197
5,2024,profitable_after_fees,A_all,logistic,ETH/USDT,return_6h,0.06657517723668525
5,2024,profitable_after_fees,A_all,logistic,ETH/USDT,return_12h,-0.0010928266531629038
5,2024,profitable_after_fees,A_all,logistic,ETH/USDT,return_24h,0.02956172137332171
5,2024,profitable_after_fees,A_all,logistic,ETH/USDT,return_72h,0.006978859219616366
5,2024,profitable_after_fees,A_all,logistic,ETH/USDT,return_168h,0.02733088618406887
5,2024,profitable_after_fees,A_all,logistic,ETH/USDT,volatility_ratio_24_168,0.08599855766028569
5,2024,profitable_after_fees,A_all,logistic,ETH/USDT,natr_ratio_168,0.029370742491925006
5,2024,profitable_after_fees,A_all,logistic,ETH/USDT,up_fraction_24,0.001111239003120305
5,2024,profitable_after_fees,A_all,logistic,ETH/USDT,volume_price_interaction,-0.0032460343809344225
5,2024,profitable_after_fees,A_all,logistic,ETH/USDT,range_expansion_24,0.051505194625629636
5,2024,profitable_after_fees,A_all,logistic,ETH/USDT,signal_density_168,0.029656957905230596
5,2024,profitable_after_fees,A_all,forest,ALL,ema20_distance,0.0007658748430603249
5,2024,profitable_after_fees,A_all,forest,ALL,ema50_distance,0.0037399698459297617
5,2024,profitable_after_fees,A_all,forest,ALL,ema_gap,0.002435907114119562
5,2024,profitable_after_fees,A_all,forest,ALL,ema20_slope_6,-0.000301537816439675
5,2024,profitable_after_fees,A_all,forest,ALL,ema50_slope_6,-0.0011752984110579938
5,2024,profitable_after_fees,A_all,forest,ALL,trend_efficiency_20,-0.0017820815855117411
5,2024,profitable_after_fees,A_all,forest,ALL,range_ratio,-0.004256401798788427
5,2024,profitable_after_fees,A_all,forest,ALL,body_to_range,-0.00012928431136545923
5,2024,profitable_after_fees,A_all,forest,ALL,close_location,0.00036287324261533954
5,2024,profitable_after_fees,A_all,forest,ALL,natr14,0.007801067044058918
5,2024,profitable_after_fees,A_all,forest,ALL,return_std_24,-0.011261731243981055
5,2024,profitable_after_fees,A_all,forest,ALL,return_std_168,0.004641632720292018
5,2024,profitable_after_fees,A_all,forest,ALL,volatility_percentile_720,-0.002670502308314726
5,2024,profitable_after_fees,A_all,forest,ALL,rsi14,0.004873078992958395
5,2024,profitable_after_fees,A_all,forest,ALL,macd_ratio,-0.0036197715100631154
5,2024,profitable_after_fees,A_all,forest,ALL,macd_signal_ratio,0.0033011751351946783
5,2024,profitable_after_fees,A_all,forest,ALL,relative_volume_24,0.006892385247093051
5,2024,profitable_after_fees,A_all,forest,ALL,volume_zscore_24,0.007267643237401145
5,2024,profitable_after_fees,A_all,forest,ALL,volume_trend_24_168,0.0030871145519886603
5,2024,profitable_after_fees,A_all,forest,ALL,regime_duration,-0.0008746646288781782
5,2024,profitable_after_fees,A_all,forest,ALL,regime_transition,0.0
5,2024,profitable_after_fees,A_all,forest,ALL,hour_of_day,0.0021612150841077335
5,2024,profitable_after_fees,A_all,forest,ALL,day_of_week,0.003642838385861713
5,2024,profitable_after_fees,A_all,forest,ALL,distance_high_24,0.002968349519039515
5,2024,profitable_after_fees,A_all,forest,ALL,distance_low_24,0.007959217962317133
5,2024,profitable_after_fees,A_all,forest,ALL,distance_high_168,-0.0006563994845932286
5,2024,profitable_after_fees,A_all,forest,ALL,distance_low_168,-0.002024601407136025
5,2024,profitable_after_fees,A_all,forest,ALL,candles_since_prior_signal,-0.004796077695016258
5,2024,profitable_after_fees,A_all,forest,ALL,source_synthetic,0.0
5,2024,profitable_after_fees,A_all,forest,ALL,pair,0.00013178838456675188
5,2024,profitable_after_fees,A_all,forest,ALL,regime,0.002356205515754217
5,2024,profitable_after_fees,A_all,forest,ALL,return_1h,-0.0013294254876238254
5,2024,profitable_after_fees,A_all,forest,ALL,return_3h,-0.006373060677907105
5,2024,profitable_after_fees,A_all,forest,ALL,return_6h,0.009650070885683962
5,2024,profitable_after_fees,A_all,forest,ALL,return_12h,0.002524838635201069
5,2024,profitable_after_fees,A_all,forest,ALL,return_24h,0.002599994961324551
5,2024,profitable_after_fees,A_all,forest,ALL,return_72h,-0.002709067693504911
5,2024,profitable_after_fees,A_all,forest,ALL,return_168h,0.001853727727379258
5,2024,profitable_after_fees,A_all,forest,ALL,volatility_ratio_24_168,0.002794147472507502
5,2024,profitable_after_fees,A_all,forest,ALL,natr_ratio_168,-0.003430232468746408
5,2024,profitable_after_fees,A_all,forest,ALL,up_fraction_24,0.00022813724577856279
5,2024,profitable_after_fees,A_all,forest,ALL,volume_price_interaction,-0.003556581518972849
5,2024,profitable_after_fees,A_all,forest,ALL,range_expansion_24,0.006980972308316476
5,2024,profitable_after_fees,A_all,forest,ALL,signal_density_168,-0.0011320148278733955
5,2024,profitable_after_fees,A_all,forest,BTC/USDT,ema20_distance,0.0006624609462253331
5,2024,profitable_after_fees,A_all,forest,BTC/USDT,ema50_distance,0.005238757940169407
5,2024,profitable_after_fees,A_all,forest,BTC/USDT,ema_gap,-0.011134999029237832
5,2024,profitable_after_fees,A_all,forest,BTC/USDT,ema20_slope_6,-0.004363223889243539
5,2024,profitable_after_fees,A_all,forest,BTC/USDT,ema50_slope_6,-0.006408154293174688
5,2024,profitable_after_fees,A_all,forest,BTC/USDT,trend_efficiency_20,-0.004941380028523956
5,2024,profitable_after_fees,A_all,forest,BTC/USDT,range_ratio,-0.0066504700939821375
5,2024,profitable_after_fees,A_all,forest,BTC/USDT,body_to_range,-0.0033950288897594736
5,2024,profitable_after_fees,A_all,forest,BTC/USDT,close_location,0.00019199565378236194
5,2024,profitable_after_fees,A_all,forest,BTC/USDT,natr14,-0.00400447487548065
5,2024,profitable_after_fees,A_all,forest,BTC/USDT,return_std_24,0.0033237132297918395
5,2024,profitable_after_fees,A_all,forest,BTC/USDT,return_std_168,0.0003665032896177922
5,2024,profitable_after_fees,A_all,forest,BTC/USDT,volatility_percentile_720,-0.0055256844830335146
5,2024,profitable_after_fees,A_all,forest,BTC/USDT,rsi14,0.0013349313661671174
5,2024,profitable_after_fees,A_all,forest,BTC/USDT,macd_ratio,-0.00717395295204996
5,2024,profitable_after_fees,A_all,forest,BTC/USDT,macd_signal_ratio,0.007277395735799015
5,2024,profitable_after_fees,A_all,forest,BTC/USDT,relative_volume_24,0.0009332834501561601
5,2024,profitable_after_fees,A_all,forest,BTC/USDT,volume_zscore_24,-0.00969322218777304
5,2024,profitable_after_fees,A_all,forest,BTC/USDT,volume_trend_24_168,0.0005940052496242373
5,2024,profitable_after_fees,A_all,forest,BTC/USDT,regime_duration,-0.0051859345457592005
5,2024,profitable_after_fees,A_all,forest,BTC/USDT,regime_transition,0.0
5,2024,profitable_after_fees,A_all,forest,BTC/USDT,hour_of_day,0.005013932521746978
5,2024,profitable_after_fees,A_all,forest,BTC/USDT,day_of_week,-0.0049659527144036986
5,2024,profitable_after_fees,A_all,forest,BTC/USDT,distance_high_24,-0.0060654067949341695
5,2024,profitable_after_fees,A_all,forest,BTC/USDT,distance_low_24,-0.011452643440491128
5,2024,profitable_after_fees,A_all,forest,BTC/USDT,distance_high_168,-0.0026241670596968505
5,2024,profitable_after_fees,A_all,forest,BTC/USDT,distance_low_168,0.003175743302635962
5,2024,profitable_after_fees,A_all,forest,BTC/USDT,candles_since_prior_signal,-0.015269001241925614
5,2024,profitable_after_fees,A_all,forest,BTC/USDT,source_synthetic,0.0
5,2024,profitable_after_fees,A_all,forest,BTC/USDT,pair,0.0
5,2024,profitable_after_fees,A_all,forest,BTC/USDT,regime,-0.002052135680012742
5,2024,profitable_after_fees,A_all,forest,BTC/USDT,return_1h,-0.006941991636083851
5,2024,profitable_after_fees,A_all,forest,BTC/USDT,return_3h,-0.008800086239552937
5,2024,profitable_after_fees,A_all,forest,BTC/USDT,return_6h,0.012516761370207075
5,2024,profitable_after_fees,A_all,forest,BTC/USDT,return_12h,0.004622396004349105
5,2024,profitable_after_fees,A_all,forest,BTC/USDT,return_24h,-0.009174414626748895
5,2024,profitable_after_fees,A_all,forest,BTC/USDT,return_72h,-0.007163453566294313
5,2024,profitable_after_fees,A_all,forest,BTC/USDT,return_168h,-3.493678663276286e-06
5,2024,profitable_after_fees,A_all,forest,BTC/USDT,volatility_ratio_24_168,0.007347218134096556
5,2024,profitable_after_fees,A_all,forest,BTC/USDT,natr_ratio_168,-0.008628908860743875
5,2024,profitable_after_fees,A_all,forest,BTC/USDT,up_fraction_24,0.0030768990336594304
5,2024,profitable_after_fees,A_all,forest,BTC/USDT,volume_price_interaction,-0.00595709884416995
5,2024,profitable_after_fees,A_all,forest,BTC/USDT,range_expansion_24,-0.015238743592684142
5,2024,profitable_after_fees,A_all,forest,BTC/USDT,signal_density_168,-0.0003483207737059642
5,2024,profitable_after_fees,A_all,forest,ETH/USDT,ema20_distance,0.005562285646689684
5,2024,profitable_after_fees,A_all,forest,ETH/USDT,ema50_distance,0.009315446147626342
5,2024,profitable_after_fees,A_all,forest,ETH/USDT,ema_gap,0.010928905071935002
5,2024,profitable_after_fees,A_all,forest,ETH/USDT,ema20_slope_6,-0.003946236374867444
5,2024,profitable_after_fees,A_all,forest,ETH/USDT,ema50_slope_6,-0.006890836518350226
5,2024,profitable_after_fees,A_all,forest,ETH/USDT,trend_efficiency_20,0.0032621105940677055
5,2024,profitable_after_fees,A_all,forest,ETH/USDT,range_ratio,0.0022529827444922415
5,2024,profitable_after_fees,A_all,forest,ETH/USDT,body_to_range,-0.006964645199226016
5,2024,profitable_after_fees,A_all,forest,ETH/USDT,close_location,-0.0029458913899115813
5,2024,profitable_after_fees,A_all,forest,ETH/USDT,natr14,0.014812464547559431
5,2024,profitable_after_fees,A_all,forest,ETH/USDT,return_std_24,-0.01666675571258384
5,2024,profitable_after_fees,A_all,forest,ETH/USDT,return_std_168,0.005082176678792294
5,2024,profitable_after_fees,A_all,forest,ETH/USDT,volatility_percentile_720,0.0012078879352936205
5,2024,profitable_after_fees,A_all,forest,ETH/USDT,rsi14,0.005683538664729981
5,2024,profitable_after_fees,A_all,forest,ETH/USDT,macd_ratio,0.008079644368564695
5,2024,profitable_after_fees,A_all,forest,ETH/USDT,macd_signal_ratio,-0.008414841765213454
5,2024,profitable_after_fees,A_all,forest,ETH/USDT,relative_volume_24,0.0032278783384773932
5,2024,profitable_after_fees,A_all,forest,ETH/USDT,volume_zscore_24,0.000504613932005793
5,2024,profitable_after_fees,A_all,forest,ETH/USDT,volume_trend_24_168,-0.011199434411451381
5,2024,profitable_after_fees,A_all,forest,ETH/USDT,regime_duration,0.004837313558064012
5,2024,profitable_after_fees,A_all,forest,ETH/USDT,regime_transition,0.0
5,2024,profitable_after_fees,A_all,forest,ETH/USDT,hour_of_day,-0.0003560531133829185
5,2024,profitable_after_fees,A_all,forest,ETH/USDT,day_of_week,-0.00638055283279972
5,2024,profitable_after_fees,A_all,forest,ETH/USDT,distance_high_24,-0.0019469667739556347
5,2024,profitable_after_fees,A_all,forest,ETH/USDT,distance_low_24,0.009818121378698494
5,2024,profitable_after_fees,A_all,forest,ETH/USDT,distance_high_168,-0.0016690706429415652
5,2024,profitable_after_fees,A_all,forest,ETH/USDT,distance_low_168,-0.003380377692829469
5,2024,profitable_after_fees,A_all,forest,ETH/USDT,candles_since_prior_signal,-0.012211037875443883
5,2024,profitable_after_fees,A_all,forest,ETH/USDT,source_synthetic,0.0
5,2024,profitable_after_fees,A_all,forest,ETH/USDT,pair,0.0
5,2024,profitable_after_fees,A_all,forest,ETH/USDT,regime,0.004479517299539067
5,2024,profitable_after_fees,A_all,forest,ETH/USDT,return_1h,-0.004526734439984692
5,2024,profitable_after_fees,A_all,forest,ETH/USDT,return_3h,-0.011366782096046949
5,2024,profitable_after_fees,A_all,forest,ETH/USDT,return_6h,0.011467589138810685
5,2024,profitable_after_fees,A_all,forest,ETH/USDT,return_12h,-0.008237668128544892
5,2024,profitable_after_fees,A_all,forest,ETH/USDT,return_24h,-0.00180594641256282
5,2024,profitable_after_fees,A_all,forest,ETH/USDT,return_72h,-0.007866995890695986
5,2024,profitable_after_fees,A_all,forest,ETH/USDT,return_168h,0.002777997697112252
5,2024,profitable_after_fees,A_all,forest,ETH/USDT,volatility_ratio_24_168,-0.0015445065556728792
5,2024,profitable_after_fees,A_all,forest,ETH/USDT,natr_ratio_168,-0.004518088358994439
5,2024,profitable_after_fees,A_all,forest,ETH/USDT,up_fraction_24,0.00042064935988448776
5,2024,profitable_after_fees,A_all,forest,ETH/USDT,volume_price_interaction,0.0012377546248374949
5,2024,profitable_after_fees,A_all,forest,ETH/USDT,range_expansion_24,0.0018483070123138472
5,2024,profitable_after_fees,A_all,forest,ETH/USDT,signal_density_168,-0.000865103637988233
5,2024,profitable_after_fees,A_all,hist_gradient,ALL,ema20_distance,-0.001508503444785203
5,2024,profitable_after_fees,A_all,hist_gradient,ALL,ema50_distance,-0.00048778025621169324
5,2024,profitable_after_fees,A_all,hist_gradient,ALL,ema_gap,0.008387555055620666
5,2024,profitable_after_fees,A_all,hist_gradient,ALL,ema20_slope_6,-0.0006214189539591556
5,2024,profitable_after_fees,A_all,hist_gradient,ALL,ema50_slope_6,-0.0001753693505801938
5,2024,profitable_after_fees,A_all,hist_gradient,ALL,trend_efficiency_20,-0.011087670917479272
5,2024,profitable_after_fees,A_all,hist_gradient,ALL,range_ratio,-0.0033465120112517823
5,2024,profitable_after_fees,A_all,hist_gradient,ALL,body_to_range,-0.011512389379356022
5,2024,profitable_after_fees,A_all,hist_gradient,ALL,close_location,0.0007716394201685203
5,2024,profitable_after_fees,A_all,hist_gradient,ALL,natr14,-0.0014449114329843082
5,2024,profitable_after_fees,A_all,hist_gradient,ALL,return_std_24,0.007711608226751858
5,2024,profitable_after_fees,A_all,hist_gradient,ALL,return_std_168,-0.00039765090118111984
5,2024,profitable_after_fees,A_all,hist_gradient,ALL,volatility_percentile_720,-0.016639961292178835
5,2024,profitable_after_fees,A_all,hist_gradient,ALL,rsi14,-0.0026394752422588263
5,2024,profitable_after_fees,A_all,hist_gradient,ALL,macd_ratio,-0.0027406615190709305
5,2024,profitable_after_fees,A_all,hist_gradient,ALL,macd_signal_ratio,0.002891645798780059
5,2024,profitable_after_fees,A_all,hist_gradient,ALL,relative_volume_24,-0.00443407767297993
5,2024,profitable_after_fees,A_all,hist_gradient,ALL,volume_zscore_24,-0.00032052093996504105
5,2024,profitable_after_fees,A_all,hist_gradient,ALL,volume_trend_24_168,-0.00017611153559180895
5,2024,profitable_after_fees,A_all,hist_gradient,ALL,regime_duration,0.0047397376280276515
5,2024,profitable_after_fees,A_all,hist_gradient,ALL,regime_transition,0.0
5,2024,profitable_after_fees,A_all,hist_gradient,ALL,hour_of_day,0.002622054710339957
5,2024,profitable_after_fees,A_all,hist_gradient,ALL,day_of_week,0.012283130677884946
5,2024,profitable_after_fees,A_all,hist_gradient,ALL,distance_high_24,0.0046807501694250036
5,2024,profitable_after_fees,A_all,hist_gradient,ALL,distance_low_24,-0.0007090367340423787
5,2024,profitable_after_fees,A_all,hist_gradient,ALL,distance_high_168,-0.0023492559688638726
5,2024,profitable_after_fees,A_all,hist_gradient,ALL,distance_low_168,-0.0032611731461923235
5,2024,profitable_after_fees,A_all,hist_gradient,ALL,candles_since_prior_signal,-0.003502840343323451
5,2024,profitable_after_fees,A_all,hist_gradient,ALL,source_synthetic,0.0
5,2024,profitable_after_fees,A_all,hist_gradient,ALL,pair,-0.001123932664675716
5,2024,profitable_after_fees,A_all,hist_gradient,ALL,regime,0.0012509807983322092
5,2024,profitable_after_fees,A_all,hist_gradient,ALL,return_1h,-0.0009672515495349384
5,2024,profitable_after_fees,A_all,hist_gradient,ALL,return_3h,0.0
5,2024,profitable_after_fees,A_all,hist_gradient,ALL,return_6h,0.038042666014051076
5,2024,profitable_after_fees,A_all,hist_gradient,ALL,return_12h,-0.0019687108855880506
5,2024,profitable_after_fees,A_all,hist_gradient,ALL,return_24h,-0.007854852103363508
5,2024,profitable_after_fees,A_all,hist_gradient,ALL,return_72h,-0.006394093941975987
5,2024,profitable_after_fees,A_all,hist_gradient,ALL,return_168h,-0.012328460197910377
5,2024,profitable_after_fees,A_all,hist_gradient,ALL,volatility_ratio_24_168,0.0026017489679488284
5,2024,profitable_after_fees,A_all,hist_gradient,ALL,natr_ratio_168,-0.002093025357894703
5,2024,profitable_after_fees,A_all,hist_gradient,ALL,up_fraction_24,0.002540679004262081
5,2024,profitable_after_fees,A_all,hist_gradient,ALL,volume_price_interaction,-0.00013161827842594898
5,2024,profitable_after_fees,A_all,hist_gradient,ALL,range_expansion_24,-0.0038764045322790355
5,2024,profitable_after_fees,A_all,hist_gradient,ALL,signal_density_168,-0.00014127682988481402
5,2024,profitable_after_fees,A_all,hist_gradient,BTC/USDT,ema20_distance,0.0038713886604124226
5,2024,profitable_after_fees,A_all,hist_gradient,BTC/USDT,ema50_distance,-0.0006094047863190085
5,2024,profitable_after_fees,A_all,hist_gradient,BTC/USDT,ema_gap,-0.0022831963355778493
5,2024,profitable_after_fees,A_all,hist_gradient,BTC/USDT,ema20_slope_6,-0.0023613729444743603
5,2024,profitable_after_fees,A_all,hist_gradient,BTC/USDT,ema50_slope_6,-0.004441100442537538
5,2024,profitable_after_fees,A_all,hist_gradient,BTC/USDT,trend_efficiency_20,-0.009785230135028874
5,2024,profitable_after_fees,A_all,hist_gradient,BTC/USDT,range_ratio,0.00011957749192489005
5,2024,profitable_after_fees,A_all,hist_gradient,BTC/USDT,body_to_range,-0.017049939198528447
5,2024,profitable_after_fees,A_all,hist_gradient,BTC/USDT,close_location,0.0021739760716736147
5,2024,profitable_after_fees,A_all,hist_gradient,BTC/USDT,natr14,0.0037539930457431057
5,2024,profitable_after_fees,A_all,hist_gradient,BTC/USDT,return_std_24,0.036538479814369106
5,2024,profitable_after_fees,A_all,hist_gradient,BTC/USDT,return_std_168,0.0008534407118135171
5,2024,profitable_after_fees,A_all,hist_gradient,BTC/USDT,volatility_percentile_720,-0.010423286402807264
5,2024,profitable_after_fees,A_all,hist_gradient,BTC/USDT,rsi14,0.0005702064433753725
5,2024,profitable_after_fees,A_all,hist_gradient,BTC/USDT,macd_ratio,-0.00340028930409475
5,2024,profitable_after_fees,A_all,hist_gradient,BTC/USDT,macd_signal_ratio,0.0038264800874534175
5,2024,profitable_after_fees,A_all,hist_gradient,BTC/USDT,relative_volume_24,-0.005606945987807273
5,2024,profitable_after_fees,A_all,hist_gradient,BTC/USDT,volume_zscore_24,-0.000685655768708752
5,2024,profitable_after_fees,A_all,hist_gradient,BTC/USDT,volume_trend_24_168,-0.00043881370231219075
5,2024,profitable_after_fees,A_all,hist_gradient,BTC/USDT,regime_duration,-0.0009139096386833745
5,2024,profitable_after_fees,A_all,hist_gradient,BTC/USDT,regime_transition,0.0
5,2024,profitable_after_fees,A_all,hist_gradient,BTC/USDT,hour_of_day,0.008266616293196805
5,2024,profitable_after_fees,A_all,hist_gradient,BTC/USDT,day_of_week,-0.01186318723583731
5,2024,profitable_after_fees,A_all,hist_gradient,BTC/USDT,distance_high_24,-0.0004062940270618265
5,2024,profitable_after_fees,A_all,hist_gradient,BTC/USDT,distance_low_24,-0.013317928167097906
5,2024,profitable_after_fees,A_all,hist_gradient,BTC/USDT,distance_high_168,-0.0008928126488422968
5,2024,profitable_after_fees,A_all,hist_gradient,BTC/USDT,distance_low_168,-0.00374889111835632
5,2024,profitable_after_fees,A_all,hist_gradient,BTC/USDT,candles_since_prior_signal,0.0010682452573114176
5,2024,profitable_after_fees,A_all,hist_gradient,BTC/USDT,source_synthetic,0.0
5,2024,profitable_after_fees,A_all,hist_gradient,BTC/USDT,pair,0.0
5,2024,profitable_after_fees,A_all,hist_gradient,BTC/USDT,regime,-0.001671568321570523
5,2024,profitable_after_fees,A_all,hist_gradient,BTC/USDT,return_1h,0.0024454444350189655
5,2024,profitable_after_fees,A_all,hist_gradient,BTC/USDT,return_3h,0.0
5,2024,profitable_after_fees,A_all,hist_gradient,BTC/USDT,return_6h,0.04468397660722948
5,2024,profitable_after_fees,A_all,hist_gradient,BTC/USDT,return_12h,-0.005382496321361341
5,2024,profitable_after_fees,A_all,hist_gradient,BTC/USDT,return_24h,-0.003587112967937419
5,2024,profitable_after_fees,A_all,hist_gradient,BTC/USDT,return_72h,-0.01375407071337309
5,2024,profitable_after_fees,A_all,hist_gradient,BTC/USDT,return_168h,-0.003609707864868361
5,2024,profitable_after_fees,A_all,hist_gradient,BTC/USDT,volatility_ratio_24_168,0.03374246044060005
5,2024,profitable_after_fees,A_all,hist_gradient,BTC/USDT,natr_ratio_168,-0.004174659373682166
5,2024,profitable_after_fees,A_all,hist_gradient,BTC/USDT,up_fraction_24,-0.00137717023084231
5,2024,profitable_after_fees,A_all,hist_gradient,BTC/USDT,volume_price_interaction,-0.0073366449519634185
5,2024,profitable_after_fees,A_all,hist_gradient,BTC/USDT,range_expansion_24,-0.014661565616925923
5,2024,profitable_after_fees,A_all,hist_gradient,BTC/USDT,signal_density_168,-0.0001130710085934054
5,2024,profitable_after_fees,A_all,hist_gradient,ETH/USDT,ema20_distance,0.019738475071138
5,2024,profitable_after_fees,A_all,hist_gradient,ETH/USDT,ema50_distance,0.000815138670714551
5,2024,profitable_after_fees,A_all,hist_gradient,ETH/USDT,ema_gap,0.04897958437604916
5,2024,profitable_after_fees,A_all,hist_gradient,ETH/USDT,ema20_slope_6,0.0012394662639580445
5,2024,profitable_after_fees,A_all,hist_gradient,ETH/USDT,ema50_slope_6,-0.00444379429878039
5,2024,profitable_after_fees,A_all,hist_gradient,ETH/USDT,trend_efficiency_20,0.0207935224974428
5,2024,profitable_after_fees,A_all,hist_gradient,ETH/USDT,range_ratio,0.000601297184009438
5,2024,profitable_after_fees,A_all,hist_gradient,ETH/USDT,body_to_range,-0.0075567596254172975
5,2024,profitable_after_fees,A_all,hist_gradient,ETH/USDT,close_location,-0.002392839969369176
5,2024,profitable_after_fees,A_all,hist_gradient,ETH/USDT,natr14,0.023766646421338317
5,2024,profitable_after_fees,A_all,hist_gradient,ETH/USDT,return_std_24,0.010881716070399708
5,2024,profitable_after_fees,A_all,hist_gradient,ETH/USDT,return_std_168,0.0016252970056470084
5,2024,profitable_after_fees,A_all,hist_gradient,ETH/USDT,volatility_percentile_720,0.014081903123701056
5,2024,profitable_after_fees,A_all,hist_gradient,ETH/USDT,rsi14,-0.002906955117463842
5,2024,profitable_after_fees,A_all,hist_gradient,ETH/USDT,macd_ratio,0.0006439893889499393
5,2024,profitable_after_fees,A_all,hist_gradient,ETH/USDT,macd_signal_ratio,0.01138278527077293
5,2024,profitable_after_fees,A_all,hist_gradient,ETH/USDT,relative_volume_24,0.015533668021426713
5,2024,profitable_after_fees,A_all,hist_gradient,ETH/USDT,volume_zscore_24,-0.005279250257534951
5,2024,profitable_after_fees,A_all,hist_gradient,ETH/USDT,volume_trend_24_168,0.009456273103911395
5,2024,profitable_after_fees,A_all,hist_gradient,ETH/USDT,regime_duration,0.030481877687092557
5,2024,profitable_after_fees,A_all,hist_gradient,ETH/USDT,regime_transition,0.0
5,2024,profitable_after_fees,A_all,hist_gradient,ETH/USDT,hour_of_day,0.01723294832581368
5,2024,profitable_after_fees,A_all,hist_gradient,ETH/USDT,day_of_week,0.054871508441100225
5,2024,profitable_after_fees,A_all,hist_gradient,ETH/USDT,distance_high_24,0.012250770160131763
5,2024,profitable_after_fees,A_all,hist_gradient,ETH/USDT,distance_low_24,0.008227727261483611
5,2024,profitable_after_fees,A_all,hist_gradient,ETH/USDT,distance_high_168,-0.013087036713326006
5,2024,profitable_after_fees,A_all,hist_gradient,ETH/USDT,distance_low_168,0.0024328671300443694
5,2024,profitable_after_fees,A_all,hist_gradient,ETH/USDT,candles_since_prior_signal,0.00314794334365881
5,2024,profitable_after_fees,A_all,hist_gradient,ETH/USDT,source_synthetic,0.0
5,2024,profitable_after_fees,A_all,hist_gradient,ETH/USDT,pair,0.0
5,2024,profitable_after_fees,A_all,hist_gradient,ETH/USDT,regime,-0.010234423270137164
5,2024,profitable_after_fees,A_all,hist_gradient,ETH/USDT,return_1h,-0.00033098698140532345
5,2024,profitable_after_fees,A_all,hist_gradient,ETH/USDT,return_3h,0.0
5,2024,profitable_after_fees,A_all,hist_gradient,ETH/USDT,return_6h,0.06687095666831068
5,2024,profitable_after_fees,A_all,hist_gradient,ETH/USDT,return_12h,-0.0009605140322946534
5,2024,profitable_after_fees,A_all,hist_gradient,ETH/USDT,return_24h,0.005435109863430414
5,2024,profitable_after_fees,A_all,hist_gradient,ETH/USDT,return_72h,-0.013273660299046586
5,2024,profitable_after_fees,A_all,hist_gradient,ETH/USDT,return_168h,-0.009536845034894473
5,2024,profitable_after_fees,A_all,hist_gradient,ETH/USDT,volatility_ratio_24_168,-0.00306061380303152
5,2024,profitable_after_fees,A_all,hist_gradient,ETH/USDT,natr_ratio_168,-0.0062864716298034655
5,2024,profitable_after_fees,A_all,hist_gradient,ETH/USDT,up_fraction_24,0.029142424283282526
5,2024,profitable_after_fees,A_all,hist_gradient,ETH/USDT,volume_price_interaction,-0.0033540671455611717
5,2024,profitable_after_fees,A_all,hist_gradient,ETH/USDT,range_expansion_24,-0.0041646010655484456
5,2024,profitable_after_fees,A_all,hist_gradient,ETH/USDT,signal_density_168,-0.00048581413113429894
