target,feature_set,model,threshold,period,evaluation_year,trades,retention_pct,win_rate_pct,net_profit_usdt,average_trade_pct,profit_factor,expectancy_usdt,closed_subset_max_drawdown_pct,btc_net_usdt,eth_net_usdt,regime_distribution,median_yearly_net_usdt,worst_year_net_usdt,profitable_years,yearly_net_std_usdt
profitable_after_fees,A_all,dummy,0.5,year,2020.0,0,0.0,,0.0,,,,0.0,0.0,0.0,{},,,,
profitable_after_fees,A_all,dummy,0.5,year,2021.0,0,0.0,,0.0,,,,0.0,0.0,0.0,{},,,,
profitable_after_fees,A_all,dummy,0.5,year,2022.0,0,0.0,,0.0,,,,0.0,0.0,0.0,{},,,,
profitable_after_fees,A_all,dummy,0.5,year,2023.0,0,0.0,,0.0,,,,0.0,0.0,0.0,{},,,,
profitable_after_fees,A_all,dummy,0.5,year,2024.0,0,0.0,,0.0,,,,0.0,0.0,0.0,{},,,,
profitable_after_fees,A_all,dummy,0.5,aggregate,,0,0.0,,0.0,,,,0.0,0.0,0.0,{},0.0,0.0,0.0,0.0
profitable_after_fees,A_all,dummy,0.55,year,2020.0,0,0.0,,0.0,,,,0.0,0.0,0.0,{},,,,
profitable_after_fees,A_all,dummy,0.55,year,2021.0,0,0.0,,0.0,,,,0.0,0.0,0.0,{},,,,
profitable_after_fees,A_all,dummy,0.55,year,2022.0,0,0.0,,0.0,,,,0.0,0.0,0.0,{},,,,
profitable_after_fees,A_all,dummy,0.55,year,2023.0,0,0.0,,0.0,,,,0.0,0.0,0.0,{},,,,
profitable_after_fees,A_all,dummy,0.55,year,2024.0,0,0.0,,0.0,,,,0.0,0.0,0.0,{},,,,
profitable_after_fees,A_all,dummy,0.55,aggregate,,0,0.0,,0.0,,,,0.0,0.0,0.0,{},0.0,0.0,0.0,0.0
profitable_after_fees,A_all,dummy,0.6,year,2020.0,0,0.0,,0.0,,,,0.0,0.0,0.0,{},,,,
profitable_after_fees,A_all,dummy,0.6,year,2021.0,0,0.0,,0.0,,,,0.0,0.0,0.0,{},,,,
profitable_after_fees,A_all,dummy,0.6,year,2022.0,0,0.0,,0.0,,,,0.0,0.0,0.0,{},,,,
profitable_after_fees,A_all,dummy,0.6,year,2023.0,0,0.0,,0.0,,,,0.0,0.0,0.0,{},,,,
profitable_after_fees,A_all,dummy,0.6,year,2024.0,0,0.0,,0.0,,,,0.0,0.0,0.0,{},,,,
profitable_after_fees,A_all,dummy,0.6,aggregate,,0,0.0,,0.0,,,,0.0,0.0,0.0,{},0.0,0.0,0.0,0.0
profitable_after_fees,A_all,dummy,0.65,year,2020.0,0,0.0,,0.0,,,,0.0,0.0,0.0,{},,,,
profitable_after_fees,A_all,dummy,0.65,year,2021.0,0,0.0,,0.0,,,,0.0,0.0,0.0,{},,,,
profitable_after_fees,A_all,dummy,0.65,year,2022.0,0,0.0,,0.0,,,,0.0,0.0,0.0,{},,,,
profitable_after_fees,A_all,dummy,0.65,year,2023.0,0,0.0,,0.0,,,,0.0,0.0,0.0,{},,,,
profitable_after_fees,A_all,dummy,0.65,year,2024.0,0,0.0,,0.0,,,,0.0,0.0,0.0,{},,,,
profitable_after_fees,A_all,dummy,0.65,aggregate,,0,0.0,,0.0,,,,0.0,0.0,0.0,{},0.0,0.0,0.0,0.0
profitable_after_fees,A_all,dummy,0.7,year,2020.0,0,0.0,,0.0,,,,0.0,0.0,0.0,{},,,,
profitable_after_fees,A_all,dummy,0.7,year,2021.0,0,0.0,,0.0,,,,0.0,0.0,0.0,{},,,,
profitable_after_fees,A_all,dummy,0.7,year,2022.0,0,0.0,,0.0,,,,0.0,0.0,0.0,{},,,,
profitable_after_fees,A_all,dummy,0.7,year,2023.0,0,0.0,,0.0,,,,0.0,0.0,0.0,{},,,,
profitable_after_fees,A_all,dummy,0.7,year,2024.0,0,0.0,,0.0,,,,0.0,0.0,0.0,{},,,,
profitable_after_fees,A_all,dummy,0.7,aggregate,,0,0.0,,0.0,,,,0.0,0.0,0.0,{},0.0,0.0,0.0,0.0
profitable_after_fees,A_all,forest,0.5,year,2020.0,0,0.0,,0.0,,,,0.0,0.0,0.0,{},,,,
profitable_after_fees,A_all,forest,0.5,year,2021.0,32,15.92039800995025,46.875,15.37869499,0.48013140992033476,1.3151497103195182,0.4805842184375,1.3210131326132892,22.65046971,-7.27177472,"{'TREND_UP': 21, 'HIGH_VOLATILITY': 8, 'RANGE': 3}",,,,
profitable_after_fees,A_all,forest,0.5,year,2022.0,11,5.238095238095238,27.27272727272727,-13.6044317,-1.2358100665375409,0.42541023784204307,-1.2367665181818182,2.2191824665430286,-6.155718650000001,-7.44871305,"{'TREND_UP': 5, 'HIGH_VOLATILITY': 4, 'RANGE': 2}",,,,
profitable_after_fees,A_all,forest,0.5,year,2023.0,4,1.8518518518518516,0.0,-5.82004781,-1.4553598538557246,0.0,-1.4550119525,0.5820047810000005,-3.9707936999999998,-1.84925411,"{'TREND_UP': 3, 'RANGE': 1}",,,,
profitable_after_fees,A_all,forest,0.5,year,2024.0,5,2.4630541871921183,40.0,-13.397431520000001,-2.684290220930131,0.10550895033253889,-2.679486304,1.4977714450000008,-4.60397,-8.793461520000001,"{'TREND_UP': 3, 'HIGH_VOLATILITY': 2}",,,,
profitable_after_fees,A_all,forest,0.5,aggregate,,52,5.009633911368015,38.46153846153847,-17.443216040000003,-0.3360114641256883,0.8129867022976359,-0.3354464623076924,4.664370308353087,7.919987359999998,-25.363203399999996,"{'TREND_UP': 32, 'HIGH_VOLATILITY': 14, 'RANGE': 6}",-5.82004781,-13.6044317,1.0,11.980148080841579
profitable_after_fees,A_all,forest,0.55,year,2020.0,0,0.0,,0.0,,,,0.0,0.0,0.0,{},,,,
profitable_after_fees,A_all,forest,0.55,year,2021.0,9,4.477611940298507,55.55555555555556,12.545079169999998,1.3943633560687103,2.435885753043184,1.3938976855555554,0.5122196814127227,8.507477439999999,4.03760173,"{'TREND_UP': 7, 'HIGH_VOLATILITY': 2}",,,,
profitable_after_fees,A_all,forest,0.55,year,2022.0,7,3.3333333333333335,42.857142857142854,-6.45179122,-0.9201630686104869,0.6095534222004059,-0.9216844599999999,1.63607409570423,-0.20763270000000045,-6.24415852,"{'TREND_UP': 3, 'HIGH_VOLATILITY': 3, 'RANGE': 1}",,,,
profitable_after_fees,A_all,forest,0.55,year,2023.0,1,0.4629629629629629,0.0,-0.14533385,-0.1453940973824989,0.0,-0.14533385,0.014533385000004272,0.0,-0.14533385,{'TREND_UP': 1},,,,
profitable_after_fees,A_all,forest,0.55,year,2024.0,0,0.0,,0.0,,,,0.0,0.0,0.0,{},,,,
profitable_after_fees,A_all,forest,0.55,aggregate,,17,1.6377649325626205,47.05882352941176,5.947954099999999,0.3507490957036757,1.234113449608163,0.3498796529411764,1.62185328484193,8.299844739999998,-2.35189064,"{'TREND_UP': 11, 'HIGH_VOLATILITY': 5, 'RANGE': 1}",0.0,-6.45179122,1.0,6.927303076610179
profitable_after_fees,A_all,forest,0.6,year,2020.0,0,0.0,,0.0,,,,0.0,0.0,0.0,{},,,,
profitable_after_fees,A_all,forest,0.6,year,2021.0,1,0.4975124378109453,100.0,4.99739839,4.999898181443933,,4.99739839,0.0,0.0,4.99739839,{'TREND_UP': 1},,,,
profitable_after_fees,A_all,forest,0.6,year,2022.0,2,0.9523809523809524,100.0,9.98684249,5.000074050963144,,4.993421245,0.0,4.98517603,5.00166646,{'TREND_UP': 2},,,,
profitable_after_fees,A_all,forest,0.6,year,2023.0,0,0.0,,0.0,,,,0.0,0.0,0.0,{},,,,
profitable_after_fees,A_all,forest,0.6,year,2024.0,0,0.0,,0.0,,,,0.0,0.0,0.0,{},,,,
profitable_after_fees,A_all,forest,0.6,aggregate,,3,0.2890173410404624,100.0,14.98424088,5.000015427790073,,4.99474696,0.0,4.98517603,9.99906485,{'TREND_UP': 3},0.0,0.0,2.0,4.466696727965515
profitable_after_fees,A_all,forest,0.65,year,2020.0,0,0.0,,0.0,,,,0.0,0.0,0.0,{},,,,
profitable_after_fees,A_all,forest,0.65,year,2021.0,0,0.0,,0.0,,,,0.0,0.0,0.0,{},,,,
profitable_after_fees,A_all,forest,0.65,year,2022.0,0,0.0,,0.0,,,,0.0,0.0,0.0,{},,,,
profitable_after_fees,A_all,forest,0.65,year,2023.0,0,0.0,,0.0,,,,0.0,0.0,0.0,{},,,,
profitable_after_fees,A_all,forest,0.65,year,2024.0,0,0.0,,0.0,,,,0.0,0.0,0.0,{},,,,
profitable_after_fees,A_all,forest,0.65,aggregate,,0,0.0,,0.0,,,,0.0,0.0,0.0,{},0.0,0.0,0.0,0.0
profitable_after_fees,A_all,forest,0.7,year,2020.0,0,0.0,,0.0,,,,0.0,0.0,0.0,{},,,,
profitable_after_fees,A_all,forest,0.7,year,2021.0,0,0.0,,0.0,,,,0.0,0.0,0.0,{},,,,
profitable_after_fees,A_all,forest,0.7,year,2022.0,0,0.0,,0.0,,,,0.0,0.0,0.0,{},,,,
profitable_after_fees,A_all,forest,0.7,year,2023.0,0,0.0,,0.0,,,,0.0,0.0,0.0,{},,,,
profitable_after_fees,A_all,forest,0.7,year,2024.0,0,0.0,,0.0,,,,0.0,0.0,0.0,{},,,,
profitable_after_fees,A_all,forest,0.7,aggregate,,0,0.0,,0.0,,,,0.0,0.0,0.0,{},0.0,0.0,0.0,0.0
profitable_after_fees,A_all,hist_gradient,0.5,year,2020.0,29,13.942307692307693,34.48275862068966,-2.335772860000001,-0.08103536628308515,0.9500642037537839,-0.08054389172413796,1.6021401132220547,-14.3994705,12.063697640000003,"{'TREND_UP': 17, 'RANGE': 12}",,,,
profitable_after_fees,A_all,hist_gradient,0.5,year,2021.0,44,21.890547263681594,50.0,24.97933349,0.5685945362081357,1.432351911923197,0.5677121247727273,2.3444024334382356,29.97900519,-4.999671699999999,"{'TREND_UP': 22, 'HIGH_VOLATILITY': 11, 'RANGE': 11}",,,,
profitable_after_fees,A_all,hist_gradient,0.5,year,2022.0,14,6.666666666666667,50.0,7.809151450000003,0.5585643063381396,1.3708199194456576,0.5577965321428574,1.1312543945223805,4.83062998,2.97852147,"{'TREND_UP': 9, 'RANGE': 4, 'HIGH_VOLATILITY': 1}",,,,
profitable_after_fees,A_all,hist_gradient,0.5,year,2023.0,11,5.092592592592593,9.090909090909092,-22.99865332,-2.092267131916535,0.0003421168672804267,-2.0907866654545453,2.2998653320000018,-10.54872403,-12.44992929,"{'TREND_UP': 7, 'RANGE': 4}",,,,
profitable_after_fees,A_all,hist_gradient,0.5,year,2024.0,9,4.433497536945813,66.66666666666666,3.49837938,0.38919222001297027,1.2658626531592005,0.38870881999999995,0.5186004209999965,2.104630850000001,1.3937485299999999,"{'TREND_UP': 7, 'RANGE': 2}",,,,
profitable_after_fees,A_all,hist_gradient,0.5,aggregate,,107,10.308285163776493,42.99065420560748,10.952438140000002,0.10257781110950741,1.0677015659658522,0.10235923495327104,3.0932084089849887,11.96607149,-1.0136333500000037,"{'TREND_UP': 62, 'RANGE': 33, 'HIGH_VOLATILITY': 12}",3.49837938,-22.99865332,3.0,17.375207303835516
profitable_after_fees,A_all,hist_gradient,0.55,year,2020.0,15,7.211538461538461,33.33333333333333,-3.368858800000001,-0.2245879390048952,0.8813163506750165,-0.22459058666666673,1.4220839265256882,-12.68829938,9.319440579999998,"{'TREND_UP': 10, 'RANGE': 5}",,,,
profitable_after_fees,A_all,hist_gradient,0.55,year,2021.0,17,8.45771144278607,41.17647058823529,1.5028143300000014,0.08841070962880067,1.0568126372749713,0.08840084294117656,0.901862882284227,-1.6046123900000007,3.1074267200000003,"{'TREND_UP': 10, 'RANGE': 4, 'HIGH_VOLATILITY': 3}",,,,
profitable_after_fees,A_all,hist_gradient,0.55,year,2022.0,2,0.9523809523809524,100.0,9.9831948,4.999993377815929,,4.9915974,0.0,9.9831948,0.0,{'TREND_UP': 2},,,,
profitable_after_fees,A_all,hist_gradient,0.55,year,2023.0,7,3.2407407407407405,14.285714285714285,-13.47908729,-1.9262030852486016,0.0005835948979336238,-1.9255838985714286,1.3479087290000051,-2.70588285,-10.77320444,"{'TREND_UP': 5, 'RANGE': 2}",,,,
profitable_after_fees,A_all,hist_gradient,0.55,year,2024.0,2,0.9852216748768473,50.0,1.9808141300000002,0.9857332434751194,1.6568033477128628,0.9904070650000001,0.3000846297483728,1.9808141300000002,0.0,"{'TREND_UP': 1, 'RANGE': 1}",,,,
profitable_after_fees,A_all,hist_gradient,0.55,aggregate,,43,4.142581888246628,37.2093023255814,-3.3811228299999976,-0.07855361338469594,0.9526055839531063,-0.07863076348837204,1.8393338721255457,-5.03478569,1.6536628599999998,"{'TREND_UP': 28, 'RANGE': 12, 'HIGH_VOLATILITY': 3}",1.5028143300000014,-13.47908729,3.0,8.610964803816637
profitable_after_fees,A_all,hist_gradient,0.6,year,2020.0,4,1.9230769230769231,25.0,-7.338446130000001,-1.8337305541029445,0.4053553340580042,-1.8346115325000003,1.038215118000005,-2.1470478700000006,-5.19139826,"{'RANGE': 2, 'TREND_UP': 2}",,,,
profitable_after_fees,A_all,hist_gradient,0.6,year,2021.0,7,3.482587064676617,42.857142857142854,4.5976792799999995,0.6568837910625839,1.4423266374769343,0.6568113257142857,0.516390965301632,-2.9541659100000004,7.55184519,"{'TREND_UP': 6, 'RANGE': 1}",,,,
profitable_after_fees,A_all,hist_gradient,0.6,year,2022.0,1,0.4761904761904762,100.0,4.98517603,4.999998307462547,,4.98517603,0.0,4.98517603,0.0,{'TREND_UP': 1},,,,
profitable_after_fees,A_all,hist_gradient,0.6,year,2023.0,3,1.3888888888888888,33.33333333333333,-4.40193219,-1.46731667771135,0.001784868803360248,-1.4673107300000001,0.4401932190000025,-2.70588285,-1.69604934,"{'TREND_UP': 2, 'RANGE': 1}",,,,
profitable_after_fees,A_all,hist_gradient,0.6,year,2024.0,1,0.49261083743842365,0.0,-3.01584049,-3.0285399608521404,0.0,-3.01584049,0.30158404899999597,-3.01584049,0.0,{'RANGE': 1},,,,
profitable_after_fees,A_all,hist_gradient,0.6,aggregate,,16,1.5414258188824663,37.5,-5.173363500000002,-0.3229517103435834,0.8284741824120074,-0.3233352187500001,1.038215118000005,-5.837761090000001,0.6643975900000001,"{'TREND_UP': 11, 'RANGE': 5}",-3.01584049,-7.338446130000001,2.0,5.544433904840851
profitable_after_fees,A_all,hist_gradient,0.65,year,2020.0,1,0.4807692307692308,0.0,-1.95874171,-1.9570956942573121,0.0,-1.95874171,0.19587417100000265,-1.95874171,0.0,{'TREND_UP': 1},,,,
profitable_after_fees,A_all,hist_gradient,0.65,year,2021.0,1,0.4975124378109453,100.0,4.99739839,4.999898181443933,,4.99739839,0.0,0.0,4.99739839,{'TREND_UP': 1},,,,
profitable_after_fees,A_all,hist_gradient,0.65,year,2022.0,0,0.0,,0.0,,,,0.0,0.0,0.0,{},,,,
profitable_after_fees,A_all,hist_gradient,0.65,year,2023.0,0,0.0,,0.0,,,,0.0,0.0,0.0,{},,,,
profitable_after_fees,A_all,hist_gradient,0.65,year,2024.0,0,0.0,,0.0,,,,0.0,0.0,0.0,{},,,,
profitable_after_fees,A_all,hist_gradient,0.65,aggregate,,2,0.1926782273603083,50.0,3.03865668,1.5214012435933102,2.551330971555203,1.51932834,0.19587417100000265,-1.95874171,4.99739839,{'TREND_UP': 2},0.0,-1.95874171,1.0,2.596342276698442
profitable_after_fees,A_all,hist_gradient,0.7,year,2020.0,0,0.0,,0.0,,,,0.0,0.0,0.0,{},,,,
profitable_after_fees,A_all,hist_gradient,0.7,year,2021.0,0,0.0,,0.0,,,,0.0,0.0,0.0,{},,,,
profitable_after_fees,A_all,hist_gradient,0.7,year,2022.0,0,0.0,,0.0,,,,0.0,0.0,0.0,{},,,,
profitable_after_fees,A_all,hist_gradient,0.7,year,2023.0,0,0.0,,0.0,,,,0.0,0.0,0.0,{},,,,
profitable_after_fees,A_all,hist_gradient,0.7,year,2024.0,0,0.0,,0.0,,,,0.0,0.0,0.0,{},,,,
profitable_after_fees,A_all,hist_gradient,0.7,aggregate,,0,0.0,,0.0,,,,0.0,0.0,0.0,{},0.0,0.0,0.0,0.0
profitable_after_fees,A_all,logistic,0.5,year,2020.0,24,11.538461538461538,50.0,26.027304989999998,1.0832254489061297,1.8506551282250951,1.0844710412499998,0.8519547967981008,6.33817665,19.689128340000003,"{'TREND_UP': 14, 'HIGH_VOLATILITY': 5, 'RANGE': 5}",,,,
profitable_after_fees,A_all,logistic,0.5,year,2021.0,63,31.343283582089555,49.2063492063492,36.81098895000001,0.5847062953117815,1.3579420384435819,0.584301411904762,2.6513579049349145,32.89541153,3.915577420000005,"{'HIGH_VOLATILITY': 40, 'TREND_UP': 15, 'RANGE': 8}",,,,
profitable_after_fees,A_all,logistic,0.5,year,2022.0,19,9.047619047619047,31.57894736842105,-4.673226540000001,-0.24525749053082402,0.8207158229614332,-0.24595929157894741,1.749835365362731,-6.386855480000001,1.71362894,"{'TREND_UP': 13, 'HIGH_VOLATILITY': 3, 'RANGE': 3}",,,,
profitable_after_fees,A_all,logistic,0.5,year,2023.0,8,3.7037037037037033,25.0,-10.82079807,-1.353691402355942,0.31620361642510353,-1.35259975875,1.567138619000002,-7.88507287,-2.9357251999999994,"{'RANGE': 5, 'TREND_UP': 3}",,,,
profitable_after_fees,A_all,logistic,0.5,year,2024.0,9,4.433497536945813,77.77777777777779,11.268606479999999,1.2530771810994772,2.5825879261553824,1.2520673866666665,0.5125922119126267,1.8685012699999999,9.40010521,"{'RANGE': 5, 'TREND_UP': 4}",,,,
profitable_after_fees,A_all,logistic,0.5,aggregate,,123,11.849710982658959,47.15447154471545,58.61287581000001,0.47660307698659704,1.3212572660435118,0.4765274456097562,2.9045549101742942,26.8301611,31.78271471000001,"{'TREND_UP': 49, 'HIGH_VOLATILITY': 48, 'RANGE': 26}",11.268606479999999,-10.82079807,3.0,20.070412798089002
profitable_after_fees,A_all,logistic,0.55,year,2020.0,14,6.730769230769231,64.28571428571429,35.40043265,2.526852423730542,4.675171416361051,2.528602332142857,0.772760349645938,5.373177370000001,30.027255280000002,"{'TREND_UP': 8, 'HIGH_VOLATILITY': 4, 'RANGE': 2}",,,,
profitable_after_fees,A_all,logistic,0.55,year,2021.0,51,25.37313432835821,50.98039215686274,36.17274181000001,0.7093858273886349,1.4606555914554478,0.7092694472549022,1.696926283817903,34.01503300000001,2.157708810000001,"{'HIGH_VOLATILITY': 36, 'TREND_UP': 12, 'RANGE': 3}",,,,
profitable_after_fees,A_all,logistic,0.55,year,2022.0,9,4.285714285714286,44.44444444444444,2.3715369000000015,0.2656350645631967,1.186784627337446,0.2635041000000002,0.7540004750185976,1.468518,0.9030189000000002,"{'TREND_UP': 5, 'HIGH_VOLATILITY': 2, 'RANGE': 2}",,,,
profitable_after_fees,A_all,logistic,0.55,year,2023.0,3,1.3888888888888888,33.33333333333333,-8.6815884,-2.8972622615710932,0.0009058008916485726,-2.8938628000000004,0.8689459319999969,-5.17919002,-3.5023983800000003,"{'TREND_UP': 2, 'RANGE': 1}",,,,
profitable_after_fees,A_all,logistic,0.55,year,2024.0,4,1.9704433497536946,75.0,4.77575541,1.1947023769900829,3.46378244425586,1.1939388525,0.19287408881583812,0.37151821,4.4042372,"{'TREND_UP': 2, 'RANGE': 2}",,,,
profitable_after_fees,A_all,logistic,0.55,aggregate,,81,7.803468208092486,53.086419753086425,70.03887837000002,0.8645969065847383,1.628256825860177,0.864677510740741,1.640804901071941,36.04905656,33.98982181000001,"{'HIGH_VOLATILITY': 42, 'TREND_UP': 29, 'RANGE': 10}",4.77575541,-8.6815884,4.0,20.52054451851728
profitable_after_fees,A_all,logistic,0.6,year,2020.0,8,3.8461538461538463,50.0,10.745017,1.3420041203199407,2.1588099790738124,1.343127125,0.772760349645938,-4.269481020000001,15.014498020000001,"{'TREND_UP': 4, 'HIGH_VOLATILITY': 4}",,,,
profitable_after_fees,A_all,logistic,0.6,year,2021.0,43,21.393034825870647,51.162790697674424,23.36569875,0.5432905983937105,1.3127179771675757,0.5433883430232558,1.725668366554542,27.83451101,-4.468812259999998,"{'HIGH_VOLATILITY': 35, 'TREND_UP': 8}",,,,
profitable_after_fees,A_all,logistic,0.6,year,2022.0,6,2.857142857142857,50.0,5.318784160000002,0.8895731030770251,1.5503770339152907,0.8864640266666669,0.608644945794013,1.468518,3.8502661600000003,"{'TREND_UP': 3, 'HIGH_VOLATILITY': 2, 'RANGE': 1}",,,,
profitable_after_fees,A_all,logistic,0.6,year,2023.0,0,0.0,,0.0,,,,0.0,0.0,0.0,{},,,,
profitable_after_fees,A_all,logistic,0.6,year,2024.0,0,0.0,,0.0,,,,0.0,0.0,0.0,{},,,,
profitable_after_fees,A_all,logistic,0.6,aggregate,,57,5.491329479768786,50.877192982456144,39.42949991,0.6918415317886181,1.4210103447438167,0.6917456124561403,1.7078901408020768,25.03354799,14.395951920000003,"{'HIGH_VOLATILITY': 41, 'TREND_UP': 15, 'RANGE': 1}",5.318784160000002,0.0,3.0,9.730925453369908
profitable_after_fees,A_all,logistic,0.65,year,2020.0,6,2.8846153846153846,50.0,7.0510446799999995,1.174237617074988,1.8854240165461806,1.1751741133333333,0.772760349645938,-2.9604896100000007,10.01153429,"{'HIGH_VOLATILITY': 4, 'TREND_UP': 2}",,,,
profitable_after_fees,A_all,logistic,0.65,year,2021.0,35,17.412935323383085,45.714285714285715,-0.2812444400000018,-0.00831206711918885,0.9960837154374897,-0.00803555542857148,2.678827646402955,7.1261359199999985,-7.407380359999998,"{'HIGH_VOLATILITY': 33, 'TREND_UP': 2}",,,,
profitable_after_fees,A_all,logistic,0.65,year,2022.0,6,2.857142857142857,50.0,5.318784160000002,0.8895731030770251,1.5503770339152907,0.8864640266666669,0.608644945794013,1.468518,3.8502661600000003,"{'TREND_UP': 3, 'HIGH_VOLATILITY': 2, 'RANGE': 1}",,,,
profitable_after_fees,A_all,logistic,0.65,year,2023.0,0,0.0,,0.0,,,,0.0,0.0,0.0,{},,,,
profitable_after_fees,A_all,logistic,0.65,year,2024.0,0,0.0,,0.0,,,,0.0,0.0,0.0,{},,,,
profitable_after_fees,A_all,logistic,0.65,aggregate,,47,4.527938342967245,46.808510638297875,12.088584399999995,0.2572753611008611,1.1351563913918072,0.2572039234042552,2.660565287264986,5.634164309999997,6.454420090000002,"{'HIGH_VOLATILITY': 39, 'TREND_UP': 7, 'RANGE': 1}",0.0,-0.2812444400000018,2.0,3.4949613694527963
profitable_after_fees,A_all,logistic,0.7,year,2020.0,4,1.9230769230769231,50.0,2.2439859899999997,0.5606516835407465,1.288996533557664,0.5609964974999999,0.7764750540000023,-2.7617734400000007,5.00575943,{'HIGH_VOLATILITY': 4},,,,
profitable_after_fees,A_all,logistic,0.7,year,2021.0,31,15.422885572139302,48.38709677419355,7.405211669999991,0.23854884540416502,1.1252321677354047,0.23887779580645133,1.4512888244122941,4.4358473300000005,2.969364340000002,"{'HIGH_VOLATILITY': 30, 'TREND_UP': 1}",,,,
profitable_after_fees,A_all,logistic,0.7,year,2022.0,4,1.9047619047619049,50.0,3.839608620000001,0.9632379858878689,1.6246075391304415,0.9599021550000002,0.608644945794013,4.98517603,-1.14556741,"{'TREND_UP': 2, 'HIGH_VOLATILITY': 2}",,,,
profitable_after_fees,A_all,logistic,0.7,year,2023.0,0,0.0,,0.0,,,,0.0,0.0,0.0,{},,,,
profitable_after_fees,A_all,logistic,0.7,year,2024.0,0,0.0,,0.0,,,,0.0,0.0,0.0,{},,,,
profitable_after_fees,A_all,logistic,0.7,aggregate,,39,3.7572254335260116,48.717948717948715,13.488806279999995,0.3459121252626559,1.1846672421989466,0.3458668276923076,1.4481099860519222,6.659249919999998,6.829556360000002,"{'HIGH_VOLATILITY': 36, 'TREND_UP': 3}",2.2439859899999997,0.0,3.0,3.0913447067467748
profitable_after_fees,B_reduced,dummy,0.5,year,2020.0,0,0.0,,0.0,,,,0.0,0.0,0.0,{},,,,
profitable_after_fees,B_reduced,dummy,0.5,year,2021.0,0,0.0,,0.0,,,,0.0,0.0,0.0,{},,,,
profitable_after_fees,B_reduced,dummy,0.5,year,2022.0,0,0.0,,0.0,,,,0.0,0.0,0.0,{},,,,
profitable_after_fees,B_reduced,dummy,0.5,year,2023.0,0,0.0,,0.0,,,,0.0,0.0,0.0,{},,,,
profitable_after_fees,B_reduced,dummy,0.5,year,2024.0,0,0.0,,0.0,,,,0.0,0.0,0.0,{},,,,
profitable_after_fees,B_reduced,dummy,0.5,aggregate,,0,0.0,,0.0,,,,0.0,0.0,0.0,{},0.0,0.0,0.0,0.0
profitable_after_fees,B_reduced,dummy,0.55,year,2020.0,0,0.0,,0.0,,,,0.0,0.0,0.0,{},,,,
profitable_after_fees,B_reduced,dummy,0.55,year,2021.0,0,0.0,,0.0,,,,0.0,0.0,0.0,{},,,,
profitable_after_fees,B_reduced,dummy,0.55,year,2022.0,0,0.0,,0.0,,,,0.0,0.0,0.0,{},,,,
profitable_after_fees,B_reduced,dummy,0.55,year,2023.0,0,0.0,,0.0,,,,0.0,0.0,0.0,{},,,,
profitable_after_fees,B_reduced,dummy,0.55,year,2024.0,0,0.0,,0.0,,,,0.0,0.0,0.0,{},,,,
profitable_after_fees,B_reduced,dummy,0.55,aggregate,,0,0.0,,0.0,,,,0.0,0.0,0.0,{},0.0,0.0,0.0,0.0
profitable_after_fees,B_reduced,dummy,0.6,year,2020.0,0,0.0,,0.0,,,,0.0,0.0,0.0,{},,,,
profitable_after_fees,B_reduced,dummy,0.6,year,2021.0,0,0.0,,0.0,,,,0.0,0.0,0.0,{},,,,
profitable_after_fees,B_reduced,dummy,0.6,year,2022.0,0,0.0,,0.0,,,,0.0,0.0,0.0,{},,,,
profitable_after_fees,B_reduced,dummy,0.6,year,2023.0,0,0.0,,0.0,,,,0.0,0.0,0.0,{},,,,
profitable_after_fees,B_reduced,dummy,0.6,year,2024.0,0,0.0,,0.0,,,,0.0,0.0,0.0,{},,,,
profitable_after_fees,B_reduced,dummy,0.6,aggregate,,0,0.0,,0.0,,,,0.0,0.0,0.0,{},0.0,0.0,0.0,0.0
profitable_after_fees,B_reduced,dummy,0.65,year,2020.0,0,0.0,,0.0,,,,0.0,0.0,0.0,{},,,,
profitable_after_fees,B_reduced,dummy,0.65,year,2021.0,0,0.0,,0.0,,,,0.0,0.0,0.0,{},,,,
profitable_after_fees,B_reduced,dummy,0.65,year,2022.0,0,0.0,,0.0,,,,0.0,0.0,0.0,{},,,,
profitable_after_fees,B_reduced,dummy,0.65,year,2023.0,0,0.0,,0.0,,,,0.0,0.0,0.0,{},,,,
profitable_after_fees,B_reduced,dummy,0.65,year,2024.0,0,0.0,,0.0,,,,0.0,0.0,0.0,{},,,,
profitable_after_fees,B_reduced,dummy,0.65,aggregate,,0,0.0,,0.0,,,,0.0,0.0,0.0,{},0.0,0.0,0.0,0.0
profitable_after_fees,B_reduced,dummy,0.7,year,2020.0,0,0.0,,0.0,,,,0.0,0.0,0.0,{},,,,
profitable_after_fees,B_reduced,dummy,0.7,year,2021.0,0,0.0,,0.0,,,,0.0,0.0,0.0,{},,,,
profitable_after_fees,B_reduced,dummy,0.7,year,2022.0,0,0.0,,0.0,,,,0.0,0.0,0.0,{},,,,
profitable_after_fees,B_reduced,dummy,0.7,year,2023.0,0,0.0,,0.0,,,,0.0,0.0,0.0,{},,,,
profitable_after_fees,B_reduced,dummy,0.7,year,2024.0,0,0.0,,0.0,,,,0.0,0.0,0.0,{},,,,
profitable_after_fees,B_reduced,dummy,0.7,aggregate,,0,0.0,,0.0,,,,0.0,0.0,0.0,{},0.0,0.0,0.0,0.0
profitable_after_fees,B_reduced,forest,0.5,year,2020.0,0,0.0,,0.0,,,,0.0,0.0,0.0,{},,,,
profitable_after_fees,B_reduced,forest,0.5,year,2021.0,21,10.44776119402985,61.904761904761905,31.045732400000006,1.479270470494845,2.6201248286725147,1.4783682095238098,0.5061179470942084,23.02150146,8.02423094,"{'TREND_UP': 14, 'HIGH_VOLATILITY': 4, 'RANGE': 3}",,,,
profitable_after_fees,B_reduced,forest,0.5,year,2022.0,12,5.714285714285714,33.33333333333333,-11.90034223,-0.9909194321311404,0.5047299316046878,-0.9916951858333333,2.113385588193965,-5.08845848,-6.81188375,"{'TREND_UP': 5, 'HIGH_VOLATILITY': 4, 'RANGE': 3}",,,,
profitable_after_fees,B_reduced,forest,0.5,year,2023.0,9,4.166666666666666,11.11111111111111,-16.9487602,-1.8845971495689309,0.00046417946727144474,-1.8831955777777776,1.6948760200000037,-13.80409077,-3.1446694300000004,"{'TREND_UP': 8, 'RANGE': 1}",,,,
profitable_after_fees,B_reduced,forest,0.5,year,2024.0,5,2.4630541871921183,60.0,-3.21686607,-0.6464079907742803,0.6714704590768201,-0.643373214,0.9791710240000042,-4.60397,1.3871039300000003,"{'HIGH_VOLATILITY': 3, 'TREND_UP': 2}",,,,
profitable_after_fees,B_reduced,forest,0.5,aggregate,,47,4.527938342967245,44.680851063829785,-1.0202360999999964,-0.021697183088802693,0.9854124622046833,-0.02170715106382971,4.560667697104528,-0.4750177900000008,-0.5452183100000011,"{'TREND_UP': 29, 'HIGH_VOLATILITY': 11, 'RANGE': 7}",-3.21686607,-16.9487602,1.0,18.72736079065203
profitable_after_fees,B_reduced,forest,0.55,year,2020.0,0,0.0,,0.0,,,,0.0,0.0,0.0,{},,,,
profitable_after_fees,B_reduced,forest,0.55,year,2021.0,5,2.4875621890547266,60.0,13.50408276,2.7015420222642432,10.06612341692417,2.700816552,0.146750693838788,8.506684370000002,4.99739839,{'TREND_UP': 5},,,,
profitable_after_fees,B_reduced,forest,0.55,year,2022.0,6,2.857142857142857,33.33333333333333,-6.5372906099999994,-1.087777268215364,0.6043792088554407,-1.089548435,1.63607409570423,-0.20763270000000045,-6.32965791,"{'TREND_UP': 3, 'HIGH_VOLATILITY': 3}",,,,
profitable_after_fees,B_reduced,forest,0.55,year,2023.0,3,1.3888888888888888,0.0,-3.11416496,-1.0385041427489523,0.0,-1.0380549866666666,0.31141649600000393,-1.26491085,-1.84925411,{'TREND_UP': 3},,,,
profitable_after_fees,B_reduced,forest,0.55,year,2024.0,0,0.0,,0.0,,,,0.0,0.0,0.0,{},,,,
profitable_after_fees,B_reduced,forest,0.55,aggregate,,14,1.348747591522158,35.714285714285715,3.8526271900000024,0.276109576698727,1.1823486446644285,0.2751876564285716,1.9187564418515113,7.034140820000001,-3.1815136300000004,"{'TREND_UP': 11, 'HIGH_VOLATILITY': 3}",0.0,-6.5372906099999994,1.0,7.612914945235985
profitable_after_fees,B_reduced,forest,0.6,year,2020.0,0,0.0,,0.0,,,,0.0,0.0,0.0,{},,,,
profitable_after_fees,B_reduced,forest,0.6,year,2021.0,2,0.9950248756218906,50.0,4.35307892,2.176781450883913,7.756087814636425,2.17653946,0.06411155601319068,-0.64431947,4.99739839,{'TREND_UP': 2},,,,
profitable_after_fees,B_reduced,forest,0.6,year,2022.0,4,1.9047619047619049,50.0,-0.3952762399999994,-0.09471389414660944,0.9619272086671659,-0.09881905999999985,1.0279459388207621,-0.20763270000000045,-0.18764353999999983,"{'TREND_UP': 2, 'HIGH_VOLATILITY': 2}",,,,
profitable_after_fees,B_reduced,forest,0.6,year,2023.0,0,0.0,,0.0,,,,0.0,0.0,0.0,{},,,,
profitable_after_fees,B_reduced,forest,0.6,year,2024.0,0,0.0,,0.0,,,,0.0,0.0,0.0,{},,,,
profitable_after_fees,B_reduced,forest,0.6,aggregate,,6,0.5780346820809248,50.0,3.9578026799999995,0.6624512208635649,1.3589375470312797,0.65963378,1.0235344691519355,-0.8519521700000006,4.80975485,"{'TREND_UP': 4, 'HIGH_VOLATILITY': 2}",0.0,-0.3952762399999994,1.0,1.9982929576824981
profitable_after_fees,B_reduced,forest,0.65,year,2020.0,0,0.0,,0.0,,,,0.0,0.0,0.0,{},,,,
profitable_after_fees,B_reduced,forest,0.65,year,2021.0,0,0.0,,0.0,,,,0.0,0.0,0.0,{},,,,
profitable_after_fees,B_reduced,forest,0.65,year,2022.0,1,0.4761904761904762,100.0,5.00166646,5.0001497944637405,,5.00166646,0.0,0.0,5.00166646,{'TREND_UP': 1},,,,
profitable_after_fees,B_reduced,forest,0.65,year,2023.0,0,0.0,,0.0,,,,0.0,0.0,0.0,{},,,,
profitable_after_fees,B_reduced,forest,0.65,year,2024.0,0,0.0,,0.0,,,,0.0,0.0,0.0,{},,,,
profitable_after_fees,B_reduced,forest,0.65,aggregate,,1,0.09633911368015415,100.0,5.00166646,5.0001497944637405,,5.00166646,0.0,0.0,5.00166646,{'TREND_UP': 1},0.0,0.0,1.0,2.2368132410681465
profitable_after_fees,B_reduced,forest,0.7,year,2020.0,0,0.0,,0.0,,,,0.0,0.0,0.0,{},,,,
profitable_after_fees,B_reduced,forest,0.7,year,2021.0,0,0.0,,0.0,,,,0.0,0.0,0.0,{},,,,
profitable_after_fees,B_reduced,forest,0.7,year,2022.0,0,0.0,,0.0,,,,0.0,0.0,0.0,{},,,,
profitable_after_fees,B_reduced,forest,0.7,year,2023.0,0,0.0,,0.0,,,,0.0,0.0,0.0,{},,,,
profitable_after_fees,B_reduced,forest,0.7,year,2024.0,0,0.0,,0.0,,,,0.0,0.0,0.0,{},,,,
profitable_after_fees,B_reduced,forest,0.7,aggregate,,0,0.0,,0.0,,,,0.0,0.0,0.0,{},0.0,0.0,0.0,0.0
profitable_after_fees,B_reduced,hist_gradient,0.5,year,2020.0,34,16.346153846153847,41.17647058823529,8.286063340000004,0.2431773243883703,1.172167288307031,0.24370774529411776,1.2562600926063077,-10.457746060000002,18.743809400000004,"{'TREND_UP': 18, 'RANGE': 16}",,,,
profitable_after_fees,B_reduced,hist_gradient,0.5,year,2021.0,34,16.91542288557214,52.94117647058824,24.34987316,0.7170933447920979,1.5487262639221029,0.7161727400000001,2.152856905126968,16.77694633,7.572926830000004,"{'TREND_UP': 18, 'RANGE': 13, 'HIGH_VOLATILITY': 3}",,,,
profitable_after_fees,B_reduced,hist_gradient,0.5,year,2022.0,21,10.0,42.857142857142854,8.303380369999996,0.3969020430303539,1.2479479674946454,0.39539906523809504,2.230446767842316,8.414185049999999,-0.11080468000000021,"{'TREND_UP': 10, 'RANGE': 7, 'HIGH_VOLATILITY': 4}",,,,
profitable_after_fees,B_reduced,hist_gradient,0.5,year,2023.0,13,6.018518518518518,23.076923076923077,-8.87961237,-0.6835923058672325,0.5298230445670221,-0.6830471053846154,1.1830119269999955,-5.751491049999999,-3.12812132,"{'RANGE': 7, 'TREND_UP': 6}",,,,
profitable_after_fees,B_reduced,hist_gradient,0.5,year,2024.0,10,4.926108374384237,70.0,8.49864532,0.850265618073132,1.645862597393375,0.849864532,0.5186004209999965,2.104630850000001,6.39401447,"{'TREND_UP': 8, 'RANGE': 2}",,,,
profitable_after_fees,B_reduced,hist_gradient,0.5,aggregate,,112,10.789980732177264,45.535714285714285,40.558349820000004,0.3625009094663451,1.2566400735060848,0.36212812339285716,3.189862109693823,11.08652512,29.471824700000003,"{'TREND_UP': 60, 'RANGE': 45, 'HIGH_VOLATILITY': 7}",8.303380369999996,-8.87961237,4.0,11.753721051690373
profitable_after_fees,B_reduced,hist_gradient,0.55,year,2020.0,16,7.6923076923076925,25.0,-10.2121344,-0.6385852496341666,0.6621717916110476,-0.6382584,1.84815502254604,-11.876669320000001,1.6645349200000008,"{'TREND_UP': 12, 'RANGE': 4}",,,,
profitable_after_fees,B_reduced,hist_gradient,0.55,year,2021.0,15,7.462686567164178,46.666666666666664,3.694330230000002,0.24728520847375293,1.1782091678276267,0.24628868200000015,0.8999114310145953,6.51213692,-2.8178066900000003,"{'TREND_UP': 8, 'RANGE': 5, 'HIGH_VOLATILITY': 2}",,,,
profitable_after_fees,B_reduced,hist_gradient,0.55,year,2022.0,5,2.380952380952381,40.0,-1.5998307700000005,-0.316828957628489,0.8619249258091187,-0.3199661540000001,1.029173376050757,-0.20763270000000045,-1.39219807,"{'HIGH_VOLATILITY': 3, 'TREND_UP': 2}",,,,
profitable_after_fees,B_reduced,hist_gradient,0.55,year,2023.0,5,2.314814814814815,20.0,-8.05753534,-1.6114423555378374,0.0009758863653323274,-1.6115070679999999,0.8057535339999958,-2.70588285,-5.35165249,"{'TREND_UP': 3, 'RANGE': 2}",,,,
profitable_after_fees,B_reduced,hist_gradient,0.55,year,2024.0,4,1.9704433497536946,75.0,8.304743019999998,2.079089658905576,3.7537076471839526,2.0761857549999996,0.2982081586367849,6.961592059999999,1.34315096,"{'TREND_UP': 3, 'RANGE': 1}",,,,
profitable_after_fees,B_reduced,hist_gradient,0.55,aggregate,,45,4.335260115606936,37.77777777777778,-7.870427259999998,-0.174068528827771,0.8931040666059713,-0.1748983835555555,2.439476651786224,-1.3164558900000043,-6.553971369999999,"{'TREND_UP': 28, 'RANGE': 12, 'HIGH_VOLATILITY': 5}",-1.5998307700000005,-10.2121344,2.0,7.778160622492817
profitable_after_fees,B_reduced,hist_gradient,0.6,year,2020.0,3,1.4423076923076923,33.33333333333333,3.29220403,1.0964686809783928,2.923839128537588,1.0974013433333334,0.13824935139020766,-0.32230264,3.6145066700000004,"{'TREND_UP': 2, 'RANGE': 1}",,,,
profitable_after_fees,B_reduced,hist_gradient,0.6,year,2021.0,3,1.4925373134328357,66.66666666666666,5.11205533,1.7046072222915871,8.934038265210269,1.7040184433333332,0.06406317535179969,0.11465694000000004,4.99739839,"{'TREND_UP': 2, 'RANGE': 1}",,,,
profitable_after_fees,B_reduced,hist_gradient,0.6,year,2022.0,1,0.4761904761904762,100.0,5.00166646,5.0001497944637405,,5.00166646,0.0,0.0,5.00166646,{'TREND_UP': 1},,,,
profitable_after_fees,B_reduced,hist_gradient,0.6,year,2023.0,3,1.3888888888888888,33.33333333333333,-4.40193219,-1.46731667771135,0.001784868803360248,-1.4673107300000001,0.4401932190000025,-2.70588285,-1.69604934,"{'TREND_UP': 2, 'RANGE': 1}",,,,
profitable_after_fees,B_reduced,hist_gradient,0.6,year,2024.0,1,0.49261083743842365,0.0,-3.01584049,-3.0285399608521404,0.0,-3.01584049,0.30158404899999597,-3.01584049,0.0,{'RANGE': 1},,,,
profitable_after_fees,B_reduced,hist_gradient,0.6,aggregate,,11,1.0597302504816954,45.45454545454545,5.98815314,0.5429897736624991,1.612208544619667,0.5443775581818181,0.7319646048051155,-5.92936904,11.91752218,"{'TREND_UP': 7, 'RANGE': 4}",3.29220403,-4.40193219,3.0,4.5631428234847595
profitable_after_fees,B_reduced,hist_gradient,0.65,year,2020.0,0,0.0,,0.0,,,,0.0,0.0,0.0,{},,,,
profitable_after_fees,B_reduced,hist_gradient,0.65,year,2021.0,2,0.9950248756218906,50.0,0.11465694000000004,0.05696174271541464,1.1779504505738434,0.05732847000000002,0.06438308175973266,0.11465694000000004,0.0,"{'RANGE': 1, 'TREND_UP': 1}",,,,
profitable_after_fees,B_reduced,hist_gradient,0.65,year,2022.0,0,0.0,,0.0,,,,0.0,0.0,0.0,{},,,,
profitable_after_fees,B_reduced,hist_gradient,0.65,year,2023.0,0,0.0,,0.0,,,,0.0,0.0,0.0,{},,,,
profitable_after_fees,B_reduced,hist_gradient,0.65,year,2024.0,0,0.0,,0.0,,,,0.0,0.0,0.0,{},,,,
profitable_after_fees,B_reduced,hist_gradient,0.65,aggregate,,2,0.1926782273603083,50.0,0.11465694000000004,0.05696174271541464,1.1779504505738434,0.05732847000000002,0.06438308175973266,0.11465694000000004,0.0,"{'RANGE': 1, 'TREND_UP': 1}",0.0,0.0,1.0,0.05127614238642296
profitable_after_fees,B_reduced,hist_gradient,0.7,year,2020.0,0,0.0,,0.0,,,,0.0,0.0,0.0,{},,,,
profitable_after_fees,B_reduced,hist_gradient,0.7,year,2021.0,0,0.0,,0.0,,,,0.0,0.0,0.0,{},,,,
profitable_after_fees,B_reduced,hist_gradient,0.7,year,2022.0,0,0.0,,0.0,,,,0.0,0.0,0.0,{},,,,
profitable_after_fees,B_reduced,hist_gradient,0.7,year,2023.0,0,0.0,,0.0,,,,0.0,0.0,0.0,{},,,,
profitable_after_fees,B_reduced,hist_gradient,0.7,year,2024.0,0,0.0,,0.0,,,,0.0,0.0,0.0,{},,,,
profitable_after_fees,B_reduced,hist_gradient,0.7,aggregate,,0,0.0,,0.0,,,,0.0,0.0,0.0,{},0.0,0.0,0.0,0.0
profitable_after_fees,B_reduced,logistic,0.5,year,2020.0,19,9.134615384615383,57.89473684210527,40.55638752,2.132999944709951,4.6654341760510105,2.1345467115789476,0.3313192355948134,10.07950649,30.476881029999998,"{'TREND_UP': 11, 'RANGE': 4, 'HIGH_VOLATILITY': 4}",,,,
profitable_after_fees,B_reduced,logistic,0.5,year,2021.0,65,32.33830845771145,52.307692307692314,49.75526615,0.7658283715277351,1.5081224961962627,0.7654656330769231,1.8545641375817465,43.14564164,6.609624510000003,"{'HIGH_VOLATILITY': 42, 'TREND_UP': 18, 'RANGE': 5}",,,,
profitable_after_fees,B_reduced,logistic,0.5,year,2022.0,21,10.0,38.095238095238095,-2.82255918,-0.13340950083261582,0.9068139534205845,-0.13440758,1.953925386141752,-2.98976498,0.16720580000000085,"{'TREND_UP': 12, 'RANGE': 5, 'HIGH_VOLATILITY': 4}",,,,
profitable_after_fees,B_reduced,logistic,0.5,year,2023.0,4,1.8518518518518516,25.0,-8.91839384,-2.232146492866793,0.0008817708427460984,-2.22959846,0.8926264759999981,-5.17919002,-3.73920382,"{'TREND_UP': 3, 'RANGE': 1}",,,,
profitable_after_fees,B_reduced,logistic,0.5,year,2024.0,15,7.389162561576355,66.66666666666666,12.260485849999998,0.8171814959475098,1.749236901136883,0.8173657233333332,1.2801593037396923,6.86515589,5.39532996,"{'RANGE': 7, 'TREND_UP': 7, 'HIGH_VOLATILITY': 1}",,,,
profitable_after_fees,B_reduced,logistic,0.5,aggregate,,124,11.946050096339114,51.61290322580645,90.8311865,0.7325272584600999,1.551950154114991,0.7325095685483871,2.2631137917678004,51.921349019999994,38.90983748000001,"{'TREND_UP': 51, 'HIGH_VOLATILITY': 51, 'RANGE': 22}",12.260485849999998,-8.91839384,3.0,26.02004175831677
profitable_after_fees,B_reduced,logistic,0.55,year,2020.0,12,5.769230769230769,58.333333333333336,28.07644768,2.337908841348671,5.040154454270924,2.3397039733333336,0.41082604532094436,5.92619102,22.150256660000004,"{'TREND_UP': 7, 'HIGH_VOLATILITY': 4, 'RANGE': 1}",,,,
profitable_after_fees,B_reduced,logistic,0.55,year,2021.0,53,26.368159203980102,49.056603773584904,28.159951330000002,0.5312308049645214,1.3396826672716968,0.5313198364150944,1.5734808137224232,29.022309689999997,-0.86235836,"{'HIGH_VOLATILITY': 38, 'TREND_UP': 12, 'RANGE': 3}",,,,
profitable_after_fees,B_reduced,logistic,0.55,year,2022.0,9,4.285714285714286,33.33333333333333,1.2187773400000017,0.1375535945862918,1.0885488454102779,0.13541970444444462,0.8681365717976468,0.40125783000000004,0.8175195100000003,"{'TREND_UP': 6, 'HIGH_VOLATILITY': 2, 'RANGE': 1}",,,,
profitable_after_fees,B_reduced,logistic,0.55,year,2023.0,1,0.4629629629629629,0.0,-3.5102693,-3.5098676471726384,0.0,-3.5102693,0.35102693000000046,0.0,-3.5102693,{'RANGE': 1},,,,
profitable_after_fees,B_reduced,logistic,0.55,year,2024.0,4,1.9704433497536946,75.0,5.34207726,1.337647487718535,3.755944356255558,1.335519315,0.1926942714005254,5.93730987,-0.59523261,"{'RANGE': 2, 'TREND_UP': 2}",,,,
profitable_after_fees,B_reduced,logistic,0.55,aggregate,,79,7.610789980732177,49.36708860759494,59.28698431000001,0.7504916887883774,1.5436047801805244,0.7504681558227849,1.5317279080121744,41.287068409999996,17.999915899999998,"{'HIGH_VOLATILITY': 44, 'TREND_UP': 27, 'RANGE': 8}",5.34207726,-3.5102693,4.0,15.17090694170703
profitable_after_fees,B_reduced,logistic,0.6,year,2020.0,6,2.8846153846153846,50.0,9.920779710000001,1.6523437582324048,2.9487201995324797,1.6534632850000002,0.2770237680000036,2.2327394199999997,7.68804029,"{'HIGH_VOLATILITY': 4, 'TREND_UP': 2}",,,,
profitable_after_fees,B_reduced,logistic,0.6,year,2021.0,41,20.398009950248756,46.34146341463415,8.193874849999997,0.19963471367839608,1.1094053066086147,0.1998506060975609,2.181554681533266,12.66268711,-4.468812259999998,"{'HIGH_VOLATILITY': 33, 'TREND_UP': 8}",,,,
profitable_after_fees,B_reduced,logistic,0.6,year,2022.0,7,3.3333333333333335,42.857142857142854,2.5382925200000015,0.3653232558699385,1.203970932898457,0.3626132171428574,0.7374898025044004,1.468518,1.0697745200000002,"{'TREND_UP': 4, 'HIGH_VOLATILITY': 2, 'RANGE': 1}",,,,
profitable_after_fees,B_reduced,logistic,0.6,year,2023.0,0,0.0,,0.0,,,,0.0,0.0,0.0,{},,,,
profitable_after_fees,B_reduced,logistic,0.6,year,2024.0,1,0.49261083743842365,100.0,1.34315096,1.3448970344402256,,1.34315096,0.0,0.0,1.34315096,{'TREND_UP': 1},,,,
profitable_after_fees,B_reduced,logistic,0.6,aggregate,,55,5.298651252408478,47.27272727272727,21.99609804,0.4000226479225174,1.2379757988216697,0.39992905527272726,2.1605863969365195,16.36394453,5.632153510000001,"{'HIGH_VOLATILITY': 39, 'TREND_UP': 15, 'RANGE': 1}",2.5382925200000015,0.0,4.0,4.388700625845556
profitable_after_fees,B_reduced,logistic,0.65,year,2020.0,4,1.9230769230769231,50.0,7.23849885,1.8084406187263158,3.612952275632898,1.8096247125,0.2770237680000036,2.2327394199999997,5.00575943,"{'HIGH_VOLATILITY': 3, 'TREND_UP': 1}",,,,
profitable_after_fees,B_reduced,logistic,0.65,year,2021.0,35,17.412935323383085,45.714285714285715,1.852361199999999,0.05254669619230928,1.026581857960739,0.052924605714285686,2.2441568442967244,4.262343169999999,-2.409981969999998,"{'HIGH_VOLATILITY': 33, 'TREND_UP': 2}",,,,
profitable_after_fees,B_reduced,logistic,0.65,year,2022.0,5,2.380952380952381,60.0,6.27670803,1.2590872922715415,1.7209661244299335,1.255341606,0.5137997626985282,1.468518,4.8081900300000004,"{'TREND_UP': 3, 'HIGH_VOLATILITY': 1, 'RANGE': 1}",,,,
profitable_after_fees,B_reduced,logistic,0.65,year,2023.0,0,0.0,,0.0,,,,0.0,0.0,0.0,{},,,,
profitable_after_fees,B_reduced,logistic,0.65,year,2024.0,1,0.49261083743842365,100.0,1.34315096,1.3448970344402256,,1.34315096,0.0,0.0,1.34315096,{'TREND_UP': 1},,,,
profitable_after_fees,B_reduced,logistic,0.65,aggregate,,45,4.335260115606936,48.888888888888886,16.71071904,0.37140511860964487,1.2058949789598241,0.37134931200000004,2.2283777243684355,7.96360059,8.747118450000002,"{'HIGH_VOLATILITY': 37, 'TREND_UP': 7, 'RANGE': 1}",1.852361199999999,0.0,4.0,3.2085276859164105
profitable_after_fees,B_reduced,logistic,0.7,year,2020.0,3,1.4423076923076923,66.66666666666666,7.43721502,2.4774627954398905,3.892145755374218,2.4790716733333333,0.2571521510000025,2.4314555899999997,5.00575943,{'HIGH_VOLATILITY': 3},,,,
profitable_after_fees,B_reduced,logistic,0.7,year,2021.0,29,14.427860696517413,48.275862068965516,7.60097058,0.26154278421183585,1.1409064495075267,0.26210243379310344,1.1301951258683516,-0.55687598,8.157846560000003,"{'HIGH_VOLATILITY': 28, 'TREND_UP': 1}",,,,
profitable_after_fees,B_reduced,logistic,0.7,year,2022.0,3,1.4285714285714286,66.66666666666666,4.797532490000001,1.6036499288156776,1.9245029666757238,1.599177496666667,0.5137997626985282,4.98517603,-0.18764353999999983,"{'TREND_UP': 2, 'HIGH_VOLATILITY': 1}",,,,
profitable_after_fees,B_reduced,logistic,0.7,year,2023.0,0,0.0,,0.0,,,,0.0,0.0,0.0,{},,,,
profitable_after_fees,B_reduced,logistic,0.7,year,2024.0,0,0.0,,0.0,,,,0.0,0.0,0.0,{},,,,
profitable_after_fees,B_reduced,logistic,0.7,aggregate,,35,3.371868978805395,51.42857142857142,19.83571809,0.5665165404259984,1.3214645584818543,0.5667348025714286,1.1218902908115553,6.8597556399999995,12.97596245,"{'HIGH_VOLATILITY': 32, 'TREND_UP': 3}",4.797532490000001,0.0,3.0,3.788538523466341
profitable_after_fees,C_price_trend,dummy,0.5,year,2020.0,0,0.0,,0.0,,,,0.0,0.0,0.0,{},,,,
profitable_after_fees,C_price_trend,dummy,0.5,year,2021.0,0,0.0,,0.0,,,,0.0,0.0,0.0,{},,,,
profitable_after_fees,C_price_trend,dummy,0.5,year,2022.0,0,0.0,,0.0,,,,0.0,0.0,0.0,{},,,,
profitable_after_fees,C_price_trend,dummy,0.5,year,2023.0,0,0.0,,0.0,,,,0.0,0.0,0.0,{},,,,
profitable_after_fees,C_price_trend,dummy,0.5,year,2024.0,0,0.0,,0.0,,,,0.0,0.0,0.0,{},,,,
profitable_after_fees,C_price_trend,dummy,0.5,aggregate,,0,0.0,,0.0,,,,0.0,0.0,0.0,{},0.0,0.0,0.0,0.0
profitable_after_fees,C_price_trend,dummy,0.55,year,2020.0,0,0.0,,0.0,,,,0.0,0.0,0.0,{},,,,
profitable_after_fees,C_price_trend,dummy,0.55,year,2021.0,0,0.0,,0.0,,,,0.0,0.0,0.0,{},,,,
profitable_after_fees,C_price_trend,dummy,0.55,year,2022.0,0,0.0,,0.0,,,,0.0,0.0,0.0,{},,,,
profitable_after_fees,C_price_trend,dummy,0.55,year,2023.0,0,0.0,,0.0,,,,0.0,0.0,0.0,{},,,,
profitable_after_fees,C_price_trend,dummy,0.55,year,2024.0,0,0.0,,0.0,,,,0.0,0.0,0.0,{},,,,
profitable_after_fees,C_price_trend,dummy,0.55,aggregate,,0,0.0,,0.0,,,,0.0,0.0,0.0,{},0.0,0.0,0.0,0.0
profitable_after_fees,C_price_trend,dummy,0.6,year,2020.0,0,0.0,,0.0,,,,0.0,0.0,0.0,{},,,,
profitable_after_fees,C_price_trend,dummy,0.6,year,2021.0,0,0.0,,0.0,,,,0.0,0.0,0.0,{},,,,
profitable_after_fees,C_price_trend,dummy,0.6,year,2022.0,0,0.0,,0.0,,,,0.0,0.0,0.0,{},,,,
profitable_after_fees,C_price_trend,dummy,0.6,year,2023.0,0,0.0,,0.0,,,,0.0,0.0,0.0,{},,,,
profitable_after_fees,C_price_trend,dummy,0.6,year,2024.0,0,0.0,,0.0,,,,0.0,0.0,0.0,{},,,,
profitable_after_fees,C_price_trend,dummy,0.6,aggregate,,0,0.0,,0.0,,,,0.0,0.0,0.0,{},0.0,0.0,0.0,0.0
profitable_after_fees,C_price_trend,dummy,0.65,year,2020.0,0,0.0,,0.0,,,,0.0,0.0,0.0,{},,,,
profitable_after_fees,C_price_trend,dummy,0.65,year,2021.0,0,0.0,,0.0,,,,0.0,0.0,0.0,{},,,,
profitable_after_fees,C_price_trend,dummy,0.65,year,2022.0,0,0.0,,0.0,,,,0.0,0.0,0.0,{},,,,
profitable_after_fees,C_price_trend,dummy,0.65,year,2023.0,0,0.0,,0.0,,,,0.0,0.0,0.0,{},,,,
profitable_after_fees,C_price_trend,dummy,0.65,year,2024.0,0,0.0,,0.0,,,,0.0,0.0,0.0,{},,,,
profitable_after_fees,C_price_trend,dummy,0.65,aggregate,,0,0.0,,0.0,,,,0.0,0.0,0.0,{},0.0,0.0,0.0,0.0
profitable_after_fees,C_price_trend,dummy,0.7,year,2020.0,0,0.0,,0.0,,,,0.0,0.0,0.0,{},,,,
profitable_after_fees,C_price_trend,dummy,0.7,year,2021.0,0,0.0,,0.0,,,,0.0,0.0,0.0,{},,,,
profitable_after_fees,C_price_trend,dummy,0.7,year,2022.0,0,0.0,,0.0,,,,0.0,0.0,0.0,{},,,,
profitable_after_fees,C_price_trend,dummy,0.7,year,2023.0,0,0.0,,0.0,,,,0.0,0.0,0.0,{},,,,
profitable_after_fees,C_price_trend,dummy,0.7,year,2024.0,0,0.0,,0.0,,,,0.0,0.0,0.0,{},,,,
profitable_after_fees,C_price_trend,dummy,0.7,aggregate,,0,0.0,,0.0,,,,0.0,0.0,0.0,{},0.0,0.0,0.0,0.0
profitable_after_fees,C_price_trend,forest,0.5,year,2020.0,0,0.0,,0.0,,,,0.0,0.0,0.0,{},,,,
profitable_after_fees,C_price_trend,forest,0.5,year,2021.0,47,23.383084577114428,51.06382978723404,31.561709720000007,0.6718711162233113,1.4488576717135542,0.6715257387234044,1.9778482593754774,29.24727447,2.314435250000001,"{'TREND_UP': 24, 'HIGH_VOLATILITY': 22, 'RANGE': 1}",,,,
profitable_after_fees,C_price_trend,forest,0.5,year,2022.0,6,2.857142857142857,33.33333333333333,-2.5577546400000006,-0.4236904385063336,0.7961070719534539,-0.4262924400000001,1.1241318107331402,-0.20763270000000045,-2.35012194,"{'HIGH_VOLATILITY': 4, 'TREND_UP': 2}",,,,
profitable_after_fees,C_price_trend,forest,0.5,year,2023.0,6,2.7777777777777777,0.0,-11.604691970000001,-1.9361852545811415,0.0,-1.9341153283333334,1.1604691969999976,-9.75543786,-1.84925411,{'TREND_UP': 6},,,,
profitable_after_fees,C_price_trend,forest,0.5,year,2024.0,4,1.9704433497536946,50.0,-3.45399804,-0.8673325892452403,0.6472528337399004,-0.86349951,0.9791710240000042,-4.60397,1.1499719600000002,"{'HIGH_VOLATILITY': 3, 'TREND_UP': 1}",,,,
profitable_after_fees,C_price_trend,forest,0.5,aggregate,,63,6.069364161849711,44.44444444444444,13.945265069999998,0.22141838011094936,1.1337590255108803,0.22135341380952378,4.254045577911801,14.680233910000002,-0.734968839999997,"{'TREND_UP': 33, 'HIGH_VOLATILITY': 29, 'RANGE': 1}",-2.5577546400000006,-11.604691970000001,1.0,16.661246380841217
profitable_after_fees,C_price_trend,forest,0.55,year,2020.0,0,0.0,,0.0,,,,0.0,0.0,0.0,{},,,,
profitable_after_fees,C_price_trend,forest,0.55,year,2021.0,10,4.975124378109453,40.0,2.7611557500000012,0.27754846409170136,1.1603491829569479,0.2761155750000001,0.7448529636759,5.19734624,-2.4361904899999995,"{'HIGH_VOLATILITY': 5, 'TREND_UP': 5}",,,,
profitable_after_fees,C_price_trend,forest,0.55,year,2022.0,5,2.380952380952381,40.0,-1.3532001099999995,-0.2673706838963989,0.8806706325776943,-0.2706400219999999,1.1227911219162467,-0.20763270000000045,-1.14556741,"{'HIGH_VOLATILITY': 3, 'TREND_UP': 2}",,,,
profitable_after_fees,C_price_trend,forest,0.55,year,2023.0,2,0.9259259259259258,0.0,-1.84925411,-0.9246414949136808,0.0,-0.924627055,0.1849254109999947,0.0,-1.84925411,{'TREND_UP': 2},,,,
profitable_after_fees,C_price_trend,forest,0.55,year,2024.0,1,0.49261083743842365,0.0,-5.18774024,-5.1895831323789725,0.0,-5.18774024,0.5187740240000039,0.0,-5.18774024,{'HIGH_VOLATILITY': 1},,,,
profitable_after_fees,C_price_trend,forest,0.55,aggregate,,18,1.7341040462427744,33.33333333333333,-5.62903871,-0.3111241611539618,0.8418661893566151,-0.31272437277777776,1.814571540199191,4.9897135399999994,-10.61875225,"{'HIGH_VOLATILITY': 9, 'TREND_UP': 9}",-1.3532001099999995,-5.18774024,1.0,2.891811967209899
profitable_after_fees,C_price_trend,forest,0.6,year,2020.0,0,0.0,,0.0,,,,0.0,0.0,0.0,{},,,,
profitable_after_fees,C_price_trend,forest,0.6,year,2021.0,0,0.0,,0.0,,,,0.0,0.0,0.0,{},,,,
profitable_after_fees,C_price_trend,forest,0.6,year,2022.0,4,1.9047619047619049,50.0,-0.3952762399999994,-0.09471389414660944,0.9619272086671659,-0.09881905999999985,1.0279459388207621,-0.20763270000000045,-0.18764353999999983,"{'TREND_UP': 2, 'HIGH_VOLATILITY': 2}",,,,
profitable_after_fees,C_price_trend,forest,0.6,year,2023.0,0,0.0,,0.0,,,,0.0,0.0,0.0,{},,,,
profitable_after_fees,C_price_trend,forest,0.6,year,2024.0,0,0.0,,0.0,,,,0.0,0.0,0.0,{},,,,
profitable_after_fees,C_price_trend,forest,0.6,aggregate,,4,0.3853564547206166,50.0,-0.3952762399999994,-0.09471389414660944,0.9619272086671659,-0.09881905999999985,1.0279459388207621,-0.20763270000000045,-0.18764353999999983,"{'TREND_UP': 2, 'HIGH_VOLATILITY': 2}",0.0,-0.3952762399999994,0.0,0.17677290850610403
profitable_after_fees,C_price_trend,forest,0.65,year,2020.0,0,0.0,,0.0,,,,0.0,0.0,0.0,{},,,,
profitable_after_fees,C_price_trend,forest,0.65,year,2021.0,0,0.0,,0.0,,,,0.0,0.0,0.0,{},,,,
profitable_after_fees,C_price_trend,forest,0.65,year,2022.0,0,0.0,,0.0,,,,0.0,0.0,0.0,{},,,,
profitable_after_fees,C_price_trend,forest,0.65,year,2023.0,0,0.0,,0.0,,,,0.0,0.0,0.0,{},,,,
profitable_after_fees,C_price_trend,forest,0.65,year,2024.0,0,0.0,,0.0,,,,0.0,0.0,0.0,{},,,,
profitable_after_fees,C_price_trend,forest,0.65,aggregate,,0,0.0,,0.0,,,,0.0,0.0,0.0,{},0.0,0.0,0.0,0.0
profitable_after_fees,C_price_trend,forest,0.7,year,2020.0,0,0.0,,0.0,,,,0.0,0.0,0.0,{},,,,
profitable_after_fees,C_price_trend,forest,0.7,year,2021.0,0,0.0,,0.0,,,,0.0,0.0,0.0,{},,,,
profitable_after_fees,C_price_trend,forest,0.7,year,2022.0,0,0.0,,0.0,,,,0.0,0.0,0.0,{},,,,
profitable_after_fees,C_price_trend,forest,0.7,year,2023.0,0,0.0,,0.0,,,,0.0,0.0,0.0,{},,,,
profitable_after_fees,C_price_trend,forest,0.7,year,2024.0,0,0.0,,0.0,,,,0.0,0.0,0.0,{},,,,
profitable_after_fees,C_price_trend,forest,0.7,aggregate,,0,0.0,,0.0,,,,0.0,0.0,0.0,{},0.0,0.0,0.0,0.0
profitable_after_fees,C_price_trend,hist_gradient,0.5,year,2020.0,28,13.461538461538462,21.428571428571427,-28.56468867,-1.019803338506845,0.4746300855772526,-1.0201674525,3.300092651948245,-31.30435072,2.739662050000001,"{'TREND_UP': 18, 'RANGE': 10}",,,,
profitable_after_fees,C_price_trend,hist_gradient,0.5,year,2021.0,32,15.92039800995025,43.75,10.764631510000001,0.33603043832465496,1.244891213277733,0.33639473468750003,1.677503285665169,-7.81210161,18.57673312,"{'TREND_UP': 18, 'RANGE': 8, 'HIGH_VOLATILITY': 6}",,,,
profitable_after_fees,C_price_trend,hist_gradient,0.5,year,2022.0,11,5.238095238095238,45.45454545454545,10.4210445,0.9493841603028137,1.91565868541833,0.9473676818181819,0.7796879021661324,7.852007289999999,2.56903721,"{'TREND_UP': 6, 'RANGE': 3, 'HIGH_VOLATILITY': 2}",,,,
profitable_after_fees,C_price_trend,hist_gradient,0.5,year,2023.0,10,4.62962962962963,0.0,-29.24550911,-2.9266790097872466,0.0,-2.924550911,2.9245509110000056,-20.23581498,-9.00969413,"{'TREND_UP': 7, 'RANGE': 3}",,,,
profitable_after_fees,C_price_trend,hist_gradient,0.5,year,2024.0,5,2.4630541871921183,40.0,-7.563985769999999,-1.521102009531825,0.4091491567656015,-1.5127971539999998,0.9786012730000038,-7.619810490000001,0.0558247200000003,"{'RANGE': 3, 'HIGH_VOLATILITY': 1, 'TREND_UP': 1}",,,,
profitable_after_fees,C_price_trend,hist_gradient,0.5,aggregate,,86,8.285163776493256,31.3953488372093,-44.18850753999999,-0.514309230627946,0.7088181363287478,-0.5138198551162789,4.668078945675261,-59.120070510000005,14.931562970000002,"{'TREND_UP': 50, 'RANGE': 27, 'HIGH_VOLATILITY': 9}",-7.563985769999999,-29.24550911,2.0,19.763639233074077
profitable_after_fees,C_price_trend,hist_gradient,0.55,year,2020.0,18,8.653846153846153,22.22222222222222,-19.680289310000003,-1.0925416258384704,0.5041386414528233,-1.0933494061111113,2.617368513496042,-19.305392570000002,-0.3748967399999996,"{'TREND_UP': 10, 'RANGE': 8}",,,,
profitable_after_fees,C_price_trend,hist_gradient,0.55,year,2021.0,13,6.467661691542288,46.15384615384615,5.813219130000002,0.44800768744360586,1.2404429647152158,0.44717070230769246,1.1555645188209132,-0.6644443200000003,6.477663450000001,"{'TREND_UP': 8, 'HIGH_VOLATILITY': 3, 'RANGE': 2}",,,,
profitable_after_fees,C_price_trend,hist_gradient,0.55,year,2022.0,4,1.9047619047619049,50.0,4.458345220000001,1.1186905473864592,1.8064298492454534,1.1145863050000002,0.5473830982164246,-0.20763270000000045,4.6659779200000004,"{'TREND_UP': 2, 'HIGH_VOLATILITY': 1, 'RANGE': 1}",,,,
profitable_after_fees,C_price_trend,hist_gradient,0.55,year,2023.0,4,1.8518518518518516,0.0,-10.72884439,-2.6853164806211334,0.0,-2.6822110975,1.0728844389999947,-9.02492413,-1.70392026,"{'TREND_UP': 3, 'RANGE': 1}",,,,
profitable_after_fees,C_price_trend,hist_gradient,0.55,year,2024.0,2,0.9852216748768473,0.0,-7.619810490000001,-3.8265727288404285,0.0,-3.8099052450000004,0.7619810489999964,-7.619810490000001,0.0,"{'HIGH_VOLATILITY': 1, 'RANGE': 1}",,,,
profitable_after_fees,C_price_trend,hist_gradient,0.55,aggregate,,41,3.94990366088632,29.268292682926827,-27.757379840000002,-0.6771048419254913,0.683652687135331,-0.677009264390244,2.8518473732457346,-36.82220421,9.064824370000002,"{'TREND_UP': 23, 'RANGE': 13, 'HIGH_VOLATILITY': 5}",-7.619810490000001,-19.680289310000003,2.0,10.724496874111813
profitable_after_fees,C_price_trend,hist_gradient,0.6,year,2020.0,5,2.403846153846154,40.0,1.065632310000001,0.21248989415486552,1.1191895875894189,0.21312646200000018,0.8852073023958924,-3.7492510999999995,4.81488341,"{'RANGE': 4, 'TREND_UP': 1}",,,,
profitable_after_fees,C_price_trend,hist_gradient,0.6,year,2021.0,4,1.9900497512437811,50.0,7.08179571,1.7703206112588128,3.426717505660485,1.7704489275,0.2425100563442102,-0.47004948,7.55184519,{'TREND_UP': 4},,,,
profitable_after_fees,C_price_trend,hist_gradient,0.6,year,2022.0,2,0.9523809523809524,50.0,4.64948749,2.332208879057783,14.850599397882336,2.324743745,0.03340233746791816,4.98517603,-0.33568854,"{'TREND_UP': 1, 'RANGE': 1}",,,,
profitable_after_fees,C_price_trend,hist_gradient,0.6,year,2023.0,1,0.4629629629629629,0.0,-5.17919002,-5.189784984027497,0.0,-5.17919002,0.5179190019999964,-5.17919002,0.0,{'TREND_UP': 1},,,,
profitable_after_fees,C_price_trend,hist_gradient,0.6,year,2024.0,0,0.0,,0.0,,,,0.0,0.0,0.0,{},,,,
profitable_after_fees,C_price_trend,hist_gradient,0.6,aggregate,,12,1.1560693641618496,41.66666666666667,7.6177254900000015,0.6348637241581374,1.4384607990054705,0.6348104575000001,0.8852073023958924,-4.41331457,12.03104006,"{'TREND_UP': 7, 'RANGE': 5}",1.065632310000001,-5.17919002,3.0,4.693697837340653
profitable_after_fees,C_price_trend,hist_gradient,0.65,year,2020.0,1,0.4807692307692308,100.0,5.0033616,4.998617166515295,,5.0033616,0.0,0.0,5.0033616,{'TREND_UP': 1},,,,
profitable_after_fees,C_price_trend,hist_gradient,0.65,year,2021.0,0,0.0,,0.0,,,,0.0,0.0,0.0,{},,,,
profitable_after_fees,C_price_trend,hist_gradient,0.65,year,2022.0,0,0.0,,0.0,,,,0.0,0.0,0.0,{},,,,
profitable_after_fees,C_price_trend,hist_gradient,0.65,year,2023.0,0,0.0,,0.0,,,,0.0,0.0,0.0,{},,,,
profitable_after_fees,C_price_trend,hist_gradient,0.65,year,2024.0,0,0.0,,0.0,,,,0.0,0.0,0.0,{},,,,
profitable_after_fees,C_price_trend,hist_gradient,0.65,aggregate,,1,0.09633911368015415,100.0,5.0033616,4.998617166515295,,5.0033616,0.0,0.0,5.0033616,{'TREND_UP': 1},0.0,0.0,1.0,2.2375713307224228
profitable_after_fees,C_price_trend,hist_gradient,0.7,year,2020.0,0,0.0,,0.0,,,,0.0,0.0,0.0,{},,,,
profitable_after_fees,C_price_trend,hist_gradient,0.7,year,2021.0,0,0.0,,0.0,,,,0.0,0.0,0.0,{},,,,
profitable_after_fees,C_price_trend,hist_gradient,0.7,year,2022.0,0,0.0,,0.0,,,,0.0,0.0,0.0,{},,,,
profitable_after_fees,C_price_trend,hist_gradient,0.7,year,2023.0,0,0.0,,0.0,,,,0.0,0.0,0.0,{},,,,
profitable_after_fees,C_price_trend,hist_gradient,0.7,year,2024.0,0,0.0,,0.0,,,,0.0,0.0,0.0,{},,,,
profitable_after_fees,C_price_trend,hist_gradient,0.7,aggregate,,0,0.0,,0.0,,,,0.0,0.0,0.0,{},0.0,0.0,0.0,0.0
profitable_after_fees,C_price_trend,logistic,0.5,year,2020.0,9,4.326923076923077,66.66666666666666,24.286804670000002,2.6950444612965936,5.230084753818173,2.6985338522222224,0.5034501689204053,-0.7384692500000005,25.02527392,"{'TREND_UP': 6, 'HIGH_VOLATILITY': 2, 'RANGE': 1}",,,,
profitable_after_fees,C_price_trend,logistic,0.5,year,2021.0,55,27.363184079601986,52.72727272727272,58.73688082000001,1.0683972456267212,1.8140941157412807,1.067943287636364,1.252242927258711,45.8001966,12.93668422,"{'HIGH_VOLATILITY': 28, 'TREND_UP': 21, 'RANGE': 6}",,,,
profitable_after_fees,C_price_trend,logistic,0.5,year,2022.0,10,4.761904761904762,40.0,0.9467278899999991,0.09665124897815305,1.0616385667917967,0.09467278899999991,0.9788150531525116,0.9992723499999996,-0.052544460000000015,"{'TREND_UP': 5, 'HIGH_VOLATILITY': 4, 'RANGE': 1}",,,,
profitable_after_fees,C_price_trend,logistic,0.5,year,2023.0,4,1.8518518518518516,25.0,-6.45650421,-1.6172445734398182,0.001217584042032536,-1.6141260525,0.6456504210000049,-6.31904128,-0.13746292999999998,{'TREND_UP': 4},,,,
profitable_after_fees,C_price_trend,logistic,0.5,year,2024.0,5,2.4630541871921183,40.0,-4.03801695,-0.8111003344266718,0.640434052405696,-0.80760339,0.974300040362331,-2.41120268,-1.6268142700000001,"{'TREND_UP': 3, 'HIGH_VOLATILITY': 2}",,,,
profitable_after_fees,C_price_trend,logistic,0.5,aggregate,,83,7.996146435452794,50.602409638554214,73.47589222,0.885051580542505,1.6622707003291302,0.885251713493976,1.9328723992350039,37.33075574,36.14513648,"{'TREND_UP': 39, 'HIGH_VOLATILITY': 36, 'RANGE': 8}",0.9467278899999991,-6.45650421,3.0,27.47279119072426
profitable_after_fees,C_price_trend,logistic,0.55,year,2020.0,6,2.8846153846153846,83.33333333333334,24.821819350000002,4.133664872035088,125.91091867360366,4.136969891666667,0.0,4.80426093,20.01755842,"{'TREND_UP': 5, 'HIGH_VOLATILITY': 1}",,,,
profitable_after_fees,C_price_trend,logistic,0.55,year,2021.0,32,15.92039800995025,50.0,21.769169840000007,0.6801859562139894,1.4580352018618343,0.6802865575000002,1.3853960880185079,15.276221030000002,6.492948810000003,"{'HIGH_VOLATILITY': 21, 'TREND_UP': 10, 'RANGE': 1}",,,,
profitable_after_fees,C_price_trend,logistic,0.55,year,2022.0,10,4.761904761904762,40.0,0.9467278899999991,0.09665124897815305,1.0616385667917967,0.09467278899999991,0.9788150531525116,0.9992723499999996,-0.052544460000000015,"{'TREND_UP': 5, 'HIGH_VOLATILITY': 4, 'RANGE': 1}",,,,
profitable_after_fees,C_price_trend,logistic,0.55,year,2023.0,2,0.9259259259259258,50.0,-5.1713191,-2.5909595687703213,0.0015197202592694215,-2.58565955,0.5179190019999964,-5.17919002,0.00787092,{'TREND_UP': 2},,,,
profitable_after_fees,C_price_trend,logistic,0.55,year,2024.0,2,0.9852216748768473,0.0,-9.79171024,-4.907094314603844,0.0,-4.89585512,0.9791710240000042,-4.60397,-5.18774024,{'HIGH_VOLATILITY': 2},,,,
profitable_after_fees,C_price_trend,logistic,0.55,aggregate,,52,5.009633911368015,50.0,32.574687740000016,0.6257373952709882,1.4173232742085757,0.626436302692308,2.6740977378643476,11.296594289999998,21.278093450000004,"{'HIGH_VOLATILITY': 28, 'TREND_UP': 22, 'RANGE': 2}",0.9467278899999991,-9.79171024,3.0,15.821771704292068
profitable_after_fees,C_price_trend,logistic,0.6,year,2020.0,2,0.9615384615384616,100.0,10.00875196,5.000740807849034,,5.00437598,0.0,5.0029771,5.00577486,"{'TREND_UP': 1, 'HIGH_VOLATILITY': 1}",,,,
profitable_after_fees,C_price_trend,logistic,0.6,year,2021.0,20,9.950248756218906,40.0,-6.054510609999999,-0.30292930396773354,0.8563449186696385,-0.30272553049999995,2.2190113524640154,5.00423194,-11.058742549999998,"{'HIGH_VOLATILITY': 16, 'TREND_UP': 4}",,,,
profitable_after_fees,C_price_trend,logistic,0.6,year,2022.0,5,2.380952380952381,40.0,3.3703629699999995,0.6767179634313709,1.5093891638011145,0.6740725939999999,0.6089278571509953,4.5159303799999995,-1.14556741,"{'HIGH_VOLATILITY': 3, 'TREND_UP': 2}",,,,
profitable_after_fees,C_price_trend,logistic,0.6,year,2023.0,0,0.0,,0.0,,,,0.0,0.0,0.0,{},,,,
profitable_after_fees,C_price_trend,logistic,0.6,year,2024.0,1,0.49261083743842365,0.0,-5.18774024,-5.1895831323789725,0.0,-5.18774024,0.5187740240000039,0.0,-5.18774024,{'HIGH_VOLATILITY': 1},,,,
profitable_after_fees,C_price_trend,logistic,0.6,aggregate,,28,2.697495183044316,42.857142857142854,2.1368640799999996,0.07631793646861729,1.0396079496206423,0.07631657428571427,2.3744195902982703,14.52313942,-12.38627534,"{'HIGH_VOLATILITY': 21, 'TREND_UP': 7}",0.0,-6.054510609999999,2.0,6.599071378826532
profitable_after_fees,C_price_trend,logistic,0.65,year,2020.0,1,0.4807692307692308,100.0,5.00577486,5.001444879701351,,5.00577486,0.0,0.0,5.00577486,{'TREND_UP': 1},,,,
profitable_after_fees,C_price_trend,logistic,0.65,year,2021.0,16,7.960199004975125,37.5,-11.55993454,-0.7220262577854502,0.6929678905523581,-0.72249590875,2.0840416028911015,5.84942261,-17.409357149999998,"{'HIGH_VOLATILITY': 14, 'TREND_UP': 2}",,,,
profitable_after_fees,C_price_trend,logistic,0.65,year,2022.0,4,1.9047619047619049,50.0,3.839608620000001,0.9632379858878689,1.6246075391304415,0.9599021550000002,0.608644945794013,4.98517603,-1.14556741,"{'TREND_UP': 2, 'HIGH_VOLATILITY': 2}",,,,
profitable_after_fees,C_price_trend,logistic,0.65,year,2023.0,0,0.0,,0.0,,,,0.0,0.0,0.0,{},,,,
profitable_after_fees,C_price_trend,logistic,0.65,year,2024.0,0,0.0,,0.0,,,,0.0,0.0,0.0,{},,,,
profitable_after_fees,C_price_trend,logistic,0.65,aggregate,,21,2.023121387283237,42.857142857142854,-2.714551059999998,-0.12847730006258923,0.938020843585702,-0.1292643361904761,2.0737583009315657,10.83459864,-13.549149700000001,"{'HIGH_VOLATILITY': 16, 'TREND_UP': 5}",0.0,-11.55993454,2.0,6.556651305761995
profitable_after_fees,C_price_trend,logistic,0.7,year,2020.0,0,0.0,,0.0,,,,0.0,0.0,0.0,{},,,,
profitable_after_fees,C_price_trend,logistic,0.7,year,2021.0,7,3.482587064676617,28.57142857142857,-9.93669849,-1.4189816426061541,0.5014499158891087,-1.4195283557142857,0.9936698490000025,2.6872361399999996,-12.623934629999997,"{'HIGH_VOLATILITY': 5, 'TREND_UP': 2}",,,,
profitable_after_fees,C_price_trend,logistic,0.7,year,2022.0,3,1.4285714285714286,33.33333333333333,-1.1620578400000001,-0.3823992836374218,0.8109624809182671,-0.3873526133333334,0.611674084018184,4.98517603,-6.14723387,"{'HIGH_VOLATILITY': 2, 'TREND_UP': 1}",,,,
profitable_after_fees,C_price_trend,logistic,0.7,year,2023.0,0,0.0,,0.0,,,,0.0,0.0,0.0,{},,,,
profitable_after_fees,C_price_trend,logistic,0.7,year,2024.0,0,0.0,,0.0,,,,0.0,0.0,0.0,{},,,,
profitable_after_fees,C_price_trend,logistic,0.7,aggregate,,10,0.9633911368015413,30.0,-11.09875633,-1.1080069349155346,0.57440853616546,-1.1098756330000001,1.1098756330000015,7.672412169999999,-18.771168499999998,"{'HIGH_VOLATILITY': 7, 'TREND_UP': 3}",0.0,-9.93669849,0.0,4.343151991645317
profitable_after_fees,D_price_trend_volatility,dummy,0.5,year,2020.0,0,0.0,,0.0,,,,0.0,0.0,0.0,{},,,,
profitable_after_fees,D_price_trend_volatility,dummy,0.5,year,2021.0,0,0.0,,0.0,,,,0.0,0.0,0.0,{},,,,
profitable_after_fees,D_price_trend_volatility,dummy,0.5,year,2022.0,0,0.0,,0.0,,,,0.0,0.0,0.0,{},,,,
profitable_after_fees,D_price_trend_volatility,dummy,0.5,year,2023.0,0,0.0,,0.0,,,,0.0,0.0,0.0,{},,,,
profitable_after_fees,D_price_trend_volatility,dummy,0.5,year,2024.0,0,0.0,,0.0,,,,0.0,0.0,0.0,{},,,,
profitable_after_fees,D_price_trend_volatility,dummy,0.5,aggregate,,0,0.0,,0.0,,,,0.0,0.0,0.0,{},0.0,0.0,0.0,0.0
profitable_after_fees,D_price_trend_volatility,dummy,0.55,year,2020.0,0,0.0,,0.0,,,,0.0,0.0,0.0,{},,,,
profitable_after_fees,D_price_trend_volatility,dummy,0.55,year,2021.0,0,0.0,,0.0,,,,0.0,0.0,0.0,{},,,,
profitable_after_fees,D_price_trend_volatility,dummy,0.55,year,2022.0,0,0.0,,0.0,,,,0.0,0.0,0.0,{},,,,
profitable_after_fees,D_price_trend_volatility,dummy,0.55,year,2023.0,0,0.0,,0.0,,,,0.0,0.0,0.0,{},,,,
profitable_after_fees,D_price_trend_volatility,dummy,0.55,year,2024.0,0,0.0,,0.0,,,,0.0,0.0,0.0,{},,,,
profitable_after_fees,D_price_trend_volatility,dummy,0.55,aggregate,,0,0.0,,0.0,,,,0.0,0.0,0.0,{},0.0,0.0,0.0,0.0
profitable_after_fees,D_price_trend_volatility,dummy,0.6,year,2020.0,0,0.0,,0.0,,,,0.0,0.0,0.0,{},,,,
profitable_after_fees,D_price_trend_volatility,dummy,0.6,year,2021.0,0,0.0,,0.0,,,,0.0,0.0,0.0,{},,,,
profitable_after_fees,D_price_trend_volatility,dummy,0.6,year,2022.0,0,0.0,,0.0,,,,0.0,0.0,0.0,{},,,,
profitable_after_fees,D_price_trend_volatility,dummy,0.6,year,2023.0,0,0.0,,0.0,,,,0.0,0.0,0.0,{},,,,
profitable_after_fees,D_price_trend_volatility,dummy,0.6,year,2024.0,0,0.0,,0.0,,,,0.0,0.0,0.0,{},,,,
profitable_after_fees,D_price_trend_volatility,dummy,0.6,aggregate,,0,0.0,,0.0,,,,0.0,0.0,0.0,{},0.0,0.0,0.0,0.0
profitable_after_fees,D_price_trend_volatility,dummy,0.65,year,2020.0,0,0.0,,0.0,,,,0.0,0.0,0.0,{},,,,
profitable_after_fees,D_price_trend_volatility,dummy,0.65,year,2021.0,0,0.0,,0.0,,,,0.0,0.0,0.0,{},,,,
profitable_after_fees,D_price_trend_volatility,dummy,0.65,year,2022.0,0,0.0,,0.0,,,,0.0,0.0,0.0,{},,,,
profitable_after_fees,D_price_trend_volatility,dummy,0.65,year,2023.0,0,0.0,,0.0,,,,0.0,0.0,0.0,{},,,,
profitable_after_fees,D_price_trend_volatility,dummy,0.65,year,2024.0,0,0.0,,0.0,,,,0.0,0.0,0.0,{},,,,
profitable_after_fees,D_price_trend_volatility,dummy,0.65,aggregate,,0,0.0,,0.0,,,,0.0,0.0,0.0,{},0.0,0.0,0.0,0.0
profitable_after_fees,D_price_trend_volatility,dummy,0.7,year,2020.0,0,0.0,,0.0,,,,0.0,0.0,0.0,{},,,,
profitable_after_fees,D_price_trend_volatility,dummy,0.7,year,2021.0,0,0.0,,0.0,,,,0.0,0.0,0.0,{},,,,
profitable_after_fees,D_price_trend_volatility,dummy,0.7,year,2022.0,0,0.0,,0.0,,,,0.0,0.0,0.0,{},,,,
profitable_after_fees,D_price_trend_volatility,dummy,0.7,year,2023.0,0,0.0,,0.0,,,,0.0,0.0,0.0,{},,,,
profitable_after_fees,D_price_trend_volatility,dummy,0.7,year,2024.0,0,0.0,,0.0,,,,0.0,0.0,0.0,{},,,,
profitable_after_fees,D_price_trend_volatility,dummy,0.7,aggregate,,0,0.0,,0.0,,,,0.0,0.0,0.0,{},0.0,0.0,0.0,0.0
profitable_after_fees,D_price_trend_volatility,forest,0.5,year,2020.0,0,0.0,,0.0,,,,0.0,0.0,0.0,{},,,,
profitable_after_fees,D_price_trend_volatility,forest,0.5,year,2021.0,35,17.412935323383085,54.285714285714285,36.84681529000001,1.0533067914113503,1.8389476459739296,1.0527661511428574,1.294015228967123,32.50110536,4.345709930000003,"{'TREND_UP': 20, 'HIGH_VOLATILITY': 11, 'RANGE': 4}",,,,
profitable_after_fees,D_price_trend_volatility,forest,0.5,year,2022.0,13,6.190476190476191,38.46153846153847,-6.047584189999999,-0.4641013620447296,0.7390027123681899,-0.4651987838461538,1.7711419691268966,-5.08845848,-0.9591257099999986,"{'TREND_UP': 7, 'HIGH_VOLATILITY': 3, 'RANGE': 3}",,,,
profitable_after_fees,D_price_trend_volatility,forest,0.5,year,2023.0,6,2.7777777777777777,16.666666666666664,-10.331910200000001,-1.7238360404300834,0.0007612269455854786,-1.7219850333333335,1.0331910200000038,-8.490527010000001,-1.8413831900000002,{'TREND_UP': 6},,,,
profitable_after_fees,D_price_trend_volatility,forest,0.5,year,2024.0,4,1.9704433497536946,25.0,-11.464399770000002,-2.874457888904901,0.10487180479042303,-2.8660999425000004,1.146439977,-7.619810490000001,-3.84458928,"{'HIGH_VOLATILITY': 2, 'TREND_UP': 1, 'RANGE': 1}",,,,
profitable_after_fees,D_price_trend_volatility,forest,0.5,aggregate,,58,5.5876685934489405,44.827586206896555,9.002921130000002,0.1550271068037184,1.0997678803078916,0.1552227781034483,3.944704754550042,11.302309379999999,-2.2993882500000002,"{'TREND_UP': 34, 'HIGH_VOLATILITY': 16, 'RANGE': 8}",-6.047584189999999,-11.464399770000002,1.0,20.101190165280986
profitable_after_fees,D_price_trend_volatility,forest,0.55,year,2020.0,0,0.0,,0.0,,,,0.0,0.0,0.0,{},,,,
profitable_after_fees,D_price_trend_volatility,forest,0.55,year,2021.0,8,3.9800995024875623,62.5,17.09423682,2.138384733214635,3.1661218951064165,2.1367796025,0.5147627806246734,9.340334080000002,7.753902740000001,"{'TREND_UP': 6, 'HIGH_VOLATILITY': 2}",,,,
profitable_after_fees,D_price_trend_volatility,forest,0.55,year,2022.0,6,2.857142857142857,33.33333333333333,-6.5372906099999994,-1.087777268215364,0.6043792088554407,-1.089548435,1.63607409570423,-0.20763270000000045,-6.32965791,"{'TREND_UP': 3, 'HIGH_VOLATILITY': 3}",,,,
profitable_after_fees,D_price_trend_volatility,forest,0.55,year,2023.0,2,0.9259259259259258,0.0,-1.84925411,-0.9246414949136808,0.0,-0.924627055,0.1849254109999947,0.0,-1.84925411,{'TREND_UP': 2},,,,
profitable_after_fees,D_price_trend_volatility,forest,0.55,year,2024.0,0,0.0,,0.0,,,,0.0,0.0,0.0,{},,,,
profitable_after_fees,D_price_trend_volatility,forest,0.55,aggregate,,16,1.5414258188824663,43.75,8.7076921,0.545695704162346,1.331531914635544,0.54423075625,1.7888935528189542,9.13270138,-0.42500927999999993,"{'TREND_UP': 11, 'HIGH_VOLATILITY': 5}",0.0,-6.5372906099999994,1.0,8.98893849961592
profitable_after_fees,D_price_trend_volatility,forest,0.6,year,2020.0,0,0.0,,0.0,,,,0.0,0.0,0.0,{},,,,
profitable_after_fees,D_price_trend_volatility,forest,0.6,year,2021.0,1,0.4975124378109453,0.0,-0.64431947,-0.6463352796761066,0.0,-0.64431947,0.06443194700000276,-0.64431947,0.0,{'TREND_UP': 1},,,,
profitable_after_fees,D_price_trend_volatility,forest,0.6,year,2022.0,4,1.9047619047619049,50.0,-0.3952762399999994,-0.09471389414660944,0.9619272086671659,-0.09881905999999985,1.0279459388207621,-0.20763270000000045,-0.18764353999999983,"{'TREND_UP': 2, 'HIGH_VOLATILITY': 2}",,,,
profitable_after_fees,D_price_trend_volatility,forest,0.6,year,2023.0,0,0.0,,0.0,,,,0.0,0.0,0.0,{},,,,
profitable_after_fees,D_price_trend_volatility,forest,0.6,year,2024.0,0,0.0,,0.0,,,,0.0,0.0,0.0,{},,,,
profitable_after_fees,D_price_trend_volatility,forest,0.6,aggregate,,5,0.48169556840077066,40.0,-1.0395957100000004,-0.2050381712525089,0.9057179035384245,-0.20791914200000008,1.0286021338857514,-0.8519521700000006,-0.18764353999999983,"{'TREND_UP': 3, 'HIGH_VOLATILITY': 2}",0.0,-0.64431947,0.0,0.2980096631317253
profitable_after_fees,D_price_trend_volatility,forest,0.65,year,2020.0,0,0.0,,0.0,,,,0.0,0.0,0.0,{},,,,
profitable_after_fees,D_price_trend_volatility,forest,0.65,year,2021.0,0,0.0,,0.0,,,,0.0,0.0,0.0,{},,,,
profitable_after_fees,D_price_trend_volatility,forest,0.65,year,2022.0,1,0.4761904761904762,100.0,4.98517603,4.999998307462547,,4.98517603,0.0,4.98517603,0.0,{'TREND_UP': 1},,,,
profitable_after_fees,D_price_trend_volatility,forest,0.65,year,2023.0,0,0.0,,0.0,,,,0.0,0.0,0.0,{},,,,
profitable_after_fees,D_price_trend_volatility,forest,0.65,year,2024.0,0,0.0,,0.0,,,,0.0,0.0,0.0,{},,,,
profitable_after_fees,D_price_trend_volatility,forest,0.65,aggregate,,1,0.09633911368015415,100.0,4.98517603,4.999998307462547,,4.98517603,0.0,4.98517603,0.0,{'TREND_UP': 1},0.0,0.0,1.0,2.229438496576506
profitable_after_fees,D_price_trend_volatility,forest,0.7,year,2020.0,0,0.0,,0.0,,,,0.0,0.0,0.0,{},,,,
profitable_after_fees,D_price_trend_volatility,forest,0.7,year,2021.0,0,0.0,,0.0,,,,0.0,0.0,0.0,{},,,,
profitable_after_fees,D_price_trend_volatility,forest,0.7,year,2022.0,0,0.0,,0.0,,,,0.0,0.0,0.0,{},,,,
profitable_after_fees,D_price_trend_volatility,forest,0.7,year,2023.0,0,0.0,,0.0,,,,0.0,0.0,0.0,{},,,,
profitable_after_fees,D_price_trend_volatility,forest,0.7,year,2024.0,0,0.0,,0.0,,,,0.0,0.0,0.0,{},,,,
profitable_after_fees,D_price_trend_volatility,forest,0.7,aggregate,,0,0.0,,0.0,,,,0.0,0.0,0.0,{},0.0,0.0,0.0,0.0
profitable_after_fees,D_price_trend_volatility,hist_gradient,0.5,year,2020.0,29,13.942307692307693,34.48275862068966,-5.5763517799999995,-0.19260200164914204,0.8885092777086852,-0.19228799241379307,1.435370491027761,-18.324456310000002,12.748104529999999,"{'TREND_UP': 17, 'RANGE': 12}",,,,
profitable_after_fees,D_price_trend_volatility,hist_gradient,0.5,year,2021.0,35,17.412935323383085,42.857142857142854,5.095380840000002,0.1461341679345211,1.0933506621985227,0.14558230971428576,2.157893164362569,23.48617952,-18.39079868,"{'TREND_UP': 20, 'RANGE': 11, 'HIGH_VOLATILITY': 4}",,,,
profitable_after_fees,D_price_trend_volatility,hist_gradient,0.5,year,2022.0,19,9.047619047619047,31.57894736842105,-11.14988838,-0.5863348252232949,0.681588208111507,-0.5868362305263158,2.296242203494832,-0.7806390600000008,-10.369249319999998,"{'TREND_UP': 12, 'RANGE': 5, 'HIGH_VOLATILITY': 2}",,,,
profitable_after_fees,D_price_trend_volatility,hist_gradient,0.5,year,2023.0,12,5.555555555555555,8.333333333333332,-26.749254920000002,-2.2300446684885946,0.00029416163929810185,-2.229104576666667,2.674925492,-7.32035374,-19.42890118,"{'TREND_UP': 7, 'RANGE': 5}",,,,
profitable_after_fees,D_price_trend_volatility,hist_gradient,0.5,year,2024.0,7,3.4482758620689653,42.857142857142854,-2.6750346199999995,-0.3868814824653967,0.8091320470013935,-0.3821478028571428,1.0999265649999983,-7.57990768,4.90487306,"{'TREND_UP': 5, 'HIGH_VOLATILITY': 1, 'RANGE': 1}",,,,
profitable_after_fees,D_price_trend_volatility,hist_gradient,0.5,aggregate,,102,9.826589595375722,34.31372549019608,-41.05514886,-0.4027434338086314,0.7724076238019598,-0.40250145941176474,6.202346587743164,-10.519177270000002,-30.535971590000006,"{'TREND_UP': 61, 'RANGE': 34, 'HIGH_VOLATILITY': 7}",-5.5763517799999995,-26.749254920000002,1.0,11.905377097927204
profitable_after_fees,D_price_trend_volatility,hist_gradient,0.55,year,2020.0,16,7.6923076923076925,31.25,-10.685269380000001,-0.668257401067943,0.7007131923418448,-0.6678293362500001,1.145972771332124,-25.50859527,14.82332589,"{'TREND_UP': 11, 'RANGE': 5}",,,,
profitable_after_fees,D_price_trend_volatility,hist_gradient,0.55,year,2021.0,16,7.960199004975125,62.5,25.30806008,1.5845966737943524,2.8639378669291227,1.581753755,0.7490509896323686,13.46943357,11.838626510000003,"{'TREND_UP': 10, 'RANGE': 6}",,,,
profitable_after_fees,D_price_trend_volatility,hist_gradient,0.55,year,2022.0,6,2.857142857142857,66.66666666666666,16.12388639,2.689680424329323,18.59718078823091,2.687314398333333,0.09027491098365212,9.41454818,6.70933821,"{'TREND_UP': 5, 'RANGE': 1}",,,,
profitable_after_fees,D_price_trend_volatility,hist_gradient,0.55,year,2023.0,5,2.314814814814815,20.0,-13.096948000000001,-2.620245662520765,0.0006006126485263942,-2.6193896000000003,1.3096947999999997,-2.70588285,-10.39106515,"{'TREND_UP': 3, 'RANGE': 2}",,,,
profitable_after_fees,D_price_trend_volatility,hist_gradient,0.55,year,2024.0,1,0.49261083743842365,0.0,-3.01584049,-3.0285399608521404,0.0,-3.01584049,0.30158404899999597,-3.01584049,0.0,{'RANGE': 1},,,,
profitable_after_fees,D_price_trend_volatility,hist_gradient,0.55,aggregate,,44,4.238921001926782,45.45454545454545,14.633888599999997,0.33340324173051206,1.2206653399802738,0.3325883772727272,1.563215176738637,-8.34633686,22.980225459999996,"{'TREND_UP': 29, 'RANGE': 15}",-3.01584049,-13.096948000000001,2.0,16.97386079180329
profitable_after_fees,D_price_trend_volatility,hist_gradient,0.6,year,2020.0,7,3.3653846153846154,28.57142857142857,-5.380949919999999,-0.7679576265808329,0.650276930637087,-0.7687071314285713,1.336073236390668,-5.192471729999999,-0.18847818999999966,"{'TREND_UP': 4, 'RANGE': 3}",,,,
profitable_after_fees,D_price_trend_volatility,hist_gradient,0.6,year,2021.0,9,4.477611940298507,66.66666666666666,21.393888080000004,2.3791404048498013,5.110600605217534,2.377098675555556,0.3018616158906613,7.21702214,14.17686594,"{'TREND_UP': 6, 'RANGE': 3}",,,,
profitable_after_fees,D_price_trend_volatility,hist_gradient,0.6,year,2022.0,1,0.4761904761904762,100.0,5.00166646,5.0001497944637405,,5.00166646,0.0,0.0,5.00166646,{'TREND_UP': 1},,,,
profitable_after_fees,D_price_trend_volatility,hist_gradient,0.6,year,2023.0,2,0.9259259259259258,0.0,-4.40980311,-2.204907939810452,0.0,-2.204901555,0.4409803109999984,-2.70588285,-1.70392026,"{'TREND_UP': 1, 'RANGE': 1}",,,,
profitable_after_fees,D_price_trend_volatility,hist_gradient,0.6,year,2024.0,0,0.0,,0.0,,,,0.0,0.0,0.0,{},,,,
profitable_after_fees,D_price_trend_volatility,hist_gradient,0.6,aggregate,,19,1.8304431599229287,47.368421052631575,16.604801509999994,0.8750996932855378,1.66417386548979,0.8739369215789471,1.336073236390668,-0.6813324400000003,17.28613395,"{'TREND_UP': 12, 'RANGE': 7}",0.0,-5.380949919999999,2.0,10.908393711150477
profitable_after_fees,D_price_trend_volatility,hist_gradient,0.65,year,2020.0,3,1.4423076923076923,33.33333333333333,1.47123619,0.4898278700001187,1.4165820724588747,0.4904120633333333,0.351410310305761,-3.53168388,5.00292007,"{'RANGE': 2, 'TREND_UP': 1}",,,,
profitable_after_fees,D_price_trend_volatility,hist_gradient,0.65,year,2021.0,0,0.0,,0.0,,,,0.0,0.0,0.0,{},,,,
profitable_after_fees,D_price_trend_volatility,hist_gradient,0.65,year,2022.0,0,0.0,,0.0,,,,0.0,0.0,0.0,{},,,,
profitable_after_fees,D_price_trend_volatility,hist_gradient,0.65,year,2023.0,0,0.0,,0.0,,,,0.0,0.0,0.0,{},,,,
profitable_after_fees,D_price_trend_volatility,hist_gradient,0.65,year,2024.0,0,0.0,,0.0,,,,0.0,0.0,0.0,{},,,,
profitable_after_fees,D_price_trend_volatility,hist_gradient,0.65,aggregate,,3,0.2890173410404624,33.33333333333333,1.47123619,0.4898278700001187,1.4165820724588747,0.4904120633333333,0.351410310305761,-3.53168388,5.00292007,"{'RANGE': 2, 'TREND_UP': 1}",0.0,0.0,1.0,0.6579568263595592
profitable_after_fees,D_price_trend_volatility,hist_gradient,0.7,year,2020.0,0,0.0,,0.0,,,,0.0,0.0,0.0,{},,,,
profitable_after_fees,D_price_trend_volatility,hist_gradient,0.7,year,2021.0,0,0.0,,0.0,,,,0.0,0.0,0.0,{},,,,
profitable_after_fees,D_price_trend_volatility,hist_gradient,0.7,year,2022.0,0,0.0,,0.0,,,,0.0,0.0,0.0,{},,,,
profitable_after_fees,D_price_trend_volatility,hist_gradient,0.7,year,2023.0,0,0.0,,0.0,,,,0.0,0.0,0.0,{},,,,
profitable_after_fees,D_price_trend_volatility,hist_gradient,0.7,year,2024.0,0,0.0,,0.0,,,,0.0,0.0,0.0,{},,,,
profitable_after_fees,D_price_trend_volatility,hist_gradient,0.7,aggregate,,0,0.0,,0.0,,,,0.0,0.0,0.0,{},0.0,0.0,0.0,0.0
profitable_after_fees,D_price_trend_volatility,logistic,0.5,year,2020.0,12,5.769230769230769,58.333333333333336,26.84273202,2.233996361368876,4.277312561730656,2.236894335,0.5022033180112808,2.95749089,23.88524113,"{'TREND_UP': 9, 'HIGH_VOLATILITY': 2, 'RANGE': 1}",,,,
profitable_after_fees,D_price_trend_volatility,logistic,0.5,year,2021.0,57,28.35820895522388,49.122807017543856,46.342982150000005,0.8137707139232717,1.5999333953928683,0.8130347745614036,1.6481565322641605,35.201781579999995,11.141200570000002,"{'HIGH_VOLATILITY': 29, 'TREND_UP': 20, 'RANGE': 8}",,,,
profitable_after_fees,D_price_trend_volatility,logistic,0.5,year,2022.0,14,6.666666666666667,28.57142857142857,-3.4074860600000014,-0.2424005721620557,0.8271501146691084,-0.24339186142857153,1.409566673421037,-0.3264487800000002,-3.0810372800000003,"{'TREND_UP': 9, 'HIGH_VOLATILITY': 4, 'RANGE': 1}",,,,
profitable_after_fees,D_price_trend_volatility,logistic,0.5,year,2023.0,4,1.8518518518518516,25.0,-6.80563872,-1.7040577864884987,0.0011551931993744123,-1.70140968,0.6813509640000006,-6.5767042,-0.22893452,"{'TREND_UP': 3, 'RANGE': 1}",,,,
profitable_after_fees,D_price_trend_volatility,logistic,0.5,year,2024.0,8,3.9408866995073892,37.5,-14.08583308,-1.764375401340924,0.3408282899731687,-1.760729135,2.1242806710861326,-13.80216977,-0.2836633100000001,"{'TREND_UP': 6, 'HIGH_VOLATILITY': 2}",,,,
profitable_after_fees,D_price_trend_volatility,logistic,0.5,aggregate,,95,9.152215799614643,45.26315789473684,48.88675631,0.5144004701379246,1.3666504757453475,0.5145974348421053,3.595846938914355,17.453949719999997,31.43280659,"{'TREND_UP': 47, 'HIGH_VOLATILITY': 37, 'RANGE': 11}",-3.4074860600000014,-14.08583308,2.0,25.72236206855801
profitable_after_fees,D_price_trend_volatility,logistic,0.55,year,2020.0,8,3.8461538461538463,75.0,28.52054344,3.5620322471086348,19.916495359133236,3.56506793,0.12962749067708748,3.49526952,25.02527392,"{'TREND_UP': 6, 'HIGH_VOLATILITY': 2}",,,,
profitable_after_fees,D_price_trend_volatility,logistic,0.55,year,2021.0,34,16.91542288557214,50.0,29.21608764,0.8600543011617403,1.603628946839149,0.8592966952941177,1.1996290328767394,27.72232233,1.4937653100000028,"{'HIGH_VOLATILITY': 20, 'TREND_UP': 12, 'RANGE': 2}",,,,
profitable_after_fees,D_price_trend_volatility,logistic,0.55,year,2022.0,10,4.761904761904762,40.0,3.357873839999999,0.3375996256417488,1.25933138215615,0.3357873839999999,0.7402863458834575,0.9992723499999996,2.35860149,"{'TREND_UP': 6, 'HIGH_VOLATILITY': 3, 'RANGE': 1}",,,,
profitable_after_fees,D_price_trend_volatility,logistic,0.55,year,2023.0,1,0.4629629629629629,100.0,0.00787092,0.007865846486855042,,0.00787092,0.0,0.0,0.00787092,{'TREND_UP': 1},,,,
profitable_after_fees,D_price_trend_volatility,logistic,0.55,year,2024.0,3,1.477832512315271,33.33333333333333,-4.7922404300000006,-1.6047855915611093,0.5105818786974236,-1.5974134766666668,0.974300040362331,-4.60397,-0.1882704300000002,"{'HIGH_VOLATILITY': 2, 'TREND_UP': 1}",,,,
profitable_after_fees,D_price_trend_volatility,logistic,0.55,aggregate,,56,5.394990366088632,51.78571428571429,56.31013541000001,1.0054930275819511,1.7751054458979192,1.0055381323214287,1.1673523765480502,27.612894199999996,28.697241210000005,"{'HIGH_VOLATILITY': 27, 'TREND_UP': 26, 'RANGE': 3}",3.357873839999999,-4.7922404300000006,4.0,16.333063492026266
profitable_after_fees,D_price_trend_volatility,logistic,0.6,year,2020.0,3,1.4423076923076923,66.66666666666666,9.81003579,3.2676185680945533,50.367073600502664,3.2700119300000003,0.0,4.80426093,5.00577486,"{'TREND_UP': 2, 'HIGH_VOLATILITY': 1}",,,,
profitable_after_fees,D_price_trend_volatility,logistic,0.6,year,2021.0,21,10.44776119402985,52.38095238095239,8.182729160000003,0.3894263322894079,1.2073288962367836,0.38965376952380965,1.7648769765113272,14.23650775,-6.0537785899999985,"{'HIGH_VOLATILITY': 15, 'TREND_UP': 6}",,,,
profitable_after_fees,D_price_trend_volatility,logistic,0.6,year,2022.0,8,3.8095238095238098,37.5,4.81497064,0.6041866382910441,1.4735552852002276,0.60187133,0.612352054025635,0.9992723499999996,3.8156982900000003,"{'TREND_UP': 4, 'HIGH_VOLATILITY': 3, 'RANGE': 1}",,,,
profitable_after_fees,D_price_trend_volatility,logistic,0.6,year,2023.0,0,0.0,,0.0,,,,0.0,0.0,0.0,{},,,,
profitable_after_fees,D_price_trend_volatility,logistic,0.6,year,2024.0,0,0.0,,0.0,,,,0.0,0.0,0.0,{},,,,
profitable_after_fees,D_price_trend_volatility,logistic,0.6,aggregate,,32,3.0828516377649327,50.0,22.80773559,0.7129469308965495,1.4576759756664766,0.7127417371875,1.74811900319439,20.04004103,2.7676945600000002,"{'HIGH_VOLATILITY': 19, 'TREND_UP': 12, 'RANGE': 1}",4.81497064,0.0,3.0,4.537048611773592
profitable_after_fees,D_price_trend_volatility,logistic,0.65,year,2020.0,2,0.9615384615384616,100.0,10.00875196,5.000740807849034,,5.00437598,0.0,5.0029771,5.00577486,"{'TREND_UP': 1, 'HIGH_VOLATILITY': 1}",,,,
profitable_after_fees,D_price_trend_volatility,logistic,0.65,year,2021.0,13,6.467661691542288,23.076923076923077,-28.37151465,-2.1828831201218764,0.28114022816438516,-2.182424203846154,2.8941268833473344,2.6872361399999996,-31.05875079,"{'HIGH_VOLATILITY': 11, 'TREND_UP': 2}",,,,
profitable_after_fees,D_price_trend_volatility,logistic,0.65,year,2022.0,5,2.380952380952381,40.0,0.3229505900000009,0.06753301914643642,1.0334182742669134,0.06459011800000018,0.9568334450946708,1.468518,-1.14556741,"{'TREND_UP': 2, 'HIGH_VOLATILITY': 2, 'RANGE': 1}",,,,
profitable_after_fees,D_price_trend_volatility,logistic,0.65,year,2023.0,0,0.0,,0.0,,,,0.0,0.0,0.0,{},,,,
profitable_after_fees,D_price_trend_volatility,logistic,0.65,year,2024.0,0,0.0,,0.0,,,,0.0,0.0,0.0,{},,,,
profitable_after_fees,D_price_trend_volatility,logistic,0.65,aggregate,,20,1.9267822736030826,35.0,-18.039812099999995,-0.9019166925077072,0.6328242698115691,-0.9019906049999997,2.8654639826231483,9.15873124,-27.19854334,"{'HIGH_VOLATILITY': 14, 'TREND_UP': 5, 'RANGE': 1}",0.0,-28.37151465,2.0,14.492543706117369
profitable_after_fees,D_price_trend_volatility,logistic,0.7,year,2020.0,1,0.4807692307692308,100.0,5.0029771,5.0000367359967175,,5.0029771,0.0,5.0029771,0.0,{'HIGH_VOLATILITY': 1},,,,
profitable_after_fees,D_price_trend_volatility,logistic,0.7,year,2021.0,7,3.482587064676617,28.57142857142857,-9.93704851,-1.4189401244442135,0.5014323544726467,-1.4195783585714286,0.9937048509999954,2.6872361399999996,-12.624284649999998,"{'HIGH_VOLATILITY': 5, 'TREND_UP': 2}",,,,
profitable_after_fees,D_price_trend_volatility,logistic,0.7,year,2022.0,4,1.9047619047619049,50.0,3.839608620000001,0.9632379858878689,1.6246075391304415,0.9599021550000002,0.608644945794013,4.98517603,-1.14556741,"{'TREND_UP': 2, 'HIGH_VOLATILITY': 2}",,,,
profitable_after_fees,D_price_trend_volatility,logistic,0.7,year,2023.0,0,0.0,,0.0,,,,0.0,0.0,0.0,{},,,,
profitable_after_fees,D_price_trend_volatility,logistic,0.7,year,2024.0,0,0.0,,0.0,,,,0.0,0.0,0.0,{},,,,
profitable_after_fees,D_price_trend_volatility,logistic,0.7,aggregate,,12,1.1560693641618496,41.66666666666667,-1.0944627900000006,-0.08996601596344168,0.9580318724856144,-0.09120523250000005,0.9887581167842845,12.67538927,-13.769852059999998,"{'HIGH_VOLATILITY': 8, 'TREND_UP': 4}",0.0,-9.93704851,2.0,5.8795777388401165
profitable_after_fees,E_all_excluding_regime,dummy,0.5,year,2020.0,0,0.0,,0.0,,,,0.0,0.0,0.0,{},,,,
profitable_after_fees,E_all_excluding_regime,dummy,0.5,year,2021.0,0,0.0,,0.0,,,,0.0,0.0,0.0,{},,,,
profitable_after_fees,E_all_excluding_regime,dummy,0.5,year,2022.0,0,0.0,,0.0,,,,0.0,0.0,0.0,{},,,,
profitable_after_fees,E_all_excluding_regime,dummy,0.5,year,2023.0,0,0.0,,0.0,,,,0.0,0.0,0.0,{},,,,
profitable_after_fees,E_all_excluding_regime,dummy,0.5,year,2024.0,0,0.0,,0.0,,,,0.0,0.0,0.0,{},,,,
profitable_after_fees,E_all_excluding_regime,dummy,0.5,aggregate,,0,0.0,,0.0,,,,0.0,0.0,0.0,{},0.0,0.0,0.0,0.0
profitable_after_fees,E_all_excluding_regime,dummy,0.55,year,2020.0,0,0.0,,0.0,,,,0.0,0.0,0.0,{},,,,
profitable_after_fees,E_all_excluding_regime,dummy,0.55,year,2021.0,0,0.0,,0.0,,,,0.0,0.0,0.0,{},,,,
profitable_after_fees,E_all_excluding_regime,dummy,0.55,year,2022.0,0,0.0,,0.0,,,,0.0,0.0,0.0,{},,,,
profitable_after_fees,E_all_excluding_regime,dummy,0.55,year,2023.0,0,0.0,,0.0,,,,0.0,0.0,0.0,{},,,,
profitable_after_fees,E_all_excluding_regime,dummy,0.55,year,2024.0,0,0.0,,0.0,,,,0.0,0.0,0.0,{},,,,
profitable_after_fees,E_all_excluding_regime,dummy,0.55,aggregate,,0,0.0,,0.0,,,,0.0,0.0,0.0,{},0.0,0.0,0.0,0.0
profitable_after_fees,E_all_excluding_regime,dummy,0.6,year,2020.0,0,0.0,,0.0,,,,0.0,0.0,0.0,{},,,,
profitable_after_fees,E_all_excluding_regime,dummy,0.6,year,2021.0,0,0.0,,0.0,,,,0.0,0.0,0.0,{},,,,
profitable_after_fees,E_all_excluding_regime,dummy,0.6,year,2022.0,0,0.0,,0.0,,,,0.0,0.0,0.0,{},,,,
profitable_after_fees,E_all_excluding_regime,dummy,0.6,year,2023.0,0,0.0,,0.0,,,,0.0,0.0,0.0,{},,,,
profitable_after_fees,E_all_excluding_regime,dummy,0.6,year,2024.0,0,0.0,,0.0,,,,0.0,0.0,0.0,{},,,,
profitable_after_fees,E_all_excluding_regime,dummy,0.6,aggregate,,0,0.0,,0.0,,,,0.0,0.0,0.0,{},0.0,0.0,0.0,0.0
profitable_after_fees,E_all_excluding_regime,dummy,0.65,year,2020.0,0,0.0,,0.0,,,,0.0,0.0,0.0,{},,,,
profitable_after_fees,E_all_excluding_regime,dummy,0.65,year,2021.0,0,0.0,,0.0,,,,0.0,0.0,0.0,{},,,,
profitable_after_fees,E_all_excluding_regime,dummy,0.65,year,2022.0,0,0.0,,0.0,,,,0.0,0.0,0.0,{},,,,
profitable_after_fees,E_all_excluding_regime,dummy,0.65,year,2023.0,0,0.0,,0.0,,,,0.0,0.0,0.0,{},,,,
profitable_after_fees,E_all_excluding_regime,dummy,0.65,year,2024.0,0,0.0,,0.0,,,,0.0,0.0,0.0,{},,,,
profitable_after_fees,E_all_excluding_regime,dummy,0.65,aggregate,,0,0.0,,0.0,,,,0.0,0.0,0.0,{},0.0,0.0,0.0,0.0
profitable_after_fees,E_all_excluding_regime,dummy,0.7,year,2020.0,0,0.0,,0.0,,,,0.0,0.0,0.0,{},,,,
profitable_after_fees,E_all_excluding_regime,dummy,0.7,year,2021.0,0,0.0,,0.0,,,,0.0,0.0,0.0,{},,,,
profitable_after_fees,E_all_excluding_regime,dummy,0.7,year,2022.0,0,0.0,,0.0,,,,0.0,0.0,0.0,{},,,,
profitable_after_fees,E_all_excluding_regime,dummy,0.7,year,2023.0,0,0.0,,0.0,,,,0.0,0.0,0.0,{},,,,
profitable_after_fees,E_all_excluding_regime,dummy,0.7,year,2024.0,0,0.0,,0.0,,,,0.0,0.0,0.0,{},,,,
profitable_after_fees,E_all_excluding_regime,dummy,0.7,aggregate,,0,0.0,,0.0,,,,0.0,0.0,0.0,{},0.0,0.0,0.0,0.0
profitable_after_fees,E_all_excluding_regime,forest,0.5,year,2020.0,0,0.0,,0.0,,,,0.0,0.0,0.0,{},,,,
profitable_after_fees,E_all_excluding_regime,forest,0.5,year,2021.0,33,16.417910447761194,48.484848484848484,13.644450189999997,0.41359857136293615,1.2616275358781786,0.4134681875757575,1.9189088710840474,26.000800729999995,-12.35635054,"{'TREND_UP': 20, 'HIGH_VOLATILITY': 11, 'RANGE': 2}",,,,
profitable_after_fees,E_all_excluding_regime,forest,0.5,year,2022.0,13,6.190476190476191,38.46153846153847,-5.833666209999999,-0.44768638562190644,0.7458888464227559,-0.4487435546153845,1.773256832866722,-5.08845848,-0.7452077299999997,"{'TREND_UP': 6, 'HIGH_VOLATILITY': 4, 'RANGE': 3}",,,,
profitable_after_fees,E_all_excluding_regime,forest,0.5,year,2023.0,4,1.8518518518518516,0.0,-7.265249570000001,-1.8189667901521873,0.0,-1.8163123925000002,0.7265249570000037,-5.17919002,-2.08605955,{'TREND_UP': 4},,,,
profitable_after_fees,E_all_excluding_regime,forest,0.5,year,2024.0,3,1.477832512315271,33.33333333333333,-4.797149,-1.6047424638070622,0.5100805801622659,-1.5990496666666667,0.9791710240000042,-4.60397,-0.19317899999999977,{'HIGH_VOLATILITY': 3},,,,
profitable_after_fees,E_all_excluding_regime,forest,0.5,aggregate,,53,5.105973025048169,41.509433962264154,-4.25161459,-0.08040122094599668,0.953870181582832,-0.08021914320754717,3.444833591988389,11.129182230000001,-15.380796820000002,"{'TREND_UP': 30, 'HIGH_VOLATILITY': 18, 'RANGE': 5}",-4.797149,-7.265249570000001,1.0,8.549618806638291
profitable_after_fees,E_all_excluding_regime,forest,0.55,year,2020.0,0,0.0,,0.0,,,,0.0,0.0,0.0,{},,,,
profitable_after_fees,E_all_excluding_regime,forest,0.55,year,2021.0,7,3.482587064676617,28.57142857142857,0.47256142999999984,0.06677421012478563,1.049599753421034,0.0675087757142857,0.5961605177963658,-2.28018304,2.75274447,"{'TREND_UP': 6, 'HIGH_VOLATILITY': 1}",,,,
profitable_after_fees,E_all_excluding_regime,forest,0.55,year,2022.0,6,2.857142857142857,33.33333333333333,-6.5372906099999994,-1.087777268215364,0.6043792088554407,-1.089548435,1.63607409570423,-0.20763270000000045,-6.32965791,"{'TREND_UP': 3, 'HIGH_VOLATILITY': 3}",,,,
profitable_after_fees,E_all_excluding_regime,forest,0.55,year,2023.0,0,0.0,,0.0,,,,0.0,0.0,0.0,{},,,,
profitable_after_fees,E_all_excluding_regime,forest,0.55,year,2024.0,0,0.0,,0.0,,,,0.0,0.0,0.0,{},,,,
profitable_after_fees,E_all_excluding_regime,forest,0.55,aggregate,,13,1.2524084778420037,30.76923076923077,-6.0647291800000005,-0.46609570295528346,0.7672034535161394,-0.4665176292307693,1.6353089531252676,-2.4878157400000003,-3.576913439999999,"{'TREND_UP': 9, 'HIGH_VOLATILITY': 4}",0.0,-6.5372906099999994,1.0,2.9834248280863855
profitable_after_fees,E_all_excluding_regime,forest,0.6,year,2020.0,0,0.0,,0.0,,,,0.0,0.0,0.0,{},,,,
profitable_after_fees,E_all_excluding_regime,forest,0.6,year,2021.0,0,0.0,,0.0,,,,0.0,0.0,0.0,{},,,,
profitable_after_fees,E_all_excluding_regime,forest,0.6,year,2022.0,5,2.380952380952381,40.0,-1.3532001099999995,-0.2673706838963989,0.8806706325776943,-0.2706400219999999,1.1227911219162467,-0.20763270000000045,-1.14556741,"{'HIGH_VOLATILITY': 3, 'TREND_UP': 2}",,,,
profitable_after_fees,E_all_excluding_regime,forest,0.6,year,2023.0,0,0.0,,0.0,,,,0.0,0.0,0.0,{},,,,
profitable_after_fees,E_all_excluding_regime,forest,0.6,year,2024.0,0,0.0,,0.0,,,,0.0,0.0,0.0,{},,,,
profitable_after_fees,E_all_excluding_regime,forest,0.6,aggregate,,5,0.48169556840077066,40.0,-1.3532001099999995,-0.2673706838963989,0.8806706325776943,-0.2706400219999999,1.1227911219162467,-0.20763270000000045,-1.14556741,"{'HIGH_VOLATILITY': 3, 'TREND_UP': 2}",0.0,-1.3532001099999995,0.0,0.6051694866240385
profitable_after_fees,E_all_excluding_regime,forest,0.65,year,2020.0,0,0.0,,0.0,,,,0.0,0.0,0.0,{},,,,
profitable_after_fees,E_all_excluding_regime,forest,0.65,year,2021.0,0,0.0,,0.0,,,,0.0,0.0,0.0,{},,,,
profitable_after_fees,E_all_excluding_regime,forest,0.65,year,2022.0,0,0.0,,0.0,,,,0.0,0.0,0.0,{},,,,
profitable_after_fees,E_all_excluding_regime,forest,0.65,year,2023.0,0,0.0,,0.0,,,,0.0,0.0,0.0,{},,,,
profitable_after_fees,E_all_excluding_regime,forest,0.65,year,2024.0,0,0.0,,0.0,,,,0.0,0.0,0.0,{},,,,
profitable_after_fees,E_all_excluding_regime,forest,0.65,aggregate,,0,0.0,,0.0,,,,0.0,0.0,0.0,{},0.0,0.0,0.0,0.0
profitable_after_fees,E_all_excluding_regime,forest,0.7,year,2020.0,0,0.0,,0.0,,,,0.0,0.0,0.0,{},,,,
profitable_after_fees,E_all_excluding_regime,forest,0.7,year,2021.0,0,0.0,,0.0,,,,0.0,0.0,0.0,{},,,,
profitable_after_fees,E_all_excluding_regime,forest,0.7,year,2022.0,0,0.0,,0.0,,,,0.0,0.0,0.0,{},,,,
profitable_after_fees,E_all_excluding_regime,forest,0.7,year,2023.0,0,0.0,,0.0,,,,0.0,0.0,0.0,{},,,,
profitable_after_fees,E_all_excluding_regime,forest,0.7,year,2024.0,0,0.0,,0.0,,,,0.0,0.0,0.0,{},,,,
profitable_after_fees,E_all_excluding_regime,forest,0.7,aggregate,,0,0.0,,0.0,,,,0.0,0.0,0.0,{},0.0,0.0,0.0,0.0
profitable_after_fees,E_all_excluding_regime,hist_gradient,0.5,year,2020.0,28,13.461538461538462,35.714285714285715,-3.463912840000001,-0.12417049724550183,0.927690017699328,-0.1237111728571429,1.7134065660675535,-16.21183142,12.747918580000002,"{'TREND_UP': 17, 'RANGE': 11}",,,,
profitable_after_fees,E_all_excluding_regime,hist_gradient,0.5,year,2021.0,35,17.412935323383085,51.42857142857142,27.22650049,0.7786277974622605,1.6791562394718806,0.777900014,1.178931299419537,15.38575518,11.84074531,"{'TREND_UP': 21, 'RANGE': 11, 'HIGH_VOLATILITY': 3}",,,,
profitable_after_fees,E_all_excluding_regime,hist_gradient,0.5,year,2022.0,14,6.666666666666667,50.0,3.553040640000001,0.25424388697549144,1.140351742408635,0.2537886171428572,1.6081899081199933,5.3992766,-1.8462359600000013,"{'TREND_UP': 9, 'RANGE': 4, 'HIGH_VOLATILITY': 1}",,,,
profitable_after_fees,E_all_excluding_regime,hist_gradient,0.5,year,2023.0,10,4.62962962962963,10.0,-20.335002160000002,-2.0348918210218594,0.0003869128991291922,-2.033500216,2.0335002160000046,-7.88507287,-12.44992929,"{'TREND_UP': 7, 'RANGE': 3}",,,,
profitable_after_fees,E_all_excluding_regime,hist_gradient,0.5,year,2024.0,7,3.4482758620689653,57.14285714285714,-1.6008810299999996,-0.22811834220575603,0.8783395304519447,-0.22869728999999994,1.0142756019999979,2.0048402500000004,-3.60572128,"{'TREND_UP': 6, 'RANGE': 1}",,,,
profitable_after_fees,E_all_excluding_regime,hist_gradient,0.5,aggregate,,94,9.05587668593449,42.5531914893617,5.379745100000001,0.057328370215990035,1.0366444927008243,0.05723133085106384,3.7817404601193205,-1.3070322600000002,6.686777360000002,"{'TREND_UP': 60, 'RANGE': 30, 'HIGH_VOLATILITY': 4}",-1.6008810299999996,-20.335002160000002,2.0,17.147827270064003
profitable_after_fees,E_all_excluding_regime,hist_gradient,0.55,year,2020.0,16,7.6923076923076925,31.25,-8.551725600000001,-0.5349118410763807,0.7452422165419079,-0.5344828500000001,1.6343190049765592,-17.87116618,9.319440579999998,"{'TREND_UP': 11, 'RANGE': 5}",,,,
profitable_after_fees,E_all_excluding_regime,hist_gradient,0.55,year,2021.0,18,8.955223880597014,44.44444444444444,2.2923965600000002,0.1277208504169367,1.086659043398848,0.12735536444444445,0.9011588184779542,4.18733497,-1.89493841,"{'TREND_UP': 11, 'RANGE': 6, 'HIGH_VOLATILITY': 1}",,,,
profitable_after_fees,E_all_excluding_regime,hist_gradient,0.55,year,2022.0,2,0.9523809523809524,100.0,9.9831948,4.999993377815929,,4.9915974,0.0,9.9831948,0.0,{'TREND_UP': 2},,,,
profitable_after_fees,E_all_excluding_regime,hist_gradient,0.55,year,2023.0,7,3.2407407407407405,14.285714285714285,-13.47908729,-1.9262030852486016,0.0005835948979336238,-1.9255838985714286,1.3479087290000051,-2.70588285,-10.77320444,"{'TREND_UP': 5, 'RANGE': 2}",,,,
profitable_after_fees,E_all_excluding_regime,hist_gradient,0.55,year,2024.0,2,0.9852216748768473,50.0,1.9808141300000002,0.9857332434751194,1.6568033477128628,0.9904070650000001,0.3000846297483728,1.9808141300000002,0.0,"{'TREND_UP': 1, 'RANGE': 1}",,,,
profitable_after_fees,E_all_excluding_regime,hist_gradient,0.55,aggregate,,45,4.335260115606936,37.77777777777778,-7.774407400000001,-0.1727018334194522,0.8984055248822158,-0.17276460888888892,1.7537228102843279,-4.4257051300000025,-3.3487022700000004,"{'TREND_UP': 30, 'RANGE': 14, 'HIGH_VOLATILITY': 1}",1.9808141300000002,-13.47908729,3.0,9.375132103676654
profitable_after_fees,E_all_excluding_regime,hist_gradient,0.6,year,2020.0,3,1.4423076923076923,33.33333333333333,-2.14769321,-0.7150679264157485,0.699629207398579,-0.7158977366666667,0.5191398260000029,3.04370505,-5.19139826,"{'TREND_UP': 2, 'RANGE': 1}",,,,
profitable_after_fees,E_all_excluding_regime,hist_gradient,0.6,year,2021.0,8,3.9800995024875623,37.5,2.5388489899999995,0.31766119574979307,1.2038722242626227,0.31735612374999994,0.5174510060844217,-2.9541659100000004,5.4930149,"{'TREND_UP': 7, 'RANGE': 1}",,,,
profitable_after_fees,E_all_excluding_regime,hist_gradient,0.6,year,2022.0,1,0.4761904761904762,100.0,4.98517603,4.999998307462547,,4.98517603,0.0,4.98517603,0.0,{'TREND_UP': 1},,,,
profitable_after_fees,E_all_excluding_regime,hist_gradient,0.6,year,2023.0,3,1.3888888888888888,33.33333333333333,-4.40193219,-1.46731667771135,0.001784868803360248,-1.4673107300000001,0.4401932190000025,-2.70588285,-1.69604934,"{'TREND_UP': 2, 'RANGE': 1}",,,,
profitable_after_fees,E_all_excluding_regime,hist_gradient,0.6,year,2024.0,0,0.0,,0.0,,,,0.0,0.0,0.0,{},,,,
profitable_after_fees,E_all_excluding_regime,hist_gradient,0.6,aggregate,,15,1.4450867052023122,40.0,0.9743996199999994,0.06627560407197305,1.0405778670142685,0.06495997466666663,0.5191398260000029,2.368832319999999,-1.3944326999999994,"{'TREND_UP': 12, 'RANGE': 3}",0.0,-4.40193219,2.0,3.7113823721713737
profitable_after_fees,E_all_excluding_regime,hist_gradient,0.65,year,2020.0,1,0.4807692307692308,0.0,-1.95874171,-1.9570956942573121,0.0,-1.95874171,0.19587417100000265,-1.95874171,0.0,{'TREND_UP': 1},,,,
profitable_after_fees,E_all_excluding_regime,hist_gradient,0.65,year,2021.0,3,1.4925373134328357,33.33333333333333,-0.8366640100000006,-0.27874683092106495,0.8565898078155625,-0.2788880033333335,0.5189742929999965,-5.8340624000000005,4.99739839,{'TREND_UP': 3},,,,
profitable_after_fees,E_all_excluding_regime,hist_gradient,0.65,year,2022.0,0,0.0,,0.0,,,,0.0,0.0,0.0,{},,,,
profitable_after_fees,E_all_excluding_regime,hist_gradient,0.65,year,2023.0,0,0.0,,0.0,,,,0.0,0.0,0.0,{},,,,
profitable_after_fees,E_all_excluding_regime,hist_gradient,0.65,year,2024.0,0,0.0,,0.0,,,,0.0,0.0,0.0,{},,,,
profitable_after_fees,E_all_excluding_regime,hist_gradient,0.65,aggregate,,4,0.3853564547206166,25.0,-2.7954057200000006,-0.6983340467551268,0.6412837175757007,-0.6988514300000002,0.7148484639999992,-7.7928041100000005,4.99739839,{'TREND_UP': 4},0.0,-1.95874171,0.0,0.86223794921142
profitable_after_fees,E_all_excluding_regime,hist_gradient,0.7,year,2020.0,0,0.0,,0.0,,,,0.0,0.0,0.0,{},,,,
profitable_after_fees,E_all_excluding_regime,hist_gradient,0.7,year,2021.0,0,0.0,,0.0,,,,0.0,0.0,0.0,{},,,,
profitable_after_fees,E_all_excluding_regime,hist_gradient,0.7,year,2022.0,0,0.0,,0.0,,,,0.0,0.0,0.0,{},,,,
profitable_after_fees,E_all_excluding_regime,hist_gradient,0.7,year,2023.0,0,0.0,,0.0,,,,0.0,0.0,0.0,{},,,,
profitable_after_fees,E_all_excluding_regime,hist_gradient,0.7,year,2024.0,0,0.0,,0.0,,,,0.0,0.0,0.0,{},,,,
profitable_after_fees,E_all_excluding_regime,hist_gradient,0.7,aggregate,,0,0.0,,0.0,,,,0.0,0.0,0.0,{},0.0,0.0,0.0,0.0
profitable_after_fees,E_all_excluding_regime,logistic,0.5,year,2020.0,23,11.057692307692307,47.82608695652174,21.289953650000005,0.9245952048670353,1.7019814991637836,0.9256501586956524,0.8575062789212086,8.238317430000002,13.051636219999999,"{'TREND_UP': 13, 'RANGE': 6, 'HIGH_VOLATILITY': 4}",,,,
profitable_after_fees,E_all_excluding_regime,logistic,0.5,year,2021.0,53,26.368159203980102,47.16981132075472,33.30727642,0.628701776030298,1.423527622895406,0.6284391777358491,1.3612055123187936,31.70746479,1.5998116300000027,"{'HIGH_VOLATILITY': 25, 'TREND_UP': 19, 'RANGE': 9}",,,,
profitable_after_fees,E_all_excluding_regime,logistic,0.5,year,2022.0,20,9.523809523809524,30.0,-4.916718930000001,-0.24516644058080853,0.8131201675695712,-0.24583594650000004,1.773923465469885,-6.63034787,1.71362894,"{'TREND_UP': 13, 'HIGH_VOLATILITY': 4, 'RANGE': 3}",,,,
profitable_after_fees,E_all_excluding_regime,logistic,0.5,year,2023.0,5,2.314814814814815,40.0,-11.54238104,-2.310948303541322,0.049176614542797384,-2.308476208,1.1550251959999969,-5.17919002,-6.3631910199999995,"{'TREND_UP': 4, 'RANGE': 1}",,,,
profitable_after_fees,E_all_excluding_regime,logistic,0.5,year,2024.0,9,4.433497536945813,44.44444444444444,-3.8646534900000002,-0.429786540346116,0.7605346229045142,-0.4294059433333334,1.411643802683262,-4.207335960000001,0.34268246999999996,"{'TREND_UP': 7, 'HIGH_VOLATILITY': 1, 'RANGE': 1}",,,,
profitable_after_fees,E_all_excluding_regime,logistic,0.5,aggregate,,110,10.597302504816955,43.63636363636363,34.27347660999999,0.31146122408281623,1.2095488247980095,0.31157706009090896,3.343546249122991,23.928908369999995,10.344568240000001,"{'TREND_UP': 56, 'HIGH_VOLATILITY': 34, 'RANGE': 20}",-3.8646534900000002,-11.54238104,2.0,19.36516705877549
profitable_after_fees,E_all_excluding_regime,logistic,0.55,year,2020.0,13,6.25,46.15384615384615,15.708810800000002,1.2073985179993478,2.0973154150863142,1.2083700615384616,0.772760349645938,-3.1687148300000008,18.87752563,"{'TREND_UP': 8, 'HIGH_VOLATILITY': 3, 'RANGE': 2}",,,,
profitable_after_fees,E_all_excluding_regime,logistic,0.55,year,2021.0,37,18.407960199004975,45.94594594594595,18.908584400000002,0.5107354717227102,1.3415508737558768,0.5110428216216217,2.0042652703230015,17.567264849999997,1.3413195500000028,"{'HIGH_VOLATILITY': 20, 'TREND_UP': 13, 'RANGE': 4}",,,,
profitable_after_fees,E_all_excluding_regime,logistic,0.55,year,2022.0,10,4.761904761904762,40.0,3.1401866999999983,0.31585103031170914,1.2385093665034665,0.31401866999999983,0.7618215964116613,0.9992723499999996,2.14091435,"{'TREND_UP': 6, 'HIGH_VOLATILITY': 3, 'RANGE': 1}",,,,
profitable_after_fees,E_all_excluding_regime,logistic,0.55,year,2023.0,2,0.9259259259259258,50.0,-5.1713191,-2.5909595687703213,0.0015197202592694215,-2.58565955,0.5179190019999964,-5.17919002,0.00787092,{'TREND_UP': 2},,,,
profitable_after_fees,E_all_excluding_regime,logistic,0.55,year,2024.0,3,1.477832512315271,66.66666666666666,1.1606375699999996,0.38497724068239536,1.2239755563082488,0.3868791899999999,0.5156204909222273,-5.1819832,6.34262077,{'TREND_UP': 3},,,,
profitable_after_fees,E_all_excluding_regime,logistic,0.55,aggregate,,65,6.262042389210019,46.15384615384615,33.74690037,0.5188448626977757,1.3620768594400752,0.5191830826153846,1.9740541277767545,5.0366491500000015,28.710251220000004,"{'TREND_UP': 32, 'HIGH_VOLATILITY': 26, 'RANGE': 7}",3.1401866999999983,-5.1713191,4.0,10.179403680463754
profitable_after_fees,E_all_excluding_regime,logistic,0.6,year,2020.0,6,2.8846153846153846,50.0,7.048248979999999,1.1738532454779382,1.8850729508480608,1.1747081633333332,0.772760349645938,-2.9604896100000007,10.00873859,"{'TREND_UP': 3, 'HIGH_VOLATILITY': 3}",,,,
profitable_after_fees,E_all_excluding_regime,logistic,0.6,year,2021.0,24,11.940298507462686,45.83333333333333,8.287708510000002,0.34615290182592273,1.210625122191583,0.3453211879166667,2.2710419506844435,13.20802213,-4.920313619999997,"{'HIGH_VOLATILITY': 16, 'TREND_UP': 8}",,,,
profitable_after_fees,E_all_excluding_regime,logistic,0.6,year,2022.0,6,2.857142857142857,50.0,5.318784160000002,0.8895731030770251,1.5503770339152907,0.8864640266666669,0.608644945794013,1.468518,3.8502661600000003,"{'TREND_UP': 3, 'HIGH_VOLATILITY': 2, 'RANGE': 1}",,,,
profitable_after_fees,E_all_excluding_regime,logistic,0.6,year,2023.0,0,0.0,,0.0,,,,0.0,0.0,0.0,{},,,,
profitable_after_fees,E_all_excluding_regime,logistic,0.6,year,2024.0,1,0.49261083743842365,100.0,4.99946981,4.999831854524361,,4.99946981,0.0,0.0,4.99946981,{'TREND_UP': 1},,,,
profitable_after_fees,E_all_excluding_regime,logistic,0.6,aggregate,,37,3.5645472061657033,48.64864864864865,25.65421146000001,0.6942718808020617,1.4502673679159508,0.6933570664864868,2.2555061915196486,11.71605052,13.938160940000001,"{'HIGH_VOLATILITY': 21, 'TREND_UP': 15, 'RANGE': 1}",5.318784160000002,0.0,4.0,3.163082998661541
profitable_after_fees,E_all_excluding_regime,logistic,0.65,year,2020.0,5,2.403846153846154,60.0,9.61977049,1.9224272321347526,2.784100196344725,1.923954098,0.5168384303321457,-0.3889681000000005,10.00873859,"{'TREND_UP': 3, 'HIGH_VOLATILITY': 2}",,,,
profitable_after_fees,E_all_excluding_regime,logistic,0.65,year,2021.0,9,4.477611940298507,33.33333333333333,-5.2585605399999995,-0.583316299131641,0.7402985284939296,-0.5842845044444444,1.020336258850981,7.6830118999999995,-12.94157244,"{'HIGH_VOLATILITY': 7, 'TREND_UP': 2}",,,,
profitable_after_fees,E_all_excluding_regime,logistic,0.65,year,2022.0,5,2.380952380952381,60.0,8.835442190000002,1.770545093256289,2.4373037331667358,1.7670884380000005,0.608644945794013,4.98517603,3.8502661600000003,"{'TREND_UP': 3, 'HIGH_VOLATILITY': 2}",,,,
profitable_after_fees,E_all_excluding_regime,logistic,0.65,year,2023.0,0,0.0,,0.0,,,,0.0,0.0,0.0,{},,,,
profitable_after_fees,E_all_excluding_regime,logistic,0.65,year,2024.0,0,0.0,,0.0,,,,0.0,0.0,0.0,{},,,,
profitable_after_fees,E_all_excluding_regime,logistic,0.65,aggregate,,19,1.8304431599229287,47.368421052631575,13.19665214,0.6955271018300231,1.4151501477493897,0.6945606389473684,1.0106622491543533,12.279219829999999,0.9174323100000015,"{'HIGH_VOLATILITY': 11, 'TREND_UP': 8}",0.0,-5.2585605399999995,2.0,6.391931562233724
profitable_after_fees,E_all_excluding_regime,logistic,0.7,year,2020.0,1,0.4807692307692308,100.0,5.0029771,5.0000367359967175,,5.0029771,0.0,5.0029771,0.0,{'HIGH_VOLATILITY': 1},,,,
profitable_after_fees,E_all_excluding_regime,logistic,0.7,year,2021.0,5,2.4875621890547266,20.0,-12.87964049,-2.5751657102817758,0.27935439127531636,-2.575928098,1.2879640490000042,2.6872361399999996,-15.56687663,"{'HIGH_VOLATILITY': 4, 'TREND_UP': 1}",,,,
profitable_after_fees,E_all_excluding_regime,logistic,0.7,year,2022.0,4,1.9047619047619049,50.0,3.839608620000001,0.9632379858878689,1.6246075391304415,0.9599021550000002,0.608644945794013,4.98517603,-1.14556741,"{'TREND_UP': 2, 'HIGH_VOLATILITY': 2}",,,,
profitable_after_fees,E_all_excluding_regime,logistic,0.7,year,2023.0,0,0.0,,0.0,,,,0.0,0.0,0.0,{},,,,
profitable_after_fees,E_all_excluding_regime,logistic,0.7,year,2024.0,0,0.0,,0.0,,,,0.0,0.0,0.0,{},,,,
profitable_after_fees,E_all_excluding_regime,logistic,0.7,aggregate,,10,0.9633911368015413,40.0,-4.037054769999999,-0.4022839871860686,0.8319266281865245,-0.4037054769999999,1.2815524713334632,12.67538927,-16.71244404,"{'HIGH_VOLATILITY': 7, 'TREND_UP': 3}",0.0,-12.87964049,2.0,7.113331693488541
profitable_after_fees,F_all_excluding_calendar,dummy,0.5,year,2020.0,0,0.0,,0.0,,,,0.0,0.0,0.0,{},,,,
profitable_after_fees,F_all_excluding_calendar,dummy,0.5,year,2021.0,0,0.0,,0.0,,,,0.0,0.0,0.0,{},,,,
profitable_after_fees,F_all_excluding_calendar,dummy,0.5,year,2022.0,0,0.0,,0.0,,,,0.0,0.0,0.0,{},,,,
profitable_after_fees,F_all_excluding_calendar,dummy,0.5,year,2023.0,0,0.0,,0.0,,,,0.0,0.0,0.0,{},,,,
profitable_after_fees,F_all_excluding_calendar,dummy,0.5,year,2024.0,0,0.0,,0.0,,,,0.0,0.0,0.0,{},,,,
profitable_after_fees,F_all_excluding_calendar,dummy,0.5,aggregate,,0,0.0,,0.0,,,,0.0,0.0,0.0,{},0.0,0.0,0.0,0.0
profitable_after_fees,F_all_excluding_calendar,dummy,0.55,year,2020.0,0,0.0,,0.0,,,,0.0,0.0,0.0,{},,,,
profitable_after_fees,F_all_excluding_calendar,dummy,0.55,year,2021.0,0,0.0,,0.0,,,,0.0,0.0,0.0,{},,,,
profitable_after_fees,F_all_excluding_calendar,dummy,0.55,year,2022.0,0,0.0,,0.0,,,,0.0,0.0,0.0,{},,,,
profitable_after_fees,F_all_excluding_calendar,dummy,0.55,year,2023.0,0,0.0,,0.0,,,,0.0,0.0,0.0,{},,,,
profitable_after_fees,F_all_excluding_calendar,dummy,0.55,year,2024.0,0,0.0,,0.0,,,,0.0,0.0,0.0,{},,,,
profitable_after_fees,F_all_excluding_calendar,dummy,0.55,aggregate,,0,0.0,,0.0,,,,0.0,0.0,0.0,{},0.0,0.0,0.0,0.0
profitable_after_fees,F_all_excluding_calendar,dummy,0.6,year,2020.0,0,0.0,,0.0,,,,0.0,0.0,0.0,{},,,,
profitable_after_fees,F_all_excluding_calendar,dummy,0.6,year,2021.0,0,0.0,,0.0,,,,0.0,0.0,0.0,{},,,,
profitable_after_fees,F_all_excluding_calendar,dummy,0.6,year,2022.0,0,0.0,,0.0,,,,0.0,0.0,0.0,{},,,,
profitable_after_fees,F_all_excluding_calendar,dummy,0.6,year,2023.0,0,0.0,,0.0,,,,0.0,0.0,0.0,{},,,,
profitable_after_fees,F_all_excluding_calendar,dummy,0.6,year,2024.0,0,0.0,,0.0,,,,0.0,0.0,0.0,{},,,,
profitable_after_fees,F_all_excluding_calendar,dummy,0.6,aggregate,,0,0.0,,0.0,,,,0.0,0.0,0.0,{},0.0,0.0,0.0,0.0
profitable_after_fees,F_all_excluding_calendar,dummy,0.65,year,2020.0,0,0.0,,0.0,,,,0.0,0.0,0.0,{},,,,
profitable_after_fees,F_all_excluding_calendar,dummy,0.65,year,2021.0,0,0.0,,0.0,,,,0.0,0.0,0.0,{},,,,
profitable_after_fees,F_all_excluding_calendar,dummy,0.65,year,2022.0,0,0.0,,0.0,,,,0.0,0.0,0.0,{},,,,
profitable_after_fees,F_all_excluding_calendar,dummy,0.65,year,2023.0,0,0.0,,0.0,,,,0.0,0.0,0.0,{},,,,
profitable_after_fees,F_all_excluding_calendar,dummy,0.65,year,2024.0,0,0.0,,0.0,,,,0.0,0.0,0.0,{},,,,
profitable_after_fees,F_all_excluding_calendar,dummy,0.65,aggregate,,0,0.0,,0.0,,,,0.0,0.0,0.0,{},0.0,0.0,0.0,0.0
profitable_after_fees,F_all_excluding_calendar,dummy,0.7,year,2020.0,0,0.0,,0.0,,,,0.0,0.0,0.0,{},,,,
profitable_after_fees,F_all_excluding_calendar,dummy,0.7,year,2021.0,0,0.0,,0.0,,,,0.0,0.0,0.0,{},,,,
profitable_after_fees,F_all_excluding_calendar,dummy,0.7,year,2022.0,0,0.0,,0.0,,,,0.0,0.0,0.0,{},,,,
profitable_after_fees,F_all_excluding_calendar,dummy,0.7,year,2023.0,0,0.0,,0.0,,,,0.0,0.0,0.0,{},,,,
profitable_after_fees,F_all_excluding_calendar,dummy,0.7,year,2024.0,0,0.0,,0.0,,,,0.0,0.0,0.0,{},,,,
profitable_after_fees,F_all_excluding_calendar,dummy,0.7,aggregate,,0,0.0,,0.0,,,,0.0,0.0,0.0,{},0.0,0.0,0.0,0.0
profitable_after_fees,F_all_excluding_calendar,forest,0.5,year,2020.0,0,0.0,,0.0,,,,0.0,0.0,0.0,{},,,,
profitable_after_fees,F_all_excluding_calendar,forest,0.5,year,2021.0,34,16.91542288557214,47.05882352941176,13.176773740000002,0.3875643674169721,1.2504031127013027,0.38755216882352944,1.9189044332982679,25.53312428,-12.35635054,"{'TREND_UP': 21, 'HIGH_VOLATILITY': 11, 'RANGE': 2}",,,,
profitable_after_fees,F_all_excluding_calendar,forest,0.5,year,2022.0,11,5.238095238095238,36.36363636363637,-9.62494525,-0.8740370294780678,0.5575264499987376,-0.8749950227272727,2.1452843382179547,-5.08845848,-4.53648677,"{'TREND_UP': 5, 'HIGH_VOLATILITY': 3, 'RANGE': 3}",,,,
profitable_after_fees,F_all_excluding_calendar,forest,0.5,year,2023.0,7,3.2407407407407405,0.0,-13.282469410000001,-1.899086894713898,0.0,-1.89749563,1.3282469409999977,-11.196409860000001,-2.08605955,"{'TREND_UP': 6, 'RANGE': 1}",,,,
profitable_after_fees,F_all_excluding_calendar,forest,0.5,year,2024.0,2,0.9852216748768473,50.0,-3.84458928,-1.9223430489693734,0.25890867658400724,-1.92229464,0.5187740240000039,0.0,-3.84458928,"{'HIGH_VOLATILITY': 1, 'TREND_UP': 1}",,,,
profitable_after_fees,F_all_excluding_calendar,forest,0.5,aggregate,,54,5.202312138728324,38.88888888888889,-13.5752302,-0.2513983924632913,0.8537861603055192,-0.25139315185185185,3.997847553961939,9.24825594,-22.823486140000004,"{'TREND_UP': 33, 'HIGH_VOLATILITY': 15, 'RANGE': 6}",-3.84458928,-13.282469410000001,1.0,10.254443215303422
profitable_after_fees,F_all_excluding_calendar,forest,0.55,year,2020.0,0,0.0,,0.0,,,,0.0,0.0,0.0,{},,,,
profitable_after_fees,F_all_excluding_calendar,forest,0.55,year,2021.0,11,5.472636815920398,54.54545454545454,15.152543419999999,1.377619118149072,2.361351307333337,1.377503947272727,0.512619817917924,8.561995210000001,6.59054821,"{'TREND_UP': 9, 'HIGH_VOLATILITY': 2}",,,,
profitable_after_fees,F_all_excluding_calendar,forest,0.55,year,2022.0,5,2.380952380952381,40.0,-1.3532001099999995,-0.2673706838963989,0.8806706325776943,-0.2706400219999999,1.1227911219162467,-0.20763270000000045,-1.14556741,"{'HIGH_VOLATILITY': 3, 'TREND_UP': 2}",,,,
profitable_after_fees,F_all_excluding_calendar,forest,0.55,year,2023.0,2,0.9259259259259258,0.0,-1.84925411,-0.9246414949136808,0.0,-0.924627055,0.1849254109999947,0.0,-1.84925411,{'TREND_UP': 2},,,,
profitable_after_fees,F_all_excluding_calendar,forest,0.55,year,2024.0,0,0.0,,0.0,,,,0.0,0.0,0.0,{},,,,
profitable_after_fees,F_all_excluding_calendar,forest,0.55,aggregate,,18,1.7341040462427744,44.44444444444444,11.9500892,0.6648707716850244,1.4913725698992186,0.6638938444444444,1.286585696665258,8.354362510000001,3.5957266900000002,"{'TREND_UP': 13, 'HIGH_VOLATILITY': 5}",0.0,-1.84925411,1.0,7.181391526341706
profitable_after_fees,F_all_excluding_calendar,forest,0.6,year,2020.0,0,0.0,,0.0,,,,0.0,0.0,0.0,{},,,,
profitable_after_fees,F_all_excluding_calendar,forest,0.6,year,2021.0,2,0.9950248756218906,50.0,4.35307892,2.176781450883913,7.756087814636425,2.17653946,0.06411155601319068,-0.64431947,4.99739839,{'TREND_UP': 2},,,,
profitable_after_fees,F_all_excluding_calendar,forest,0.6,year,2022.0,3,1.4285714285714286,33.33333333333333,-5.38045227,-1.7929512946829946,0.4817577789345894,-1.79348409,1.0330449268377626,-5.19280873,-0.18764353999999983,"{'HIGH_VOLATILITY': 2, 'TREND_UP': 1}",,,,
profitable_after_fees,F_all_excluding_calendar,forest,0.6,year,2023.0,0,0.0,,0.0,,,,0.0,0.0,0.0,{},,,,
profitable_after_fees,F_all_excluding_calendar,forest,0.6,year,2024.0,0,0.0,,0.0,,,,0.0,0.0,0.0,{},,,,
profitable_after_fees,F_all_excluding_calendar,forest,0.6,aggregate,,5,0.48169556840077066,40.0,-1.0273733499999995,-0.2050581964562316,0.9068263630226485,-0.20547466999999991,1.028589678457534,-5.8371282,4.80975485,"{'TREND_UP': 3, 'HIGH_VOLATILITY': 2}",0.0,-5.38045227,1.0,3.452805508330815
profitable_after_fees,F_all_excluding_calendar,forest,0.65,year,2020.0,0,0.0,,0.0,,,,0.0,0.0,0.0,{},,,,
profitable_after_fees,F_all_excluding_calendar,forest,0.65,year,2021.0,0,0.0,,0.0,,,,0.0,0.0,0.0,{},,,,
profitable_after_fees,F_all_excluding_calendar,forest,0.65,year,2022.0,0,0.0,,0.0,,,,0.0,0.0,0.0,{},,,,
profitable_after_fees,F_all_excluding_calendar,forest,0.65,year,2023.0,0,0.0,,0.0,,,,0.0,0.0,0.0,{},,,,
profitable_after_fees,F_all_excluding_calendar,forest,0.65,year,2024.0,0,0.0,,0.0,,,,0.0,0.0,0.0,{},,,,
profitable_after_fees,F_all_excluding_calendar,forest,0.65,aggregate,,0,0.0,,0.0,,,,0.0,0.0,0.0,{},0.0,0.0,0.0,0.0
profitable_after_fees,F_all_excluding_calendar,forest,0.7,year,2020.0,0,0.0,,0.0,,,,0.0,0.0,0.0,{},,,,
profitable_after_fees,F_all_excluding_calendar,forest,0.7,year,2021.0,0,0.0,,0.0,,,,0.0,0.0,0.0,{},,,,
profitable_after_fees,F_all_excluding_calendar,forest,0.7,year,2022.0,0,0.0,,0.0,,,,0.0,0.0,0.0,{},,,,
profitable_after_fees,F_all_excluding_calendar,forest,0.7,year,2023.0,0,0.0,,0.0,,,,0.0,0.0,0.0,{},,,,
profitable_after_fees,F_all_excluding_calendar,forest,0.7,year,2024.0,0,0.0,,0.0,,,,0.0,0.0,0.0,{},,,,
profitable_after_fees,F_all_excluding_calendar,forest,0.7,aggregate,,0,0.0,,0.0,,,,0.0,0.0,0.0,{},0.0,0.0,0.0,0.0
profitable_after_fees,F_all_excluding_calendar,hist_gradient,0.5,year,2020.0,31,14.903846153846153,38.70967741935484,4.735629520000001,0.1521484566519533,1.1023034761895092,0.1527622425806452,1.1088640808336716,-13.01576093,17.751390450000002,"{'TREND_UP': 20, 'RANGE': 11}",,,,
profitable_after_fees,F_all_excluding_calendar,hist_gradient,0.5,year,2021.0,39,19.402985074626866,48.717948717948715,19.51312099,0.5015824847885527,1.3756346678499518,0.5003364356410257,1.7112041853597568,27.14399844,-7.630877449999997,"{'TREND_UP': 19, 'RANGE': 12, 'HIGH_VOLATILITY': 8}",,,,
profitable_after_fees,F_all_excluding_calendar,hist_gradient,0.5,year,2022.0,18,8.571428571428571,27.77777777777778,-16.49123477,-0.9157463711999254,0.5336258429280387,-0.9161797094444444,2.379480509163519,-5.360197520000001,-11.131037250000002,"{'TREND_UP': 12, 'RANGE': 3, 'HIGH_VOLATILITY': 3}",,,,
profitable_after_fees,F_all_excluding_calendar,hist_gradient,0.5,year,2023.0,13,6.018518518518518,7.6923076923076925,-24.850807080000006,-1.912074335710099,0.0003166266524712215,-1.9116005446153852,2.485080707999998,-10.88935365,-13.961453429999999,"{'TREND_UP': 8, 'RANGE': 5}",,,,
profitable_after_fees,F_all_excluding_calendar,hist_gradient,0.5,year,2024.0,7,3.4482758620689653,42.857142857142854,-0.6681279399999993,-0.09513368129778597,0.9442702459904478,-0.09544684857142847,0.8972870960000023,2.0048402500000004,-2.6729681899999997,"{'TREND_UP': 6, 'RANGE': 1}",,,,
profitable_after_fees,F_all_excluding_calendar,hist_gradient,0.5,aggregate,,108,10.404624277456648,37.03703703703704,-17.761419280000005,-0.16414831251805867,0.8957938387398009,-0.16445758592592596,5.890274138789383,-0.116473409999998,-17.644945870000004,"{'TREND_UP': 65, 'RANGE': 32, 'HIGH_VOLATILITY': 11}",-0.6681279399999993,-24.850807080000006,2.0,17.536136308091976
profitable_after_fees,F_all_excluding_calendar,hist_gradient,0.55,year,2020.0,16,7.6923076923076925,31.25,-6.732331120000002,-0.4212137252126204,0.7879491895307639,-0.42077069500000014,1.453809358992158,-16.0517717,9.319440579999998,"{'TREND_UP': 10, 'RANGE': 6}",,,,
profitable_after_fees,F_all_excluding_calendar,hist_gradient,0.55,year,2021.0,17,8.45771144278607,35.294117647058826,-9.741993829999998,-0.5741935935271995,0.7320715013871949,-0.5730584605882352,1.2462488169453447,-6.116008030000001,-3.625985799999999,"{'TREND_UP': 11, 'HIGH_VOLATILITY': 3, 'RANGE': 3}",,,,
profitable_after_fees,F_all_excluding_calendar,hist_gradient,0.55,year,2022.0,4,1.9047619047619049,75.0,11.473497680000001,2.8713603382751014,21.17685022026509,2.8683744200000003,0.05630237900902275,4.41652941,7.0569682700000005,"{'TREND_UP': 3, 'RANGE': 1}",,,,
profitable_after_fees,F_all_excluding_calendar,hist_gradient,0.55,year,2023.0,7,3.2407407407407405,14.285714285714285,-14.43881819,-2.063650420736949,0.0005448251803627273,-2.062688312857143,1.4438818190000007,-5.369534010000001,-9.06928418,"{'TREND_UP': 4, 'RANGE': 3}",,,,
profitable_after_fees,F_all_excluding_calendar,hist_gradient,0.55,year,2024.0,1,0.49261083743842365,0.0,-3.01584049,-3.0285399608521404,0.0,-3.01584049,0.30158404899999597,-3.01584049,0.0,{'RANGE': 1},,,,
profitable_after_fees,F_all_excluding_calendar,hist_gradient,0.55,aggregate,,45,4.335260115606936,33.33333333333333,-22.45548595,-0.499763605472771,0.7393148874658119,-0.4990107988888889,3.013768534047576,-26.136624820000005,3.6811388700000016,"{'TREND_UP': 28, 'RANGE': 14, 'HIGH_VOLATILITY': 3}",-6.732331120000002,-14.43881819,1.0,9.856430259491932
profitable_after_fees,F_all_excluding_calendar,hist_gradient,0.6,year,2020.0,3,1.4423076923076923,33.33333333333333,-2.1470478700000006,-0.7156031677891023,0.6996923585352772,-0.7156826233333335,0.5190752920000022,-2.1470478700000006,0.0,"{'TREND_UP': 2, 'RANGE': 1}",,,,
profitable_after_fees,F_all_excluding_calendar,hist_gradient,0.6,year,2021.0,7,3.482587064676617,57.14285714285714,14.788580480000002,2.1125555877867455,3.8414633022328224,2.1126543542857146,0.3038204780825164,2.23557702,12.553003460000001,"{'TREND_UP': 6, 'RANGE': 1}",,,,
profitable_after_fees,F_all_excluding_calendar,hist_gradient,0.6,year,2022.0,0,0.0,,0.0,,,,0.0,0.0,0.0,{},,,,
profitable_after_fees,F_all_excluding_calendar,hist_gradient,0.6,year,2023.0,2,0.9259259259259258,50.0,-2.6980119300000003,-1.3490305703445937,0.0029088177265323956,-1.3490059650000001,0.27058615523801566,-2.70588285,0.00787092,"{'TREND_UP': 1, 'RANGE': 1}",,,,
profitable_after_fees,F_all_excluding_calendar,hist_gradient,0.6,year,2024.0,0,0.0,,0.0,,,,0.0,0.0,0.0,{},,,,
profitable_after_fees,F_all_excluding_calendar,hist_gradient,0.6,aggregate,,12,1.1560693641618496,50.0,9.94352068,0.8285848725375603,1.6602628586797477,0.8286267233333334,0.57008457193389,-2.6173537000000007,12.560874380000001,"{'TREND_UP': 9, 'RANGE': 3}",0.0,-2.6980119300000003,1.0,7.2597602377973445
profitable_after_fees,F_all_excluding_calendar,hist_gradient,0.65,year,2020.0,0,0.0,,0.0,,,,0.0,0.0,0.0,{},,,,
profitable_after_fees,F_all_excluding_calendar,hist_gradient,0.65,year,2021.0,1,0.4975124378109453,100.0,4.99739839,4.999898181443933,,4.99739839,0.0,0.0,4.99739839,{'TREND_UP': 1},,,,
profitable_after_fees,F_all_excluding_calendar,hist_gradient,0.65,year,2022.0,0,0.0,,0.0,,,,0.0,0.0,0.0,{},,,,
profitable_after_fees,F_all_excluding_calendar,hist_gradient,0.65,year,2023.0,0,0.0,,0.0,,,,0.0,0.0,0.0,{},,,,
profitable_after_fees,F_all_excluding_calendar,hist_gradient,0.65,year,2024.0,0,0.0,,0.0,,,,0.0,0.0,0.0,{},,,,
profitable_after_fees,F_all_excluding_calendar,hist_gradient,0.65,aggregate,,1,0.09633911368015415,100.0,4.99739839,4.999898181443933,,4.99739839,0.0,0.0,4.99739839,{'TREND_UP': 1},0.0,0.0,1.0,2.234904502137601
profitable_after_fees,F_all_excluding_calendar,hist_gradient,0.7,year,2020.0,0,0.0,,0.0,,,,0.0,0.0,0.0,{},,,,
profitable_after_fees,F_all_excluding_calendar,hist_gradient,0.7,year,2021.0,0,0.0,,0.0,,,,0.0,0.0,0.0,{},,,,
profitable_after_fees,F_all_excluding_calendar,hist_gradient,0.7,year,2022.0,0,0.0,,0.0,,,,0.0,0.0,0.0,{},,,,
profitable_after_fees,F_all_excluding_calendar,hist_gradient,0.7,year,2023.0,0,0.0,,0.0,,,,0.0,0.0,0.0,{},,,,
profitable_after_fees,F_all_excluding_calendar,hist_gradient,0.7,year,2024.0,0,0.0,,0.0,,,,0.0,0.0,0.0,{},,,,
profitable_after_fees,F_all_excluding_calendar,hist_gradient,0.7,aggregate,,0,0.0,,0.0,,,,0.0,0.0,0.0,{},0.0,0.0,0.0,0.0
profitable_after_fees,F_all_excluding_calendar,logistic,0.5,year,2020.0,26,12.5,53.84615384615385,32.36854167,1.2435731359435027,2.0579069164222825,1.2449439103846154,0.8478185238611251,6.33817665,26.03036502,"{'TREND_UP': 15, 'RANGE': 6, 'HIGH_VOLATILITY': 5}",,,,
profitable_after_fees,F_all_excluding_calendar,logistic,0.5,year,2021.0,63,31.343283582089555,49.2063492063492,35.13928405000001,0.5581579378726909,1.3473014828528,0.5577664134920636,1.979461547998378,36.215014020000005,-1.0757299699999954,"{'HIGH_VOLATILITY': 40, 'TREND_UP': 18, 'RANGE': 5}",,,,
profitable_after_fees,F_all_excluding_calendar,logistic,0.5,year,2022.0,21,10.0,42.857142857142854,6.45634778,0.3078150821093131,1.2481545676272838,0.3074451323809524,1.7431724872705328,3.84969895,2.606648829999999,"{'TREND_UP': 12, 'RANGE': 6, 'HIGH_VOLATILITY': 3}",,,,
profitable_after_fees,F_all_excluding_calendar,logistic,0.5,year,2023.0,6,2.7777777777777777,16.666666666666664,-13.02595213,-2.172918735277397,0.000603884214923418,-2.1709920216666667,1.3025952129999951,-6.5767042,-6.44924793,"{'RANGE': 4, 'TREND_UP': 2}",,,,
profitable_after_fees,F_all_excluding_calendar,logistic,0.5,year,2024.0,10,4.926108374384237,60.0,1.7034194400000002,0.16881706370312563,1.1067993342440976,0.17034194400000002,1.5777168237017465,-2.5147677600000002,4.2181872,"{'RANGE': 5, 'TREND_UP': 4, 'HIGH_VOLATILITY': 1}",,,,
profitable_after_fees,F_all_excluding_calendar,logistic,0.5,aggregate,,126,12.138728323699421,48.41269841269841,62.64164081000001,0.4969176711918497,1.3353841273174492,0.49715587944444456,2.279212417837065,37.311417660000004,25.330223150000002,"{'TREND_UP': 51, 'HIGH_VOLATILITY': 49, 'RANGE': 26}",6.45634778,-13.02595213,4.0,20.68790850988345
profitable_after_fees,F_all_excluding_calendar,logistic,0.55,year,2020.0,16,7.6923076923076925,68.75,45.40933443,2.8360014486288083,5.714266901286466,2.838083401875,0.772760349645938,15.382079150000001,30.027255280000002,"{'TREND_UP': 9, 'HIGH_VOLATILITY': 4, 'RANGE': 3}",,,,
profitable_after_fees,F_all_excluding_calendar,logistic,0.55,year,2021.0,51,25.37313432835821,49.01960784313725,30.898478040000008,0.6057615057063741,1.3760087841039623,0.6058525105882354,1.696926283817903,34.01503300000001,-3.116554959999999,"{'HIGH_VOLATILITY': 37, 'TREND_UP': 12, 'RANGE': 2}",,,,
profitable_after_fees,F_all_excluding_calendar,logistic,0.55,year,2022.0,12,5.714285714285714,33.33333333333333,-2.0817649300000016,-0.172155552863056,0.8867857561245152,-0.17348041083333346,1.2784163598789728,0.9992723499999996,-3.0810372800000003,"{'TREND_UP': 8, 'HIGH_VOLATILITY': 3, 'RANGE': 1}",,,,
profitable_after_fees,F_all_excluding_calendar,logistic,0.55,year,2023.0,2,0.9259259259259258,0.0,-2.9468495499999996,-1.4741064026458197,0.0,-1.4734247749999998,0.2946849550000024,0.0,-2.9468495499999996,{'RANGE': 2},,,,
profitable_after_fees,F_all_excluding_calendar,logistic,0.55,year,2024.0,2,0.9852216748768473,100.0,1.71466917,0.8587014696586678,,0.857334585,0.0,0.37151821,1.34315096,"{'RANGE': 1, 'TREND_UP': 1}",,,,
profitable_after_fees,F_all_excluding_calendar,logistic,0.55,aggregate,,83,7.996146435452794,50.602409638554214,72.99386716000001,0.8791949815512654,1.645153328227831,0.8794441826506025,1.6256043928683432,50.767902709999994,22.225964450000003,"{'HIGH_VOLATILITY': 44, 'TREND_UP': 30, 'RANGE': 9}",1.71466917,-2.9468495499999996,3.0,22.17577748257241
profitable_after_fees,F_all_excluding_calendar,logistic,0.6,year,2020.0,8,3.8461538461538463,50.0,10.745017,1.3420041203199407,2.1588099790738124,1.343127125,0.772760349645938,-4.269481020000001,15.014498020000001,"{'TREND_UP': 4, 'HIGH_VOLATILITY': 4}",,,,
profitable_after_fees,F_all_excluding_calendar,logistic,0.6,year,2021.0,43,21.393034825870647,48.837209302325576,17.371816629999994,0.4039674910410385,1.2294577586131266,0.40399573558139523,2.1537640455881557,21.84062889,-4.468812259999998,"{'HIGH_VOLATILITY': 33, 'TREND_UP': 9, 'RANGE': 1}",,,,
profitable_after_fees,F_all_excluding_calendar,logistic,0.6,year,2022.0,7,3.3333333333333335,42.857142857142854,2.5382925200000015,0.3653232558699385,1.203970932898457,0.3626132171428574,0.7374898025044004,1.468518,1.0697745200000002,"{'TREND_UP': 4, 'HIGH_VOLATILITY': 2, 'RANGE': 1}",,,,
profitable_after_fees,F_all_excluding_calendar,logistic,0.6,year,2023.0,0,0.0,,0.0,,,,0.0,0.0,0.0,{},,,,
profitable_after_fees,F_all_excluding_calendar,logistic,0.6,year,2024.0,1,0.49261083743842365,100.0,1.34315096,1.3448970344402256,,1.34315096,0.0,0.0,1.34315096,{'TREND_UP': 1},,,,
profitable_after_fees,F_all_excluding_calendar,logistic,0.6,aggregate,,59,5.684007707129094,49.152542372881356,31.99827711,0.5425219475059995,1.3284402167751201,0.5423436798305085,2.131468631414145,19.039665870000004,12.958611240000003,"{'HIGH_VOLATILITY': 39, 'TREND_UP': 18, 'RANGE': 2}",2.5382925200000015,0.0,4.0,7.4280623175462175
profitable_after_fees,F_all_excluding_calendar,logistic,0.65,year,2020.0,6,2.8846153846153846,50.0,7.0510446799999995,1.174237617074988,1.8854240165461806,1.1751741133333333,0.772760349645938,-2.9604896100000007,10.01153429,"{'HIGH_VOLATILITY': 4, 'TREND_UP': 2}",,,,
profitable_after_fees,F_all_excluding_calendar,logistic,0.65,year,2021.0,35,17.412935323383085,45.714285714285715,-0.2812444400000018,-0.00831206711918885,0.9960837154374897,-0.00803555542857148,2.678827646402955,7.1261359199999985,-7.407380359999998,"{'HIGH_VOLATILITY': 33, 'TREND_UP': 2}",,,,
profitable_after_fees,F_all_excluding_calendar,logistic,0.65,year,2022.0,6,2.857142857142857,50.0,5.318784160000002,0.8895731030770251,1.5503770339152907,0.8864640266666669,0.608644945794013,1.468518,3.8502661600000003,"{'TREND_UP': 3, 'HIGH_VOLATILITY': 2, 'RANGE': 1}",,,,
profitable_after_fees,F_all_excluding_calendar,logistic,0.65,year,2023.0,0,0.0,,0.0,,,,0.0,0.0,0.0,{},,,,
profitable_after_fees,F_all_excluding_calendar,logistic,0.65,year,2024.0,0,0.0,,0.0,,,,0.0,0.0,0.0,{},,,,
profitable_after_fees,F_all_excluding_calendar,logistic,0.65,aggregate,,47,4.527938342967245,46.808510638297875,12.088584399999995,0.2572753611008611,1.1351563913918072,0.2572039234042552,2.660565287264986,5.634164309999997,6.454420090000002,"{'HIGH_VOLATILITY': 39, 'TREND_UP': 7, 'RANGE': 1}",0.0,-0.2812444400000018,2.0,3.4949613694527963
profitable_after_fees,F_all_excluding_calendar,logistic,0.7,year,2020.0,4,1.9230769230769231,50.0,2.2439859899999997,0.5606516835407465,1.288996533557664,0.5609964974999999,0.7764750540000023,-2.7617734400000007,5.00575943,{'HIGH_VOLATILITY': 4},,,,
profitable_after_fees,F_all_excluding_calendar,logistic,0.7,year,2021.0,31,15.422885572139302,45.16129032258064,-2.6330495000000003,-0.08560957397595437,0.9589723271496916,-0.0849370806451613,1.9544105715734486,-2.86236315,0.2293136500000026,"{'HIGH_VOLATILITY': 30, 'TREND_UP': 1}",,,,
profitable_after_fees,F_all_excluding_calendar,logistic,0.7,year,2022.0,5,2.380952380952381,40.0,0.3229505900000009,0.06753301914643642,1.0334182742669134,0.06459011800000018,0.9568334450946708,1.468518,-1.14556741,"{'TREND_UP': 2, 'HIGH_VOLATILITY': 2, 'RANGE': 1}",,,,
profitable_after_fees,F_all_excluding_calendar,logistic,0.7,year,2023.0,0,0.0,,0.0,,,,0.0,0.0,0.0,{},,,,
profitable_after_fees,F_all_excluding_calendar,logistic,0.7,year,2024.0,0,0.0,,0.0,,,,0.0,0.0,0.0,{},,,,
profitable_after_fees,F_all_excluding_calendar,logistic,0.7,aggregate,,40,3.8535645472061653,45.0,-0.0661129200000019,-0.0018406240839855328,0.9991898526691467,-0.0016528230000000476,1.950108753285034,-4.155618590000001,4.089505670000002,"{'HIGH_VOLATILITY': 36, 'TREND_UP': 3, 'RANGE': 1}",0.0,-2.6330495000000003,2.0,1.7372280861123055
return_above_0_5_percent,A_all,dummy,0.5,year,2020.0,0,0.0,,0.0,,,,0.0,0.0,0.0,{},,,,
return_above_0_5_percent,A_all,dummy,0.5,year,2021.0,0,0.0,,0.0,,,,0.0,0.0,0.0,{},,,,
return_above_0_5_percent,A_all,dummy,0.5,year,2022.0,0,0.0,,0.0,,,,0.0,0.0,0.0,{},,,,
return_above_0_5_percent,A_all,dummy,0.5,year,2023.0,0,0.0,,0.0,,,,0.0,0.0,0.0,{},,,,
return_above_0_5_percent,A_all,dummy,0.5,year,2024.0,0,0.0,,0.0,,,,0.0,0.0,0.0,{},,,,
return_above_0_5_percent,A_all,dummy,0.5,aggregate,,0,0.0,,0.0,,,,0.0,0.0,0.0,{},0.0,0.0,0.0,0.0
return_above_0_5_percent,A_all,dummy,0.55,year,2020.0,0,0.0,,0.0,,,,0.0,0.0,0.0,{},,,,
return_above_0_5_percent,A_all,dummy,0.55,year,2021.0,0,0.0,,0.0,,,,0.0,0.0,0.0,{},,,,
return_above_0_5_percent,A_all,dummy,0.55,year,2022.0,0,0.0,,0.0,,,,0.0,0.0,0.0,{},,,,
return_above_0_5_percent,A_all,dummy,0.55,year,2023.0,0,0.0,,0.0,,,,0.0,0.0,0.0,{},,,,
return_above_0_5_percent,A_all,dummy,0.55,year,2024.0,0,0.0,,0.0,,,,0.0,0.0,0.0,{},,,,
return_above_0_5_percent,A_all,dummy,0.55,aggregate,,0,0.0,,0.0,,,,0.0,0.0,0.0,{},0.0,0.0,0.0,0.0
return_above_0_5_percent,A_all,dummy,0.6,year,2020.0,0,0.0,,0.0,,,,0.0,0.0,0.0,{},,,,
return_above_0_5_percent,A_all,dummy,0.6,year,2021.0,0,0.0,,0.0,,,,0.0,0.0,0.0,{},,,,
return_above_0_5_percent,A_all,dummy,0.6,year,2022.0,0,0.0,,0.0,,,,0.0,0.0,0.0,{},,,,
return_above_0_5_percent,A_all,dummy,0.6,year,2023.0,0,0.0,,0.0,,,,0.0,0.0,0.0,{},,,,
return_above_0_5_percent,A_all,dummy,0.6,year,2024.0,0,0.0,,0.0,,,,0.0,0.0,0.0,{},,,,
return_above_0_5_percent,A_all,dummy,0.6,aggregate,,0,0.0,,0.0,,,,0.0,0.0,0.0,{},0.0,0.0,0.0,0.0
return_above_0_5_percent,A_all,dummy,0.65,year,2020.0,0,0.0,,0.0,,,,0.0,0.0,0.0,{},,,,
return_above_0_5_percent,A_all,dummy,0.65,year,2021.0,0,0.0,,0.0,,,,0.0,0.0,0.0,{},,,,
return_above_0_5_percent,A_all,dummy,0.65,year,2022.0,0,0.0,,0.0,,,,0.0,0.0,0.0,{},,,,
return_above_0_5_percent,A_all,dummy,0.65,year,2023.0,0,0.0,,0.0,,,,0.0,0.0,0.0,{},,,,
return_above_0_5_percent,A_all,dummy,0.65,year,2024.0,0,0.0,,0.0,,,,0.0,0.0,0.0,{},,,,
return_above_0_5_percent,A_all,dummy,0.65,aggregate,,0,0.0,,0.0,,,,0.0,0.0,0.0,{},0.0,0.0,0.0,0.0
return_above_0_5_percent,A_all,dummy,0.7,year,2020.0,0,0.0,,0.0,,,,0.0,0.0,0.0,{},,,,
return_above_0_5_percent,A_all,dummy,0.7,year,2021.0,0,0.0,,0.0,,,,0.0,0.0,0.0,{},,,,
return_above_0_5_percent,A_all,dummy,0.7,year,2022.0,0,0.0,,0.0,,,,0.0,0.0,0.0,{},,,,
return_above_0_5_percent,A_all,dummy,0.7,year,2023.0,0,0.0,,0.0,,,,0.0,0.0,0.0,{},,,,
return_above_0_5_percent,A_all,dummy,0.7,year,2024.0,0,0.0,,0.0,,,,0.0,0.0,0.0,{},,,,
return_above_0_5_percent,A_all,dummy,0.7,aggregate,,0,0.0,,0.0,,,,0.0,0.0,0.0,{},0.0,0.0,0.0,0.0
return_above_0_5_percent,A_all,forest,0.5,year,2020.0,0,0.0,,0.0,,,,0.0,0.0,0.0,{},,,,
return_above_0_5_percent,A_all,forest,0.5,year,2021.0,17,8.45771144278607,64.70588235294117,32.20532993,1.895278656522837,3.689221522843259,1.894431172352941,0.5044740938874446,19.257148700000002,12.94818123,"{'TREND_UP': 12, 'HIGH_VOLATILITY': 5}",,,,
return_above_0_5_percent,A_all,forest,0.5,year,2022.0,10,4.761904761904762,20.0,-12.97030098,-1.2959569015452135,0.43502112983048763,-1.297030098,2.1563214580213304,-5.08845848,-7.8818425,"{'TREND_UP': 5, 'HIGH_VOLATILITY': 4, 'RANGE': 1}",,,,
return_above_0_5_percent,A_all,forest,0.5,year,2023.0,3,1.3888888888888888,0.0,-7.0284441300000005,-2.3463559912849528,0.0,-2.3428147100000003,0.7028444130000026,-5.17919002,-1.84925411,{'TREND_UP': 3},,,,
return_above_0_5_percent,A_all,forest,0.5,year,2024.0,1,0.49261083743842365,0.0,-5.18774024,-5.1895831323789725,0.0,-5.18774024,0.5187740240000039,0.0,-5.18774024,{'HIGH_VOLATILITY': 1},,,,
return_above_0_5_percent,A_all,forest,0.5,aggregate,,31,2.9865125240847785,41.935483870967744,7.01884458,0.22682313029684736,1.1488650733404042,0.22641434129032256,3.263129428844888,8.9895002,-1.9706556200000005,"{'TREND_UP': 20, 'HIGH_VOLATILITY': 10, 'RANGE': 1}",-5.18774024,-12.97030098,1.0,17.831648993086354
return_above_0_5_percent,A_all,forest,0.55,year,2020.0,0,0.0,,0.0,,,,0.0,0.0,0.0,{},,,,
return_above_0_5_percent,A_all,forest,0.55,year,2021.0,2,0.9950248756218906,50.0,4.35307892,2.176781450883913,7.756087814636425,2.17653946,0.06411155601319068,-0.64431947,4.99739839,{'TREND_UP': 2},,,,
return_above_0_5_percent,A_all,forest,0.55,year,2022.0,6,2.857142857142857,33.33333333333333,-6.5372906099999994,-1.087777268215364,0.6043792088554407,-1.089548435,1.63607409570423,-0.20763270000000045,-6.32965791,"{'TREND_UP': 3, 'HIGH_VOLATILITY': 3}",,,,
return_above_0_5_percent,A_all,forest,0.55,year,2023.0,0,0.0,,0.0,,,,0.0,0.0,0.0,{},,,,
return_above_0_5_percent,A_all,forest,0.55,year,2024.0,0,0.0,,0.0,,,,0.0,0.0,0.0,{},,,,
return_above_0_5_percent,A_all,forest,0.55,aggregate,,8,0.7707129094412332,37.5,-2.1842116899999997,-0.2716375884405445,0.8727776029263888,-0.27302646124999996,1.6290528205801391,-0.8519521700000006,-1.33225952,"{'TREND_UP': 5, 'HIGH_VOLATILITY': 3}",0.0,-6.5372906099999994,1.0,3.89651473954597
return_above_0_5_percent,A_all,forest,0.6,year,2020.0,0,0.0,,0.0,,,,0.0,0.0,0.0,{},,,,
return_above_0_5_percent,A_all,forest,0.6,year,2021.0,0,0.0,,0.0,,,,0.0,0.0,0.0,{},,,,
return_above_0_5_percent,A_all,forest,0.6,year,2022.0,1,0.4761904761904762,0.0,-5.18931,-5.189198315479255,0.0,-5.18931,0.5189309999999977,0.0,-5.18931,{'HIGH_VOLATILITY': 1},,,,
return_above_0_5_percent,A_all,forest,0.6,year,2023.0,0,0.0,,0.0,,,,0.0,0.0,0.0,{},,,,
return_above_0_5_percent,A_all,forest,0.6,year,2024.0,0,0.0,,0.0,,,,0.0,0.0,0.0,{},,,,
return_above_0_5_percent,A_all,forest,0.6,aggregate,,1,0.09633911368015415,0.0,-5.18931,-5.189198315479255,0.0,-5.18931,0.5189309999999977,0.0,-5.18931,{'HIGH_VOLATILITY': 1},0.0,-5.18931,0.0,2.320729983263887
return_above_0_5_percent,A_all,forest,0.65,year,2020.0,0,0.0,,0.0,,,,0.0,0.0,0.0,{},,,,
return_above_0_5_percent,A_all,forest,0.65,year,2021.0,0,0.0,,0.0,,,,0.0,0.0,0.0,{},,,,
return_above_0_5_percent,A_all,forest,0.65,year,2022.0,0,0.0,,0.0,,,,0.0,0.0,0.0,{},,,,
return_above_0_5_percent,A_all,forest,0.65,year,2023.0,0,0.0,,0.0,,,,0.0,0.0,0.0,{},,,,
return_above_0_5_percent,A_all,forest,0.65,year,2024.0,0,0.0,,0.0,,,,0.0,0.0,0.0,{},,,,
return_above_0_5_percent,A_all,forest,0.65,aggregate,,0,0.0,,0.0,,,,0.0,0.0,0.0,{},0.0,0.0,0.0,0.0
return_above_0_5_percent,A_all,forest,0.7,year,2020.0,0,0.0,,0.0,,,,0.0,0.0,0.0,{},,,,
return_above_0_5_percent,A_all,forest,0.7,year,2021.0,0,0.0,,0.0,,,,0.0,0.0,0.0,{},,,,
return_above_0_5_percent,A_all,forest,0.7,year,2022.0,0,0.0,,0.0,,,,0.0,0.0,0.0,{},,,,
return_above_0_5_percent,A_all,forest,0.7,year,2023.0,0,0.0,,0.0,,,,0.0,0.0,0.0,{},,,,
return_above_0_5_percent,A_all,forest,0.7,year,2024.0,0,0.0,,0.0,,,,0.0,0.0,0.0,{},,,,
return_above_0_5_percent,A_all,forest,0.7,aggregate,,0,0.0,,0.0,,,,0.0,0.0,0.0,{},0.0,0.0,0.0,0.0
return_above_0_5_percent,A_all,hist_gradient,0.5,year,2020.0,8,3.8461538461538463,25.0,-13.54472502,-1.6920217575937369,0.2844455230415235,-1.6930906275,1.8827619140631087,-18.54808662,5.0033616,"{'TREND_UP': 5, 'RANGE': 3}",,,,
return_above_0_5_percent,A_all,hist_gradient,0.5,year,2021.0,20,9.950248756218906,40.0,2.304937040000002,0.11553469657830037,1.0849796321226874,0.11524685200000011,1.1287296244953826,9.66181843,-7.35688139,"{'TREND_UP': 14, 'RANGE': 4, 'HIGH_VOLATILITY': 2}",,,,
return_above_0_5_percent,A_all,hist_gradient,0.5,year,2022.0,8,3.8095238095238098,25.0,-6.64305929,-0.8283108222877231,0.6005352660597616,-0.83038241125,1.529105678609179,-4.292937350000001,-2.35012194,"{'HIGH_VOLATILITY': 4, 'TREND_UP': 3, 'RANGE': 1}",,,,
return_above_0_5_percent,A_all,hist_gradient,0.5,year,2023.0,6,2.7777777777777777,16.666666666666664,-13.33375344,-2.2230045832262855,0.0005899521518232881,-2.2222922400000003,1.333375344000001,-2.70588285,-10.62787059,"{'TREND_UP': 4, 'RANGE': 2}",,,,
return_above_0_5_percent,A_all,hist_gradient,0.5,year,2024.0,3,1.477832512315271,33.33333333333333,-2.9918143699999997,-0.9965241225999013,0.6247375687328198,-0.9972714566666666,0.49567518100000146,-2.9918143699999997,0.0,"{'TREND_UP': 2, 'RANGE': 1}",,,,
return_above_0_5_percent,A_all,hist_gradient,0.5,aggregate,,45,4.335260115606936,31.11111111111111,-34.20841508000001,-0.7595459238809575,0.5927400728581385,-0.760187001777778,4.1335060565387955,-18.876902760000004,-15.33151232,"{'TREND_UP': 28, 'RANGE': 11, 'HIGH_VOLATILITY': 6}",-6.64305929,-13.54472502,1.0,6.811742598674171
return_above_0_5_percent,A_all,hist_gradient,0.55,year,2020.0,4,1.9230769230769231,25.0,-6.8506259300000005,-1.7120450454313725,0.42208257662980686,-1.7126564825000001,1.1794973014943921,-11.85398753,5.0033616,"{'TREND_UP': 3, 'RANGE': 1}",,,,
return_above_0_5_percent,A_all,hist_gradient,0.55,year,2021.0,5,2.4875621890547266,40.0,4.79549197,0.957599130038303,1.9214011086010048,0.959098394,0.3068328215756945,-2.7563532200000003,7.55184519,"{'TREND_UP': 4, 'RANGE': 1}",,,,
return_above_0_5_percent,A_all,hist_gradient,0.55,year,2022.0,3,1.4285714285714286,66.66666666666666,4.797532490000001,1.6036499288156776,1.9245029666757238,1.599177496666667,0.5137997626985282,4.98517603,-0.18764353999999983,"{'TREND_UP': 2, 'HIGH_VOLATILITY': 1}",,,,
return_above_0_5_percent,A_all,hist_gradient,0.55,year,2023.0,2,0.9259259259259258,0.0,-6.88866677,-3.4466497623709986,0.0,-3.444333385,0.6888666769999986,0.0,-6.88866677,{'TREND_UP': 2},,,,
return_above_0_5_percent,A_all,hist_gradient,0.55,year,2024.0,0,0.0,,0.0,,,,0.0,0.0,0.0,{},,,,
return_above_0_5_percent,A_all,hist_gradient,0.55,aggregate,,14,1.348747591522158,35.714285714285715,-4.146268240000001,-0.29589530498778144,0.8576951909444839,-0.2961620171428572,1.1982931648826671,-9.625164719999999,5.4788964799999995,"{'TREND_UP': 11, 'RANGE': 2, 'HIGH_VOLATILITY': 1}",0.0,-6.88866677,2.0,5.851486107482102
return_above_0_5_percent,A_all,hist_gradient,0.6,year,2020.0,0,0.0,,0.0,,,,0.0,0.0,0.0,{},,,,
return_above_0_5_percent,A_all,hist_gradient,0.6,year,2021.0,2,0.9950248756218906,50.0,2.5491865999999996,1.2762974786834005,2.041244311628774,1.2745932999999998,0.24360379379309646,0.0,2.5491865999999996,{'TREND_UP': 2},,,,
return_above_0_5_percent,A_all,hist_gradient,0.6,year,2022.0,1,0.4761904761904762,100.0,5.00166646,5.0001497944637405,,5.00166646,0.0,0.0,5.00166646,{'TREND_UP': 1},,,,
return_above_0_5_percent,A_all,hist_gradient,0.6,year,2023.0,0,0.0,,0.0,,,,0.0,0.0,0.0,{},,,,
return_above_0_5_percent,A_all,hist_gradient,0.6,year,2024.0,0,0.0,,0.0,,,,0.0,0.0,0.0,{},,,,
return_above_0_5_percent,A_all,hist_gradient,0.6,aggregate,,3,0.2890173410404624,66.66666666666666,7.55085306,2.517581583943514,4.084231965078478,2.51695102,0.24360379379309646,0.0,7.55085306,{'TREND_UP': 3},0.0,0.0,2.0,2.242317066784168
return_above_0_5_percent,A_all,hist_gradient,0.65,year,2020.0,0,0.0,,0.0,,,,0.0,0.0,0.0,{},,,,
return_above_0_5_percent,A_all,hist_gradient,0.65,year,2021.0,0,0.0,,0.0,,,,0.0,0.0,0.0,{},,,,
return_above_0_5_percent,A_all,hist_gradient,0.65,year,2022.0,0,0.0,,0.0,,,,0.0,0.0,0.0,{},,,,
return_above_0_5_percent,A_all,hist_gradient,0.65,year,2023.0,0,0.0,,0.0,,,,0.0,0.0,0.0,{},,,,
return_above_0_5_percent,A_all,hist_gradient,0.65,year,2024.0,0,0.0,,0.0,,,,0.0,0.0,0.0,{},,,,
return_above_0_5_percent,A_all,hist_gradient,0.65,aggregate,,0,0.0,,0.0,,,,0.0,0.0,0.0,{},0.0,0.0,0.0,0.0
return_above_0_5_percent,A_all,hist_gradient,0.7,year,2020.0,0,0.0,,0.0,,,,0.0,0.0,0.0,{},,,,
return_above_0_5_percent,A_all,hist_gradient,0.7,year,2021.0,0,0.0,,0.0,,,,0.0,0.0,0.0,{},,,,
return_above_0_5_percent,A_all,hist_gradient,0.7,year,2022.0,0,0.0,,0.0,,,,0.0,0.0,0.0,{},,,,
return_above_0_5_percent,A_all,hist_gradient,0.7,year,2023.0,0,0.0,,0.0,,,,0.0,0.0,0.0,{},,,,
return_above_0_5_percent,A_all,hist_gradient,0.7,year,2024.0,0,0.0,,0.0,,,,0.0,0.0,0.0,{},,,,
return_above_0_5_percent,A_all,hist_gradient,0.7,aggregate,,0,0.0,,0.0,,,,0.0,0.0,0.0,{},0.0,0.0,0.0,0.0
return_above_0_5_percent,A_all,logistic,0.5,year,2020.0,15,7.211538461538461,60.0,32.94857185000001,2.1941085606592785,3.726699795692811,2.196571456666667,0.5472161423604047,-2.0806256300000006,35.02919748,"{'TREND_UP': 11, 'HIGH_VOLATILITY': 3, 'RANGE': 1}",,,,
return_above_0_5_percent,A_all,logistic,0.5,year,2021.0,57,28.35820895522388,50.877192982456144,27.835274539999997,0.488278606250937,1.2729875010850913,0.48833814982456136,2.771811890997745,32.57056405,-4.735289509999996,"{'HIGH_VOLATILITY': 42, 'TREND_UP': 14, 'RANGE': 1}",,,,
return_above_0_5_percent,A_all,logistic,0.5,year,2022.0,14,6.666666666666667,35.714285714285715,1.8479531399999996,0.13335900244408289,1.0949647935899203,0.13199665285714282,1.1337580886946883,-0.06798782000000037,1.9159409600000004,"{'TREND_UP': 8, 'HIGH_VOLATILITY': 4, 'RANGE': 2}",,,,
return_above_0_5_percent,A_all,logistic,0.5,year,2023.0,0,0.0,,0.0,,,,0.0,0.0,0.0,{},,,,
return_above_0_5_percent,A_all,logistic,0.5,year,2024.0,2,0.9852216748768473,100.0,1.71466917,0.8587014696586678,,0.857334585,0.0,0.37151821,1.34315096,"{'RANGE': 1, 'TREND_UP': 1}",,,,
return_above_0_5_percent,A_all,logistic,0.5,aggregate,,88,8.477842003853564,51.13636363636363,64.3464687,0.7309992947696259,1.481965650034763,0.7312098715909091,2.687088316496729,30.793468809999993,33.55299989,"{'HIGH_VOLATILITY': 49, 'TREND_UP': 34, 'RANGE': 5}",1.8479531399999996,0.0,4.0,16.11421972986866
return_above_0_5_percent,A_all,logistic,0.55,year,2020.0,8,3.8461538461538463,87.5,32.454852200000005,4.054118331318294,13.620875257621314,4.056856525000001,0.25587131679499503,7.43153435,25.02331785,"{'TREND_UP': 5, 'HIGH_VOLATILITY': 3}",,,,
return_above_0_5_percent,A_all,logistic,0.55,year,2021.0,47,23.383084577114428,46.808510638297875,13.58718008,0.2891248439168051,1.1545042780827242,0.2890889378723404,2.198085122264936,31.101795709999998,-17.514615629999998,"{'HIGH_VOLATILITY': 38, 'TREND_UP': 9}",,,,
return_above_0_5_percent,A_all,logistic,0.55,year,2022.0,10,4.761904761904762,40.0,4.841555760000001,0.4861096111296012,1.3197360384765635,0.48415557600000014,0.8591876964061664,1.468518,3.3730377600000008,"{'TREND_UP': 5, 'HIGH_VOLATILITY': 3, 'RANGE': 2}",,,,
return_above_0_5_percent,A_all,logistic,0.55,year,2023.0,0,0.0,,0.0,,,,0.0,0.0,0.0,{},,,,
return_above_0_5_percent,A_all,logistic,0.55,year,2024.0,1,0.49261083743842365,100.0,1.34315096,1.3448970344402256,,1.34315096,0.0,0.0,1.34315096,{'TREND_UP': 1},,,,
return_above_0_5_percent,A_all,logistic,0.55,aggregate,,66,6.358381502890173,51.515151515151516,52.22673900000001,0.7913304160662487,1.4943169687867914,0.7913142272727274,2.1310810824777384,40.00184805999999,12.224890940000002,"{'HIGH_VOLATILITY': 44, 'TREND_UP': 20, 'RANGE': 2}",4.841555760000001,0.0,4.0,13.394468608477043
return_above_0_5_percent,A_all,logistic,0.6,year,2020.0,5,2.403846153846154,80.0,17.44617458,3.4865791920535454,7.784378241502635,3.489234916,0.2571521510000025,2.4314555899999997,15.014718990000002,"{'HIGH_VOLATILITY': 3, 'TREND_UP': 2}",,,,
return_above_0_5_percent,A_all,logistic,0.6,year,2021.0,41,20.398009950248756,46.34146341463415,9.829000859999999,0.23936534921478342,1.1281308340779266,0.2397317282926829,2.1706389289875494,21.956387560000003,-12.127386699999997,"{'HIGH_VOLATILITY': 37, 'TREND_UP': 4}",,,,
return_above_0_5_percent,A_all,logistic,0.6,year,2022.0,7,3.3333333333333335,42.857142857142854,0.12714657000000162,0.02111128920765886,1.008558871636692,0.018163795714285946,0.9762202342846407,1.468518,-1.3413714299999997,"{'TREND_UP': 3, 'HIGH_VOLATILITY': 3, 'RANGE': 1}",,,,
return_above_0_5_percent,A_all,logistic,0.6,year,2023.0,0,0.0,,0.0,,,,0.0,0.0,0.0,{},,,,
return_above_0_5_percent,A_all,logistic,0.6,year,2024.0,0,0.0,,0.0,,,,0.0,0.0,0.0,{},,,,
return_above_0_5_percent,A_all,logistic,0.6,aggregate,,53,5.105973025048169,49.056603773584904,27.40232201,0.5168802698590086,1.2910876172015922,0.5170249435849057,2.1345619342804363,25.856361149999998,1.54596086,"{'HIGH_VOLATILITY': 43, 'TREND_UP': 9, 'RANGE': 1}",0.12714657000000162,0.0,3.0,7.9186012231333445
return_above_0_5_percent,A_all,logistic,0.65,year,2020.0,3,1.4423076923076923,66.66666666666666,7.43721502,2.4774627954398905,3.892145755374218,2.4790716733333333,0.2571521510000025,2.4314555899999997,5.00575943,{'HIGH_VOLATILITY': 3},,,,
return_above_0_5_percent,A_all,logistic,0.65,year,2021.0,33,16.417910447761194,45.45454545454545,-2.9601550200000037,-0.09043348212977524,0.9574131172918346,-0.08970166727272738,1.9865664932205584,4.44722534,-7.407380359999998,"{'HIGH_VOLATILITY': 32, 'TREND_UP': 1}",,,,
return_above_0_5_percent,A_all,logistic,0.65,year,2022.0,5,2.380952380952381,40.0,0.3229505900000009,0.06753301914643642,1.0334182742669134,0.06459011800000018,0.9568334450946708,1.468518,-1.14556741,"{'TREND_UP': 2, 'HIGH_VOLATILITY': 2, 'RANGE': 1}",,,,
return_above_0_5_percent,A_all,logistic,0.65,year,2023.0,0,0.0,,0.0,,,,0.0,0.0,0.0,{},,,,
return_above_0_5_percent,A_all,logistic,0.65,year,2024.0,0,0.0,,0.0,,,,0.0,0.0,0.0,{},,,,
return_above_0_5_percent,A_all,logistic,0.65,aggregate,,41,3.94990366088632,46.34146341463415,4.800010589999998,0.11672557492120178,1.0587200188041441,0.11707342902439019,1.9721478993970691,8.34719893,-3.5471883399999973,"{'HIGH_VOLATILITY': 37, 'TREND_UP': 3, 'RANGE': 1}",0.0,-2.9601550200000037,2.0,3.8591113532426005
return_above_0_5_percent,A_all,logistic,0.7,year,2020.0,3,1.4423076923076923,66.66666666666666,7.43721502,2.4774627954398905,3.892145755374218,2.4790716733333333,0.2571521510000025,2.4314555899999997,5.00575943,{'HIGH_VOLATILITY': 3},,,,
return_above_0_5_percent,A_all,logistic,0.7,year,2021.0,31,15.422885572139302,48.38709677419355,7.418078959999997,0.2385505001125386,1.125452930677365,0.23929286967741928,1.548700203296316,4.44722534,2.9708536200000024,"{'HIGH_VOLATILITY': 30, 'TREND_UP': 1}",,,,
return_above_0_5_percent,A_all,logistic,0.7,year,2022.0,4,1.9047619047619049,50.0,3.839608620000001,0.9632379858878689,1.6246075391304415,0.9599021550000002,0.608644945794013,4.98517603,-1.14556741,"{'TREND_UP': 2, 'HIGH_VOLATILITY': 2}",,,,
return_above_0_5_percent,A_all,logistic,0.7,year,2023.0,0,0.0,,0.0,,,,0.0,0.0,0.0,{},,,,
return_above_0_5_percent,A_all,logistic,0.7,year,2024.0,0,0.0,,0.0,,,,0.0,0.0,0.0,{},,,,
return_above_0_5_percent,A_all,logistic,0.7,aggregate,,38,3.6608863198458574,50.0,18.694902600000002,0.4915896271936799,1.2755363587199302,0.49197112105263163,1.537459663771518,11.86385696,6.831045640000004,"{'HIGH_VOLATILITY': 35, 'TREND_UP': 3}",3.839608620000001,0.0,3.0,3.7142556596372445
return_above_0_5_percent,B_reduced,dummy,0.5,year,2020.0,0,0.0,,0.0,,,,0.0,0.0,0.0,{},,,,
return_above_0_5_percent,B_reduced,dummy,0.5,year,2021.0,0,0.0,,0.0,,,,0.0,0.0,0.0,{},,,,
return_above_0_5_percent,B_reduced,dummy,0.5,year,2022.0,0,0.0,,0.0,,,,0.0,0.0,0.0,{},,,,
return_above_0_5_percent,B_reduced,dummy,0.5,year,2023.0,0,0.0,,0.0,,,,0.0,0.0,0.0,{},,,,
return_above_0_5_percent,B_reduced,dummy,0.5,year,2024.0,0,0.0,,0.0,,,,0.0,0.0,0.0,{},,,,
return_above_0_5_percent,B_reduced,dummy,0.5,aggregate,,0,0.0,,0.0,,,,0.0,0.0,0.0,{},0.0,0.0,0.0,0.0
return_above_0_5_percent,B_reduced,dummy,0.55,year,2020.0,0,0.0,,0.0,,,,0.0,0.0,0.0,{},,,,
return_above_0_5_percent,B_reduced,dummy,0.55,year,2021.0,0,0.0,,0.0,,,,0.0,0.0,0.0,{},,,,
return_above_0_5_percent,B_reduced,dummy,0.55,year,2022.0,0,0.0,,0.0,,,,0.0,0.0,0.0,{},,,,
return_above_0_5_percent,B_reduced,dummy,0.55,year,2023.0,0,0.0,,0.0,,,,0.0,0.0,0.0,{},,,,
return_above_0_5_percent,B_reduced,dummy,0.55,year,2024.0,0,0.0,,0.0,,,,0.0,0.0,0.0,{},,,,
return_above_0_5_percent,B_reduced,dummy,0.55,aggregate,,0,0.0,,0.0,,,,0.0,0.0,0.0,{},0.0,0.0,0.0,0.0
return_above_0_5_percent,B_reduced,dummy,0.6,year,2020.0,0,0.0,,0.0,,,,0.0,0.0,0.0,{},,,,
return_above_0_5_percent,B_reduced,dummy,0.6,year,2021.0,0,0.0,,0.0,,,,0.0,0.0,0.0,{},,,,
return_above_0_5_percent,B_reduced,dummy,0.6,year,2022.0,0,0.0,,0.0,,,,0.0,0.0,0.0,{},,,,
return_above_0_5_percent,B_reduced,dummy,0.6,year,2023.0,0,0.0,,0.0,,,,0.0,0.0,0.0,{},,,,
return_above_0_5_percent,B_reduced,dummy,0.6,year,2024.0,0,0.0,,0.0,,,,0.0,0.0,0.0,{},,,,
return_above_0_5_percent,B_reduced,dummy,0.6,aggregate,,0,0.0,,0.0,,,,0.0,0.0,0.0,{},0.0,0.0,0.0,0.0
return_above_0_5_percent,B_reduced,dummy,0.65,year,2020.0,0,0.0,,0.0,,,,0.0,0.0,0.0,{},,,,
return_above_0_5_percent,B_reduced,dummy,0.65,year,2021.0,0,0.0,,0.0,,,,0.0,0.0,0.0,{},,,,
return_above_0_5_percent,B_reduced,dummy,0.65,year,2022.0,0,0.0,,0.0,,,,0.0,0.0,0.0,{},,,,
return_above_0_5_percent,B_reduced,dummy,0.65,year,2023.0,0,0.0,,0.0,,,,0.0,0.0,0.0,{},,,,
return_above_0_5_percent,B_reduced,dummy,0.65,year,2024.0,0,0.0,,0.0,,,,0.0,0.0,0.0,{},,,,
return_above_0_5_percent,B_reduced,dummy,0.65,aggregate,,0,0.0,,0.0,,,,0.0,0.0,0.0,{},0.0,0.0,0.0,0.0
return_above_0_5_percent,B_reduced,dummy,0.7,year,2020.0,0,0.0,,0.0,,,,0.0,0.0,0.0,{},,,,
return_above_0_5_percent,B_reduced,dummy,0.7,year,2021.0,0,0.0,,0.0,,,,0.0,0.0,0.0,{},,,,
return_above_0_5_percent,B_reduced,dummy,0.7,year,2022.0,0,0.0,,0.0,,,,0.0,0.0,0.0,{},,,,
return_above_0_5_percent,B_reduced,dummy,0.7,year,2023.0,0,0.0,,0.0,,,,0.0,0.0,0.0,{},,,,
return_above_0_5_percent,B_reduced,dummy,0.7,year,2024.0,0,0.0,,0.0,,,,0.0,0.0,0.0,{},,,,
return_above_0_5_percent,B_reduced,dummy,0.7,aggregate,,0,0.0,,0.0,,,,0.0,0.0,0.0,{},0.0,0.0,0.0,0.0
return_above_0_5_percent,B_reduced,forest,0.5,year,2020.0,0,0.0,,0.0,,,,0.0,0.0,0.0,{},,,,
return_above_0_5_percent,B_reduced,forest,0.5,year,2021.0,14,6.965174129353234,42.857142857142854,7.63644471,0.5457585108545556,1.3416378971011542,0.5454603364285714,1.1262265919052465,12.70873478,-5.07229007,"{'TREND_UP': 9, 'HIGH_VOLATILITY': 5}",,,,
return_above_0_5_percent,B_reduced,forest,0.5,year,2022.0,13,6.190476190476191,38.46153846153847,-10.67767374,-0.8201719501384266,0.6159269182775923,-0.8213595184615384,2.1327955265262424,-5.08845848,-5.58921526,"{'HIGH_VOLATILITY': 5, 'TREND_UP': 5, 'RANGE': 3}",,,,
return_above_0_5_percent,B_reduced,forest,0.5,year,2023.0,5,2.314814814814815,20.0,-8.28548406,-1.6594863131574995,0.0009490634392210714,-1.657096812,0.8285484060000045,-6.44410087,-1.8413831900000002,{'TREND_UP': 5},,,,
return_above_0_5_percent,B_reduced,forest,0.5,year,2024.0,1,0.49261083743842365,0.0,-5.18774024,-5.1895831323789725,0.0,-5.18774024,0.5187740240000039,0.0,-5.18774024,{'HIGH_VOLATILITY': 1},,,,
return_above_0_5_percent,B_reduced,forest,0.5,aggregate,,33,3.1791907514450863,36.36363636363637,-16.514453329999995,-0.5002615423637041,0.7404803702765292,-0.5004379796969696,3.2401199369367077,1.176175429999999,-17.690628760000003,"{'TREND_UP': 19, 'HIGH_VOLATILITY': 11, 'RANGE': 3}",-5.18774024,-10.67767374,1.0,7.303157971988082
return_above_0_5_percent,B_reduced,forest,0.55,year,2020.0,0,0.0,,0.0,,,,0.0,0.0,0.0,{},,,,
return_above_0_5_percent,B_reduced,forest,0.55,year,2021.0,3,1.4925373134328357,33.33333333333333,3.5078882499999997,1.169237641373279,3.355061678197101,1.1692960833333332,0.14821034784629092,-1.4895101400000001,4.99739839,{'TREND_UP': 3},,,,
return_above_0_5_percent,B_reduced,forest,0.55,year,2022.0,6,2.857142857142857,33.33333333333333,-6.5372906099999994,-1.087777268215364,0.6043792088554407,-1.089548435,1.63607409570423,-0.20763270000000045,-6.32965791,"{'TREND_UP': 3, 'HIGH_VOLATILITY': 3}",,,,
return_above_0_5_percent,B_reduced,forest,0.55,year,2023.0,0,0.0,,0.0,,,,0.0,0.0,0.0,{},,,,
return_above_0_5_percent,B_reduced,forest,0.55,year,2024.0,0,0.0,,0.0,,,,0.0,0.0,0.0,{},,,,
return_above_0_5_percent,B_reduced,forest,0.55,aggregate,,9,0.8670520231213872,33.33333333333333,-3.0294023599999997,-0.3354389650191497,0.8318273366670716,-0.33660026222222217,1.630411347865117,-1.6971428400000006,-1.33225952,"{'TREND_UP': 6, 'HIGH_VOLATILITY': 3}",0.0,-6.5372906099999994,1.0,3.6471219050892554
return_above_0_5_percent,B_reduced,forest,0.6,year,2020.0,0,0.0,,0.0,,,,0.0,0.0,0.0,{},,,,
return_above_0_5_percent,B_reduced,forest,0.6,year,2021.0,0,0.0,,0.0,,,,0.0,0.0,0.0,{},,,,
return_above_0_5_percent,B_reduced,forest,0.6,year,2022.0,2,0.9523809523809524,50.0,-0.18764353999999983,-0.09452426050775703,0.9638403679872661,-0.09382176999999992,0.5163483975383554,0.0,-0.18764353999999983,"{'TREND_UP': 1, 'HIGH_VOLATILITY': 1}",,,,
return_above_0_5_percent,B_reduced,forest,0.6,year,2023.0,0,0.0,,0.0,,,,0.0,0.0,0.0,{},,,,
return_above_0_5_percent,B_reduced,forest,0.6,year,2024.0,0,0.0,,0.0,,,,0.0,0.0,0.0,{},,,,
return_above_0_5_percent,B_reduced,forest,0.6,aggregate,,2,0.1926782273603083,50.0,-0.18764353999999983,-0.09452426050775703,0.9638403679872661,-0.09382176999999992,0.5163483975383554,0.0,-0.18764353999999983,"{'TREND_UP': 1, 'HIGH_VOLATILITY': 1}",0.0,-0.18764353999999983,0.0,0.0839167421957401
return_above_0_5_percent,B_reduced,forest,0.65,year,2020.0,0,0.0,,0.0,,,,0.0,0.0,0.0,{},,,,
return_above_0_5_percent,B_reduced,forest,0.65,year,2021.0,0,0.0,,0.0,,,,0.0,0.0,0.0,{},,,,
return_above_0_5_percent,B_reduced,forest,0.65,year,2022.0,0,0.0,,0.0,,,,0.0,0.0,0.0,{},,,,
return_above_0_5_percent,B_reduced,forest,0.65,year,2023.0,0,0.0,,0.0,,,,0.0,0.0,0.0,{},,,,
return_above_0_5_percent,B_reduced,forest,0.65,year,2024.0,0,0.0,,0.0,,,,0.0,0.0,0.0,{},,,,
return_above_0_5_percent,B_reduced,forest,0.65,aggregate,,0,0.0,,0.0,,,,0.0,0.0,0.0,{},0.0,0.0,0.0,0.0
return_above_0_5_percent,B_reduced,forest,0.7,year,2020.0,0,0.0,,0.0,,,,0.0,0.0,0.0,{},,,,
return_above_0_5_percent,B_reduced,forest,0.7,year,2021.0,0,0.0,,0.0,,,,0.0,0.0,0.0,{},,,,
return_above_0_5_percent,B_reduced,forest,0.7,year,2022.0,0,0.0,,0.0,,,,0.0,0.0,0.0,{},,,,
return_above_0_5_percent,B_reduced,forest,0.7,year,2023.0,0,0.0,,0.0,,,,0.0,0.0,0.0,{},,,,
return_above_0_5_percent,B_reduced,forest,0.7,year,2024.0,0,0.0,,0.0,,,,0.0,0.0,0.0,{},,,,
return_above_0_5_percent,B_reduced,forest,0.7,aggregate,,0,0.0,,0.0,,,,0.0,0.0,0.0,{},0.0,0.0,0.0,0.0
return_above_0_5_percent,B_reduced,hist_gradient,0.5,year,2020.0,9,4.326923076923077,33.33333333333333,-1.8755491600000003,-0.20802731085332438,0.888904654412061,-0.20839435111111115,1.2073857703999857,-10.13367425,8.25812509,"{'TREND_UP': 6, 'RANGE': 3}",,,,
return_above_0_5_percent,B_reduced,hist_gradient,0.5,year,2021.0,20,9.950248756218906,35.0,2.3267193000000006,0.11661109835819403,1.071300258709741,0.11633596500000003,1.5105019336148544,-2.9907944300000002,5.317513730000002,"{'TREND_UP': 13, 'RANGE': 4, 'HIGH_VOLATILITY': 3}",,,,
return_above_0_5_percent,B_reduced,hist_gradient,0.5,year,2022.0,11,5.238095238095238,45.45454545454545,0.9723937800000001,0.08987131033633006,1.0509297200783596,0.08839943454545456,1.531424241272172,-1.5718004500000005,2.5441942299999996,"{'HIGH_VOLATILITY': 4, 'TREND_UP': 4, 'RANGE': 3}",,,,
return_above_0_5_percent,B_reduced,hist_gradient,0.5,year,2023.0,7,3.2407407407407405,14.285714285714285,-8.41592325,-1.202164563639608,0.0009343675594580677,-1.2022747500000002,0.8415923249999991,-2.45476754,-5.96115571,"{'TREND_UP': 4, 'RANGE': 2, 'LOW_VOLATILITY': 1}",,,,
return_above_0_5_percent,B_reduced,hist_gradient,0.5,year,2024.0,4,1.9704433497536946,50.0,-2.7351943899999998,-0.6880877195768498,0.6569253403312747,-0.6837985974999999,0.49567518100000146,-7.9725923000000005,5.23739791,"{'TREND_UP': 3, 'RANGE': 1}",,,,
return_above_0_5_percent,B_reduced,hist_gradient,0.5,aggregate,,51,4.913294797687861,35.294117647058826,-9.727553719999998,-0.19056749491374636,0.8855639410258868,-0.19073634745098034,2.8373747307910064,-25.12362897,15.396075250000003,"{'TREND_UP': 30, 'RANGE': 13, 'HIGH_VOLATILITY': 7, 'LOW_VOLATILITY': 1}",-1.8755491600000003,-8.41592325,2.0,4.161155165390759
return_above_0_5_percent,B_reduced,hist_gradient,0.55,year,2020.0,2,0.9615384615384616,0.0,-10.3855592,-5.189720923961016,0.0,-5.1927796,1.038555919999999,-10.3855592,0.0,"{'RANGE': 1, 'TREND_UP': 1}",,,,
return_above_0_5_percent,B_reduced,hist_gradient,0.55,year,2021.0,7,3.482587064676617,28.57142857142857,-3.9786176300000005,-0.5700412312904918,0.7151608721896671,-0.5683739471428572,0.6648301923202083,-3.7993565800000004,-0.17926105000000003,"{'TREND_UP': 5, 'RANGE': 2}",,,,
return_above_0_5_percent,B_reduced,hist_gradient,0.55,year,2022.0,6,2.857142857142857,33.33333333333333,-2.5577546400000006,-0.4236904385063336,0.7961070719534539,-0.4262924400000001,1.1241318107331402,-0.20763270000000045,-2.35012194,"{'HIGH_VOLATILITY': 4, 'TREND_UP': 2}",,,,
return_above_0_5_percent,B_reduced,hist_gradient,0.55,year,2023.0,2,0.9259259259259258,50.0,-1.69604934,-0.8480115229790037,0.0046193006707954745,-0.84802467,0.1703920260000018,0.0,-1.69604934,{'TREND_UP': 2},,,,
return_above_0_5_percent,B_reduced,hist_gradient,0.55,year,2024.0,0,0.0,,0.0,,,,0.0,0.0,0.0,{},,,,
return_above_0_5_percent,B_reduced,hist_gradient,0.55,aggregate,,17,1.6377649325626205,29.411764705882355,-18.617980810000002,-1.0945821261147932,0.5176941663822676,-1.095175341764706,1.862585173000002,-14.392548479999999,-4.22543233,"{'TREND_UP': 10, 'HIGH_VOLATILITY': 4, 'RANGE': 3}",-2.5577546400000006,-10.3855592,0.0,3.9931844565553742
return_above_0_5_percent,B_reduced,hist_gradient,0.6,year,2020.0,0,0.0,,0.0,,,,0.0,0.0,0.0,{},,,,
return_above_0_5_percent,B_reduced,hist_gradient,0.6,year,2021.0,2,0.9950248756218906,50.0,4.35307892,2.176781450883913,7.756087814636425,2.17653946,0.06411155601319068,-0.64431947,4.99739839,{'TREND_UP': 2},,,,
return_above_0_5_percent,B_reduced,hist_gradient,0.6,year,2022.0,2,0.9523809523809524,100.0,9.98684249,5.000074050963144,,4.993421245,0.0,4.98517603,5.00166646,{'TREND_UP': 2},,,,
return_above_0_5_percent,B_reduced,hist_gradient,0.6,year,2023.0,0,0.0,,0.0,,,,0.0,0.0,0.0,{},,,,
return_above_0_5_percent,B_reduced,hist_gradient,0.6,year,2024.0,0,0.0,,0.0,,,,0.0,0.0,0.0,{},,,,
return_above_0_5_percent,B_reduced,hist_gradient,0.6,aggregate,,4,0.3853564547206166,75.0,14.33992141,3.5884277509235285,23.2559181860514,3.5849803525,0.06411155601319068,4.34085656,9.99906485,{'TREND_UP': 4},0.0,0.0,2.0,4.403397829938334
return_above_0_5_percent,B_reduced,hist_gradient,0.65,year,2020.0,0,0.0,,0.0,,,,0.0,0.0,0.0,{},,,,
return_above_0_5_percent,B_reduced,hist_gradient,0.65,year,2021.0,0,0.0,,0.0,,,,0.0,0.0,0.0,{},,,,
return_above_0_5_percent,B_reduced,hist_gradient,0.65,year,2022.0,1,0.4761904761904762,100.0,5.00166646,5.0001497944637405,,5.00166646,0.0,0.0,5.00166646,{'TREND_UP': 1},,,,
return_above_0_5_percent,B_reduced,hist_gradient,0.65,year,2023.0,0,0.0,,0.0,,,,0.0,0.0,0.0,{},,,,
return_above_0_5_percent,B_reduced,hist_gradient,0.65,year,2024.0,0,0.0,,0.0,,,,0.0,0.0,0.0,{},,,,
return_above_0_5_percent,B_reduced,hist_gradient,0.65,aggregate,,1,0.09633911368015415,100.0,5.00166646,5.0001497944637405,,5.00166646,0.0,0.0,5.00166646,{'TREND_UP': 1},0.0,0.0,1.0,2.2368132410681465
return_above_0_5_percent,B_reduced,hist_gradient,0.7,year,2020.0,0,0.0,,0.0,,,,0.0,0.0,0.0,{},,,,
return_above_0_5_percent,B_reduced,hist_gradient,0.7,year,2021.0,0,0.0,,0.0,,,,0.0,0.0,0.0,{},,,,
return_above_0_5_percent,B_reduced,hist_gradient,0.7,year,2022.0,0,0.0,,0.0,,,,0.0,0.0,0.0,{},,,,
return_above_0_5_percent,B_reduced,hist_gradient,0.7,year,2023.0,0,0.0,,0.0,,,,0.0,0.0,0.0,{},,,,
return_above_0_5_percent,B_reduced,hist_gradient,0.7,year,2024.0,0,0.0,,0.0,,,,0.0,0.0,0.0,{},,,,
return_above_0_5_percent,B_reduced,hist_gradient,0.7,aggregate,,0,0.0,,0.0,,,,0.0,0.0,0.0,{},0.0,0.0,0.0,0.0
return_above_0_5_percent,B_reduced,logistic,0.5,year,2020.0,13,6.25,61.53846153846154,28.727301520000005,2.208197170794577,3.5424242510491672,2.209792424615385,0.5045289909563128,6.21829243,22.50900909,"{'TREND_UP': 7, 'HIGH_VOLATILITY': 4, 'RANGE': 2}",,,,
return_above_0_5_percent,B_reduced,logistic,0.5,year,2021.0,55,27.363184079601986,50.90909090909091,34.50624268,0.6273930417599723,1.3821729485261638,0.6273862305454545,1.9515181880959889,31.926244580000002,2.5799981000000027,"{'HIGH_VOLATILITY': 41, 'TREND_UP': 13, 'RANGE': 1}",,,,
return_above_0_5_percent,B_reduced,logistic,0.5,year,2022.0,13,6.190476190476191,30.76923076923077,-4.23980015,-0.32464182052651713,0.7936422291524116,-0.32613847307692306,1.4201962422619394,1.468518,-5.708318149999999,"{'TREND_UP': 8, 'HIGH_VOLATILITY': 4, 'RANGE': 1}",,,,
return_above_0_5_percent,B_reduced,logistic,0.5,year,2023.0,1,0.4629629629629629,0.0,-0.14533385,-0.1453940973824989,0.0,-0.14533385,0.014533385000004272,0.0,-0.14533385,{'TREND_UP': 1},,,,
return_above_0_5_percent,B_reduced,logistic,0.5,year,2024.0,4,1.9704433497536946,100.0,6.953491380000001,1.7386779753055102,,1.7383728450000002,0.0,0.37151821,6.58197317,"{'RANGE': 2, 'TREND_UP': 2}",,,,
return_above_0_5_percent,B_reduced,logistic,0.5,aggregate,,86,8.285163776493256,51.162790697674424,65.80190157999999,0.7651413331874746,1.5381248879940852,0.7651383904651162,1.899061065089094,39.984573219999994,25.817328360000005,"{'HIGH_VOLATILITY': 49, 'TREND_UP': 31, 'RANGE': 6}",6.953491380000001,-4.23980015,3.0,17.437808461894495
return_above_0_5_percent,B_reduced,logistic,0.55,year,2020.0,6,2.8846153846153846,83.33333333333334,22.448116780000003,3.73837906462918,9.729507683565906,3.7413527966666673,0.25587229258192623,2.4314555899999997,20.01666119,"{'TREND_UP': 3, 'HIGH_VOLATILITY': 3}",,,,
return_above_0_5_percent,B_reduced,logistic,0.55,year,2021.0,47,23.383084577114428,51.06382978723404,28.106503350000004,0.5978323840235206,1.3509538330871844,0.5980107095744682,1.5114156870975384,27.76286585,0.3436375000000016,"{'HIGH_VOLATILITY': 36, 'TREND_UP': 11}",,,,
return_above_0_5_percent,B_reduced,logistic,0.55,year,2022.0,8,3.8095238095238098,37.5,-0.1251084399999982,-0.013036289323245433,0.991718941979878,-0.015638554999999776,1.0011963032181819,1.468518,-1.5936264399999995,"{'TREND_UP': 4, 'HIGH_VOLATILITY': 3, 'RANGE': 1}",,,,
return_above_0_5_percent,B_reduced,logistic,0.55,year,2023.0,0,0.0,,0.0,,,,0.0,0.0,0.0,{},,,,
return_above_0_5_percent,B_reduced,logistic,0.55,year,2024.0,1,0.49261083743842365,100.0,1.34315096,1.3448970344402256,,1.34315096,0.0,0.0,1.34315096,{'TREND_UP': 1},,,,
return_above_0_5_percent,B_reduced,logistic,0.55,aggregate,,62,5.973025048169557,53.2258064516129,51.77266265000001,0.8349839218828194,1.5295604608835522,0.8350429459677421,1.4791780438029103,31.662839440000003,20.109823210000002,"{'HIGH_VOLATILITY': 42, 'TREND_UP': 19, 'RANGE': 1}",1.34315096,-0.1251084399999982,3.0,13.780706300667667
return_above_0_5_percent,B_reduced,logistic,0.6,year,2020.0,3,1.4423076923076923,66.66666666666666,7.43721502,2.4774627954398905,3.892145755374218,2.4790716733333333,0.2571521510000025,2.4314555899999997,5.00575943,{'HIGH_VOLATILITY': 3},,,,
return_above_0_5_percent,B_reduced,logistic,0.6,year,2021.0,38,18.90547263681592,47.368421052631575,9.801896499999996,0.25742717150293687,1.1366232288084122,0.25794464473684203,1.7425346335224863,14.27070876,-4.468812259999998,"{'HIGH_VOLATILITY': 34, 'TREND_UP': 4}",,,,
return_above_0_5_percent,B_reduced,logistic,0.6,year,2022.0,5,2.380952380952381,40.0,0.3229505900000009,0.06753301914643642,1.0334182742669134,0.06459011800000018,0.9568334450946708,1.468518,-1.14556741,"{'TREND_UP': 2, 'HIGH_VOLATILITY': 2, 'RANGE': 1}",,,,
return_above_0_5_percent,B_reduced,logistic,0.6,year,2023.0,0,0.0,,0.0,,,,0.0,0.0,0.0,{},,,,
return_above_0_5_percent,B_reduced,logistic,0.6,year,2024.0,1,0.49261083743842365,100.0,1.34315096,1.3448970344402256,,1.34315096,0.0,0.0,1.34315096,{'TREND_UP': 1},,,,
return_above_0_5_percent,B_reduced,logistic,0.6,aggregate,,47,4.527938342967245,48.93617021276596,18.90521307,0.4020677241192272,1.2251172401302557,0.4022385759574468,1.7299485967772092,18.170682349999996,0.7345307200000031,"{'HIGH_VOLATILITY': 39, 'TREND_UP': 7, 'RANGE': 1}",1.34315096,0.0,4.0,4.5226175382994835
return_above_0_5_percent,B_reduced,logistic,0.65,year,2020.0,3,1.4423076923076923,66.66666666666666,7.43721502,2.4774627954398905,3.892145755374218,2.4790716733333333,0.2571521510000025,2.4314555899999997,5.00575943,{'HIGH_VOLATILITY': 3},,,,
return_above_0_5_percent,B_reduced,logistic,0.65,year,2021.0,32,15.92039800995025,43.75,-7.964256340000002,-0.2495092852087287,0.8854205782069676,-0.24888301062500007,2.478491820436391,-0.55687598,-7.407380359999998,"{'HIGH_VOLATILITY': 31, 'TREND_UP': 1}",,,,
return_above_0_5_percent,B_reduced,logistic,0.65,year,2022.0,4,1.9047619047619049,50.0,3.839608620000001,0.9632379858878689,1.6246075391304415,0.9599021550000002,0.608644945794013,4.98517603,-1.14556741,"{'TREND_UP': 2, 'HIGH_VOLATILITY': 2}",,,,
return_above_0_5_percent,B_reduced,logistic,0.65,year,2023.0,0,0.0,,0.0,,,,0.0,0.0,0.0,{},,,,
return_above_0_5_percent,B_reduced,logistic,0.65,year,2024.0,1,0.49261083743842365,100.0,1.34315096,1.3448970344402256,,1.34315096,0.0,0.0,1.34315096,{'TREND_UP': 1},,,,
return_above_0_5_percent,B_reduced,logistic,0.65,aggregate,,40,3.8535645472061653,47.5,4.65571826,0.11614850594080135,1.0595152123450622,0.1163929565,2.460502809257722,6.8597556399999995,-2.2040373799999973,"{'HIGH_VOLATILITY': 36, 'TREND_UP': 4}",1.34315096,-7.964256340000002,3.0,5.721736027111255
return_above_0_5_percent,B_reduced,logistic,0.7,year,2020.0,2,0.9615384615384616,100.0,10.00873653,5.000702537062904,,5.004368265,0.0,5.0029771,5.00575943,{'HIGH_VOLATILITY': 2},,,,
return_above_0_5_percent,B_reduced,logistic,0.7,year,2021.0,30,14.925373134328357,46.666666666666664,-0.3275623300000001,-0.011575275206524733,0.9947057994743242,-0.010918744333333338,1.727770969780944,-0.55687598,0.2293136500000026,{'HIGH_VOLATILITY': 30},,,,
return_above_0_5_percent,B_reduced,logistic,0.7,year,2022.0,3,1.4285714285714286,66.66666666666666,4.797532490000001,1.6036499288156776,1.9245029666757238,1.599177496666667,0.5137997626985282,4.98517603,-0.18764353999999983,"{'TREND_UP': 2, 'HIGH_VOLATILITY': 1}",,,,
return_above_0_5_percent,B_reduced,logistic,0.7,year,2023.0,0,0.0,,0.0,,,,0.0,0.0,0.0,{},,,,
return_above_0_5_percent,B_reduced,logistic,0.7,year,2024.0,0,0.0,,0.0,,,,0.0,0.0,0.0,{},,,,
return_above_0_5_percent,B_reduced,logistic,0.7,aggregate,,35,3.371868978805395,51.42857142857142,14.478706690000003,0.4132884744107742,1.2159028034864159,0.41367733400000006,1.710937006877926,9.431277149999998,5.047429540000002,"{'HIGH_VOLATILITY': 33, 'TREND_UP': 2}",0.0,-0.3275623300000001,2.0,4.510316854628589
return_above_0_5_percent,C_price_trend,dummy,0.5,year,2020.0,0,0.0,,0.0,,,,0.0,0.0,0.0,{},,,,
return_above_0_5_percent,C_price_trend,dummy,0.5,year,2021.0,0,0.0,,0.0,,,,0.0,0.0,0.0,{},,,,
return_above_0_5_percent,C_price_trend,dummy,0.5,year,2022.0,0,0.0,,0.0,,,,0.0,0.0,0.0,{},,,,
return_above_0_5_percent,C_price_trend,dummy,0.5,year,2023.0,0,0.0,,0.0,,,,0.0,0.0,0.0,{},,,,
return_above_0_5_percent,C_price_trend,dummy,0.5,year,2024.0,0,0.0,,0.0,,,,0.0,0.0,0.0,{},,,,
return_above_0_5_percent,C_price_trend,dummy,0.5,aggregate,,0,0.0,,0.0,,,,0.0,0.0,0.0,{},0.0,0.0,0.0,0.0
return_above_0_5_percent,C_price_trend,dummy,0.55,year,2020.0,0,0.0,,0.0,,,,0.0,0.0,0.0,{},,,,
return_above_0_5_percent,C_price_trend,dummy,0.55,year,2021.0,0,0.0,,0.0,,,,0.0,0.0,0.0,{},,,,
return_above_0_5_percent,C_price_trend,dummy,0.55,year,2022.0,0,0.0,,0.0,,,,0.0,0.0,0.0,{},,,,
return_above_0_5_percent,C_price_trend,dummy,0.55,year,2023.0,0,0.0,,0.0,,,,0.0,0.0,0.0,{},,,,
return_above_0_5_percent,C_price_trend,dummy,0.55,year,2024.0,0,0.0,,0.0,,,,0.0,0.0,0.0,{},,,,
return_above_0_5_percent,C_price_trend,dummy,0.55,aggregate,,0,0.0,,0.0,,,,0.0,0.0,0.0,{},0.0,0.0,0.0,0.0
return_above_0_5_percent,C_price_trend,dummy,0.6,year,2020.0,0,0.0,,0.0,,,,0.0,0.0,0.0,{},,,,
return_above_0_5_percent,C_price_trend,dummy,0.6,year,2021.0,0,0.0,,0.0,,,,0.0,0.0,0.0,{},,,,
return_above_0_5_percent,C_price_trend,dummy,0.6,year,2022.0,0,0.0,,0.0,,,,0.0,0.0,0.0,{},,,,
return_above_0_5_percent,C_price_trend,dummy,0.6,year,2023.0,0,0.0,,0.0,,,,0.0,0.0,0.0,{},,,,
return_above_0_5_percent,C_price_trend,dummy,0.6,year,2024.0,0,0.0,,0.0,,,,0.0,0.0,0.0,{},,,,
return_above_0_5_percent,C_price_trend,dummy,0.6,aggregate,,0,0.0,,0.0,,,,0.0,0.0,0.0,{},0.0,0.0,0.0,0.0
return_above_0_5_percent,C_price_trend,dummy,0.65,year,2020.0,0,0.0,,0.0,,,,0.0,0.0,0.0,{},,,,
return_above_0_5_percent,C_price_trend,dummy,0.65,year,2021.0,0,0.0,,0.0,,,,0.0,0.0,0.0,{},,,,
return_above_0_5_percent,C_price_trend,dummy,0.65,year,2022.0,0,0.0,,0.0,,,,0.0,0.0,0.0,{},,,,
return_above_0_5_percent,C_price_trend,dummy,0.65,year,2023.0,0,0.0,,0.0,,,,0.0,0.0,0.0,{},,,,
return_above_0_5_percent,C_price_trend,dummy,0.65,year,2024.0,0,0.0,,0.0,,,,0.0,0.0,0.0,{},,,,
return_above_0_5_percent,C_price_trend,dummy,0.65,aggregate,,0,0.0,,0.0,,,,0.0,0.0,0.0,{},0.0,0.0,0.0,0.0
return_above_0_5_percent,C_price_trend,dummy,0.7,year,2020.0,0,0.0,,0.0,,,,0.0,0.0,0.0,{},,,,
return_above_0_5_percent,C_price_trend,dummy,0.7,year,2021.0,0,0.0,,0.0,,,,0.0,0.0,0.0,{},,,,
return_above_0_5_percent,C_price_trend,dummy,0.7,year,2022.0,0,0.0,,0.0,,,,0.0,0.0,0.0,{},,,,
return_above_0_5_percent,C_price_trend,dummy,0.7,year,2023.0,0,0.0,,0.0,,,,0.0,0.0,0.0,{},,,,
return_above_0_5_percent,C_price_trend,dummy,0.7,year,2024.0,0,0.0,,0.0,,,,0.0,0.0,0.0,{},,,,
return_above_0_5_percent,C_price_trend,dummy,0.7,aggregate,,0,0.0,,0.0,,,,0.0,0.0,0.0,{},0.0,0.0,0.0,0.0
return_above_0_5_percent,C_price_trend,forest,0.5,year,2020.0,0,0.0,,0.0,,,,0.0,0.0,0.0,{},,,,
return_above_0_5_percent,C_price_trend,forest,0.5,year,2021.0,26,12.935323383084576,50.0,15.783439260000002,0.6080203450623775,1.4139457948920988,0.6070553561538462,1.9495034951453611,15.10182683,0.6816124300000013,"{'TREND_UP': 13, 'HIGH_VOLATILITY': 13}",,,,
return_above_0_5_percent,C_price_trend,forest,0.5,year,2022.0,7,3.3333333333333335,28.57142857142857,-3.9219223900000006,-0.558160674646982,0.7180251141034459,-0.5602746271428573,1.259360964365353,-1.5718004500000005,-2.35012194,"{'HIGH_VOLATILITY': 4, 'TREND_UP': 3}",,,,
return_above_0_5_percent,C_price_trend,forest,0.5,year,2023.0,6,2.7777777777777777,0.0,-11.604691970000001,-1.9361852545811415,0.0,-1.9341153283333334,1.1604691969999976,-9.75543786,-1.84925411,{'TREND_UP': 6},,,,
return_above_0_5_percent,C_price_trend,forest,0.5,year,2024.0,3,1.477832512315271,33.33333333333333,-4.797149,-1.6047424638070622,0.5100805801622659,-1.5990496666666667,0.9791710240000042,-4.60397,-0.19317899999999977,{'HIGH_VOLATILITY': 3},,,,
return_above_0_5_percent,C_price_trend,forest,0.5,aggregate,,42,4.046242774566474,38.095238095238095,-4.5403240999999985,-0.1078555873765499,0.9381717075764546,-0.10810295476190472,4.024978405443865,-0.8293814800000021,-3.710942620000001,"{'TREND_UP': 22, 'HIGH_VOLATILITY': 20}",-3.9219223900000006,-11.604691970000001,1.0,10.223221553985173
return_above_0_5_percent,C_price_trend,forest,0.55,year,2020.0,0,0.0,,0.0,,,,0.0,0.0,0.0,{},,,,
return_above_0_5_percent,C_price_trend,forest,0.55,year,2021.0,3,1.4925373134328357,33.33333333333333,-2.2431646399999994,-0.7487731402678691,0.6904196295166866,-0.7477215466666665,0.5171768142580815,0.0,-2.2431646399999994,"{'TREND_UP': 2, 'HIGH_VOLATILITY': 1}",,,,
return_above_0_5_percent,C_price_trend,forest,0.55,year,2022.0,5,2.380952380952381,40.0,-1.3532001099999995,-0.2673706838963989,0.8806706325776943,-0.2706400219999999,1.1227911219162467,-0.20763270000000045,-1.14556741,"{'HIGH_VOLATILITY': 3, 'TREND_UP': 2}",,,,
return_above_0_5_percent,C_price_trend,forest,0.55,year,2023.0,1,0.4629629629629629,0.0,-0.14533385,-0.1453940973824989,0.0,-0.14533385,0.014533385000004272,0.0,-0.14533385,{'TREND_UP': 1},,,,
return_above_0_5_percent,C_price_trend,forest,0.55,year,2024.0,0,0.0,,0.0,,,,0.0,0.0,0.0,{},,,,
return_above_0_5_percent,C_price_trend,forest,0.55,aggregate,,9,0.8670520231213872,33.33333333333333,-3.7416986,-0.4142852152964557,0.8002424476850166,-0.41574428888888887,1.1397120817968116,-0.20763270000000045,-3.5340658999999994,"{'TREND_UP': 5, 'HIGH_VOLATILITY': 4}",-0.14533385,-2.2431646399999994,0.0,1.010445246556904
return_above_0_5_percent,C_price_trend,forest,0.6,year,2020.0,0,0.0,,0.0,,,,0.0,0.0,0.0,{},,,,
return_above_0_5_percent,C_price_trend,forest,0.6,year,2021.0,0,0.0,,0.0,,,,0.0,0.0,0.0,{},,,,
return_above_0_5_percent,C_price_trend,forest,0.6,year,2022.0,3,1.4285714285714286,66.66666666666666,4.7940337600000005,1.6034475796309389,1.92320630496244,1.5980112533333335,0.5141461761222227,-0.20763270000000045,5.00166646,"{'TREND_UP': 2, 'HIGH_VOLATILITY': 1}",,,,
return_above_0_5_percent,C_price_trend,forest,0.6,year,2023.0,0,0.0,,0.0,,,,0.0,0.0,0.0,{},,,,
return_above_0_5_percent,C_price_trend,forest,0.6,year,2024.0,0,0.0,,0.0,,,,0.0,0.0,0.0,{},,,,
return_above_0_5_percent,C_price_trend,forest,0.6,aggregate,,3,0.2890173410404624,66.66666666666666,4.7940337600000005,1.6034475796309389,1.92320630496244,1.5980112533333335,0.5141461761222227,-0.20763270000000045,5.00166646,"{'TREND_UP': 2, 'HIGH_VOLATILITY': 1}",0.0,0.0,1.0,2.1439570747577825
return_above_0_5_percent,C_price_trend,forest,0.65,year,2020.0,0,0.0,,0.0,,,,0.0,0.0,0.0,{},,,,
return_above_0_5_percent,C_price_trend,forest,0.65,year,2021.0,0,0.0,,0.0,,,,0.0,0.0,0.0,{},,,,
return_above_0_5_percent,C_price_trend,forest,0.65,year,2022.0,0,0.0,,0.0,,,,0.0,0.0,0.0,{},,,,
return_above_0_5_percent,C_price_trend,forest,0.65,year,2023.0,0,0.0,,0.0,,,,0.0,0.0,0.0,{},,,,
return_above_0_5_percent,C_price_trend,forest,0.65,year,2024.0,0,0.0,,0.0,,,,0.0,0.0,0.0,{},,,,
return_above_0_5_percent,C_price_trend,forest,0.65,aggregate,,0,0.0,,0.0,,,,0.0,0.0,0.0,{},0.0,0.0,0.0,0.0
return_above_0_5_percent,C_price_trend,forest,0.7,year,2020.0,0,0.0,,0.0,,,,0.0,0.0,0.0,{},,,,
return_above_0_5_percent,C_price_trend,forest,0.7,year,2021.0,0,0.0,,0.0,,,,0.0,0.0,0.0,{},,,,
return_above_0_5_percent,C_price_trend,forest,0.7,year,2022.0,0,0.0,,0.0,,,,0.0,0.0,0.0,{},,,,
return_above_0_5_percent,C_price_trend,forest,0.7,year,2023.0,0,0.0,,0.0,,,,0.0,0.0,0.0,{},,,,
return_above_0_5_percent,C_price_trend,forest,0.7,year,2024.0,0,0.0,,0.0,,,,0.0,0.0,0.0,{},,,,
return_above_0_5_percent,C_price_trend,forest,0.7,aggregate,,0,0.0,,0.0,,,,0.0,0.0,0.0,{},0.0,0.0,0.0,0.0
return_above_0_5_percent,C_price_trend,hist_gradient,0.5,year,2020.0,9,4.326923076923077,33.33333333333333,-5.788276460000001,-0.6427075578742228,0.7216457065050487,-0.643141828888889,1.57130985063164,-10.603159869999999,4.81488341,"{'RANGE': 5, 'TREND_UP': 4}",,,,
return_above_0_5_percent,C_price_trend,hist_gradient,0.5,year,2021.0,20,9.950248756218906,30.0,-10.49575209,-0.5256434250807066,0.685132524897176,-0.5247876045,1.9739888801698036,-13.314797259999999,2.8190451700000008,"{'TREND_UP': 15, 'HIGH_VOLATILITY': 4, 'RANGE': 1}",,,,
return_above_0_5_percent,C_price_trend,hist_gradient,0.5,year,2022.0,8,3.8095238095238098,37.5,1.6983317099999997,0.21441012739862667,1.1278235752691341,0.21229146374999996,1.1644025296829699,3.4262183199999994,-1.72788661,"{'TREND_UP': 4, 'HIGH_VOLATILITY': 3, 'RANGE': 1}",,,,
return_above_0_5_percent,C_price_trend,hist_gradient,0.5,year,2023.0,7,3.2407407407407405,28.57142857142857,-16.286851329999998,-2.328479844074057,0.005984938329273615,-2.326693047142857,1.628685132999999,-16.29472225,0.00787092,"{'TREND_UP': 6, 'RANGE': 1}",,,,
return_above_0_5_percent,C_price_trend,hist_gradient,0.5,year,2024.0,3,1.477832512315271,33.33333333333333,-4.79097476,-1.6047392378534302,0.5107111380371077,-1.5969915866666666,0.9791710240000042,-4.60397,-0.18700475999999977,"{'HIGH_VOLATILITY': 2, 'RANGE': 1}",,,,
return_above_0_5_percent,C_price_trend,hist_gradient,0.5,aggregate,,47,4.527938342967245,31.914893617021278,-35.663522929999985,-0.7594794069228046,0.6189455136919662,-0.7587983602127656,4.544026592836021,-41.39043106,5.7269081300000035,"{'TREND_UP': 29, 'RANGE': 9, 'HIGH_VOLATILITY': 9}",-5.788276460000001,-16.286851329999998,1.0,6.715409122869463
return_above_0_5_percent,C_price_trend,hist_gradient,0.55,year,2020.0,4,1.9230769230769231,50.0,6.25703057,1.5626405459546997,2.6688747707508846,1.5642576425,0.37121067146244074,-3.7492510999999995,10.00628167,"{'RANGE': 3, 'TREND_UP': 1}",,,,
return_above_0_5_percent,C_price_trend,hist_gradient,0.55,year,2021.0,7,3.482587064676617,28.57142857142857,-0.9586699799999998,-0.13726520692101707,0.9125199502187433,-0.13695285428571427,0.6432747974465902,-0.47004948,-0.4886204999999997,"{'TREND_UP': 6, 'HIGH_VOLATILITY': 1}",,,,
return_above_0_5_percent,C_price_trend,hist_gradient,0.55,year,2022.0,4,1.9047619047619049,50.0,4.458345220000001,1.1186905473864592,1.8064298492454534,1.1145863050000002,0.5473830982164246,-0.20763270000000045,4.6659779200000004,"{'TREND_UP': 2, 'HIGH_VOLATILITY': 1, 'RANGE': 1}",,,,
return_above_0_5_percent,C_price_trend,hist_gradient,0.55,year,2023.0,3,1.3888888888888888,0.0,-9.02492413,-3.012459010013224,0.0,-3.0083080433333333,0.9024924130000046,-9.02492413,0.0,"{'TREND_UP': 2, 'RANGE': 1}",,,,
return_above_0_5_percent,C_price_trend,hist_gradient,0.55,year,2024.0,0,0.0,,0.0,,,,0.0,0.0,0.0,{},,,,
return_above_0_5_percent,C_price_trend,hist_gradient,0.55,aggregate,,18,1.7341040462427744,33.33333333333333,0.7317816799999992,0.04039393860432475,1.025008430680164,0.040654537777777736,1.4334318431757138,-13.451857409999999,14.18363909,"{'TREND_UP': 11, 'RANGE': 5, 'HIGH_VOLATILITY': 2}",0.0,-9.02492413,2.0,5.943241465143077
return_above_0_5_percent,C_price_trend,hist_gradient,0.6,year,2020.0,0,0.0,,0.0,,,,0.0,0.0,0.0,{},,,,
return_above_0_5_percent,C_price_trend,hist_gradient,0.6,year,2021.0,1,0.4975124378109453,0.0,-5.18699294,-5.189667455051284,0.0,-5.18699294,0.5186992939999981,0.0,-5.18699294,{'HIGH_VOLATILITY': 1},,,,
return_above_0_5_percent,C_price_trend,hist_gradient,0.6,year,2022.0,1,0.4761904761904762,0.0,-5.19280873,-5.18980536303347,0.0,-5.19280873,0.5192808730000024,-5.19280873,0.0,{'HIGH_VOLATILITY': 1},,,,
return_above_0_5_percent,C_price_trend,hist_gradient,0.6,year,2023.0,0,0.0,,0.0,,,,0.0,0.0,0.0,{},,,,
return_above_0_5_percent,C_price_trend,hist_gradient,0.6,year,2024.0,0,0.0,,0.0,,,,0.0,0.0,0.0,{},,,,
return_above_0_5_percent,C_price_trend,hist_gradient,0.6,aggregate,,2,0.1926782273603083,0.0,-10.379801669999999,-5.189736409042377,0.0,-5.1899008349999995,1.0379801670000006,-5.19280873,-5.18699294,{'HIGH_VOLATILITY': 2},0.0,-5.19280873,0.0,2.8426265022100203
return_above_0_5_percent,C_price_trend,hist_gradient,0.65,year,2020.0,0,0.0,,0.0,,,,0.0,0.0,0.0,{},,,,
return_above_0_5_percent,C_price_trend,hist_gradient,0.65,year,2021.0,0,0.0,,0.0,,,,0.0,0.0,0.0,{},,,,
return_above_0_5_percent,C_price_trend,hist_gradient,0.65,year,2022.0,0,0.0,,0.0,,,,0.0,0.0,0.0,{},,,,
return_above_0_5_percent,C_price_trend,hist_gradient,0.65,year,2023.0,0,0.0,,0.0,,,,0.0,0.0,0.0,{},,,,
return_above_0_5_percent,C_price_trend,hist_gradient,0.65,year,2024.0,0,0.0,,0.0,,,,0.0,0.0,0.0,{},,,,
return_above_0_5_percent,C_price_trend,hist_gradient,0.65,aggregate,,0,0.0,,0.0,,,,0.0,0.0,0.0,{},0.0,0.0,0.0,0.0
return_above_0_5_percent,C_price_trend,hist_gradient,0.7,year,2020.0,0,0.0,,0.0,,,,0.0,0.0,0.0,{},,,,
return_above_0_5_percent,C_price_trend,hist_gradient,0.7,year,2021.0,0,0.0,,0.0,,,,0.0,0.0,0.0,{},,,,
return_above_0_5_percent,C_price_trend,hist_gradient,0.7,year,2022.0,0,0.0,,0.0,,,,0.0,0.0,0.0,{},,,,
return_above_0_5_percent,C_price_trend,hist_gradient,0.7,year,2023.0,0,0.0,,0.0,,,,0.0,0.0,0.0,{},,,,
return_above_0_5_percent,C_price_trend,hist_gradient,0.7,year,2024.0,0,0.0,,0.0,,,,0.0,0.0,0.0,{},,,,
return_above_0_5_percent,C_price_trend,hist_gradient,0.7,aggregate,,0,0.0,,0.0,,,,0.0,0.0,0.0,{},0.0,0.0,0.0,0.0
return_above_0_5_percent,C_price_trend,logistic,0.5,year,2020.0,7,3.3653846153846154,85.71428571428571,24.83774748,3.5444035182963893,5.792279724418154,3.5482496400000003,0.5031808808625601,4.82018906,20.01755842,"{'TREND_UP': 6, 'HIGH_VOLATILITY': 1}",,,,
return_above_0_5_percent,C_price_trend,logistic,0.5,year,2021.0,41,20.398009950248756,46.34146341463415,15.68276663,0.38219872787779036,1.2283064568102697,0.3825065031707317,2.3520774802068276,18.5793046,-2.8965379699999967,"{'HIGH_VOLATILITY': 25, 'TREND_UP': 14, 'RANGE': 2}",,,,
return_above_0_5_percent,C_price_trend,logistic,0.5,year,2022.0,11,5.238095238095238,45.45454545454545,5.9479599599999995,0.5424074819456985,1.3872535404754922,0.5407236327272726,0.8582508186501142,0.9992723499999996,4.94868761,"{'TREND_UP': 5, 'HIGH_VOLATILITY': 4, 'RANGE': 2}",,,,
return_above_0_5_percent,C_price_trend,logistic,0.5,year,2023.0,4,1.8518518518518516,25.0,-6.45650421,-1.6172445734398182,0.001217584042032536,-1.6141260525,0.6456504210000049,-6.31904128,-0.13746292999999998,{'TREND_UP': 4},,,,
return_above_0_5_percent,C_price_trend,logistic,0.5,year,2024.0,4,1.9704433497536946,50.0,-3.4490894700000005,-0.8673649350607757,0.647754132275058,-0.8622723675000001,0.974300040362331,-4.60397,1.1548805299999998,"{'TREND_UP': 2, 'HIGH_VOLATILITY': 2}",,,,
return_above_0_5_percent,C_price_trend,logistic,0.5,aggregate,,67,6.454720616570328,49.25373134328358,36.562880390000004,0.5449106975890216,1.346600340597229,0.5457146326865672,2.7949549826093,13.475754729999998,23.087125660000005,"{'HIGH_VOLATILITY': 32, 'TREND_UP': 31, 'RANGE': 4}",5.9479599599999995,-6.45650421,3.0,13.08104465476835
return_above_0_5_percent,C_price_trend,logistic,0.55,year,2020.0,4,1.9230769230769231,100.0,20.01453969,4.999792419555917,,5.0036349225,0.0,5.0029771,15.01156259,"{'TREND_UP': 3, 'HIGH_VOLATILITY': 1}",,,,
return_above_0_5_percent,C_price_trend,logistic,0.55,year,2021.0,30,14.925373134328357,50.0,17.783390370000003,0.5928592533763716,1.3559361872004474,0.5927796790000001,1.7704630139573196,16.47774698,1.3056433900000006,"{'HIGH_VOLATILITY': 22, 'TREND_UP': 8}",,,,
return_above_0_5_percent,C_price_trend,logistic,0.55,year,2022.0,8,3.8095238095238098,25.0,-5.372500520000001,-0.6694925013012692,0.650212869358922,-0.6715625650000001,1.4749715514230883,0.9992723499999996,-6.37177287,"{'HIGH_VOLATILITY': 4, 'TREND_UP': 3, 'RANGE': 1}",,,,
return_above_0_5_percent,C_price_trend,logistic,0.55,year,2023.0,0,0.0,,0.0,,,,0.0,0.0,0.0,{},,,,
return_above_0_5_percent,C_price_trend,logistic,0.55,year,2024.0,1,0.49261083743842365,0.0,-5.18774024,-5.1895831323789725,0.0,-5.18774024,0.5187740240000039,0.0,-5.18774024,{'HIGH_VOLATILITY': 1},,,,
return_above_0_5_percent,C_price_trend,logistic,0.55,aggregate,,43,4.142581888246628,48.837209302325576,27.237689299999996,0.6334749799238534,1.386298791125284,0.6334346348837209,2.736799825860228,22.479996429999996,4.757692870000007,"{'HIGH_VOLATILITY': 28, 'TREND_UP': 14, 'RANGE': 1}",0.0,-5.372500520000001,2.0,12.492286009862674
return_above_0_5_percent,C_price_trend,logistic,0.6,year,2020.0,1,0.4807692307692308,100.0,5.00577486,5.001444879701351,,5.00577486,0.0,0.0,5.00577486,{'TREND_UP': 1},,,,
return_above_0_5_percent,C_price_trend,logistic,0.6,year,2021.0,21,10.44776119402985,47.61904761904761,4.797312489999998,0.22797895552535602,1.1161549500898351,0.22844345190476179,2.115043477728954,5.84942261,-1.052110119999996,"{'HIGH_VOLATILITY': 17, 'TREND_UP': 4}",,,,
return_above_0_5_percent,C_price_trend,logistic,0.6,year,2022.0,6,2.857142857142857,33.33333333333333,-1.3865968399999993,-0.228548506032707,0.8780846497028794,-0.23109947333333322,1.1260977719234602,4.98517603,-6.37177287,"{'TREND_UP': 3, 'HIGH_VOLATILITY': 3}",,,,
return_above_0_5_percent,C_price_trend,logistic,0.6,year,2023.0,0,0.0,,0.0,,,,0.0,0.0,0.0,{},,,,
return_above_0_5_percent,C_price_trend,logistic,0.6,year,2024.0,0,0.0,,0.0,,,,0.0,0.0,0.0,{},,,,
return_above_0_5_percent,C_price_trend,logistic,0.6,aggregate,,28,2.697495183044316,46.42857142857143,8.41649051000001,0.30063256819777084,1.1597832817295086,0.30058894678571463,2.2392029456258533,10.83459864,-2.418108129999993,"{'HIGH_VOLATILITY': 20, 'TREND_UP': 8}",0.0,-1.3865968399999993,2.0,2.9927903940733964
return_above_0_5_percent,C_price_trend,logistic,0.65,year,2020.0,0,0.0,,0.0,,,,0.0,0.0,0.0,{},,,,
return_above_0_5_percent,C_price_trend,logistic,0.65,year,2021.0,13,6.467661691542288,46.15384615384615,-4.213261760000001,-0.323854765111254,0.8609940725012545,-0.3240970584615385,1.4953287718083472,2.6872361399999996,-6.900497899999998,"{'HIGH_VOLATILITY': 11, 'TREND_UP': 2}",,,,
return_above_0_5_percent,C_price_trend,logistic,0.65,year,2022.0,5,2.380952380952381,40.0,-1.3520289699999992,-0.26734153009141265,0.8807615930060116,-0.27040579399999987,1.1226751659502157,4.98517603,-6.337205,"{'HIGH_VOLATILITY': 3, 'TREND_UP': 2}",,,,
return_above_0_5_percent,C_price_trend,logistic,0.65,year,2023.0,0,0.0,,0.0,,,,0.0,0.0,0.0,{},,,,
return_above_0_5_percent,C_price_trend,logistic,0.65,year,2024.0,0,0.0,,0.0,,,,0.0,0.0,0.0,{},,,,
return_above_0_5_percent,C_price_trend,logistic,0.65,aggregate,,18,1.7341040462427744,44.44444444444444,-5.565290729999998,-0.30815664427240913,0.866375771264718,-0.3091828183333332,1.629073442294952,7.672412169999999,-13.237702899999999,"{'HIGH_VOLATILITY': 14, 'TREND_UP': 4}",0.0,-4.213261760000001,0.0,1.8292802417968093
return_above_0_5_percent,C_price_trend,logistic,0.7,year,2020.0,0,0.0,,0.0,,,,0.0,0.0,0.0,{},,,,
return_above_0_5_percent,C_price_trend,logistic,0.7,year,2021.0,6,2.9850746268656714,50.0,-4.469680039999999,-0.7445752151003195,0.7128543667704803,-0.7449466733333332,0.5368849307655038,4.99272331,-9.462403349999999,{'HIGH_VOLATILITY': 6},,,,
return_above_0_5_percent,C_price_trend,logistic,0.7,year,2022.0,4,1.9047619047619049,25.0,-6.35369543,-1.584214361230201,0.4396536328669167,-1.5884238575,1.128262558537638,4.98517603,-11.33887146,"{'HIGH_VOLATILITY': 3, 'TREND_UP': 1}",,,,
return_above_0_5_percent,C_price_trend,logistic,0.7,year,2023.0,0,0.0,,0.0,,,,0.0,0.0,0.0,{},,,,
return_above_0_5_percent,C_price_trend,logistic,0.7,year,2024.0,0,0.0,,0.0,,,,0.0,0.0,0.0,{},,,,
return_above_0_5_percent,C_price_trend,logistic,0.7,aggregate,,10,0.9633911368015413,40.0,-10.823375469999998,-1.080430873552272,0.5977153819179563,-1.0823375469999998,1.1716806039845302,9.97789934,-20.801274810000002,"{'HIGH_VOLATILITY': 9, 'TREND_UP': 1}",0.0,-6.35369543,0.0,3.0380254263360658
return_above_0_5_percent,D_price_trend_volatility,dummy,0.5,year,2020.0,0,0.0,,0.0,,,,0.0,0.0,0.0,{},,,,
return_above_0_5_percent,D_price_trend_volatility,dummy,0.5,year,2021.0,0,0.0,,0.0,,,,0.0,0.0,0.0,{},,,,
return_above_0_5_percent,D_price_trend_volatility,dummy,0.5,year,2022.0,0,0.0,,0.0,,,,0.0,0.0,0.0,{},,,,
return_above_0_5_percent,D_price_trend_volatility,dummy,0.5,year,2023.0,0,0.0,,0.0,,,,0.0,0.0,0.0,{},,,,
return_above_0_5_percent,D_price_trend_volatility,dummy,0.5,year,2024.0,0,0.0,,0.0,,,,0.0,0.0,0.0,{},,,,
return_above_0_5_percent,D_price_trend_volatility,dummy,0.5,aggregate,,0,0.0,,0.0,,,,0.0,0.0,0.0,{},0.0,0.0,0.0,0.0
return_above_0_5_percent,D_price_trend_volatility,dummy,0.55,year,2020.0,0,0.0,,0.0,,,,0.0,0.0,0.0,{},,,,
return_above_0_5_percent,D_price_trend_volatility,dummy,0.55,year,2021.0,0,0.0,,0.0,,,,0.0,0.0,0.0,{},,,,
return_above_0_5_percent,D_price_trend_volatility,dummy,0.55,year,2022.0,0,0.0,,0.0,,,,0.0,0.0,0.0,{},,,,
return_above_0_5_percent,D_price_trend_volatility,dummy,0.55,year,2023.0,0,0.0,,0.0,,,,0.0,0.0,0.0,{},,,,
return_above_0_5_percent,D_price_trend_volatility,dummy,0.55,year,2024.0,0,0.0,,0.0,,,,0.0,0.0,0.0,{},,,,
return_above_0_5_percent,D_price_trend_volatility,dummy,0.55,aggregate,,0,0.0,,0.0,,,,0.0,0.0,0.0,{},0.0,0.0,0.0,0.0
return_above_0_5_percent,D_price_trend_volatility,dummy,0.6,year,2020.0,0,0.0,,0.0,,,,0.0,0.0,0.0,{},,,,
return_above_0_5_percent,D_price_trend_volatility,dummy,0.6,year,2021.0,0,0.0,,0.0,,,,0.0,0.0,0.0,{},,,,
return_above_0_5_percent,D_price_trend_volatility,dummy,0.6,year,2022.0,0,0.0,,0.0,,,,0.0,0.0,0.0,{},,,,
return_above_0_5_percent,D_price_trend_volatility,dummy,0.6,year,2023.0,0,0.0,,0.0,,,,0.0,0.0,0.0,{},,,,
return_above_0_5_percent,D_price_trend_volatility,dummy,0.6,year,2024.0,0,0.0,,0.0,,,,0.0,0.0,0.0,{},,,,
return_above_0_5_percent,D_price_trend_volatility,dummy,0.6,aggregate,,0,0.0,,0.0,,,,0.0,0.0,0.0,{},0.0,0.0,0.0,0.0
return_above_0_5_percent,D_price_trend_volatility,dummy,0.65,year,2020.0,0,0.0,,0.0,,,,0.0,0.0,0.0,{},,,,
return_above_0_5_percent,D_price_trend_volatility,dummy,0.65,year,2021.0,0,0.0,,0.0,,,,0.0,0.0,0.0,{},,,,
return_above_0_5_percent,D_price_trend_volatility,dummy,0.65,year,2022.0,0,0.0,,0.0,,,,0.0,0.0,0.0,{},,,,
return_above_0_5_percent,D_price_trend_volatility,dummy,0.65,year,2023.0,0,0.0,,0.0,,,,0.0,0.0,0.0,{},,,,
return_above_0_5_percent,D_price_trend_volatility,dummy,0.65,year,2024.0,0,0.0,,0.0,,,,0.0,0.0,0.0,{},,,,
return_above_0_5_percent,D_price_trend_volatility,dummy,0.65,aggregate,,0,0.0,,0.0,,,,0.0,0.0,0.0,{},0.0,0.0,0.0,0.0
return_above_0_5_percent,D_price_trend_volatility,dummy,0.7,year,2020.0,0,0.0,,0.0,,,,0.0,0.0,0.0,{},,,,
return_above_0_5_percent,D_price_trend_volatility,dummy,0.7,year,2021.0,0,0.0,,0.0,,,,0.0,0.0,0.0,{},,,,
return_above_0_5_percent,D_price_trend_volatility,dummy,0.7,year,2022.0,0,0.0,,0.0,,,,0.0,0.0,0.0,{},,,,
return_above_0_5_percent,D_price_trend_volatility,dummy,0.7,year,2023.0,0,0.0,,0.0,,,,0.0,0.0,0.0,{},,,,
return_above_0_5_percent,D_price_trend_volatility,dummy,0.7,year,2024.0,0,0.0,,0.0,,,,0.0,0.0,0.0,{},,,,
return_above_0_5_percent,D_price_trend_volatility,dummy,0.7,aggregate,,0,0.0,,0.0,,,,0.0,0.0,0.0,{},0.0,0.0,0.0,0.0
return_above_0_5_percent,D_price_trend_volatility,forest,0.5,year,2020.0,0,0.0,,0.0,,,,0.0,0.0,0.0,{},,,,
return_above_0_5_percent,D_price_trend_volatility,forest,0.5,year,2021.0,21,10.44776119402985,52.38095238095239,17.682543849999995,0.8427759334923018,1.667479184902449,0.8420258976190473,1.2607849154652013,10.11380797,7.56873588,"{'TREND_UP': 13, 'HIGH_VOLATILITY': 8}",,,,
return_above_0_5_percent,D_price_trend_volatility,forest,0.5,year,2022.0,11,5.238095238095238,36.36363636363637,-10.481869719999999,-0.9520317527746341,0.5363956079053008,-0.9528972472727272,2.113385588193965,-5.08845848,-5.393411240000001,"{'HIGH_VOLATILITY': 4, 'TREND_UP': 4, 'RANGE': 3}",,,,
return_above_0_5_percent,D_price_trend_volatility,forest,0.5,year,2023.0,4,1.8518518518518516,0.0,-8.16829539,-2.0451832581727474,0.0,-2.0420738475,0.8168295390000027,-6.31904128,-1.84925411,{'TREND_UP': 4},,,,
return_above_0_5_percent,D_price_trend_volatility,forest,0.5,year,2024.0,2,0.9852216748768473,0.0,-9.79171024,-4.907094314603844,0.0,-4.89585512,0.9791710240000042,-4.60397,-5.18774024,{'HIGH_VOLATILITY': 2},,,,
return_above_0_5_percent,D_price_trend_volatility,forest,0.5,aggregate,,38,3.6608863198458574,39.473684210526315,-10.759331500000002,-0.28339411418635047,0.8395591495408365,-0.283140302631579,3.626443123663719,-5.897661790000001,-4.86166971,"{'TREND_UP': 21, 'HIGH_VOLATILITY': 14, 'RANGE': 3}",-8.16829539,-10.481869719999999,1.0,11.853142473319714
return_above_0_5_percent,D_price_trend_volatility,forest,0.55,year,2020.0,0,0.0,,0.0,,,,0.0,0.0,0.0,{},,,,
return_above_0_5_percent,D_price_trend_volatility,forest,0.55,year,2021.0,4,1.9900497512437811,50.0,7.295406900000001,1.8241412782165494,3.6988541322993513,1.8238517250000001,0.2058830289999946,-0.64431947,7.939726370000001,{'TREND_UP': 4},,,,
return_above_0_5_percent,D_price_trend_volatility,forest,0.55,year,2022.0,6,2.857142857142857,33.33333333333333,-6.5372906099999994,-1.087777268215364,0.6043792088554407,-1.089548435,1.63607409570423,-0.20763270000000045,-6.32965791,"{'TREND_UP': 3, 'HIGH_VOLATILITY': 3}",,,,
return_above_0_5_percent,D_price_trend_volatility,forest,0.55,year,2023.0,0,0.0,,0.0,,,,0.0,0.0,0.0,{},,,,
return_above_0_5_percent,D_price_trend_volatility,forest,0.55,year,2024.0,0,0.0,,0.0,,,,0.0,0.0,0.0,{},,,,
return_above_0_5_percent,D_price_trend_volatility,forest,0.55,aggregate,,10,0.9633911368015413,40.0,0.7581162900000002,0.0769901503574013,1.039429195249276,0.07581162900000002,1.6243410430004508,-0.8519521700000006,1.6100684600000017,"{'TREND_UP': 7, 'HIGH_VOLATILITY': 3}",0.0,-6.5372906099999994,1.0,4.895002101489056
return_above_0_5_percent,D_price_trend_volatility,forest,0.6,year,2020.0,0,0.0,,0.0,,,,0.0,0.0,0.0,{},,,,
return_above_0_5_percent,D_price_trend_volatility,forest,0.6,year,2021.0,0,0.0,,0.0,,,,0.0,0.0,0.0,{},,,,
return_above_0_5_percent,D_price_trend_volatility,forest,0.6,year,2022.0,2,0.9523809523809524,100.0,9.98684249,5.000074050963144,,4.993421245,0.0,4.98517603,5.00166646,{'TREND_UP': 2},,,,
return_above_0_5_percent,D_price_trend_volatility,forest,0.6,year,2023.0,0,0.0,,0.0,,,,0.0,0.0,0.0,{},,,,
return_above_0_5_percent,D_price_trend_volatility,forest,0.6,year,2024.0,0,0.0,,0.0,,,,0.0,0.0,0.0,{},,,,
return_above_0_5_percent,D_price_trend_volatility,forest,0.6,aggregate,,2,0.1926782273603083,100.0,9.98684249,5.000074050963144,,4.993421245,0.0,4.98517603,5.00166646,{'TREND_UP': 2},0.0,0.0,1.0,4.4662517376446536
return_above_0_5_percent,D_price_trend_volatility,forest,0.65,year,2020.0,0,0.0,,0.0,,,,0.0,0.0,0.0,{},,,,
return_above_0_5_percent,D_price_trend_volatility,forest,0.65,year,2021.0,0,0.0,,0.0,,,,0.0,0.0,0.0,{},,,,
return_above_0_5_percent,D_price_trend_volatility,forest,0.65,year,2022.0,0,0.0,,0.0,,,,0.0,0.0,0.0,{},,,,
return_above_0_5_percent,D_price_trend_volatility,forest,0.65,year,2023.0,0,0.0,,0.0,,,,0.0,0.0,0.0,{},,,,
return_above_0_5_percent,D_price_trend_volatility,forest,0.65,year,2024.0,0,0.0,,0.0,,,,0.0,0.0,0.0,{},,,,
return_above_0_5_percent,D_price_trend_volatility,forest,0.65,aggregate,,0,0.0,,0.0,,,,0.0,0.0,0.0,{},0.0,0.0,0.0,0.0
return_above_0_5_percent,D_price_trend_volatility,forest,0.7,year,2020.0,0,0.0,,0.0,,,,0.0,0.0,0.0,{},,,,
return_above_0_5_percent,D_price_trend_volatility,forest,0.7,year,2021.0,0,0.0,,0.0,,,,0.0,0.0,0.0,{},,,,
return_above_0_5_percent,D_price_trend_volatility,forest,0.7,year,2022.0,0,0.0,,0.0,,,,0.0,0.0,0.0,{},,,,
return_above_0_5_percent,D_price_trend_volatility,forest,0.7,year,2023.0,0,0.0,,0.0,,,,0.0,0.0,0.0,{},,,,
return_above_0_5_percent,D_price_trend_volatility,forest,0.7,year,2024.0,0,0.0,,0.0,,,,0.0,0.0,0.0,{},,,,
return_above_0_5_percent,D_price_trend_volatility,forest,0.7,aggregate,,0,0.0,,0.0,,,,0.0,0.0,0.0,{},0.0,0.0,0.0,0.0
return_above_0_5_percent,D_price_trend_volatility,hist_gradient,0.5,year,2020.0,11,5.288461538461538,27.27272727272727,-13.352437969999999,-1.2131936859398176,0.4375463841834412,-1.2138579972727273,1.6058221736186435,-23.358719639999997,10.00628167,"{'TREND_UP': 6, 'RANGE': 5}",,,,
return_above_0_5_percent,D_price_trend_volatility,hist_gradient,0.5,year,2021.0,19,9.45273631840796,36.84210526315789,-2.3792487699999993,-0.12501886416536725,0.9299598789578795,-0.12522361947368418,1.5992735462750238,3.38748384,-5.76673261,"{'TREND_UP': 14, 'RANGE': 4, 'HIGH_VOLATILITY': 1}",,,,
return_above_0_5_percent,D_price_trend_volatility,hist_gradient,0.5,year,2022.0,11,5.238095238095238,36.36363636363637,1.23261789,0.11374643554628962,1.0779765533461534,0.11205617181818182,1.4744022271901378,0.7050814199999995,0.52753647,"{'TREND_UP': 6, 'HIGH_VOLATILITY': 3, 'RANGE': 2}",,,,
return_above_0_5_percent,D_price_trend_volatility,hist_gradient,0.5,year,2023.0,4,1.8518518518518516,25.0,-8.38670625,-2.09782613532161,0.0009376195894807648,-2.0966765625,0.8386706249999974,-3.20983066,-5.17687559,"{'TREND_UP': 2, 'LOW_VOLATILITY': 1, 'RANGE': 1}",,,,
return_above_0_5_percent,D_price_trend_volatility,hist_gradient,0.5,year,2024.0,3,1.477832512315271,33.33333333333333,-2.97232636,-0.9965470938056528,0.627181944321924,-0.9907754533333333,0.49567518100000146,-7.9725923000000005,5.00026594,"{'TREND_UP': 2, 'RANGE': 1}",,,,
return_above_0_5_percent,D_price_trend_volatility,hist_gradient,0.5,aggregate,,48,4.624277456647398,33.33333333333333,-25.85810146,-0.5385463332536289,0.7123174112332696,-0.5387104470833334,3.050857303436445,-30.448577340000003,4.59047588,"{'TREND_UP': 30, 'RANGE': 13, 'HIGH_VOLATILITY': 4, 'LOW_VOLATILITY': 1}",-2.97232636,-13.352437969999999,1.0,5.720818446822128
return_above_0_5_percent,D_price_trend_volatility,hist_gradient,0.55,year,2020.0,5,2.403846153846154,40.0,-1.8477058600000005,-0.3700106621193402,0.8441279058777617,-0.3695411720000001,0.6816959745381183,-11.85398753,10.00628167,"{'TREND_UP': 3, 'RANGE': 2}",,,,
return_above_0_5_percent,D_price_trend_volatility,hist_gradient,0.55,year,2021.0,10,4.975124378109453,50.0,8.865030540000001,0.889019244447036,1.6967067780583351,0.8865030540000001,0.5344270790276712,7.21044979,1.654580750000001,"{'TREND_UP': 7, 'RANGE': 3}",,,,
return_above_0_5_percent,D_price_trend_volatility,hist_gradient,0.55,year,2022.0,2,0.9523809523809524,100.0,9.98684249,5.000074050963144,,4.993421245,0.0,4.98517603,5.00166646,{'TREND_UP': 2},,,,
return_above_0_5_percent,D_price_trend_volatility,hist_gradient,0.55,year,2023.0,1,0.4629629629629629,0.0,-5.18474651,-5.189410632297135,0.0,-5.18474651,0.5184746509999968,0.0,-5.18474651,{'TREND_UP': 1},,,,
return_above_0_5_percent,D_price_trend_volatility,hist_gradient,0.55,year,2024.0,0,0.0,,0.0,,,,0.0,0.0,0.0,{},,,,
return_above_0_5_percent,D_price_trend_volatility,hist_gradient,0.55,aggregate,,18,1.7341040462427744,50.0,11.819420659999999,0.658382033527934,1.3971189122666103,0.656634481111111,1.1982654606077874,0.34163829000000057,11.47778237,"{'TREND_UP': 13, 'RANGE': 5}",0.0,-5.18474651,2.0,6.720893946597259
return_above_0_5_percent,D_price_trend_volatility,hist_gradient,0.6,year,2020.0,0,0.0,,0.0,,,,0.0,0.0,0.0,{},,,,
return_above_0_5_percent,D_price_trend_volatility,hist_gradient,0.6,year,2021.0,6,2.9850746268656714,50.0,9.785921890000001,1.631274018136634,2.880257403106201,1.630986981666667,0.3053210629945156,2.23557702,7.55034487,"{'TREND_UP': 5, 'RANGE': 1}",,,,
return_above_0_5_percent,D_price_trend_volatility,hist_gradient,0.6,year,2022.0,1,0.4761904761904762,100.0,5.00166646,5.0001497944637405,,5.00166646,0.0,0.0,5.00166646,{'TREND_UP': 1},,,,
return_above_0_5_percent,D_price_trend_volatility,hist_gradient,0.6,year,2023.0,0,0.0,,0.0,,,,0.0,0.0,0.0,{},,,,
return_above_0_5_percent,D_price_trend_volatility,hist_gradient,0.6,year,2024.0,0,0.0,,0.0,,,,0.0,0.0,0.0,{},,,,
return_above_0_5_percent,D_price_trend_volatility,hist_gradient,0.6,aggregate,,7,0.674373795761079,57.14285714285714,14.78758835,2.1125419861833636,3.841272675350826,2.1125126214285714,0.3053210629945156,2.23557702,12.55201133,"{'TREND_UP': 6, 'RANGE': 1}",0.0,0.0,2.0,4.388803389662693
return_above_0_5_percent,D_price_trend_volatility,hist_gradient,0.65,year,2020.0,0,0.0,,0.0,,,,0.0,0.0,0.0,{},,,,
return_above_0_5_percent,D_price_trend_volatility,hist_gradient,0.65,year,2021.0,0,0.0,,0.0,,,,0.0,0.0,0.0,{},,,,
return_above_0_5_percent,D_price_trend_volatility,hist_gradient,0.65,year,2022.0,1,0.4761904761904762,100.0,5.00166646,5.0001497944637405,,5.00166646,0.0,0.0,5.00166646,{'TREND_UP': 1},,,,
return_above_0_5_percent,D_price_trend_volatility,hist_gradient,0.65,year,2023.0,0,0.0,,0.0,,,,0.0,0.0,0.0,{},,,,
return_above_0_5_percent,D_price_trend_volatility,hist_gradient,0.65,year,2024.0,0,0.0,,0.0,,,,0.0,0.0,0.0,{},,,,
return_above_0_5_percent,D_price_trend_volatility,hist_gradient,0.65,aggregate,,1,0.09633911368015415,100.0,5.00166646,5.0001497944637405,,5.00166646,0.0,0.0,5.00166646,{'TREND_UP': 1},0.0,0.0,1.0,2.2368132410681465
return_above_0_5_percent,D_price_trend_volatility,hist_gradient,0.7,year,2020.0,0,0.0,,0.0,,,,0.0,0.0,0.0,{},,,,
return_above_0_5_percent,D_price_trend_volatility,hist_gradient,0.7,year,2021.0,0,0.0,,0.0,,,,0.0,0.0,0.0,{},,,,
return_above_0_5_percent,D_price_trend_volatility,hist_gradient,0.7,year,2022.0,0,0.0,,0.0,,,,0.0,0.0,0.0,{},,,,
return_above_0_5_percent,D_price_trend_volatility,hist_gradient,0.7,year,2023.0,0,0.0,,0.0,,,,0.0,0.0,0.0,{},,,,
return_above_0_5_percent,D_price_trend_volatility,hist_gradient,0.7,year,2024.0,0,0.0,,0.0,,,,0.0,0.0,0.0,{},,,,
return_above_0_5_percent,D_price_trend_volatility,hist_gradient,0.7,aggregate,,0,0.0,,0.0,,,,0.0,0.0,0.0,{},0.0,0.0,0.0,0.0
return_above_0_5_percent,D_price_trend_volatility,logistic,0.5,year,2020.0,9,4.326923076923077,66.66666666666666,22.394248350000005,2.484951738170771,3.9342987668455955,2.4882498166666673,0.5043774061904337,-1.4888811100000003,23.883129460000003,"{'TREND_UP': 8, 'HIGH_VOLATILITY': 1}",,,,
return_above_0_5_percent,D_price_trend_volatility,logistic,0.5,year,2021.0,48,23.88059701492537,50.0,35.638932389999994,0.7425856552537667,1.507192894654073,0.7424777581249998,2.1393990660607676,21.82705673,13.811875660000004,"{'HIGH_VOLATILITY': 25, 'TREND_UP': 20, 'RANGE': 3}",,,,
return_above_0_5_percent,D_price_trend_volatility,logistic,0.5,year,2022.0,14,6.666666666666667,35.714285714285715,1.7106587799999975,0.1234962802453228,1.0872934551147762,0.12218991285714267,1.1339117194450594,0.9992723499999996,0.711386430000001,"{'TREND_UP': 7, 'HIGH_VOLATILITY': 5, 'RANGE': 2}",,,,
return_above_0_5_percent,D_price_trend_volatility,logistic,0.5,year,2023.0,0,0.0,,0.0,,,,0.0,0.0,0.0,{},,,,
return_above_0_5_percent,D_price_trend_volatility,logistic,0.5,year,2024.0,4,1.9704433497536946,50.0,-0.2836633100000001,-0.070920331167273,0.9571911939519503,-0.07091582750000003,0.6593320970858557,0.0,-0.2836633100000001,"{'TREND_UP': 3, 'HIGH_VOLATILITY': 1}",,,,
return_above_0_5_percent,D_price_trend_volatility,logistic,0.5,aggregate,,75,7.225433526011561,49.333333333333336,59.46017621000001,0.7927192492597758,1.5710634543197348,0.7928023494666667,2.0946534415247404,21.337447970000003,38.12272824000001,"{'TREND_UP': 38, 'HIGH_VOLATILITY': 32, 'RANGE': 5}",1.7106587799999975,-0.2836633100000001,3.0,16.33661660511939
return_above_0_5_percent,D_price_trend_volatility,logistic,0.55,year,2020.0,5,2.403846153846154,80.0,18.705548280000002,3.7381429659572953,15.290046624522923,3.7411096560000003,0.12960198686000401,3.69398569,15.01156259,"{'TREND_UP': 4, 'HIGH_VOLATILITY': 1}",,,,
return_above_0_5_percent,D_price_trend_volatility,logistic,0.55,year,2021.0,33,16.417910447761194,51.515151515151516,26.500859420000005,0.802908900476673,1.517414701878125,0.8030563460606062,1.2236958423991111,24.82688638,1.6739730400000012,"{'HIGH_VOLATILITY': 22, 'TREND_UP': 10, 'RANGE': 1}",,,,
return_above_0_5_percent,D_price_trend_volatility,logistic,0.55,year,2022.0,10,4.761904761904762,40.0,-1.3645180999999997,-0.13443012111964303,0.9227802706519858,-0.13645180999999998,1.2533004178285714,1.468518,-2.833036100000001,"{'TREND_UP': 6, 'HIGH_VOLATILITY': 3, 'RANGE': 1}",,,,
return_above_0_5_percent,D_price_trend_volatility,logistic,0.55,year,2023.0,0,0.0,,0.0,,,,0.0,0.0,0.0,{},,,,
return_above_0_5_percent,D_price_trend_volatility,logistic,0.55,year,2024.0,0,0.0,,0.0,,,,0.0,0.0,0.0,{},,,,
return_above_0_5_percent,D_price_trend_volatility,logistic,0.55,aggregate,,48,4.624277456647398,52.083333333333336,43.841889599999995,0.9133834861316718,1.6245513605125437,0.9133726999999999,1.2019958221879472,29.989390070000002,13.852499530000003,"{'HIGH_VOLATILITY': 26, 'TREND_UP': 20, 'RANGE': 2}",0.0,-1.3645180999999997,2.0,12.938631490226507
return_above_0_5_percent,D_price_trend_volatility,logistic,0.6,year,2020.0,2,0.9615384615384616,100.0,10.00875196,5.000740807849034,,5.00437598,0.0,5.0029771,5.00577486,"{'TREND_UP': 1, 'HIGH_VOLATILITY': 1}",,,,
return_above_0_5_percent,D_price_trend_volatility,logistic,0.6,year,2021.0,22,10.945273631840797,40.909090909090914,-2.8349932200000008,-0.12895248368713833,0.9354594114618943,-0.12886332818181823,2.6660512164367494,5.672866,-8.507859219999997,"{'HIGH_VOLATILITY': 19, 'TREND_UP': 3}",,,,
return_above_0_5_percent,D_price_trend_volatility,logistic,0.6,year,2022.0,6,2.857142857142857,33.33333333333333,0.28838272000000087,0.05051361833216724,1.029734898823012,0.04806378666666681,0.9602560510679153,1.468518,-1.18013528,"{'TREND_UP': 3, 'HIGH_VOLATILITY': 2, 'RANGE': 1}",,,,
return_above_0_5_percent,D_price_trend_volatility,logistic,0.6,year,2023.0,0,0.0,,0.0,,,,0.0,0.0,0.0,{},,,,
return_above_0_5_percent,D_price_trend_volatility,logistic,0.6,year,2024.0,0,0.0,,0.0,,,,0.0,0.0,0.0,{},,,,
return_above_0_5_percent,D_price_trend_volatility,logistic,0.6,aggregate,,30,2.8901734104046244,43.333333333333336,7.46214146,0.24892028948580094,1.1391562253278085,0.24873804866666666,2.6402569351268497,12.1443611,-4.682219639999998,"{'HIGH_VOLATILITY': 22, 'TREND_UP': 7, 'RANGE': 1}",0.0,-2.8349932200000008,2.0,4.928457058594359
return_above_0_5_percent,D_price_trend_volatility,logistic,0.65,year,2020.0,1,0.4807692307692308,100.0,5.0029771,5.0000367359967175,,5.0029771,0.0,5.0029771,0.0,{'HIGH_VOLATILITY': 1},,,,
return_above_0_5_percent,D_price_trend_volatility,logistic,0.65,year,2021.0,16,7.960199004975125,43.75,-4.721944009999996,-0.29481955483427374,0.8681646622902157,-0.29512150062499976,1.999447950019822,2.6872361399999996,-7.409180149999997,"{'HIGH_VOLATILITY': 14, 'TREND_UP': 2}",,,,
return_above_0_5_percent,D_price_trend_volatility,logistic,0.65,year,2022.0,5,2.380952380952381,40.0,0.3229505900000009,0.06753301914643642,1.0334182742669134,0.06459011800000018,0.9568334450946708,1.468518,-1.14556741,"{'TREND_UP': 2, 'HIGH_VOLATILITY': 2, 'RANGE': 1}",,,,
return_above_0_5_percent,D_price_trend_volatility,logistic,0.65,year,2023.0,0,0.0,,0.0,,,,0.0,0.0,0.0,{},,,,
return_above_0_5_percent,D_price_trend_volatility,logistic,0.65,year,2024.0,0,0.0,,0.0,,,,0.0,0.0,0.0,{},,,,
return_above_0_5_percent,D_price_trend_volatility,logistic,0.65,aggregate,,22,2.119460500963391,45.45454545454545,0.6039836800000038,0.02820858883547822,1.0132799486665987,0.027453803636363808,1.9896465404033084,9.15873124,-8.55474756,"{'HIGH_VOLATILITY': 17, 'TREND_UP': 4, 'RANGE': 1}",0.0,-4.721944009999996,2.0,3.4408528348048883
return_above_0_5_percent,D_price_trend_volatility,logistic,0.7,year,2020.0,0,0.0,,0.0,,,,0.0,0.0,0.0,{},,,,
return_above_0_5_percent,D_price_trend_volatility,logistic,0.7,year,2021.0,11,5.472636815920398,45.45454545454545,-2.0305263199999986,-0.1846399266970317,0.9122123906538274,-0.18459330181818168,0.7576738044686613,4.99272331,-7.023249629999999,"{'HIGH_VOLATILITY': 10, 'TREND_UP': 1}",,,,
return_above_0_5_percent,D_price_trend_volatility,logistic,0.7,year,2022.0,4,1.9047619047619049,50.0,3.839608620000001,0.9632379858878689,1.6246075391304415,0.9599021550000002,0.608644945794013,4.98517603,-1.14556741,"{'TREND_UP': 2, 'HIGH_VOLATILITY': 2}",,,,
return_above_0_5_percent,D_price_trend_volatility,logistic,0.7,year,2023.0,0,0.0,,0.0,,,,0.0,0.0,0.0,{},,,,
return_above_0_5_percent,D_price_trend_volatility,logistic,0.7,year,2024.0,0,0.0,,0.0,,,,0.0,0.0,0.0,{},,,,
return_above_0_5_percent,D_price_trend_volatility,logistic,0.7,aggregate,,15,1.4450867052023122,46.666666666666664,1.809082300000001,0.12146084999227512,1.0617914612820816,0.12060548666666673,0.7576738044686613,9.97789934,-8.168817039999999,"{'HIGH_VOLATILITY': 12, 'TREND_UP': 3}",0.0,-2.0305263199999986,1.0,2.133721850274561
return_above_0_5_percent,E_all_excluding_regime,dummy,0.5,year,2020.0,0,0.0,,0.0,,,,0.0,0.0,0.0,{},,,,
return_above_0_5_percent,E_all_excluding_regime,dummy,0.5,year,2021.0,0,0.0,,0.0,,,,0.0,0.0,0.0,{},,,,
return_above_0_5_percent,E_all_excluding_regime,dummy,0.5,year,2022.0,0,0.0,,0.0,,,,0.0,0.0,0.0,{},,,,
return_above_0_5_percent,E_all_excluding_regime,dummy,0.5,year,2023.0,0,0.0,,0.0,,,,0.0,0.0,0.0,{},,,,
return_above_0_5_percent,E_all_excluding_regime,dummy,0.5,year,2024.0,0,0.0,,0.0,,,,0.0,0.0,0.0,{},,,,
return_above_0_5_percent,E_all_excluding_regime,dummy,0.5,aggregate,,0,0.0,,0.0,,,,0.0,0.0,0.0,{},0.0,0.0,0.0,0.0
return_above_0_5_percent,E_all_excluding_regime,dummy,0.55,year,2020.0,0,0.0,,0.0,,,,0.0,0.0,0.0,{},,,,
return_above_0_5_percent,E_all_excluding_regime,dummy,0.55,year,2021.0,0,0.0,,0.0,,,,0.0,0.0,0.0,{},,,,
return_above_0_5_percent,E_all_excluding_regime,dummy,0.55,year,2022.0,0,0.0,,0.0,,,,0.0,0.0,0.0,{},,,,
return_above_0_5_percent,E_all_excluding_regime,dummy,0.55,year,2023.0,0,0.0,,0.0,,,,0.0,0.0,0.0,{},,,,
return_above_0_5_percent,E_all_excluding_regime,dummy,0.55,year,2024.0,0,0.0,,0.0,,,,0.0,0.0,0.0,{},,,,
return_above_0_5_percent,E_all_excluding_regime,dummy,0.55,aggregate,,0,0.0,,0.0,,,,0.0,0.0,0.0,{},0.0,0.0,0.0,0.0
return_above_0_5_percent,E_all_excluding_regime,dummy,0.6,year,2020.0,0,0.0,,0.0,,,,0.0,0.0,0.0,{},,,,
return_above_0_5_percent,E_all_excluding_regime,dummy,0.6,year,2021.0,0,0.0,,0.0,,,,0.0,0.0,0.0,{},,,,
return_above_0_5_percent,E_all_excluding_regime,dummy,0.6,year,2022.0,0,0.0,,0.0,,,,0.0,0.0,0.0,{},,,,
return_above_0_5_percent,E_all_excluding_regime,dummy,0.6,year,2023.0,0,0.0,,0.0,,,,0.0,0.0,0.0,{},,,,
return_above_0_5_percent,E_all_excluding_regime,dummy,0.6,year,2024.0,0,0.0,,0.0,,,,0.0,0.0,0.0,{},,,,
return_above_0_5_percent,E_all_excluding_regime,dummy,0.6,aggregate,,0,0.0,,0.0,,,,0.0,0.0,0.0,{},0.0,0.0,0.0,0.0
return_above_0_5_percent,E_all_excluding_regime,dummy,0.65,year,2020.0,0,0.0,,0.0,,,,0.0,0.0,0.0,{},,,,
return_above_0_5_percent,E_all_excluding_regime,dummy,0.65,year,2021.0,0,0.0,,0.0,,,,0.0,0.0,0.0,{},,,,
return_above_0_5_percent,E_all_excluding_regime,dummy,0.65,year,2022.0,0,0.0,,0.0,,,,0.0,0.0,0.0,{},,,,
return_above_0_5_percent,E_all_excluding_regime,dummy,0.65,year,2023.0,0,0.0,,0.0,,,,0.0,0.0,0.0,{},,,,
return_above_0_5_percent,E_all_excluding_regime,dummy,0.65,year,2024.0,0,0.0,,0.0,,,,0.0,0.0,0.0,{},,,,
return_above_0_5_percent,E_all_excluding_regime,dummy,0.65,aggregate,,0,0.0,,0.0,,,,0.0,0.0,0.0,{},0.0,0.0,0.0,0.0
return_above_0_5_percent,E_all_excluding_regime,dummy,0.7,year,2020.0,0,0.0,,0.0,,,,0.0,0.0,0.0,{},,,,
return_above_0_5_percent,E_all_excluding_regime,dummy,0.7,year,2021.0,0,0.0,,0.0,,,,0.0,0.0,0.0,{},,,,
return_above_0_5_percent,E_all_excluding_regime,dummy,0.7,year,2022.0,0,0.0,,0.0,,,,0.0,0.0,0.0,{},,,,
return_above_0_5_percent,E_all_excluding_regime,dummy,0.7,year,2023.0,0,0.0,,0.0,,,,0.0,0.0,0.0,{},,,,
return_above_0_5_percent,E_all_excluding_regime,dummy,0.7,year,2024.0,0,0.0,,0.0,,,,0.0,0.0,0.0,{},,,,
return_above_0_5_percent,E_all_excluding_regime,dummy,0.7,aggregate,,0,0.0,,0.0,,,,0.0,0.0,0.0,{},0.0,0.0,0.0,0.0
return_above_0_5_percent,E_all_excluding_regime,forest,0.5,year,2020.0,0,0.0,,0.0,,,,0.0,0.0,0.0,{},,,,
return_above_0_5_percent,E_all_excluding_regime,forest,0.5,year,2021.0,18,8.955223880597014,66.66666666666666,40.849289320000004,2.270183455218534,4.411012657562155,2.2694049622222225,0.5026924002201671,24.255817280000002,16.59347204,"{'TREND_UP': 14, 'HIGH_VOLATILITY': 4}",,,,
return_above_0_5_percent,E_all_excluding_regime,forest,0.5,year,2022.0,10,4.761904761904762,30.0,-12.537171529999998,-1.2526699631139582,0.4454913158610963,-1.2537171529999998,2.113385588193965,-5.08845848,-7.44871305,"{'HIGH_VOLATILITY': 4, 'TREND_UP': 4, 'RANGE': 2}",,,,
return_above_0_5_percent,E_all_excluding_regime,forest,0.5,year,2023.0,3,1.3888888888888888,0.0,-7.0284441300000005,-2.3463559912849528,0.0,-2.3428147100000003,0.7028444130000026,-5.17919002,-1.84925411,{'TREND_UP': 3},,,,
return_above_0_5_percent,E_all_excluding_regime,forest,0.5,year,2024.0,2,0.9852216748768473,50.0,-0.19317899999999977,-0.09481094729623489,0.9627623992214384,-0.09658949999999988,0.5187740240000039,0.0,-0.19317899999999977,{'HIGH_VOLATILITY': 2},,,,
return_above_0_5_percent,E_all_excluding_regime,forest,0.5,aggregate,,33,3.1791907514450863,48.484848484848484,21.090494659999997,0.6396337180105058,1.4506380653726836,0.6391058987878787,3.1949918986720975,13.988168780000002,7.102325879999999,"{'TREND_UP': 21, 'HIGH_VOLATILITY': 10, 'RANGE': 2}",-0.19317899999999977,-12.537171529999998,1.0,21.132437506920393
return_above_0_5_percent,E_all_excluding_regime,forest,0.55,year,2020.0,0,0.0,,0.0,,,,0.0,0.0,0.0,{},,,,
return_above_0_5_percent,E_all_excluding_regime,forest,0.55,year,2021.0,3,1.4925373134328357,33.33333333333333,2.29424863,0.7655553101093613,1.8487316033870058,0.7647495433333332,0.2058830289999946,-0.64431947,2.9385681,{'TREND_UP': 3},,,,
return_above_0_5_percent,E_all_excluding_regime,forest,0.55,year,2022.0,5,2.380952380952381,40.0,-1.3532001099999995,-0.2673706838963989,0.8806706325776943,-0.2706400219999999,1.1227911219162467,-0.20763270000000045,-1.14556741,"{'HIGH_VOLATILITY': 3, 'TREND_UP': 2}",,,,
return_above_0_5_percent,E_all_excluding_regime,forest,0.55,year,2023.0,0,0.0,,0.0,,,,0.0,0.0,0.0,{},,,,
return_above_0_5_percent,E_all_excluding_regime,forest,0.55,year,2024.0,0,0.0,,0.0,,,,0.0,0.0,0.0,{},,,,
return_above_0_5_percent,E_all_excluding_regime,forest,0.55,aggregate,,8,0.7707129094412332,37.5,0.941048519999999,0.11997656385576115,1.0670110111629918,0.11763106499999987,1.120246411740567,-0.8519521700000006,1.7930006900000004,"{'TREND_UP': 5, 'HIGH_VOLATILITY': 3}",0.0,-1.3532001099999995,1.0,1.3150677597144993
return_above_0_5_percent,E_all_excluding_regime,forest,0.6,year,2020.0,0,0.0,,0.0,,,,0.0,0.0,0.0,{},,,,
return_above_0_5_percent,E_all_excluding_regime,forest,0.6,year,2021.0,0,0.0,,0.0,,,,0.0,0.0,0.0,{},,,,
return_above_0_5_percent,E_all_excluding_regime,forest,0.6,year,2022.0,4,1.9047619047619049,50.0,-0.3952762399999994,-0.09471389414660944,0.9619272086671659,-0.09881905999999985,1.0279459388207621,-0.20763270000000045,-0.18764353999999983,"{'TREND_UP': 2, 'HIGH_VOLATILITY': 2}",,,,
return_above_0_5_percent,E_all_excluding_regime,forest,0.6,year,2023.0,0,0.0,,0.0,,,,0.0,0.0,0.0,{},,,,
return_above_0_5_percent,E_all_excluding_regime,forest,0.6,year,2024.0,0,0.0,,0.0,,,,0.0,0.0,0.0,{},,,,
return_above_0_5_percent,E_all_excluding_regime,forest,0.6,aggregate,,4,0.3853564547206166,50.0,-0.3952762399999994,-0.09471389414660944,0.9619272086671659,-0.09881905999999985,1.0279459388207621,-0.20763270000000045,-0.18764353999999983,"{'TREND_UP': 2, 'HIGH_VOLATILITY': 2}",0.0,-0.3952762399999994,0.0,0.17677290850610403
return_above_0_5_percent,E_all_excluding_regime,forest,0.65,year,2020.0,0,0.0,,0.0,,,,0.0,0.0,0.0,{},,,,
return_above_0_5_percent,E_all_excluding_regime,forest,0.65,year,2021.0,0,0.0,,0.0,,,,0.0,0.0,0.0,{},,,,
return_above_0_5_percent,E_all_excluding_regime,forest,0.65,year,2022.0,0,0.0,,0.0,,,,0.0,0.0,0.0,{},,,,
return_above_0_5_percent,E_all_excluding_regime,forest,0.65,year,2023.0,0,0.0,,0.0,,,,0.0,0.0,0.0,{},,,,
return_above_0_5_percent,E_all_excluding_regime,forest,0.65,year,2024.0,0,0.0,,0.0,,,,0.0,0.0,0.0,{},,,,
return_above_0_5_percent,E_all_excluding_regime,forest,0.65,aggregate,,0,0.0,,0.0,,,,0.0,0.0,0.0,{},0.0,0.0,0.0,0.0
return_above_0_5_percent,E_all_excluding_regime,forest,0.7,year,2020.0,0,0.0,,0.0,,,,0.0,0.0,0.0,{},,,,
return_above_0_5_percent,E_all_excluding_regime,forest,0.7,year,2021.0,0,0.0,,0.0,,,,0.0,0.0,0.0,{},,,,
return_above_0_5_percent,E_all_excluding_regime,forest,0.7,year,2022.0,0,0.0,,0.0,,,,0.0,0.0,0.0,{},,,,
return_above_0_5_percent,E_all_excluding_regime,forest,0.7,year,2023.0,0,0.0,,0.0,,,,0.0,0.0,0.0,{},,,,
return_above_0_5_percent,E_all_excluding_regime,forest,0.7,year,2024.0,0,0.0,,0.0,,,,0.0,0.0,0.0,{},,,,
return_above_0_5_percent,E_all_excluding_regime,forest,0.7,aggregate,,0,0.0,,0.0,,,,0.0,0.0,0.0,{},0.0,0.0,0.0,0.0
return_above_0_5_percent,E_all_excluding_regime,hist_gradient,0.5,year,2020.0,8,3.8461538461538463,25.0,-13.54472502,-1.6920217575937369,0.2844455230415235,-1.6930906275,1.8827619140631087,-18.54808662,5.0033616,"{'TREND_UP': 5, 'RANGE': 3}",,,,
return_above_0_5_percent,E_all_excluding_regime,hist_gradient,0.5,year,2021.0,22,10.945273631840797,40.909090909090914,-1.5370526900000017,-0.06935802652264078,0.9572628736837261,-0.06986603136363644,1.7426869312500994,2.94482266,-4.481875349999999,"{'TREND_UP': 16, 'RANGE': 5, 'HIGH_VOLATILITY': 1}",,,,
return_above_0_5_percent,E_all_excluding_regime,hist_gradient,0.5,year,2022.0,8,3.8095238095238098,25.0,-5.786134819999998,-0.7210680777549443,0.6331615327734216,-0.7232668524999998,1.5617012664356722,-4.292937350000001,-1.49319747,"{'TREND_UP': 4, 'HIGH_VOLATILITY': 3, 'RANGE': 1}",,,,
return_above_0_5_percent,E_all_excluding_regime,hist_gradient,0.5,year,2023.0,6,2.7777777777777777,16.666666666666664,-13.33375344,-2.2230045832262855,0.0005899521518232881,-2.2222922400000003,1.333375344000001,-2.70588285,-10.62787059,"{'TREND_UP': 4, 'RANGE': 2}",,,,
return_above_0_5_percent,E_all_excluding_regime,hist_gradient,0.5,year,2024.0,3,1.477832512315271,33.33333333333333,-2.9918143699999997,-0.9965241225999013,0.6247375687328198,-0.9972714566666666,0.49567518100000146,-2.9918143699999997,0.0,"{'TREND_UP': 2, 'RANGE': 1}",,,,
return_above_0_5_percent,E_all_excluding_regime,hist_gradient,0.5,aggregate,,47,4.527938342967245,31.914893617021278,-37.19348034000001,-0.7905998964562758,0.5956415768116812,-0.791350645531915,4.430413951144988,-25.59389853,-11.59958181,"{'TREND_UP': 31, 'RANGE': 12, 'HIGH_VOLATILITY': 4}",-5.786134819999998,-13.54472502,0.0,5.687055500373714
return_above_0_5_percent,E_all_excluding_regime,hist_gradient,0.55,year,2020.0,4,1.9230769230769231,25.0,-6.8506259300000005,-1.7120450454313725,0.42208257662980686,-1.7126564825000001,1.1794973014943921,-11.85398753,5.0033616,"{'TREND_UP': 3, 'RANGE': 1}",,,,
return_above_0_5_percent,E_all_excluding_regime,hist_gradient,0.55,year,2021.0,8,3.9800995024875623,37.5,2.5241466599999995,0.3176447229996632,1.2029047872180023,0.31551833249999994,0.818089157730058,7.21044979,-4.686303130000001,"{'TREND_UP': 5, 'RANGE': 3}",,,,
return_above_0_5_percent,E_all_excluding_regime,hist_gradient,0.55,year,2022.0,2,0.9523809523809524,100.0,9.98684249,5.000074050963144,,4.993421245,0.0,4.98517603,5.00166646,{'TREND_UP': 2},,,,
return_above_0_5_percent,E_all_excluding_regime,hist_gradient,0.55,year,2023.0,2,0.9259259259259258,0.0,-6.88866677,-3.4466497623709986,0.0,-3.444333385,0.6888666769999986,0.0,-6.88866677,{'TREND_UP': 2},,,,
return_above_0_5_percent,E_all_excluding_regime,hist_gradient,0.55,year,2024.0,0,0.0,,0.0,,,,0.0,0.0,0.0,{},,,,
return_above_0_5_percent,E_all_excluding_regime,hist_gradient,0.55,aggregate,,16,1.5414258188824663,37.5,-1.2283035500000032,-0.07501086378399338,0.9606094663416068,-0.0767689718750002,1.3843553515930833,0.34163829000000057,-1.5699418400000007,"{'TREND_UP': 12, 'RANGE': 4}",0.0,-6.88866677,2.0,7.074450488553168
return_above_0_5_percent,E_all_excluding_regime,hist_gradient,0.6,year,2020.0,0,0.0,,0.0,,,,0.0,0.0,0.0,{},,,,
return_above_0_5_percent,E_all_excluding_regime,hist_gradient,0.6,year,2021.0,3,1.4925373134328357,33.33333333333333,1.9048671299999995,0.6354198925635649,1.6159572757237057,0.6349557099999998,0.30771534980629844,-0.64431947,2.5491865999999996,{'TREND_UP': 3},,,,
return_above_0_5_percent,E_all_excluding_regime,hist_gradient,0.6,year,2022.0,1,0.4761904761904762,100.0,5.00166646,5.0001497944637405,,5.00166646,0.0,0.0,5.00166646,{'TREND_UP': 1},,,,
return_above_0_5_percent,E_all_excluding_regime,hist_gradient,0.6,year,2023.0,0,0.0,,0.0,,,,0.0,0.0,0.0,{},,,,
return_above_0_5_percent,E_all_excluding_regime,hist_gradient,0.6,year,2024.0,0,0.0,,0.0,,,,0.0,0.0,0.0,{},,,,
return_above_0_5_percent,E_all_excluding_regime,hist_gradient,0.6,aggregate,,4,0.3853564547206166,50.0,6.90653359,1.726602368038609,3.2332946733091386,1.7266333975,0.30771534980629844,-0.64431947,7.55085306,{'TREND_UP': 4},0.0,0.0,2.0,2.1854716261074927
return_above_0_5_percent,E_all_excluding_regime,hist_gradient,0.65,year,2020.0,0,0.0,,0.0,,,,0.0,0.0,0.0,{},,,,
return_above_0_5_percent,E_all_excluding_regime,hist_gradient,0.65,year,2021.0,0,0.0,,0.0,,,,0.0,0.0,0.0,{},,,,
return_above_0_5_percent,E_all_excluding_regime,hist_gradient,0.65,year,2022.0,0,0.0,,0.0,,,,0.0,0.0,0.0,{},,,,
return_above_0_5_percent,E_all_excluding_regime,hist_gradient,0.65,year,2023.0,0,0.0,,0.0,,,,0.0,0.0,0.0,{},,,,
return_above_0_5_percent,E_all_excluding_regime,hist_gradient,0.65,year,2024.0,0,0.0,,0.0,,,,0.0,0.0,0.0,{},,,,
return_above_0_5_percent,E_all_excluding_regime,hist_gradient,0.65,aggregate,,0,0.0,,0.0,,,,0.0,0.0,0.0,{},0.0,0.0,0.0,0.0
return_above_0_5_percent,E_all_excluding_regime,hist_gradient,0.7,year,2020.0,0,0.0,,0.0,,,,0.0,0.0,0.0,{},,,,
return_above_0_5_percent,E_all_excluding_regime,hist_gradient,0.7,year,2021.0,0,0.0,,0.0,,,,0.0,0.0,0.0,{},,,,
return_above_0_5_percent,E_all_excluding_regime,hist_gradient,0.7,year,2022.0,0,0.0,,0.0,,,,0.0,0.0,0.0,{},,,,
return_above_0_5_percent,E_all_excluding_regime,hist_gradient,0.7,year,2023.0,0,0.0,,0.0,,,,0.0,0.0,0.0,{},,,,
return_above_0_5_percent,E_all_excluding_regime,hist_gradient,0.7,year,2024.0,0,0.0,,0.0,,,,0.0,0.0,0.0,{},,,,
return_above_0_5_percent,E_all_excluding_regime,hist_gradient,0.7,aggregate,,0,0.0,,0.0,,,,0.0,0.0,0.0,{},0.0,0.0,0.0,0.0
return_above_0_5_percent,E_all_excluding_regime,logistic,0.5,year,2020.0,11,5.288461538461538,63.63636363636363,28.78407586000001,2.6138854215100347,5.611249585028281,2.61673416909091,0.5494190913416753,3.7609136099999985,25.023162250000002,"{'TREND_UP': 8, 'RANGE': 2, 'HIGH_VOLATILITY': 1}",,,,
return_above_0_5_percent,E_all_excluding_regime,logistic,0.5,year,2021.0,47,23.383084577114428,44.680851063829785,17.84989144,0.37982057564334165,1.2336194788468817,0.3797849242553192,2.3770290313385156,20.821494129999998,-2.9716026899999988,"{'HIGH_VOLATILITY': 25, 'TREND_UP': 19, 'RANGE': 3}",,,,
return_above_0_5_percent,E_all_excluding_regime,logistic,0.5,year,2022.0,15,7.142857142857142,33.33333333333333,0.6433986099999967,0.04411578817741013,1.0311363524913257,0.04289324066666644,1.135107392136191,-0.06798782000000037,0.711386430000001,"{'TREND_UP': 8, 'HIGH_VOLATILITY': 5, 'RANGE': 2}",,,,
return_above_0_5_percent,E_all_excluding_regime,logistic,0.5,year,2023.0,0,0.0,,0.0,,,,0.0,0.0,0.0,{},,,,
return_above_0_5_percent,E_all_excluding_regime,logistic,0.5,year,2024.0,2,0.9852216748768473,100.0,6.34262077,3.172364444482293,,3.171310385,0.0,0.0,6.34262077,{'TREND_UP': 2},,,,
return_above_0_5_percent,E_all_excluding_regime,logistic,0.5,aggregate,,75,7.225433526011561,46.666666666666664,53.61998668,0.7148102987129756,1.5190108403056701,0.7149331557333333,2.312908730735717,24.51441992,29.10556676,"{'TREND_UP': 37, 'HIGH_VOLATILITY': 31, 'RANGE': 7}",6.34262077,0.0,4.0,12.377033703847726
return_above_0_5_percent,E_all_excluding_regime,logistic,0.55,year,2020.0,6,2.8846153846153846,83.33333333333334,19.83766872,3.301807461912712,4.827547472375713,3.30627812,0.5056354112330785,-0.17988970000000037,20.01755842,"{'TREND_UP': 5, 'HIGH_VOLATILITY': 1}",,,,
return_above_0_5_percent,E_all_excluding_regime,logistic,0.55,year,2021.0,31,15.422885572139302,51.61290322580645,25.294406419999998,0.8154899873308492,1.5332760291128027,0.8159485941935484,1.006172088007304,19.8347095,5.459696920000001,"{'HIGH_VOLATILITY': 21, 'TREND_UP': 9, 'RANGE': 1}",,,,
return_above_0_5_percent,E_all_excluding_regime,logistic,0.55,year,2022.0,10,4.761904761904762,40.0,1.1637185299999997,0.11838052771365765,1.076851898672333,0.11637185299999997,1.0033042705854727,1.468518,-0.30479946999999985,"{'TREND_UP': 6, 'HIGH_VOLATILITY': 3, 'RANGE': 1}",,,,
return_above_0_5_percent,E_all_excluding_regime,logistic,0.55,year,2023.0,0,0.0,,0.0,,,,0.0,0.0,0.0,{},,,,
return_above_0_5_percent,E_all_excluding_regime,logistic,0.55,year,2024.0,1,0.49261083743842365,100.0,1.34315096,1.3448970344402256,,1.34315096,0.0,0.0,1.34315096,{'TREND_UP': 1},,,,
return_above_0_5_percent,E_all_excluding_regime,logistic,0.55,aggregate,,48,4.624277456647398,54.166666666666664,47.63894463,0.992077847714779,1.7030818117905298,0.992478013125,0.9871867984040423,21.123337799999998,26.515606830000007,"{'HIGH_VOLATILITY': 25, 'TREND_UP': 21, 'RANGE': 2}",1.34315096,0.0,4.0,12.06860164446338
return_above_0_5_percent,E_all_excluding_regime,logistic,0.6,year,2020.0,3,1.4423076923076923,100.0,15.01193666,5.0001814366482575,,5.003978886666666,0.0,5.0029771,10.008959560000001,"{'TREND_UP': 2, 'HIGH_VOLATILITY': 1}",,,,
return_above_0_5_percent,E_all_excluding_regime,logistic,0.6,year,2021.0,21,10.44776119402985,42.857142857142854,1.8086854100000025,0.0863558888677108,1.0460378265274173,0.08612787666666678,2.103960641198936,6.661264619999999,-4.852579209999996,"{'HIGH_VOLATILITY': 16, 'TREND_UP': 5}",,,,
return_above_0_5_percent,E_all_excluding_regime,logistic,0.6,year,2022.0,7,3.3333333333333335,28.57142857142857,-5.1209420099999985,-0.7291519767594189,0.6610395117828164,-0.7315631442857141,1.4958397341844147,1.468518,-6.58946001,"{'TREND_UP': 3, 'HIGH_VOLATILITY': 3, 'RANGE': 1}",,,,
return_above_0_5_percent,E_all_excluding_regime,logistic,0.6,year,2023.0,0,0.0,,0.0,,,,0.0,0.0,0.0,{},,,,
return_above_0_5_percent,E_all_excluding_regime,logistic,0.6,year,2024.0,0,0.0,,0.0,,,,0.0,0.0,0.0,{},,,,
return_above_0_5_percent,E_all_excluding_regime,logistic,0.6,aggregate,,31,2.9865125240847785,45.16129032258064,11.699680060000006,0.3777404560919602,1.2150884996079603,0.3774090341935486,2.566722797715165,13.13275972,-1.4330796599999944,"{'HIGH_VOLATILITY': 20, 'TREND_UP': 10, 'RANGE': 1}",0.0,-5.1209420099999985,2.0,7.541172481197956
return_above_0_5_percent,E_all_excluding_regime,logistic,0.65,year,2020.0,2,0.9615384615384616,100.0,10.008972929999999,5.000741100698993,,5.004486464999999,0.0,5.0029771,5.00599583,"{'HIGH_VOLATILITY': 1, 'TREND_UP': 1}",,,,
return_above_0_5_percent,E_all_excluding_regime,logistic,0.65,year,2021.0,14,6.965174129353234,42.857142857142854,-4.529412309999999,-0.3233953808394758,0.852111595760214,-0.3235294507142856,1.4957965683016576,2.6872361399999996,-7.216648449999998,"{'HIGH_VOLATILITY': 12, 'TREND_UP': 2}",,,,
return_above_0_5_percent,E_all_excluding_regime,logistic,0.65,year,2022.0,4,1.9047619047619049,50.0,3.839608620000001,0.9632379858878689,1.6246075391304415,0.9599021550000002,0.608644945794013,4.98517603,-1.14556741,"{'TREND_UP': 2, 'HIGH_VOLATILITY': 2}",,,,
return_above_0_5_percent,E_all_excluding_regime,logistic,0.65,year,2023.0,0,0.0,,0.0,,,,0.0,0.0,0.0,{},,,,
return_above_0_5_percent,E_all_excluding_regime,logistic,0.65,year,2024.0,0,0.0,,0.0,,,,0.0,0.0,0.0,{},,,,
return_above_0_5_percent,E_all_excluding_regime,logistic,0.65,aggregate,,20,1.9267822736030826,50.0,9.31916924,0.4663449406598399,1.2534141363619753,0.465958462,1.4811273073518567,12.67538927,-3.3562200300000002,"{'HIGH_VOLATILITY': 15, 'TREND_UP': 5}",0.0,-4.529412309999999,2.0,5.432962503953947
return_above_0_5_percent,E_all_excluding_regime,logistic,0.7,year,2020.0,1,0.4807692307692308,100.0,5.0029771,5.0000367359967175,,5.0029771,0.0,5.0029771,0.0,{'HIGH_VOLATILITY': 1},,,,
return_above_0_5_percent,E_all_excluding_regime,logistic,0.7,year,2021.0,7,3.482587064676617,28.57142857142857,-11.07661435,-1.5822913941201273,0.47432340043043564,-1.5823734785714285,1.5687656930515899,4.99272331,-16.06933766,{'HIGH_VOLATILITY': 7},,,,
return_above_0_5_percent,E_all_excluding_regime,logistic,0.7,year,2022.0,4,1.9047619047619049,50.0,3.839608620000001,0.9632379858878689,1.6246075391304415,0.9599021550000002,0.608644945794013,4.98517603,-1.14556741,"{'TREND_UP': 2, 'HIGH_VOLATILITY': 2}",,,,
return_above_0_5_percent,E_all_excluding_regime,logistic,0.7,year,2023.0,0,0.0,,0.0,,,,0.0,0.0,0.0,{},,,,
return_above_0_5_percent,E_all_excluding_regime,logistic,0.7,year,2024.0,0,0.0,,0.0,,,,0.0,0.0,0.0,{},,,,
return_above_0_5_percent,E_all_excluding_regime,logistic,0.7,aggregate,,12,1.1560693641618496,41.66666666666667,-2.234028630000001,-0.1852542566077249,0.9179220913123747,-0.18616905250000007,1.5609924971196145,14.98087644,-17.214905069999997,"{'HIGH_VOLATILITY': 10, 'TREND_UP': 2}",0.0,-11.07661435,2.0,6.353455416003891
return_above_0_5_percent,F_all_excluding_calendar,dummy,0.5,year,2020.0,0,0.0,,0.0,,,,0.0,0.0,0.0,{},,,,
return_above_0_5_percent,F_all_excluding_calendar,dummy,0.5,year,2021.0,0,0.0,,0.0,,,,0.0,0.0,0.0,{},,,,
return_above_0_5_percent,F_all_excluding_calendar,dummy,0.5,year,2022.0,0,0.0,,0.0,,,,0.0,0.0,0.0,{},,,,
return_above_0_5_percent,F_all_excluding_calendar,dummy,0.5,year,2023.0,0,0.0,,0.0,,,,0.0,0.0,0.0,{},,,,
return_above_0_5_percent,F_all_excluding_calendar,dummy,0.5,year,2024.0,0,0.0,,0.0,,,,0.0,0.0,0.0,{},,,,
return_above_0_5_percent,F_all_excluding_calendar,dummy,0.5,aggregate,,0,0.0,,0.0,,,,0.0,0.0,0.0,{},0.0,0.0,0.0,0.0
return_above_0_5_percent,F_all_excluding_calendar,dummy,0.55,year,2020.0,0,0.0,,0.0,,,,0.0,0.0,0.0,{},,,,
return_above_0_5_percent,F_all_excluding_calendar,dummy,0.55,year,2021.0,0,0.0,,0.0,,,,0.0,0.0,0.0,{},,,,
return_above_0_5_percent,F_all_excluding_calendar,dummy,0.55,year,2022.0,0,0.0,,0.0,,,,0.0,0.0,0.0,{},,,,
return_above_0_5_percent,F_all_excluding_calendar,dummy,0.55,year,2023.0,0,0.0,,0.0,,,,0.0,0.0,0.0,{},,,,
return_above_0_5_percent,F_all_excluding_calendar,dummy,0.55,year,2024.0,0,0.0,,0.0,,,,0.0,0.0,0.0,{},,,,
return_above_0_5_percent,F_all_excluding_calendar,dummy,0.55,aggregate,,0,0.0,,0.0,,,,0.0,0.0,0.0,{},0.0,0.0,0.0,0.0
return_above_0_5_percent,F_all_excluding_calendar,dummy,0.6,year,2020.0,0,0.0,,0.0,,,,0.0,0.0,0.0,{},,,,
return_above_0_5_percent,F_all_excluding_calendar,dummy,0.6,year,2021.0,0,0.0,,0.0,,,,0.0,0.0,0.0,{},,,,
return_above_0_5_percent,F_all_excluding_calendar,dummy,0.6,year,2022.0,0,0.0,,0.0,,,,0.0,0.0,0.0,{},,,,
return_above_0_5_percent,F_all_excluding_calendar,dummy,0.6,year,2023.0,0,0.0,,0.0,,,,0.0,0.0,0.0,{},,,,
return_above_0_5_percent,F_all_excluding_calendar,dummy,0.6,year,2024.0,0,0.0,,0.0,,,,0.0,0.0,0.0,{},,,,
return_above_0_5_percent,F_all_excluding_calendar,dummy,0.6,aggregate,,0,0.0,,0.0,,,,0.0,0.0,0.0,{},0.0,0.0,0.0,0.0
return_above_0_5_percent,F_all_excluding_calendar,dummy,0.65,year,2020.0,0,0.0,,0.0,,,,0.0,0.0,0.0,{},,,,
return_above_0_5_percent,F_all_excluding_calendar,dummy,0.65,year,2021.0,0,0.0,,0.0,,,,0.0,0.0,0.0,{},,,,
return_above_0_5_percent,F_all_excluding_calendar,dummy,0.65,year,2022.0,0,0.0,,0.0,,,,0.0,0.0,0.0,{},,,,
return_above_0_5_percent,F_all_excluding_calendar,dummy,0.65,year,2023.0,0,0.0,,0.0,,,,0.0,0.0,0.0,{},,,,
return_above_0_5_percent,F_all_excluding_calendar,dummy,0.65,year,2024.0,0,0.0,,0.0,,,,0.0,0.0,0.0,{},,,,
return_above_0_5_percent,F_all_excluding_calendar,dummy,0.65,aggregate,,0,0.0,,0.0,,,,0.0,0.0,0.0,{},0.0,0.0,0.0,0.0
return_above_0_5_percent,F_all_excluding_calendar,dummy,0.7,year,2020.0,0,0.0,,0.0,,,,0.0,0.0,0.0,{},,,,
return_above_0_5_percent,F_all_excluding_calendar,dummy,0.7,year,2021.0,0,0.0,,0.0,,,,0.0,0.0,0.0,{},,,,
return_above_0_5_percent,F_all_excluding_calendar,dummy,0.7,year,2022.0,0,0.0,,0.0,,,,0.0,0.0,0.0,{},,,,
return_above_0_5_percent,F_all_excluding_calendar,dummy,0.7,year,2023.0,0,0.0,,0.0,,,,0.0,0.0,0.0,{},,,,
return_above_0_5_percent,F_all_excluding_calendar,dummy,0.7,year,2024.0,0,0.0,,0.0,,,,0.0,0.0,0.0,{},,,,
return_above_0_5_percent,F_all_excluding_calendar,dummy,0.7,aggregate,,0,0.0,,0.0,,,,0.0,0.0,0.0,{},0.0,0.0,0.0,0.0
return_above_0_5_percent,F_all_excluding_calendar,forest,0.5,year,2020.0,0,0.0,,0.0,,,,0.0,0.0,0.0,{},,,,
return_above_0_5_percent,F_all_excluding_calendar,forest,0.5,year,2021.0,17,8.45771144278607,52.94117647058824,18.91817496,1.1134577582269292,1.8463579264657717,1.1128338211764708,1.1111280996830164,12.698057159999998,6.220117800000001,"{'TREND_UP': 12, 'HIGH_VOLATILITY': 5}",,,,
return_above_0_5_percent,F_all_excluding_calendar,forest,0.5,year,2022.0,8,3.8095238095238098,37.5,-7.65634575,-0.9558038364786772,0.5681380421501624,-0.95704321875,1.6380276792345092,-0.20763270000000045,-7.44871305,"{'HIGH_VOLATILITY': 4, 'TREND_UP': 3, 'RANGE': 1}",,,,
return_above_0_5_percent,F_all_excluding_calendar,forest,0.5,year,2023.0,5,2.314814814814815,0.0,-10.87417824,-2.1773320039734068,0.0,-2.174835648,1.0874178239999992,-9.02492413,-1.84925411,"{'TREND_UP': 4, 'RANGE': 1}",,,,
return_above_0_5_percent,F_all_excluding_calendar,forest,0.5,year,2024.0,1,0.49261083743842365,0.0,-5.18774024,-5.1895831323789725,0.0,-5.18774024,0.5187740240000039,0.0,-5.18774024,{'HIGH_VOLATILITY': 1},,,,
return_above_0_5_percent,F_all_excluding_calendar,forest,0.5,aggregate,,31,2.9865125240847785,38.70967741935484,-4.800089269999997,-0.15464167594250403,0.9145025328478656,-0.15484158935483863,3.1624537851872088,3.4655003299999994,-8.265589600000002,"{'TREND_UP': 19, 'HIGH_VOLATILITY': 10, 'RANGE': 2}",-5.18774024,-10.87417824,1.0,11.80115676378512
return_above_0_5_percent,F_all_excluding_calendar,forest,0.55,year,2020.0,0,0.0,,0.0,,,,0.0,0.0,0.0,{},,,,
return_above_0_5_percent,F_all_excluding_calendar,forest,0.55,year,2021.0,2,0.9950248756218906,50.0,2.9385681,1.4715006050020951,2.4272998188694803,1.46928405,0.2058830289999946,0.0,2.9385681,{'TREND_UP': 2},,,,
return_above_0_5_percent,F_all_excluding_calendar,forest,0.55,year,2022.0,5,2.380952380952381,40.0,-1.3532001099999995,-0.2673706838963989,0.8806706325776943,-0.2706400219999999,1.1227911219162467,-0.20763270000000045,-1.14556741,"{'HIGH_VOLATILITY': 3, 'TREND_UP': 2}",,,,
return_above_0_5_percent,F_all_excluding_calendar,forest,0.55,year,2023.0,0,0.0,,0.0,,,,0.0,0.0,0.0,{},,,,
return_above_0_5_percent,F_all_excluding_calendar,forest,0.55,year,2024.0,0,0.0,,0.0,,,,0.0,0.0,0.0,{},,,,
return_above_0_5_percent,F_all_excluding_calendar,forest,0.55,aggregate,,7,0.674373795761079,42.857142857142854,1.58536799,0.2294496843603135,1.118320996326729,0.22648114142857143,1.1195338256342784,-0.20763270000000045,1.7930006900000004,"{'TREND_UP': 4, 'HIGH_VOLATILITY': 3}",0.0,-1.3532001099999995,1.0,1.578262864932383
return_above_0_5_percent,F_all_excluding_calendar,forest,0.6,year,2020.0,0,0.0,,0.0,,,,0.0,0.0,0.0,{},,,,
return_above_0_5_percent,F_all_excluding_calendar,forest,0.6,year,2021.0,0,0.0,,0.0,,,,0.0,0.0,0.0,{},,,,
return_above_0_5_percent,F_all_excluding_calendar,forest,0.6,year,2022.0,2,0.9523809523809524,100.0,9.98684249,5.000074050963144,,4.993421245,0.0,4.98517603,5.00166646,{'TREND_UP': 2},,,,
return_above_0_5_percent,F_all_excluding_calendar,forest,0.6,year,2023.0,0,0.0,,0.0,,,,0.0,0.0,0.0,{},,,,
return_above_0_5_percent,F_all_excluding_calendar,forest,0.6,year,2024.0,0,0.0,,0.0,,,,0.0,0.0,0.0,{},,,,
return_above_0_5_percent,F_all_excluding_calendar,forest,0.6,aggregate,,2,0.1926782273603083,100.0,9.98684249,5.000074050963144,,4.993421245,0.0,4.98517603,5.00166646,{'TREND_UP': 2},0.0,0.0,1.0,4.4662517376446536
return_above_0_5_percent,F_all_excluding_calendar,forest,0.65,year,2020.0,0,0.0,,0.0,,,,0.0,0.0,0.0,{},,,,
return_above_0_5_percent,F_all_excluding_calendar,forest,0.65,year,2021.0,0,0.0,,0.0,,,,0.0,0.0,0.0,{},,,,
return_above_0_5_percent,F_all_excluding_calendar,forest,0.65,year,2022.0,0,0.0,,0.0,,,,0.0,0.0,0.0,{},,,,
return_above_0_5_percent,F_all_excluding_calendar,forest,0.65,year,2023.0,0,0.0,,0.0,,,,0.0,0.0,0.0,{},,,,
return_above_0_5_percent,F_all_excluding_calendar,forest,0.65,year,2024.0,0,0.0,,0.0,,,,0.0,0.0,0.0,{},,,,
return_above_0_5_percent,F_all_excluding_calendar,forest,0.65,aggregate,,0,0.0,,0.0,,,,0.0,0.0,0.0,{},0.0,0.0,0.0,0.0
return_above_0_5_percent,F_all_excluding_calendar,forest,0.7,year,2020.0,0,0.0,,0.0,,,,0.0,0.0,0.0,{},,,,
return_above_0_5_percent,F_all_excluding_calendar,forest,0.7,year,2021.0,0,0.0,,0.0,,,,0.0,0.0,0.0,{},,,,
return_above_0_5_percent,F_all_excluding_calendar,forest,0.7,year,2022.0,0,0.0,,0.0,,,,0.0,0.0,0.0,{},,,,
return_above_0_5_percent,F_all_excluding_calendar,forest,0.7,year,2023.0,0,0.0,,0.0,,,,0.0,0.0,0.0,{},,,,
return_above_0_5_percent,F_all_excluding_calendar,forest,0.7,year,2024.0,0,0.0,,0.0,,,,0.0,0.0,0.0,{},,,,
return_above_0_5_percent,F_all_excluding_calendar,forest,0.7,aggregate,,0,0.0,,0.0,,,,0.0,0.0,0.0,{},0.0,0.0,0.0,0.0
return_above_0_5_percent,F_all_excluding_calendar,hist_gradient,0.5,year,2020.0,8,3.8461538461538463,25.0,-13.54472502,-1.6920217575937369,0.2844455230415235,-1.6930906275,1.8827619140631087,-18.54808662,5.0033616,"{'TREND_UP': 5, 'RANGE': 3}",,,,
return_above_0_5_percent,F_all_excluding_calendar,hist_gradient,0.5,year,2021.0,13,6.467661691542288,46.15384615384615,3.77329236,0.29127518174504063,1.165360463897373,0.2902532584615385,1.0348070696632854,7.21044979,-3.43715743,"{'TREND_UP': 8, 'RANGE': 4, 'HIGH_VOLATILITY': 1}",,,,
return_above_0_5_percent,F_all_excluding_calendar,hist_gradient,0.5,year,2022.0,9,4.285714285714286,33.33333333333333,-8.56729345,-0.9507396895485956,0.5843024174689094,-0.9519214944444444,2.0405649740139102,-4.292937350000001,-4.2743561,"{'TREND_UP': 4, 'HIGH_VOLATILITY': 3, 'RANGE': 2}",,,,
return_above_0_5_percent,F_all_excluding_calendar,hist_gradient,0.5,year,2023.0,5,2.314814814814815,20.0,-13.096948000000001,-2.620245662520765,0.0006006126485263942,-2.6193896000000003,1.3096947999999997,-2.70588285,-10.39106515,"{'TREND_UP': 3, 'RANGE': 2}",,,,
return_above_0_5_percent,F_all_excluding_calendar,hist_gradient,0.5,year,2024.0,2,0.9852216748768473,0.0,-7.9725923000000005,-3.994783741015772,0.0,-3.9862961500000003,0.7972592299999973,-7.9725923000000005,0.0,"{'TREND_UP': 1, 'RANGE': 1}",,,,
return_above_0_5_percent,F_all_excluding_calendar,hist_gradient,0.5,aggregate,,37,3.5645472061657033,32.432432432432435,-39.408266409999996,-1.0647851269901916,0.527673807036865,-1.0650882813513511,4.455265009410807,-26.30904933,-13.099217079999999,"{'TREND_UP': 21, 'RANGE': 12, 'HIGH_VOLATILITY': 4}",-8.56729345,-13.54472502,1.0,6.992599852134357
return_above_0_5_percent,F_all_excluding_calendar,hist_gradient,0.55,year,2020.0,4,1.9230769230769231,25.0,-6.8506259300000005,-1.7120450454313725,0.42208257662980686,-1.7126564825000001,1.1794973014943921,-11.85398753,5.0033616,"{'TREND_UP': 3, 'RANGE': 1}",,,,
return_above_0_5_percent,F_all_excluding_calendar,hist_gradient,0.55,year,2021.0,6,2.9850746268656714,50.0,9.768864420000002,1.631273842235137,2.8769799976040646,1.6281440700000003,0.30532620486772216,2.21851955,7.55034487,"{'TREND_UP': 4, 'RANGE': 2}",,,,
return_above_0_5_percent,F_all_excluding_calendar,hist_gradient,0.55,year,2022.0,4,1.9047619047619049,50.0,8.460272,2.1182732898965604,6.542012016752662,2.115068,0.15114756210450742,4.41652941,4.04374259,"{'TREND_UP': 3, 'HIGH_VOLATILITY': 1}",,,,
return_above_0_5_percent,F_all_excluding_calendar,hist_gradient,0.55,year,2023.0,0,0.0,,0.0,,,,0.0,0.0,0.0,{},,,,
return_above_0_5_percent,F_all_excluding_calendar,hist_gradient,0.55,year,2024.0,0,0.0,,0.0,,,,0.0,0.0,0.0,{},,,,
return_above_0_5_percent,F_all_excluding_calendar,hist_gradient,0.55,aggregate,,14,1.348747591522158,42.857142857142854,11.37851049,0.8151825736622554,1.6122375661238766,0.8127507492857143,1.3896492105026956,-5.218938569999999,16.597449060000002,"{'TREND_UP': 10, 'RANGE': 3, 'HIGH_VOLATILITY': 1}",0.0,-6.8506259300000005,2.0,6.856454802026086
return_above_0_5_percent,F_all_excluding_calendar,hist_gradient,0.6,year,2020.0,0,0.0,,0.0,,,,0.0,0.0,0.0,{},,,,
return_above_0_5_percent,F_all_excluding_calendar,hist_gradient,0.6,year,2021.0,2,0.9950248756218906,50.0,2.5491865999999996,1.2762974786834005,2.041244311628774,1.2745932999999998,0.24360379379309646,0.0,2.5491865999999996,{'TREND_UP': 2},,,,
return_above_0_5_percent,F_all_excluding_calendar,hist_gradient,0.6,year,2022.0,1,0.4761904761904762,100.0,5.00166646,5.0001497944637405,,5.00166646,0.0,0.0,5.00166646,{'TREND_UP': 1},,,,
return_above_0_5_percent,F_all_excluding_calendar,hist_gradient,0.6,year,2023.0,0,0.0,,0.0,,,,0.0,0.0,0.0,{},,,,
return_above_0_5_percent,F_all_excluding_calendar,hist_gradient,0.6,year,2024.0,0,0.0,,0.0,,,,0.0,0.0,0.0,{},,,,
return_above_0_5_percent,F_all_excluding_calendar,hist_gradient,0.6,aggregate,,3,0.2890173410404624,66.66666666666666,7.55085306,2.517581583943514,4.084231965078478,2.51695102,0.24360379379309646,0.0,7.55085306,{'TREND_UP': 3},0.0,0.0,2.0,2.242317066784168
return_above_0_5_percent,F_all_excluding_calendar,hist_gradient,0.65,year,2020.0,0,0.0,,0.0,,,,0.0,0.0,0.0,{},,,,
return_above_0_5_percent,F_all_excluding_calendar,hist_gradient,0.65,year,2021.0,0,0.0,,0.0,,,,0.0,0.0,0.0,{},,,,
return_above_0_5_percent,F_all_excluding_calendar,hist_gradient,0.65,year,2022.0,1,0.4761904761904762,100.0,5.00166646,5.0001497944637405,,5.00166646,0.0,0.0,5.00166646,{'TREND_UP': 1},,,,
return_above_0_5_percent,F_all_excluding_calendar,hist_gradient,0.65,year,2023.0,0,0.0,,0.0,,,,0.0,0.0,0.0,{},,,,
return_above_0_5_percent,F_all_excluding_calendar,hist_gradient,0.65,year,2024.0,0,0.0,,0.0,,,,0.0,0.0,0.0,{},,,,
return_above_0_5_percent,F_all_excluding_calendar,hist_gradient,0.65,aggregate,,1,0.09633911368015415,100.0,5.00166646,5.0001497944637405,,5.00166646,0.0,0.0,5.00166646,{'TREND_UP': 1},0.0,0.0,1.0,2.2368132410681465
return_above_0_5_percent,F_all_excluding_calendar,hist_gradient,0.7,year,2020.0,0,0.0,,0.0,,,,0.0,0.0,0.0,{},,,,
return_above_0_5_percent,F_all_excluding_calendar,hist_gradient,0.7,year,2021.0,0,0.0,,0.0,,,,0.0,0.0,0.0,{},,,,
return_above_0_5_percent,F_all_excluding_calendar,hist_gradient,0.7,year,2022.0,0,0.0,,0.0,,,,0.0,0.0,0.0,{},,,,
return_above_0_5_percent,F_all_excluding_calendar,hist_gradient,0.7,year,2023.0,0,0.0,,0.0,,,,0.0,0.0,0.0,{},,,,
return_above_0_5_percent,F_all_excluding_calendar,hist_gradient,0.7,year,2024.0,0,0.0,,0.0,,,,0.0,0.0,0.0,{},,,,
return_above_0_5_percent,F_all_excluding_calendar,hist_gradient,0.7,aggregate,,0,0.0,,0.0,,,,0.0,0.0,0.0,{},0.0,0.0,0.0,0.0
return_above_0_5_percent,F_all_excluding_calendar,logistic,0.5,year,2020.0,12,5.769230769230769,58.333333333333336,23.864137040000003,1.9863477887656453,3.137935052402002,1.988678086666667,0.5036569545083366,-1.1591808100000005,25.02331785,"{'TREND_UP': 9, 'HIGH_VOLATILITY': 3}",,,,
return_above_0_5_percent,F_all_excluding_calendar,logistic,0.5,year,2021.0,58,28.855721393034827,48.275862068965516,15.74664958,0.2713459015600328,1.149107408230448,0.2714939582758621,2.7986002401615457,27.01542181,-11.26877223,"{'HIGH_VOLATILITY': 41, 'TREND_UP': 15, 'RANGE': 2}",,,,
return_above_0_5_percent,F_all_excluding_calendar,logistic,0.5,year,2022.0,14,6.666666666666667,42.857142857142854,7.915128819999999,0.5667313161223337,1.4303550584148252,0.5653663442857142,1.1270103124754414,5.999187859999999,1.9159409600000004,"{'TREND_UP': 7, 'HIGH_VOLATILITY': 4, 'RANGE': 3}",,,,
return_above_0_5_percent,F_all_excluding_calendar,logistic,0.5,year,2023.0,0,0.0,,0.0,,,,0.0,0.0,0.0,{},,,,
return_above_0_5_percent,F_all_excluding_calendar,logistic,0.5,year,2024.0,3,1.477832512315271,66.66666666666666,-3.4730710700000005,-1.1573933976872122,0.33052332820735064,-1.1576903566666668,0.5187740240000039,0.37151821,-3.84458928,"{'HIGH_VOLATILITY': 1, 'RANGE': 1, 'TREND_UP': 1}",,,,
return_above_0_5_percent,F_all_excluding_calendar,logistic,0.5,aggregate,,87,8.38150289017341,49.42528735632184,44.05284437000001,0.5061642987163298,1.3138826124722462,0.5063545329885059,2.7355263687780664,32.226947069999994,11.825897300000001,"{'HIGH_VOLATILITY': 49, 'TREND_UP': 32, 'RANGE': 6}",7.915128819999999,-3.4730710700000005,3.0,11.225360541383422
return_above_0_5_percent,F_all_excluding_calendar,logistic,0.55,year,2020.0,8,3.8461538461538463,75.0,26.13986496,3.2653807920884854,7.736188101649201,3.26748312,0.25587131679499503,6.12254294,20.01732202,"{'TREND_UP': 5, 'HIGH_VOLATILITY': 3}",,,,
return_above_0_5_percent,F_all_excluding_calendar,logistic,0.55,year,2021.0,51,25.37313432835821,49.01960784313725,24.92937169,0.4887955557338679,1.2721818139696284,0.48881120960784313,1.9752829442993323,31.101795709999998,-6.172424019999998,"{'HIGH_VOLATILITY': 39, 'TREND_UP': 12}",,,,
return_above_0_5_percent,F_all_excluding_calendar,logistic,0.55,year,2022.0,10,4.761904761904762,40.0,1.1637185299999997,0.11838052771365765,1.076851898672333,0.11637185299999997,1.0033042705854727,1.468518,-0.30479946999999985,"{'TREND_UP': 6, 'HIGH_VOLATILITY': 3, 'RANGE': 1}",,,,
return_above_0_5_percent,F_all_excluding_calendar,logistic,0.55,year,2023.0,0,0.0,,0.0,,,,0.0,0.0,0.0,{},,,,
return_above_0_5_percent,F_all_excluding_calendar,logistic,0.55,year,2024.0,1,0.49261083743842365,100.0,1.34315096,1.3448970344402256,,1.34315096,0.0,0.0,1.34315096,{'TREND_UP': 1},,,,
return_above_0_5_percent,F_all_excluding_calendar,logistic,0.55,aggregate,,70,6.74373795761079,51.42857142857142,53.576106140000014,0.7654331712958846,1.4843530639404716,0.765372944857143,1.9266239484409007,38.692856649999996,14.883249490000008,"{'HIGH_VOLATILITY': 45, 'TREND_UP': 24, 'RANGE': 1}",1.34315096,0.0,4.0,13.54478292995789
return_above_0_5_percent,F_all_excluding_calendar,logistic,0.6,year,2020.0,4,1.9230769230769231,75.0,12.440178750000001,3.107862623716615,5.837672444746534,3.1100446875000003,0.2571521510000025,2.4314555899999997,10.00872316,"{'HIGH_VOLATILITY': 3, 'TREND_UP': 1}",,,,
return_above_0_5_percent,F_all_excluding_calendar,logistic,0.6,year,2021.0,41,20.398009950248756,46.34146341463415,7.29880981,0.17770694763873587,1.0921091798610887,0.17801975146341464,2.4157566405984174,21.956387560000003,-14.657577749999998,"{'HIGH_VOLATILITY': 36, 'TREND_UP': 5}",,,,
return_above_0_5_percent,F_all_excluding_calendar,logistic,0.6,year,2022.0,7,3.3333333333333335,28.57142857142857,0.036127710000001034,0.0072874815647754245,1.0036306648113977,0.005161101428571576,0.9852321200014567,1.468518,-1.43239029,"{'TREND_UP': 4, 'HIGH_VOLATILITY': 2, 'RANGE': 1}",,,,
return_above_0_5_percent,F_all_excluding_calendar,logistic,0.6,year,2023.0,0,0.0,,0.0,,,,0.0,0.0,0.0,{},,,,
return_above_0_5_percent,F_all_excluding_calendar,logistic,0.6,year,2024.0,0,0.0,,0.0,,,,0.0,0.0,0.0,{},,,,
return_above_0_5_percent,F_all_excluding_calendar,logistic,0.6,aggregate,,52,5.009633911368015,46.15384615384615,19.775116270000005,0.3801624561347705,1.2155018627188752,0.3802906975000001,2.386989381429803,25.856361149999998,-6.0812448799999945,"{'HIGH_VOLATILITY': 41, 'TREND_UP': 10, 'RANGE': 1}",0.036127710000001034,0.0,3.0,5.696949457550285
return_above_0_5_percent,F_all_excluding_calendar,logistic,0.65,year,2020.0,3,1.4423076923076923,66.66666666666666,7.43721502,2.4774627954398905,3.892145755374218,2.4790716733333333,0.2571521510000025,2.4314555899999997,5.00575943,{'HIGH_VOLATILITY': 3},,,,
return_above_0_5_percent,F_all_excluding_calendar,logistic,0.65,year,2021.0,34,16.91542288557214,47.05882352941176,2.0325682899999924,0.059285417691462734,1.0292419642815078,0.05978142029411743,1.9768639103574452,9.43994865,-7.407380359999998,"{'HIGH_VOLATILITY': 33, 'TREND_UP': 1}",,,,
return_above_0_5_percent,F_all_excluding_calendar,logistic,0.65,year,2022.0,5,2.380952380952381,40.0,0.3229505900000009,0.06753301914643642,1.0334182742669134,0.06459011800000018,0.9568334450946708,1.468518,-1.14556741,"{'TREND_UP': 2, 'HIGH_VOLATILITY': 2, 'RANGE': 1}",,,,
return_above_0_5_percent,F_all_excluding_calendar,logistic,0.65,year,2023.0,0,0.0,,0.0,,,,0.0,0.0,0.0,{},,,,
return_above_0_5_percent,F_all_excluding_calendar,logistic,0.65,year,2024.0,0,0.0,,0.0,,,,0.0,0.0,0.0,{},,,,
return_above_0_5_percent,F_all_excluding_calendar,logistic,0.65,aggregate,,42,4.046242774566474,47.61904761904761,9.792733899999996,0.23299423056099022,1.1197975521033134,0.23316033095238087,1.9625853100380188,13.339922240000002,-3.5471883399999973,"{'HIGH_VOLATILITY': 38, 'TREND_UP': 3, 'RANGE': 1}",0.3229505900000009,0.0,3.0,3.176801486698792
return_above_0_5_percent,F_all_excluding_calendar,logistic,0.7,year,2020.0,3,1.4423076923076923,66.66666666666666,7.43721502,2.4774627954398905,3.892145755374218,2.4790716733333333,0.2571521510000025,2.4314555899999997,5.00575943,{'HIGH_VOLATILITY': 3},,,,
return_above_0_5_percent,F_all_excluding_calendar,logistic,0.7,year,2021.0,31,15.422885572139302,45.16129032258064,-2.7757741200000003,-0.0901471445249314,0.9568443935498869,-0.0895411006451613,1.968441033969301,-0.55687598,-2.2188981399999976,"{'HIGH_VOLATILITY': 30, 'TREND_UP': 1}",,,,
return_above_0_5_percent,F_all_excluding_calendar,logistic,0.7,year,2022.0,5,2.380952380952381,40.0,0.3229505900000009,0.06753301914643642,1.0334182742669134,0.06459011800000018,0.9568334450946708,1.468518,-1.14556741,"{'TREND_UP': 2, 'HIGH_VOLATILITY': 2, 'RANGE': 1}",,,,
return_above_0_5_percent,F_all_excluding_calendar,logistic,0.7,year,2023.0,0,0.0,,0.0,,,,0.0,0.0,0.0,{},,,,
return_above_0_5_percent,F_all_excluding_calendar,logistic,0.7,year,2024.0,0,0.0,,0.0,,,,0.0,0.0,0.0,{},,,,
return_above_0_5_percent,F_all_excluding_calendar,logistic,0.7,aggregate,,39,3.7572254335260116,46.15384615384615,4.984391490000002,0.12757671799433296,1.065108173941096,0.12780491000000005,1.9541539955886824,3.3430976099999996,1.6412938800000028,"{'HIGH_VOLATILITY': 35, 'TREND_UP': 3, 'RANGE': 1}",0.0,-2.7757741200000003,2.0,3.8128911142806
return_above_1_percent,A_all,dummy,0.5,year,2020.0,0,0.0,,0.0,,,,0.0,0.0,0.0,{},,,,
return_above_1_percent,A_all,dummy,0.5,year,2021.0,0,0.0,,0.0,,,,0.0,0.0,0.0,{},,,,
return_above_1_percent,A_all,dummy,0.5,year,2022.0,0,0.0,,0.0,,,,0.0,0.0,0.0,{},,,,
return_above_1_percent,A_all,dummy,0.5,year,2023.0,0,0.0,,0.0,,,,0.0,0.0,0.0,{},,,,
return_above_1_percent,A_all,dummy,0.5,year,2024.0,0,0.0,,0.0,,,,0.0,0.0,0.0,{},,,,
return_above_1_percent,A_all,dummy,0.5,aggregate,,0,0.0,,0.0,,,,0.0,0.0,0.0,{},0.0,0.0,0.0,0.0
return_above_1_percent,A_all,dummy,0.55,year,2020.0,0,0.0,,0.0,,,,0.0,0.0,0.0,{},,,,
return_above_1_percent,A_all,dummy,0.55,year,2021.0,0,0.0,,0.0,,,,0.0,0.0,0.0,{},,,,
return_above_1_percent,A_all,dummy,0.55,year,2022.0,0,0.0,,0.0,,,,0.0,0.0,0.0,{},,,,
return_above_1_percent,A_all,dummy,0.55,year,2023.0,0,0.0,,0.0,,,,0.0,0.0,0.0,{},,,,
return_above_1_percent,A_all,dummy,0.55,year,2024.0,0,0.0,,0.0,,,,0.0,0.0,0.0,{},,,,
return_above_1_percent,A_all,dummy,0.55,aggregate,,0,0.0,,0.0,,,,0.0,0.0,0.0,{},0.0,0.0,0.0,0.0
return_above_1_percent,A_all,dummy,0.6,year,2020.0,0,0.0,,0.0,,,,0.0,0.0,0.0,{},,,,
return_above_1_percent,A_all,dummy,0.6,year,2021.0,0,0.0,,0.0,,,,0.0,0.0,0.0,{},,,,
return_above_1_percent,A_all,dummy,0.6,year,2022.0,0,0.0,,0.0,,,,0.0,0.0,0.0,{},,,,
return_above_1_percent,A_all,dummy,0.6,year,2023.0,0,0.0,,0.0,,,,0.0,0.0,0.0,{},,,,
return_above_1_percent,A_all,dummy,0.6,year,2024.0,0,0.0,,0.0,,,,0.0,0.0,0.0,{},,,,
return_above_1_percent,A_all,dummy,0.6,aggregate,,0,0.0,,0.0,,,,0.0,0.0,0.0,{},0.0,0.0,0.0,0.0
return_above_1_percent,A_all,dummy,0.65,year,2020.0,0,0.0,,0.0,,,,0.0,0.0,0.0,{},,,,
return_above_1_percent,A_all,dummy,0.65,year,2021.0,0,0.0,,0.0,,,,0.0,0.0,0.0,{},,,,
return_above_1_percent,A_all,dummy,0.65,year,2022.0,0,0.0,,0.0,,,,0.0,0.0,0.0,{},,,,
return_above_1_percent,A_all,dummy,0.65,year,2023.0,0,0.0,,0.0,,,,0.0,0.0,0.0,{},,,,
return_above_1_percent,A_all,dummy,0.65,year,2024.0,0,0.0,,0.0,,,,0.0,0.0,0.0,{},,,,
return_above_1_percent,A_all,dummy,0.65,aggregate,,0,0.0,,0.0,,,,0.0,0.0,0.0,{},0.0,0.0,0.0,0.0
return_above_1_percent,A_all,dummy,0.7,year,2020.0,0,0.0,,0.0,,,,0.0,0.0,0.0,{},,,,
return_above_1_percent,A_all,dummy,0.7,year,2021.0,0,0.0,,0.0,,,,0.0,0.0,0.0,{},,,,
return_above_1_percent,A_all,dummy,0.7,year,2022.0,0,0.0,,0.0,,,,0.0,0.0,0.0,{},,,,
return_above_1_percent,A_all,dummy,0.7,year,2023.0,0,0.0,,0.0,,,,0.0,0.0,0.0,{},,,,
return_above_1_percent,A_all,dummy,0.7,year,2024.0,0,0.0,,0.0,,,,0.0,0.0,0.0,{},,,,
return_above_1_percent,A_all,dummy,0.7,aggregate,,0,0.0,,0.0,,,,0.0,0.0,0.0,{},0.0,0.0,0.0,0.0
return_above_1_percent,A_all,forest,0.5,year,2020.0,0,0.0,,0.0,,,,0.0,0.0,0.0,{},,,,
return_above_1_percent,A_all,forest,0.5,year,2021.0,15,7.462686567164178,53.333333333333336,15.458166469999995,1.0316436110464682,1.9006838211824784,1.030544431333333,0.5287911024458517,12.698057159999998,2.760109309999999,"{'TREND_UP': 10, 'HIGH_VOLATILITY': 5}",,,,
return_above_1_percent,A_all,forest,0.5,year,2022.0,9,4.285714285714286,33.33333333333333,-9.020513499999998,-1.0012680870355875,0.5275450779641322,-1.0022792777777776,1.773256832866722,-1.5718004500000005,-7.44871305,"{'HIGH_VOLATILITY': 4, 'TREND_UP': 4, 'RANGE': 1}",,,,
return_above_1_percent,A_all,forest,0.5,year,2023.0,4,1.8518518518518516,0.0,-8.29335498,-2.0763243530685886,0.0,-2.073338745,0.8293354980000004,-6.44410087,-1.84925411,{'TREND_UP': 4},,,,
return_above_1_percent,A_all,forest,0.5,year,2024.0,1,0.49261083743842365,100.0,1.34315096,1.3448970344402256,,1.34315096,0.0,0.0,1.34315096,{'TREND_UP': 1},,,,
return_above_1_percent,A_all,forest,0.5,aggregate,,29,2.7938342967244703,41.37931034482759,-0.5125510500000052,-0.017143413636461793,0.9884946445909323,-0.017674174137931216,2.547854493261812,4.68215584,-5.19470689,"{'TREND_UP': 19, 'HIGH_VOLATILITY': 9, 'RANGE': 1}",0.0,-9.020513499999998,2.0,9.885036975497142
return_above_1_percent,A_all,forest,0.55,year,2020.0,0,0.0,,0.0,,,,0.0,0.0,0.0,{},,,,
return_above_1_percent,A_all,forest,0.55,year,2021.0,0,0.0,,0.0,,,,0.0,0.0,0.0,{},,,,
return_above_1_percent,A_all,forest,0.55,year,2022.0,5,2.380952380952381,40.0,-1.3532001099999995,-0.2673706838963989,0.8806706325776943,-0.2706400219999999,1.1227911219162467,-0.20763270000000045,-1.14556741,"{'HIGH_VOLATILITY': 3, 'TREND_UP': 2}",,,,
return_above_1_percent,A_all,forest,0.55,year,2023.0,0,0.0,,0.0,,,,0.0,0.0,0.0,{},,,,
return_above_1_percent,A_all,forest,0.55,year,2024.0,0,0.0,,0.0,,,,0.0,0.0,0.0,{},,,,
return_above_1_percent,A_all,forest,0.55,aggregate,,5,0.48169556840077066,40.0,-1.3532001099999995,-0.2673706838963989,0.8806706325776943,-0.2706400219999999,1.1227911219162467,-0.20763270000000045,-1.14556741,"{'HIGH_VOLATILITY': 3, 'TREND_UP': 2}",0.0,-1.3532001099999995,0.0,0.6051694866240385
return_above_1_percent,A_all,forest,0.6,year,2020.0,0,0.0,,0.0,,,,0.0,0.0,0.0,{},,,,
return_above_1_percent,A_all,forest,0.6,year,2021.0,0,0.0,,0.0,,,,0.0,0.0,0.0,{},,,,
return_above_1_percent,A_all,forest,0.6,year,2022.0,2,0.9523809523809524,0.0,-10.38211873,-5.189501839256362,0.0,-5.191059365,1.0382118730000003,-5.19280873,-5.18931,{'HIGH_VOLATILITY': 2},,,,
return_above_1_percent,A_all,forest,0.6,year,2023.0,0,0.0,,0.0,,,,0.0,0.0,0.0,{},,,,
return_above_1_percent,A_all,forest,0.6,year,2024.0,0,0.0,,0.0,,,,0.0,0.0,0.0,{},,,,
return_above_1_percent,A_all,forest,0.6,aggregate,,2,0.1926782273603083,0.0,-10.38211873,-5.189501839256362,0.0,-5.191059365,1.0382118730000003,-5.19280873,-5.18931,{'HIGH_VOLATILITY': 2},0.0,-10.38211873,0.0,4.643024646150757
return_above_1_percent,A_all,forest,0.65,year,2020.0,0,0.0,,0.0,,,,0.0,0.0,0.0,{},,,,
return_above_1_percent,A_all,forest,0.65,year,2021.0,0,0.0,,0.0,,,,0.0,0.0,0.0,{},,,,
return_above_1_percent,A_all,forest,0.65,year,2022.0,0,0.0,,0.0,,,,0.0,0.0,0.0,{},,,,
return_above_1_percent,A_all,forest,0.65,year,2023.0,0,0.0,,0.0,,,,0.0,0.0,0.0,{},,,,
return_above_1_percent,A_all,forest,0.65,year,2024.0,0,0.0,,0.0,,,,0.0,0.0,0.0,{},,,,
return_above_1_percent,A_all,forest,0.65,aggregate,,0,0.0,,0.0,,,,0.0,0.0,0.0,{},0.0,0.0,0.0,0.0
return_above_1_percent,A_all,forest,0.7,year,2020.0,0,0.0,,0.0,,,,0.0,0.0,0.0,{},,,,
return_above_1_percent,A_all,forest,0.7,year,2021.0,0,0.0,,0.0,,,,0.0,0.0,0.0,{},,,,
return_above_1_percent,A_all,forest,0.7,year,2022.0,0,0.0,,0.0,,,,0.0,0.0,0.0,{},,,,
return_above_1_percent,A_all,forest,0.7,year,2023.0,0,0.0,,0.0,,,,0.0,0.0,0.0,{},,,,
return_above_1_percent,A_all,forest,0.7,year,2024.0,0,0.0,,0.0,,,,0.0,0.0,0.0,{},,,,
return_above_1_percent,A_all,forest,0.7,aggregate,,0,0.0,,0.0,,,,0.0,0.0,0.0,{},0.0,0.0,0.0,0.0
return_above_1_percent,A_all,hist_gradient,0.5,year,2020.0,2,0.9615384615384616,50.0,3.04461989,1.5207607361289919,2.554375380100524,1.522309945,0.19489902072382412,-1.95874171,5.0033616,{'TREND_UP': 2},,,,
return_above_1_percent,A_all,hist_gradient,0.5,year,2021.0,21,10.44776119402985,57.14285714285714,25.313511330000004,1.2070313400373935,2.2525461621899847,1.2054053014285717,1.1302901638466523,12.44406129,12.869450040000002,"{'HIGH_VOLATILITY': 9, 'TREND_UP': 9, 'RANGE': 3}",,,,
return_above_1_percent,A_all,hist_gradient,0.5,year,2022.0,9,4.285714285714286,33.33333333333333,-0.55769256,-0.0594402424517402,0.9641124922855067,-0.06196584,1.4380418577437342,-3.7242907300000003,3.166598169999999,"{'TREND_UP': 3, 'HIGH_VOLATILITY': 3, 'RANGE': 3}",,,,
return_above_1_percent,A_all,hist_gradient,0.5,year,2023.0,5,2.314814814814815,20.0,-8.38251214,-1.677692460685706,0.0009380882784152647,-1.6765024279999998,0.8382512140000017,-1.26491085,-7.11760129,{'TREND_UP': 5},,,,
return_above_1_percent,A_all,hist_gradient,0.5,year,2024.0,3,1.477832512315271,66.66666666666666,6.96520338,2.323793784664762,3.309539713090065,2.32173446,0.2986036726435971,1.9649374400000004,5.00026594,"{'TREND_UP': 2, 'RANGE': 1}",,,,
return_above_1_percent,A_all,hist_gradient,0.5,aggregate,,40,3.8535645472061653,47.5,26.3831299,0.6609284120385833,1.5371745854942083,0.6595782475,2.203088285778917,7.461055439999997,18.92207446,"{'TREND_UP': 21, 'HIGH_VOLATILITY': 12, 'RANGE': 7}",3.04461989,-8.38251214,3.0,12.549115968446317
return_above_1_percent,A_all,hist_gradient,0.55,year,2020.0,1,0.4807692307692308,100.0,5.0033616,4.998617166515295,,5.0033616,0.0,0.0,5.0033616,{'TREND_UP': 1},,,,
return_above_1_percent,A_all,hist_gradient,0.55,year,2021.0,6,2.9850746268656714,50.0,9.783510829999999,1.6313327127487256,2.879794144410159,1.6305851383333332,0.30532178978376023,2.23166564,7.55184519,"{'TREND_UP': 4, 'HIGH_VOLATILITY': 1, 'RANGE': 1}",,,,
return_above_1_percent,A_all,hist_gradient,0.55,year,2022.0,4,1.9047619047619049,50.0,9.303523890000001,2.329305074321382,14.615206566892809,2.3258809725000003,0.06765618830393551,4.98517603,4.31834786,"{'TREND_UP': 3, 'RANGE': 1}",,,,
return_above_1_percent,A_all,hist_gradient,0.55,year,2023.0,2,0.9259259259259258,50.0,-1.69604934,-0.8480115229790037,0.0046193006707954745,-0.84802467,0.1703920260000018,0.0,-1.69604934,{'TREND_UP': 2},,,,
return_above_1_percent,A_all,hist_gradient,0.55,year,2024.0,0,0.0,,0.0,,,,0.0,0.0,0.0,{},,,,
return_above_1_percent,A_all,hist_gradient,0.55,aggregate,,13,1.2524084778420037,53.84615384615385,22.394346979999995,1.7236777457180898,3.949805785749309,1.722642075384615,0.3038209879077023,7.21684167,15.177505309999999,"{'TREND_UP': 10, 'RANGE': 2, 'HIGH_VOLATILITY': 1}",5.0033616,-1.69604934,3.0,5.241218757704881
return_above_1_percent,A_all,hist_gradient,0.6,year,2020.0,0,0.0,,0.0,,,,0.0,0.0,0.0,{},,,,
return_above_1_percent,A_all,hist_gradient,0.6,year,2021.0,3,1.4925373134328357,66.66666666666666,7.55184519,2.5176133210180733,4.084637211881084,2.51728173,0.2423971932556474,0.0,7.55184519,{'TREND_UP': 3},,,,
return_above_1_percent,A_all,hist_gradient,0.6,year,2022.0,0,0.0,,0.0,,,,0.0,0.0,0.0,{},,,,
return_above_1_percent,A_all,hist_gradient,0.6,year,2023.0,0,0.0,,0.0,,,,0.0,0.0,0.0,{},,,,
return_above_1_percent,A_all,hist_gradient,0.6,year,2024.0,0,0.0,,0.0,,,,0.0,0.0,0.0,{},,,,
return_above_1_percent,A_all,hist_gradient,0.6,aggregate,,3,0.2890173410404624,66.66666666666666,7.55184519,2.5176133210180733,4.084637211881084,2.51728173,0.2423971932556474,0.0,7.55184519,{'TREND_UP': 3},0.0,0.0,1.0,3.3772878400789628
return_above_1_percent,A_all,hist_gradient,0.65,year,2020.0,0,0.0,,0.0,,,,0.0,0.0,0.0,{},,,,
return_above_1_percent,A_all,hist_gradient,0.65,year,2021.0,0,0.0,,0.0,,,,0.0,0.0,0.0,{},,,,
return_above_1_percent,A_all,hist_gradient,0.65,year,2022.0,0,0.0,,0.0,,,,0.0,0.0,0.0,{},,,,
return_above_1_percent,A_all,hist_gradient,0.65,year,2023.0,0,0.0,,0.0,,,,0.0,0.0,0.0,{},,,,
return_above_1_percent,A_all,hist_gradient,0.65,year,2024.0,0,0.0,,0.0,,,,0.0,0.0,0.0,{},,,,
return_above_1_percent,A_all,hist_gradient,0.65,aggregate,,0,0.0,,0.0,,,,0.0,0.0,0.0,{},0.0,0.0,0.0,0.0
return_above_1_percent,A_all,hist_gradient,0.7,year,2020.0,0,0.0,,0.0,,,,0.0,0.0,0.0,{},,,,
return_above_1_percent,A_all,hist_gradient,0.7,year,2021.0,0,0.0,,0.0,,,,0.0,0.0,0.0,{},,,,
return_above_1_percent,A_all,hist_gradient,0.7,year,2022.0,0,0.0,,0.0,,,,0.0,0.0,0.0,{},,,,
return_above_1_percent,A_all,hist_gradient,0.7,year,2023.0,0,0.0,,0.0,,,,0.0,0.0,0.0,{},,,,
return_above_1_percent,A_all,hist_gradient,0.7,year,2024.0,0,0.0,,0.0,,,,0.0,0.0,0.0,{},,,,
return_above_1_percent,A_all,hist_gradient,0.7,aggregate,,0,0.0,,0.0,,,,0.0,0.0,0.0,{},0.0,0.0,0.0,0.0
return_above_1_percent,A_all,logistic,0.5,year,2020.0,10,4.807692307692308,70.0,30.947144620000003,3.0925865890694744,8.586517927091954,3.094714462,0.25592191931379227,5.92382677,25.02331785,"{'TREND_UP': 7, 'HIGH_VOLATILITY': 3}",,,,
return_above_1_percent,A_all,logistic,0.5,year,2021.0,53,26.368159203980102,49.056603773584904,19.824411059999996,0.3742251715342031,1.2016418162377154,0.37404549169811313,3.1684751409642518,30.9167706,-11.092359539999995,"{'HIGH_VOLATILITY': 40, 'TREND_UP': 12, 'RANGE': 1}",,,,
return_above_1_percent,A_all,logistic,0.5,year,2022.0,13,6.190476190476191,53.84615384615385,16.16648348,1.2449037469371798,2.067633554217706,1.2435756523076924,0.8496936208779867,6.468433509999999,9.69804997,"{'TREND_UP': 6, 'HIGH_VOLATILITY': 4, 'RANGE': 3}",,,,
return_above_1_percent,A_all,logistic,0.5,year,2023.0,0,0.0,,0.0,,,,0.0,0.0,0.0,{},,,,
return_above_1_percent,A_all,logistic,0.5,year,2024.0,2,0.9852216748768473,50.0,-3.83889177,-1.9223644371475002,0.2591933393802795,-1.919445885,0.5182042730000035,0.0,-3.83889177,"{'RANGE': 1, 'TREND_UP': 1}",,,,
return_above_1_percent,A_all,logistic,0.5,aggregate,,78,7.514450867052023,52.56410256410257,63.09914739000002,0.8089592284345619,1.514177520078931,0.8089634280769233,3.076678587890404,43.30903088000001,19.79011651,"{'HIGH_VOLATILITY': 47, 'TREND_UP': 26, 'RANGE': 5}",16.16648348,-3.83889177,3.0,14.409413866193024
return_above_1_percent,A_all,logistic,0.55,year,2020.0,7,3.3653846153846154,71.42857142857143,21.1340901,3.0173716367152186,6.4462104715785875,3.019155728571429,0.2571521510000025,6.12254294,15.011547160000001,"{'TREND_UP': 4, 'HIGH_VOLATILITY': 3}",,,,
return_above_1_percent,A_all,logistic,0.55,year,2021.0,43,21.393034825870647,46.51162790697674,6.741790949999999,0.15677809843152013,1.0795118154650347,0.15678583604651158,2.4697190432744085,29.253804970000004,-22.512014020000002,"{'HIGH_VOLATILITY': 38, 'TREND_UP': 5}",,,,
return_above_1_percent,A_all,logistic,0.55,year,2022.0,8,3.8095238095238098,37.5,-0.11970993999999813,-0.013011753211847332,0.9920762743206987,-0.014963742499999766,1.0006617913044775,1.468518,-1.5882279399999994,"{'TREND_UP': 3, 'HIGH_VOLATILITY': 3, 'RANGE': 2}",,,,
return_above_1_percent,A_all,logistic,0.55,year,2023.0,0,0.0,,0.0,,,,0.0,0.0,0.0,{},,,,
return_above_1_percent,A_all,logistic,0.55,year,2024.0,1,0.49261083743842365,100.0,1.34315096,1.3448970344402256,,1.34315096,0.0,0.0,1.34315096,{'TREND_UP': 1},,,,
return_above_1_percent,A_all,logistic,0.55,aggregate,,59,5.684007707129094,49.152542372881356,29.099322069999996,0.493285808445887,1.2803994554355371,0.4932088486440677,2.431532744256968,36.844865909999996,-7.745543839999999,"{'HIGH_VOLATILITY': 44, 'TREND_UP': 13, 'RANGE': 2}",1.34315096,-0.11970993999999813,3.0,9.007854705100236
return_above_1_percent,A_all,logistic,0.6,year,2020.0,3,1.4423076923076923,66.66666666666666,7.43721502,2.4774627954398905,3.892145755374218,2.4790716733333333,0.2571521510000025,2.4314555899999997,5.00575943,{'HIGH_VOLATILITY': 3},,,,
return_above_1_percent,A_all,logistic,0.6,year,2021.0,39,19.402985074626866,48.717948717948715,14.193318319999998,0.36352602118730015,1.1961857062020222,0.3639312389743589,1.747836268082328,24.261874730000002,-10.068556409999998,"{'HIGH_VOLATILITY': 37, 'TREND_UP': 2}",,,,
return_above_1_percent,A_all,logistic,0.6,year,2022.0,6,2.857142857142857,33.33333333333333,-4.8686869999999995,-0.8086657497127262,0.6722643239827059,-0.8114478333333333,1.4708636652508735,1.468518,-6.337205,"{'HIGH_VOLATILITY': 3, 'TREND_UP': 2, 'RANGE': 1}",,,,
return_above_1_percent,A_all,logistic,0.6,year,2023.0,0,0.0,,0.0,,,,0.0,0.0,0.0,{},,,,
return_above_1_percent,A_all,logistic,0.6,year,2024.0,1,0.49261083743842365,100.0,1.34315096,1.3448970344402256,,1.34315096,0.0,0.0,1.34315096,{'TREND_UP': 1},,,,
return_above_1_percent,A_all,logistic,0.6,aggregate,,49,4.720616570327553,48.97959183673469,18.104997300000004,0.3694450152813928,1.2016744223195965,0.36948974081632663,2.2036237888648067,28.16184832,-10.05685102,"{'HIGH_VOLATILITY': 43, 'TREND_UP': 5, 'RANGE': 1}",1.34315096,-4.8686869999999995,3.0,7.3605780062655
return_above_1_percent,A_all,logistic,0.65,year,2020.0,3,1.4423076923076923,66.66666666666666,7.43721502,2.4774627954398905,3.892145755374218,2.4790716733333333,0.2571521510000025,2.4314555899999997,5.00575943,{'HIGH_VOLATILITY': 3},,,,
return_above_1_percent,A_all,logistic,0.65,year,2021.0,35,17.412935323383085,48.57142857142857,7.028344049999992,0.20044881155097047,1.1011147259747163,0.20080982999999977,1.9672497978202534,14.435724409999999,-7.407380359999998,"{'HIGH_VOLATILITY': 34, 'TREND_UP': 1}",,,,
return_above_1_percent,A_all,logistic,0.65,year,2022.0,6,2.857142857142857,33.33333333333333,-4.8686869999999995,-0.8086657497127262,0.6722643239827059,-0.8114478333333333,1.4708636652508735,1.468518,-6.337205,"{'HIGH_VOLATILITY': 3, 'TREND_UP': 2, 'RANGE': 1}",,,,
return_above_1_percent,A_all,logistic,0.65,year,2023.0,0,0.0,,0.0,,,,0.0,0.0,0.0,{},,,,
return_above_1_percent,A_all,logistic,0.65,year,2024.0,0,0.0,,0.0,,,,0.0,0.0,0.0,{},,,,
return_above_1_percent,A_all,logistic,0.65,aggregate,,44,4.238921001926782,47.72727272727273,9.596872069999996,0.21809323391652935,1.1103905113611747,0.21811072886363628,2.4236620586367685,18.335697999999997,-8.738825929999997,"{'HIGH_VOLATILITY': 40, 'TREND_UP': 3, 'RANGE': 1}",0.0,-4.8686869999999995,2.0,5.243899067899374
return_above_1_percent,A_all,logistic,0.7,year,2020.0,3,1.4423076923076923,66.66666666666666,7.43721502,2.4774627954398905,3.892145755374218,2.4790716733333333,0.2571521510000025,2.4314555899999997,5.00575943,{'HIGH_VOLATILITY': 3},,,,
return_above_1_percent,A_all,logistic,0.7,year,2021.0,31,15.422885572139302,48.38709677419355,7.418078959999997,0.2385505001125386,1.125452930677365,0.23929286967741928,1.548700203296316,4.44722534,2.9708536200000024,"{'HIGH_VOLATILITY': 30, 'TREND_UP': 1}",,,,
return_above_1_percent,A_all,logistic,0.7,year,2022.0,3,1.4285714285714286,33.33333333333333,-1.1620578400000001,-0.3823992836374218,0.8109624809182671,-0.3873526133333334,0.611674084018184,4.98517603,-6.14723387,"{'HIGH_VOLATILITY': 2, 'TREND_UP': 1}",,,,
return_above_1_percent,A_all,logistic,0.7,year,2023.0,0,0.0,,0.0,,,,0.0,0.0,0.0,{},,,,
return_above_1_percent,A_all,logistic,0.7,year,2024.0,0,0.0,,0.0,,,,0.0,0.0,0.0,{},,,,
return_above_1_percent,A_all,logistic,0.7,aggregate,,37,3.5645472061657033,48.64864864864865,13.693236140000003,0.36973664969989445,1.2018188864545223,0.3700874632432433,1.537459663771518,11.86385696,1.8293791800000028,"{'HIGH_VOLATILITY': 35, 'TREND_UP': 2}",0.0,-1.1620578400000001,2.0,4.306666284286876
return_above_1_percent,B_reduced,dummy,0.5,year,2020.0,0,0.0,,0.0,,,,0.0,0.0,0.0,{},,,,
return_above_1_percent,B_reduced,dummy,0.5,year,2021.0,0,0.0,,0.0,,,,0.0,0.0,0.0,{},,,,
return_above_1_percent,B_reduced,dummy,0.5,year,2022.0,0,0.0,,0.0,,,,0.0,0.0,0.0,{},,,,
return_above_1_percent,B_reduced,dummy,0.5,year,2023.0,0,0.0,,0.0,,,,0.0,0.0,0.0,{},,,,
return_above_1_percent,B_reduced,dummy,0.5,year,2024.0,0,0.0,,0.0,,,,0.0,0.0,0.0,{},,,,
return_above_1_percent,B_reduced,dummy,0.5,aggregate,,0,0.0,,0.0,,,,0.0,0.0,0.0,{},0.0,0.0,0.0,0.0
return_above_1_percent,B_reduced,dummy,0.55,year,2020.0,0,0.0,,0.0,,,,0.0,0.0,0.0,{},,,,
return_above_1_percent,B_reduced,dummy,0.55,year,2021.0,0,0.0,,0.0,,,,0.0,0.0,0.0,{},,,,
return_above_1_percent,B_reduced,dummy,0.55,year,2022.0,0,0.0,,0.0,,,,0.0,0.0,0.0,{},,,,
return_above_1_percent,B_reduced,dummy,0.55,year,2023.0,0,0.0,,0.0,,,,0.0,0.0,0.0,{},,,,
return_above_1_percent,B_reduced,dummy,0.55,year,2024.0,0,0.0,,0.0,,,,0.0,0.0,0.0,{},,,,
return_above_1_percent,B_reduced,dummy,0.55,aggregate,,0,0.0,,0.0,,,,0.0,0.0,0.0,{},0.0,0.0,0.0,0.0
return_above_1_percent,B_reduced,dummy,0.6,year,2020.0,0,0.0,,0.0,,,,0.0,0.0,0.0,{},,,,
return_above_1_percent,B_reduced,dummy,0.6,year,2021.0,0,0.0,,0.0,,,,0.0,0.0,0.0,{},,,,
return_above_1_percent,B_reduced,dummy,0.6,year,2022.0,0,0.0,,0.0,,,,0.0,0.0,0.0,{},,,,
return_above_1_percent,B_reduced,dummy,0.6,year,2023.0,0,0.0,,0.0,,,,0.0,0.0,0.0,{},,,,
return_above_1_percent,B_reduced,dummy,0.6,year,2024.0,0,0.0,,0.0,,,,0.0,0.0,0.0,{},,,,
return_above_1_percent,B_reduced,dummy,0.6,aggregate,,0,0.0,,0.0,,,,0.0,0.0,0.0,{},0.0,0.0,0.0,0.0
return_above_1_percent,B_reduced,dummy,0.65,year,2020.0,0,0.0,,0.0,,,,0.0,0.0,0.0,{},,,,
return_above_1_percent,B_reduced,dummy,0.65,year,2021.0,0,0.0,,0.0,,,,0.0,0.0,0.0,{},,,,
return_above_1_percent,B_reduced,dummy,0.65,year,2022.0,0,0.0,,0.0,,,,0.0,0.0,0.0,{},,,,
return_above_1_percent,B_reduced,dummy,0.65,year,2023.0,0,0.0,,0.0,,,,0.0,0.0,0.0,{},,,,
return_above_1_percent,B_reduced,dummy,0.65,year,2024.0,0,0.0,,0.0,,,,0.0,0.0,0.0,{},,,,
return_above_1_percent,B_reduced,dummy,0.65,aggregate,,0,0.0,,0.0,,,,0.0,0.0,0.0,{},0.0,0.0,0.0,0.0
return_above_1_percent,B_reduced,dummy,0.7,year,2020.0,0,0.0,,0.0,,,,0.0,0.0,0.0,{},,,,
return_above_1_percent,B_reduced,dummy,0.7,year,2021.0,0,0.0,,0.0,,,,0.0,0.0,0.0,{},,,,
return_above_1_percent,B_reduced,dummy,0.7,year,2022.0,0,0.0,,0.0,,,,0.0,0.0,0.0,{},,,,
return_above_1_percent,B_reduced,dummy,0.7,year,2023.0,0,0.0,,0.0,,,,0.0,0.0,0.0,{},,,,
return_above_1_percent,B_reduced,dummy,0.7,year,2024.0,0,0.0,,0.0,,,,0.0,0.0,0.0,{},,,,
return_above_1_percent,B_reduced,dummy,0.7,aggregate,,0,0.0,,0.0,,,,0.0,0.0,0.0,{},0.0,0.0,0.0,0.0
return_above_1_percent,B_reduced,forest,0.5,year,2020.0,0,0.0,,0.0,,,,0.0,0.0,0.0,{},,,,
return_above_1_percent,B_reduced,forest,0.5,year,2021.0,11,5.472636815920398,45.45454545454545,8.620532480000001,0.7840374778796693,1.526540316597003,0.783684770909091,1.0192656300981742,3.5032131699999995,5.11731931,"{'TREND_UP': 6, 'HIGH_VOLATILITY': 5}",,,,
return_above_1_percent,B_reduced,forest,0.5,year,2022.0,11,5.238095238095238,36.36363636363637,-12.15684928,-1.1042474569736564,0.49939867820102163,-1.1051681163636362,2.279425335321882,-1.5718004500000005,-10.58504883,"{'HIGH_VOLATILITY': 5, 'TREND_UP': 4, 'RANGE': 2}",,,,
return_above_1_percent,B_reduced,forest,0.5,year,2023.0,3,1.3888888888888888,0.0,-3.11416496,-1.0385041427489523,0.0,-1.0380549866666666,0.31141649600000393,-1.26491085,-1.84925411,{'TREND_UP': 3},,,,
return_above_1_percent,B_reduced,forest,0.5,year,2024.0,3,1.477832512315271,66.66666666666666,-3.60745731,-1.202465231609729,0.30461874667803335,-1.20248577,0.5187740240000039,0.0,-3.60745731,"{'TREND_UP': 2, 'HIGH_VOLATILITY': 1}",,,,
return_above_1_percent,B_reduced,forest,0.5,aggregate,,28,2.697495183044316,39.285714285714285,-10.257939069999999,-0.36590063903963943,0.7904765327977341,-0.3663549667857143,2.9249916982022928,0.66650187,-10.924440939999997,"{'TREND_UP': 15, 'HIGH_VOLATILITY': 11, 'RANGE': 2}",-3.11416496,-12.15684928,1.0,7.479459764985858
return_above_1_percent,B_reduced,forest,0.55,year,2020.0,0,0.0,,0.0,,,,0.0,0.0,0.0,{},,,,
return_above_1_percent,B_reduced,forest,0.55,year,2021.0,0,0.0,,0.0,,,,0.0,0.0,0.0,{},,,,
return_above_1_percent,B_reduced,forest,0.55,year,2022.0,6,2.857142857142857,33.33333333333333,-2.5577546400000006,-0.4236904385063336,0.7961070719534539,-0.4262924400000001,1.1241318107331402,-0.20763270000000045,-2.35012194,"{'HIGH_VOLATILITY': 4, 'TREND_UP': 2}",,,,
return_above_1_percent,B_reduced,forest,0.55,year,2023.0,0,0.0,,0.0,,,,0.0,0.0,0.0,{},,,,
return_above_1_percent,B_reduced,forest,0.55,year,2024.0,0,0.0,,0.0,,,,0.0,0.0,0.0,{},,,,
return_above_1_percent,B_reduced,forest,0.55,aggregate,,6,0.5780346820809248,33.33333333333333,-2.5577546400000006,-0.4236904385063336,0.7961070719534539,-0.4262924400000001,1.1241318107331402,-0.20763270000000045,-2.35012194,"{'HIGH_VOLATILITY': 4, 'TREND_UP': 2}",0.0,-2.5577546400000006,0.0,1.1438626489611008
return_above_1_percent,B_reduced,forest,0.6,year,2020.0,0,0.0,,0.0,,,,0.0,0.0,0.0,{},,,,
return_above_1_percent,B_reduced,forest,0.6,year,2021.0,0,0.0,,0.0,,,,0.0,0.0,0.0,{},,,,
return_above_1_percent,B_reduced,forest,0.6,year,2022.0,2,0.9523809523809524,50.0,-0.18764353999999983,-0.09452426050775703,0.9638403679872661,-0.09382176999999992,0.5163483975383554,0.0,-0.18764353999999983,"{'TREND_UP': 1, 'HIGH_VOLATILITY': 1}",,,,
return_above_1_percent,B_reduced,forest,0.6,year,2023.0,0,0.0,,0.0,,,,0.0,0.0,0.0,{},,,,
return_above_1_percent,B_reduced,forest,0.6,year,2024.0,0,0.0,,0.0,,,,0.0,0.0,0.0,{},,,,
return_above_1_percent,B_reduced,forest,0.6,aggregate,,2,0.1926782273603083,50.0,-0.18764353999999983,-0.09452426050775703,0.9638403679872661,-0.09382176999999992,0.5163483975383554,0.0,-0.18764353999999983,"{'TREND_UP': 1, 'HIGH_VOLATILITY': 1}",0.0,-0.18764353999999983,0.0,0.0839167421957401
return_above_1_percent,B_reduced,forest,0.65,year,2020.0,0,0.0,,0.0,,,,0.0,0.0,0.0,{},,,,
return_above_1_percent,B_reduced,forest,0.65,year,2021.0,0,0.0,,0.0,,,,0.0,0.0,0.0,{},,,,
return_above_1_percent,B_reduced,forest,0.65,year,2022.0,0,0.0,,0.0,,,,0.0,0.0,0.0,{},,,,
return_above_1_percent,B_reduced,forest,0.65,year,2023.0,0,0.0,,0.0,,,,0.0,0.0,0.0,{},,,,
return_above_1_percent,B_reduced,forest,0.65,year,2024.0,0,0.0,,0.0,,,,0.0,0.0,0.0,{},,,,
return_above_1_percent,B_reduced,forest,0.65,aggregate,,0,0.0,,0.0,,,,0.0,0.0,0.0,{},0.0,0.0,0.0,0.0
return_above_1_percent,B_reduced,forest,0.7,year,2020.0,0,0.0,,0.0,,,,0.0,0.0,0.0,{},,,,
return_above_1_percent,B_reduced,forest,0.7,year,2021.0,0,0.0,,0.0,,,,0.0,0.0,0.0,{},,,,
return_above_1_percent,B_reduced,forest,0.7,year,2022.0,0,0.0,,0.0,,,,0.0,0.0,0.0,{},,,,
return_above_1_percent,B_reduced,forest,0.7,year,2023.0,0,0.0,,0.0,,,,0.0,0.0,0.0,{},,,,
return_above_1_percent,B_reduced,forest,0.7,year,2024.0,0,0.0,,0.0,,,,0.0,0.0,0.0,{},,,,
return_above_1_percent,B_reduced,forest,0.7,aggregate,,0,0.0,,0.0,,,,0.0,0.0,0.0,{},0.0,0.0,0.0,0.0
return_above_1_percent,B_reduced,hist_gradient,0.5,year,2020.0,4,1.9230769230769231,50.0,3.34008223,0.8353921464786366,1.5012703927589908,0.8350205575,0.5168944183161394,-1.6632793699999997,5.0033616,"{'TREND_UP': 3, 'RANGE': 1}",,,,
return_above_1_percent,B_reduced,hist_gradient,0.5,year,2021.0,20,9.950248756218906,40.0,6.37652787,0.3194108708634195,1.209144587409966,0.3188263935,0.8975345113449804,-2.6856182200000003,9.06214609,"{'TREND_UP': 9, 'HIGH_VOLATILITY': 6, 'RANGE': 5}",,,,
return_above_1_percent,B_reduced,hist_gradient,0.5,year,2022.0,9,4.285714285714286,33.33333333333333,-4.11052871,-0.4552032247180756,0.7847085400172346,-0.4567254122222222,1.6716079378695852,-1.5718004500000005,-2.53872826,"{'HIGH_VOLATILITY': 4, 'TREND_UP': 4, 'RANGE': 1}",,,,
return_above_1_percent,B_reduced,hist_gradient,0.5,year,2023.0,5,2.314814814814815,20.0,-7.53771029,-1.5078608961886157,0.0010431164652457568,-1.5075420579999999,0.7545581210000023,-1.26491085,-6.27279944,"{'TREND_UP': 3, 'RANGE': 2}",,,,
return_above_1_percent,B_reduced,hist_gradient,0.5,year,2024.0,3,1.477832512315271,66.66666666666666,6.96520338,2.323793784664762,3.309539713090065,2.32173446,0.2986036726435971,1.9649374400000004,5.00026594,"{'TREND_UP': 2, 'RANGE': 1}",,,,
return_above_1_percent,B_reduced,hist_gradient,0.5,aggregate,,41,3.94990366088632,39.02439024390244,5.033574479999999,0.12353741106759662,1.0753460059158033,0.12277010926829265,2.3936513940066786,-5.220671450000001,10.25424593,"{'TREND_UP': 21, 'RANGE': 10, 'HIGH_VOLATILITY': 10}",3.34008223,-7.53771029,3.0,6.499547357073733
return_above_1_percent,B_reduced,hist_gradient,0.55,year,2020.0,1,0.4807692307692308,0.0,-1.46842833,-1.4673555003187542,0.0,-1.46842833,0.14684283300000514,-1.46842833,0.0,{'TREND_UP': 1},,,,
return_above_1_percent,B_reduced,hist_gradient,0.55,year,2021.0,7,3.482587064676617,42.857142857142854,8.92517407,1.2774484141303055,2.4752949610024584,1.2750248671428572,0.38877146606424334,1.3733288799999999,7.55184519,"{'TREND_UP': 5, 'RANGE': 2}",,,,
return_above_1_percent,B_reduced,hist_gradient,0.55,year,2022.0,5,2.380952380952381,20.0,-7.94917455,-1.589825037419173,0.38620398907977943,-1.58983491,1.170185323348401,-6.55697648,-1.39219807,"{'HIGH_VOLATILITY': 3, 'TREND_UP': 2}",,,,
return_above_1_percent,B_reduced,hist_gradient,0.55,year,2023.0,4,1.8518518518518516,25.0,-4.02744099,-1.0073592084426102,0.0019505109333667345,-1.0068602475,0.40353119100000184,-1.26491085,-2.7625301400000004,"{'TREND_UP': 3, 'RANGE': 1}",,,,
return_above_1_percent,B_reduced,hist_gradient,0.55,year,2024.0,1,0.49261083743842365,100.0,5.00026594,4.999926200614586,,5.00026594,0.0,0.0,5.00026594,{'TREND_UP': 1},,,,
return_above_1_percent,B_reduced,hist_gradient,0.55,aggregate,,18,1.7341040462427744,33.33333333333333,0.480396139999999,0.027563754352314535,1.0196045353674459,0.026688674444444387,1.5742827253821967,-7.91698678,8.39738292,"{'TREND_UP': 12, 'RANGE': 3, 'HIGH_VOLATILITY': 3}",-1.46842833,-7.94917455,2.0,6.8224111257477285
return_above_1_percent,B_reduced,hist_gradient,0.6,year,2020.0,0,0.0,,0.0,,,,0.0,0.0,0.0,{},,,,
return_above_1_percent,B_reduced,hist_gradient,0.6,year,2021.0,2,0.9950248756218906,50.0,4.35307892,2.176781450883913,7.756087814636425,2.17653946,0.06411155601319068,-0.64431947,4.99739839,{'TREND_UP': 2},,,,
return_above_1_percent,B_reduced,hist_gradient,0.6,year,2022.0,1,0.4761904761904762,100.0,5.00166646,5.0001497944637405,,5.00166646,0.0,0.0,5.00166646,{'TREND_UP': 1},,,,
return_above_1_percent,B_reduced,hist_gradient,0.6,year,2023.0,1,0.4629629629629629,0.0,-1.70392026,-1.7038888924448623,0.0,-1.70392026,0.1703920260000018,0.0,-1.70392026,{'TREND_UP': 1},,,,
return_above_1_percent,B_reduced,hist_gradient,0.6,year,2024.0,0,0.0,,0.0,,,,0.0,0.0,0.0,{},,,,
return_above_1_percent,B_reduced,hist_gradient,0.6,aggregate,,4,0.3853564547206166,50.0,7.65082512,1.912455950946676,4.258110755157013,1.91270628,0.16881282500519965,-0.64431947,8.29514459,{'TREND_UP': 4},0.0,-1.70392026,2.0,2.9648896568806387
return_above_1_percent,B_reduced,hist_gradient,0.65,year,2020.0,0,0.0,,0.0,,,,0.0,0.0,0.0,{},,,,
return_above_1_percent,B_reduced,hist_gradient,0.65,year,2021.0,0,0.0,,0.0,,,,0.0,0.0,0.0,{},,,,
return_above_1_percent,B_reduced,hist_gradient,0.65,year,2022.0,0,0.0,,0.0,,,,0.0,0.0,0.0,{},,,,
return_above_1_percent,B_reduced,hist_gradient,0.65,year,2023.0,0,0.0,,0.0,,,,0.0,0.0,0.0,{},,,,
return_above_1_percent,B_reduced,hist_gradient,0.65,year,2024.0,0,0.0,,0.0,,,,0.0,0.0,0.0,{},,,,
return_above_1_percent,B_reduced,hist_gradient,0.65,aggregate,,0,0.0,,0.0,,,,0.0,0.0,0.0,{},0.0,0.0,0.0,0.0
return_above_1_percent,B_reduced,hist_gradient,0.7,year,2020.0,0,0.0,,0.0,,,,0.0,0.0,0.0,{},,,,
return_above_1_percent,B_reduced,hist_gradient,0.7,year,2021.0,0,0.0,,0.0,,,,0.0,0.0,0.0,{},,,,
return_above_1_percent,B_reduced,hist_gradient,0.7,year,2022.0,0,0.0,,0.0,,,,0.0,0.0,0.0,{},,,,
return_above_1_percent,B_reduced,hist_gradient,0.7,year,2023.0,0,0.0,,0.0,,,,0.0,0.0,0.0,{},,,,
return_above_1_percent,B_reduced,hist_gradient,0.7,year,2024.0,0,0.0,,0.0,,,,0.0,0.0,0.0,{},,,,
return_above_1_percent,B_reduced,hist_gradient,0.7,aggregate,,0,0.0,,0.0,,,,0.0,0.0,0.0,{},0.0,0.0,0.0,0.0
return_above_1_percent,B_reduced,logistic,0.5,year,2020.0,8,3.8461538461538463,75.0,25.12751267,3.138936526289489,6.136235267014744,3.14093908375,0.25587229258192623,7.43153435,17.69597832,"{'TREND_UP': 4, 'HIGH_VOLATILITY': 4}",,,,
return_above_1_percent,B_reduced,logistic,0.5,year,2021.0,53,26.368159203980102,52.83018867924528,36.69106518999999,0.6924355868056202,1.4344075003775654,0.6922842488679243,1.4949467820408782,32.75485634,3.936208849999998,"{'HIGH_VOLATILITY': 41, 'TREND_UP': 11, 'RANGE': 1}",,,,
return_above_1_percent,B_reduced,logistic,0.5,year,2022.0,9,4.285714285714286,33.33333333333333,-1.3296629699999998,-0.1455088362379969,0.9184872894344203,-0.14774032999999998,1.0023917995674483,1.468518,-2.7981809699999998,"{'HIGH_VOLATILITY': 4, 'TREND_UP': 4, 'RANGE': 1}",,,,
return_above_1_percent,B_reduced,logistic,0.5,year,2023.0,0,0.0,,0.0,,,,0.0,0.0,0.0,{},,,,
return_above_1_percent,B_reduced,logistic,0.5,year,2024.0,2,0.9852216748768473,100.0,6.3448412,3.1724577966176857,,3.1724206,0.0,0.0,6.3448412,"{'TREND_UP': 1, 'RANGE': 1}",,,,
return_above_1_percent,B_reduced,logistic,0.5,aggregate,,72,6.9364161849710975,54.166666666666664,66.83375609000001,0.9284154774737109,1.6324949383748684,0.9282466123611113,1.459723895320185,41.654908690000006,25.178847400000002,"{'HIGH_VOLATILITY': 49, 'TREND_UP': 20, 'RANGE': 3}",6.3448412,-1.3296629699999998,3.0,16.780203966320883
return_above_1_percent,B_reduced,logistic,0.55,year,2020.0,4,1.9230769230769231,75.0,12.440178750000001,3.107862623716615,5.837672444746534,3.1100446875000003,0.2571521510000025,2.4314555899999997,10.00872316,"{'HIGH_VOLATILITY': 3, 'TREND_UP': 1}",,,,
return_above_1_percent,B_reduced,logistic,0.55,year,2021.0,43,21.393034825870647,51.162790697674424,25.59359549,0.5952173500759284,1.3525813741322943,0.595199895116279,1.725668366554542,30.06240775,-4.468812259999998,"{'HIGH_VOLATILITY': 37, 'TREND_UP': 6}",,,,
return_above_1_percent,B_reduced,logistic,0.55,year,2022.0,7,3.3333333333333335,28.57142857142857,-5.1209420099999985,-0.7291519767594189,0.6610395117828164,-0.7315631442857141,1.4958397341844147,1.468518,-6.58946001,"{'TREND_UP': 3, 'HIGH_VOLATILITY': 3, 'RANGE': 1}",,,,
return_above_1_percent,B_reduced,logistic,0.55,year,2023.0,0,0.0,,0.0,,,,0.0,0.0,0.0,{},,,,
return_above_1_percent,B_reduced,logistic,0.55,year,2024.0,1,0.49261083743842365,100.0,1.34315096,1.3448970344402256,,1.34315096,0.0,0.0,1.34315096,{'TREND_UP': 1},,,,
return_above_1_percent,B_reduced,logistic,0.55,aggregate,,55,5.298651252408478,50.90909090909091,34.255983189999995,0.6230296317319213,1.3794899177200237,0.6228360579999999,1.7051188011283531,33.96238133999999,0.2936018500000035,"{'HIGH_VOLATILITY': 43, 'TREND_UP': 11, 'RANGE': 1}",1.34315096,-5.1209420099999985,3.0,12.279289496405308
return_above_1_percent,B_reduced,logistic,0.6,year,2020.0,3,1.4423076923076923,66.66666666666666,7.43721502,2.4774627954398905,3.892145755374218,2.4790716733333333,0.2571521510000025,2.4314555899999997,5.00575943,{'HIGH_VOLATILITY': 3},,,,
return_above_1_percent,B_reduced,logistic,0.6,year,2021.0,35,17.412935323383085,45.714285714285715,1.8590641299999957,0.0525493829052464,1.0266780467241299,0.05311611799999988,1.994129482862603,9.26644449,-7.407380359999998,"{'HIGH_VOLATILITY': 34, 'TREND_UP': 1}",,,,
return_above_1_percent,B_reduced,logistic,0.6,year,2022.0,4,1.9047619047619049,50.0,3.839608620000001,0.9632379858878689,1.6246075391304415,0.9599021550000002,0.608644945794013,4.98517603,-1.14556741,"{'TREND_UP': 2, 'HIGH_VOLATILITY': 2}",,,,
return_above_1_percent,B_reduced,logistic,0.6,year,2023.0,0,0.0,,0.0,,,,0.0,0.0,0.0,{},,,,
return_above_1_percent,B_reduced,logistic,0.6,year,2024.0,1,0.49261083743842365,100.0,1.34315096,1.3448970344402256,,1.34315096,0.0,0.0,1.34315096,{'TREND_UP': 1},,,,
return_above_1_percent,B_reduced,logistic,0.6,aggregate,,43,4.142581888246628,48.837209302325576,14.479038730000003,0.33649920386034887,1.1846723782183612,0.3367218309302326,1.9797262185237843,16.68307611,-2.2040373799999973,"{'HIGH_VOLATILITY': 39, 'TREND_UP': 4}",1.8590641299999957,0.0,4.0,2.889049283082823
return_above_1_percent,B_reduced,logistic,0.65,year,2020.0,3,1.4423076923076923,66.66666666666666,7.43721502,2.4774627954398905,3.892145755374218,2.4790716733333333,0.2571521510000025,2.4314555899999997,5.00575943,{'HIGH_VOLATILITY': 3},,,,
return_above_1_percent,B_reduced,logistic,0.65,year,2021.0,32,15.92039800995025,43.75,-7.964256340000002,-0.2495092852087287,0.8854205782069676,-0.24888301062500007,2.478491820436391,-0.55687598,-7.407380359999998,"{'HIGH_VOLATILITY': 31, 'TREND_UP': 1}",,,,
return_above_1_percent,B_reduced,logistic,0.65,year,2022.0,4,1.9047619047619049,50.0,3.839608620000001,0.9632379858878689,1.6246075391304415,0.9599021550000002,0.608644945794013,4.98517603,-1.14556741,"{'TREND_UP': 2, 'HIGH_VOLATILITY': 2}",,,,
return_above_1_percent,B_reduced,logistic,0.65,year,2023.0,0,0.0,,0.0,,,,0.0,0.0,0.0,{},,,,
return_above_1_percent,B_reduced,logistic,0.65,year,2024.0,1,0.49261083743842365,100.0,1.34315096,1.3448970344402256,,1.34315096,0.0,0.0,1.34315096,{'TREND_UP': 1},,,,
return_above_1_percent,B_reduced,logistic,0.65,aggregate,,40,3.8535645472061653,47.5,4.65571826,0.11614850594080135,1.0595152123450622,0.1163929565,2.460502809257722,6.8597556399999995,-2.2040373799999973,"{'HIGH_VOLATILITY': 36, 'TREND_UP': 4}",1.34315096,-7.964256340000002,3.0,5.721736027111255
return_above_1_percent,B_reduced,logistic,0.7,year,2020.0,3,1.4423076923076923,66.66666666666666,7.43721502,2.4774627954398905,3.892145755374218,2.4790716733333333,0.2571521510000025,2.4314555899999997,5.00575943,{'HIGH_VOLATILITY': 3},,,,
return_above_1_percent,B_reduced,logistic,0.7,year,2021.0,30,14.925373134328357,46.666666666666664,-0.3275623300000001,-0.011575275206524733,0.9947057994743242,-0.010918744333333338,1.727770969780944,-0.55687598,0.2293136500000026,{'HIGH_VOLATILITY': 30},,,,
return_above_1_percent,B_reduced,logistic,0.7,year,2022.0,3,1.4285714285714286,66.66666666666666,4.797532490000001,1.6036499288156776,1.9245029666757238,1.599177496666667,0.5137997626985282,4.98517603,-0.18764353999999983,"{'TREND_UP': 2, 'HIGH_VOLATILITY': 1}",,,,
return_above_1_percent,B_reduced,logistic,0.7,year,2023.0,0,0.0,,0.0,,,,0.0,0.0,0.0,{},,,,
return_above_1_percent,B_reduced,logistic,0.7,year,2024.0,0,0.0,,0.0,,,,0.0,0.0,0.0,{},,,,
return_above_1_percent,B_reduced,logistic,0.7,aggregate,,36,3.4682080924855487,50.0,11.907185179999999,0.33044666434919345,1.170999789791865,0.3307551438888889,1.7152307261403303,6.8597556399999995,5.047429540000002,"{'HIGH_VOLATILITY': 34, 'TREND_UP': 2}",0.0,-0.3275623300000001,2.0,3.5383460311348824
return_above_1_percent,C_price_trend,dummy,0.5,year,2020.0,0,0.0,,0.0,,,,0.0,0.0,0.0,{},,,,
return_above_1_percent,C_price_trend,dummy,0.5,year,2021.0,0,0.0,,0.0,,,,0.0,0.0,0.0,{},,,,
return_above_1_percent,C_price_trend,dummy,0.5,year,2022.0,0,0.0,,0.0,,,,0.0,0.0,0.0,{},,,,
return_above_1_percent,C_price_trend,dummy,0.5,year,2023.0,0,0.0,,0.0,,,,0.0,0.0,0.0,{},,,,
return_above_1_percent,C_price_trend,dummy,0.5,year,2024.0,0,0.0,,0.0,,,,0.0,0.0,0.0,{},,,,
return_above_1_percent,C_price_trend,dummy,0.5,aggregate,,0,0.0,,0.0,,,,0.0,0.0,0.0,{},0.0,0.0,0.0,0.0
return_above_1_percent,C_price_trend,dummy,0.55,year,2020.0,0,0.0,,0.0,,,,0.0,0.0,0.0,{},,,,
return_above_1_percent,C_price_trend,dummy,0.55,year,2021.0,0,0.0,,0.0,,,,0.0,0.0,0.0,{},,,,
return_above_1_percent,C_price_trend,dummy,0.55,year,2022.0,0,0.0,,0.0,,,,0.0,0.0,0.0,{},,,,
return_above_1_percent,C_price_trend,dummy,0.55,year,2023.0,0,0.0,,0.0,,,,0.0,0.0,0.0,{},,,,
return_above_1_percent,C_price_trend,dummy,0.55,year,2024.0,0,0.0,,0.0,,,,0.0,0.0,0.0,{},,,,
return_above_1_percent,C_price_trend,dummy,0.55,aggregate,,0,0.0,,0.0,,,,0.0,0.0,0.0,{},0.0,0.0,0.0,0.0
return_above_1_percent,C_price_trend,dummy,0.6,year,2020.0,0,0.0,,0.0,,,,0.0,0.0,0.0,{},,,,
return_above_1_percent,C_price_trend,dummy,0.6,year,2021.0,0,0.0,,0.0,,,,0.0,0.0,0.0,{},,,,
return_above_1_percent,C_price_trend,dummy,0.6,year,2022.0,0,0.0,,0.0,,,,0.0,0.0,0.0,{},,,,
return_above_1_percent,C_price_trend,dummy,0.6,year,2023.0,0,0.0,,0.0,,,,0.0,0.0,0.0,{},,,,
return_above_1_percent,C_price_trend,dummy,0.6,year,2024.0,0,0.0,,0.0,,,,0.0,0.0,0.0,{},,,,
return_above_1_percent,C_price_trend,dummy,0.6,aggregate,,0,0.0,,0.0,,,,0.0,0.0,0.0,{},0.0,0.0,0.0,0.0
return_above_1_percent,C_price_trend,dummy,0.65,year,2020.0,0,0.0,,0.0,,,,0.0,0.0,0.0,{},,,,
return_above_1_percent,C_price_trend,dummy,0.65,year,2021.0,0,0.0,,0.0,,,,0.0,0.0,0.0,{},,,,
return_above_1_percent,C_price_trend,dummy,0.65,year,2022.0,0,0.0,,0.0,,,,0.0,0.0,0.0,{},,,,
return_above_1_percent,C_price_trend,dummy,0.65,year,2023.0,0,0.0,,0.0,,,,0.0,0.0,0.0,{},,,,
return_above_1_percent,C_price_trend,dummy,0.65,year,2024.0,0,0.0,,0.0,,,,0.0,0.0,0.0,{},,,,
return_above_1_percent,C_price_trend,dummy,0.65,aggregate,,0,0.0,,0.0,,,,0.0,0.0,0.0,{},0.0,0.0,0.0,0.0
return_above_1_percent,C_price_trend,dummy,0.7,year,2020.0,0,0.0,,0.0,,,,0.0,0.0,0.0,{},,,,
return_above_1_percent,C_price_trend,dummy,0.7,year,2021.0,0,0.0,,0.0,,,,0.0,0.0,0.0,{},,,,
return_above_1_percent,C_price_trend,dummy,0.7,year,2022.0,0,0.0,,0.0,,,,0.0,0.0,0.0,{},,,,
return_above_1_percent,C_price_trend,dummy,0.7,year,2023.0,0,0.0,,0.0,,,,0.0,0.0,0.0,{},,,,
return_above_1_percent,C_price_trend,dummy,0.7,year,2024.0,0,0.0,,0.0,,,,0.0,0.0,0.0,{},,,,
return_above_1_percent,C_price_trend,dummy,0.7,aggregate,,0,0.0,,0.0,,,,0.0,0.0,0.0,{},0.0,0.0,0.0,0.0
return_above_1_percent,C_price_trend,forest,0.5,year,2020.0,0,0.0,,0.0,,,,0.0,0.0,0.0,{},,,,
return_above_1_percent,C_price_trend,forest,0.5,year,2021.0,23,11.442786069651742,52.17391304347826,17.52201445,0.7628871730573182,1.5029881535022807,0.7618267152173913,1.9495034951453611,14.39219023,3.1298242200000006,"{'HIGH_VOLATILITY': 13, 'TREND_UP': 10}",,,,
return_above_1_percent,C_price_trend,forest,0.5,year,2022.0,8,3.8095238095238098,25.0,-9.113559980000002,-1.1370980395671768,0.5228603169847238,-1.1391949975000002,1.7740049714978299,-1.5718004500000005,-7.54175953,"{'HIGH_VOLATILITY': 5, 'TREND_UP': 3}",,,,
return_above_1_percent,C_price_trend,forest,0.5,year,2023.0,7,3.2407407407407405,0.0,-12.67117277,-1.8120422681256836,0.0,-1.8101675385714286,1.2671172769999999,-9.75543786,-2.9157349100000003,"{'TREND_UP': 6, 'RANGE': 1}",,,,
return_above_1_percent,C_price_trend,forest,0.5,year,2024.0,3,1.477832512315271,33.33333333333333,-4.797149,-1.6047424638070622,0.5100805801622659,-1.5990496666666667,0.9791710240000042,-4.60397,-0.19317899999999977,{'HIGH_VOLATILITY': 3},,,,
return_above_1_percent,C_price_trend,forest,0.5,aggregate,,41,3.94990366088632,36.58536585365854,-9.0598673,-0.2207049415736602,0.8814139908750273,-0.2209723731707317,4.462917359373033,-1.5390180800000035,-7.520849219999996,"{'HIGH_VOLATILITY': 21, 'TREND_UP': 19, 'RANGE': 1}",-4.797149,-12.67117277,1.0,11.80289143273519
return_above_1_percent,C_price_trend,forest,0.55,year,2020.0,0,0.0,,0.0,,,,0.0,0.0,0.0,{},,,,
return_above_1_percent,C_price_trend,forest,0.55,year,2021.0,2,0.9950248756218906,50.0,-0.18433434999999943,-0.09471122468193253,0.9644621937734892,-0.09216717499999971,0.5161173351797135,0.0,-0.18433434999999943,"{'TREND_UP': 1, 'HIGH_VOLATILITY': 1}",,,,
return_above_1_percent,C_price_trend,forest,0.55,year,2022.0,6,2.857142857142857,33.33333333333333,-2.5577546400000006,-0.4236904385063336,0.7961070719534539,-0.4262924400000001,1.1241318107331402,-0.20763270000000045,-2.35012194,"{'HIGH_VOLATILITY': 4, 'TREND_UP': 2}",,,,
return_above_1_percent,C_price_trend,forest,0.55,year,2023.0,1,0.4629629629629629,0.0,-0.14533385,-0.1453940973824989,0.0,-0.14533385,0.014533385000004272,0.0,-0.14533385,{'TREND_UP': 1},,,,
return_above_1_percent,C_price_trend,forest,0.55,year,2024.0,1,0.49261083743842365,0.0,-5.18774024,-5.1895831323789725,0.0,-5.18774024,0.5187740240000039,0.0,-5.18774024,{'HIGH_VOLATILITY': 1},,,,
return_above_1_percent,C_price_trend,forest,0.55,aggregate,,10,0.9633911368015413,30.0,-8.07516308,-0.8066542310163339,0.6498902813419504,-0.807516308,1.6530984055959244,-0.20763270000000045,-7.867530380000001,"{'HIGH_VOLATILITY': 6, 'TREND_UP': 4}",-0.18433434999999943,-5.18774024,0.0,2.262090124364164
return_above_1_percent,C_price_trend,forest,0.6,year,2020.0,0,0.0,,0.0,,,,0.0,0.0,0.0,{},,,,
return_above_1_percent,C_price_trend,forest,0.6,year,2021.0,0,0.0,,0.0,,,,0.0,0.0,0.0,{},,,,
return_above_1_percent,C_price_trend,forest,0.6,year,2022.0,4,1.9047619047619049,50.0,-0.3952762399999994,-0.09471389414660944,0.9619272086671659,-0.09881905999999985,1.0279459388207621,-0.20763270000000045,-0.18764353999999983,"{'TREND_UP': 2, 'HIGH_VOLATILITY': 2}",,,,
return_above_1_percent,C_price_trend,forest,0.6,year,2023.0,0,0.0,,0.0,,,,0.0,0.0,0.0,{},,,,
return_above_1_percent,C_price_trend,forest,0.6,year,2024.0,0,0.0,,0.0,,,,0.0,0.0,0.0,{},,,,
return_above_1_percent,C_price_trend,forest,0.6,aggregate,,4,0.3853564547206166,50.0,-0.3952762399999994,-0.09471389414660944,0.9619272086671659,-0.09881905999999985,1.0279459388207621,-0.20763270000000045,-0.18764353999999983,"{'TREND_UP': 2, 'HIGH_VOLATILITY': 2}",0.0,-0.3952762399999994,0.0,0.17677290850610403
return_above_1_percent,C_price_trend,forest,0.65,year,2020.0,0,0.0,,0.0,,,,0.0,0.0,0.0,{},,,,
return_above_1_percent,C_price_trend,forest,0.65,year,2021.0,0,0.0,,0.0,,,,0.0,0.0,0.0,{},,,,
return_above_1_percent,C_price_trend,forest,0.65,year,2022.0,0,0.0,,0.0,,,,0.0,0.0,0.0,{},,,,
return_above_1_percent,C_price_trend,forest,0.65,year,2023.0,0,0.0,,0.0,,,,0.0,0.0,0.0,{},,,,
return_above_1_percent,C_price_trend,forest,0.65,year,2024.0,0,0.0,,0.0,,,,0.0,0.0,0.0,{},,,,
return_above_1_percent,C_price_trend,forest,0.65,aggregate,,0,0.0,,0.0,,,,0.0,0.0,0.0,{},0.0,0.0,0.0,0.0
return_above_1_percent,C_price_trend,forest,0.7,year,2020.0,0,0.0,,0.0,,,,0.0,0.0,0.0,{},,,,
return_above_1_percent,C_price_trend,forest,0.7,year,2021.0,0,0.0,,0.0,,,,0.0,0.0,0.0,{},,,,
return_above_1_percent,C_price_trend,forest,0.7,year,2022.0,0,0.0,,0.0,,,,0.0,0.0,0.0,{},,,,
return_above_1_percent,C_price_trend,forest,0.7,year,2023.0,0,0.0,,0.0,,,,0.0,0.0,0.0,{},,,,
return_above_1_percent,C_price_trend,forest,0.7,year,2024.0,0,0.0,,0.0,,,,0.0,0.0,0.0,{},,,,
return_above_1_percent,C_price_trend,forest,0.7,aggregate,,0,0.0,,0.0,,,,0.0,0.0,0.0,{},0.0,0.0,0.0,0.0
return_above_1_percent,C_price_trend,hist_gradient,0.5,year,2020.0,8,3.8461538461538463,25.0,-7.55569867,-0.9441663573349125,0.56976955196842,-0.94446233375,1.2496535583727264,-17.561980339999998,10.00628167,"{'TREND_UP': 4, 'RANGE': 4}",,,,
return_above_1_percent,C_price_trend,hist_gradient,0.5,year,2021.0,13,6.467661691542288,53.84615384615385,15.9130141,1.2240648394159375,2.035525618298358,1.2240780076923077,1.0668673532091646,0.5704979400000001,15.34251616,"{'TREND_UP': 8, 'HIGH_VOLATILITY': 4, 'RANGE': 1}",,,,
return_above_1_percent,C_price_trend,hist_gradient,0.5,year,2022.0,6,2.857142857142857,33.33333333333333,-1.9474608300000005,-0.3219153405727037,0.8368182224146788,-0.3245768050000001,1.0636337412007943,-0.20763270000000045,-1.73982813,"{'HIGH_VOLATILITY': 3, 'TREND_UP': 3}",,,,
return_above_1_percent,C_price_trend,hist_gradient,0.5,year,2023.0,5,2.314814814814815,40.0,-8.926861429999999,-1.787879932866469,0.010865764474853264,-1.7853722859999999,0.8926861430000032,-8.93473235,0.00787092,"{'TREND_UP': 4, 'RANGE': 1}",,,,
return_above_1_percent,C_price_trend,hist_gradient,0.5,year,2024.0,4,1.9704433497536946,25.0,-9.976978970000001,-2.500916906638261,0.33387840959940324,-2.4942447425000003,1.4977714450000008,-4.60397,-5.37300897,"{'HIGH_VOLATILITY': 2, 'TREND_UP': 1, 'RANGE': 1}",,,,
return_above_1_percent,C_price_trend,hist_gradient,0.5,aggregate,,36,3.4682080924855487,38.88888888888889,-12.4939858,-0.3476402022387147,0.8185754392223219,-0.3470551611111111,3.405070902221107,-30.73781745,18.243831649999997,"{'TREND_UP': 20, 'HIGH_VOLATILITY': 9, 'RANGE': 7}",-7.55569867,-9.976978970000001,1.0,10.748421185773593
return_above_1_percent,C_price_trend,hist_gradient,0.55,year,2020.0,1,0.4807692307692308,0.0,-1.57294217,-1.5715475668711207,0.0,-1.57294217,0.15729421700000332,-1.57294217,0.0,{'RANGE': 1},,,,
return_above_1_percent,C_price_trend,hist_gradient,0.55,year,2021.0,4,1.9900497512437811,50.0,2.36485225,0.590793127000734,1.3097300378479833,0.5912130625,0.5161173351797135,0.0,2.36485225,"{'TREND_UP': 3, 'HIGH_VOLATILITY': 1}",,,,
return_above_1_percent,C_price_trend,hist_gradient,0.55,year,2022.0,3,1.4285714285714286,66.66666666666666,4.7940337600000005,1.6034475796309389,1.92320630496244,1.5980112533333335,0.5141461761222227,-0.20763270000000045,5.00166646,"{'TREND_UP': 2, 'HIGH_VOLATILITY': 1}",,,,
return_above_1_percent,C_price_trend,hist_gradient,0.55,year,2023.0,1,0.4629629629629629,0.0,-5.17919002,-5.189784984027497,0.0,-5.17919002,0.5179190019999964,-5.17919002,0.0,{'TREND_UP': 1},,,,
return_above_1_percent,C_price_trend,hist_gradient,0.55,year,2024.0,0,0.0,,0.0,,,,0.0,0.0,0.0,{},,,,
return_above_1_percent,C_price_trend,hist_gradient,0.55,aggregate,,9,0.8670520231213872,44.44444444444444,0.4067538199999996,0.045798077333014976,1.0207737892899689,0.045194868888888844,1.0261393726004153,-6.959764890000001,7.36651871,"{'TREND_UP': 6, 'HIGH_VOLATILITY': 2, 'RANGE': 1}",0.0,-5.17919002,2.0,3.802642254267577
return_above_1_percent,C_price_trend,hist_gradient,0.6,year,2020.0,0,0.0,,0.0,,,,0.0,0.0,0.0,{},,,,
return_above_1_percent,C_price_trend,hist_gradient,0.6,year,2021.0,0,0.0,,0.0,,,,0.0,0.0,0.0,{},,,,
return_above_1_percent,C_price_trend,hist_gradient,0.6,year,2022.0,0,0.0,,0.0,,,,0.0,0.0,0.0,{},,,,
return_above_1_percent,C_price_trend,hist_gradient,0.6,year,2023.0,0,0.0,,0.0,,,,0.0,0.0,0.0,{},,,,
return_above_1_percent,C_price_trend,hist_gradient,0.6,year,2024.0,0,0.0,,0.0,,,,0.0,0.0,0.0,{},,,,
return_above_1_percent,C_price_trend,hist_gradient,0.6,aggregate,,0,0.0,,0.0,,,,0.0,0.0,0.0,{},0.0,0.0,0.0,0.0
return_above_1_percent,C_price_trend,hist_gradient,0.65,year,2020.0,0,0.0,,0.0,,,,0.0,0.0,0.0,{},,,,
return_above_1_percent,C_price_trend,hist_gradient,0.65,year,2021.0,0,0.0,,0.0,,,,0.0,0.0,0.0,{},,,,
return_above_1_percent,C_price_trend,hist_gradient,0.65,year,2022.0,0,0.0,,0.0,,,,0.0,0.0,0.0,{},,,,
return_above_1_percent,C_price_trend,hist_gradient,0.65,year,2023.0,0,0.0,,0.0,,,,0.0,0.0,0.0,{},,,,
return_above_1_percent,C_price_trend,hist_gradient,0.65,year,2024.0,0,0.0,,0.0,,,,0.0,0.0,0.0,{},,,,
return_above_1_percent,C_price_trend,hist_gradient,0.65,aggregate,,0,0.0,,0.0,,,,0.0,0.0,0.0,{},0.0,0.0,0.0,0.0
return_above_1_percent,C_price_trend,hist_gradient,0.7,year,2020.0,0,0.0,,0.0,,,,0.0,0.0,0.0,{},,,,
return_above_1_percent,C_price_trend,hist_gradient,0.7,year,2021.0,0,0.0,,0.0,,,,0.0,0.0,0.0,{},,,,
return_above_1_percent,C_price_trend,hist_gradient,0.7,year,2022.0,0,0.0,,0.0,,,,0.0,0.0,0.0,{},,,,
return_above_1_percent,C_price_trend,hist_gradient,0.7,year,2023.0,0,0.0,,0.0,,,,0.0,0.0,0.0,{},,,,
return_above_1_percent,C_price_trend,hist_gradient,0.7,year,2024.0,0,0.0,,0.0,,,,0.0,0.0,0.0,{},,,,
return_above_1_percent,C_price_trend,hist_gradient,0.7,aggregate,,0,0.0,,0.0,,,,0.0,0.0,0.0,{},0.0,0.0,0.0,0.0
return_above_1_percent,C_price_trend,logistic,0.5,year,2020.0,5,2.403846153846154,80.0,14.83167289,2.961879861215001,3.8616735606633763,2.966334578,0.5081169530755028,-0.17988970000000037,15.01156259,"{'TREND_UP': 4, 'HIGH_VOLATILITY': 1}",,,,
return_above_1_percent,C_price_trend,logistic,0.5,year,2021.0,39,19.402985074626866,46.15384615384615,12.20993506,0.3128366977470583,1.1817953820032194,0.31307525794871793,2.215765276594041,18.5793046,-6.369369539999997,"{'HIGH_VOLATILITY': 25, 'TREND_UP': 12, 'RANGE': 2}",,,,
return_above_1_percent,C_price_trend,logistic,0.5,year,2022.0,11,5.238095238095238,45.45454545454545,5.9479599599999995,0.5424074819456985,1.3872535404754922,0.5407236327272726,0.8582508186501142,0.9992723499999996,4.94868761,"{'TREND_UP': 5, 'HIGH_VOLATILITY': 4, 'RANGE': 2}",,,,
return_above_1_percent,C_price_trend,logistic,0.5,year,2023.0,3,1.3888888888888888,33.33333333333333,-1.2773141899999998,-0.4263977699105917,0.006124347332346544,-0.4257713966666666,0.12773141899999702,-1.13985126,-0.13746292999999998,{'TREND_UP': 3},,,,
return_above_1_percent,C_price_trend,logistic,0.5,year,2024.0,3,1.477832512315271,66.66666666666666,1.1548805299999998,0.3850485855285381,1.2226172623477385,0.3849601766666666,0.516193331025419,0.0,1.1548805299999998,"{'TREND_UP': 2, 'HIGH_VOLATILITY': 1}",,,,
return_above_1_percent,C_price_trend,logistic,0.5,aggregate,,61,5.8766859344894025,49.18032786885246,32.86713425,0.5385650043683081,1.3489887701259093,0.5388054795081967,2.1844660444988917,18.258835989999998,14.608298260000005,"{'HIGH_VOLATILITY': 31, 'TREND_UP': 26, 'RANGE': 4}",5.9479599599999995,-1.2773141899999998,4.0,6.916553339420314
return_above_1_percent,C_price_trend,logistic,0.55,year,2020.0,3,1.4423076923076923,100.0,15.011715689999999,5.0001812414149525,,5.00390523,0.0,5.0029771,10.00873859,"{'TREND_UP': 2, 'HIGH_VOLATILITY': 1}",,,,
return_above_1_percent,C_price_trend,logistic,0.55,year,2021.0,27,13.432835820895523,51.85185185185185,18.822549750000004,0.6970907298454225,1.4285084105607757,0.6971314722222224,1.6701704117023395,17.32293765,1.4996121000000007,"{'HIGH_VOLATILITY': 22, 'TREND_UP': 5}",,,,
return_above_1_percent,C_price_trend,logistic,0.55,year,2022.0,7,3.3333333333333335,28.57142857142857,-4.90325487,-0.6980825548593622,0.6707036393749948,-0.7004649814285714,1.474286271224107,1.468518,-6.37177287,"{'TREND_UP': 3, 'HIGH_VOLATILITY': 3, 'RANGE': 1}",,,,
return_above_1_percent,C_price_trend,logistic,0.55,year,2023.0,0,0.0,,0.0,,,,0.0,0.0,0.0,{},,,,
return_above_1_percent,C_price_trend,logistic,0.55,year,2024.0,1,0.49261083743842365,0.0,-5.18774024,-5.1895831323789725,0.0,-5.18774024,0.5187740240000039,0.0,-5.18774024,{'HIGH_VOLATILITY': 1},,,,
return_above_1_percent,C_price_trend,logistic,0.55,aggregate,,38,3.6608863198458574,50.0,23.743270329999998,0.624890326675704,1.3709678520654134,0.6248229034210526,2.606323525573341,23.794432750000002,-0.05116241999999804,"{'HIGH_VOLATILITY': 27, 'TREND_UP': 10, 'RANGE': 1}",0.0,-5.18774024,2.0,11.378114595285764
return_above_1_percent,C_price_trend,logistic,0.6,year,2020.0,1,0.4807692307692308,100.0,5.00577486,5.001444879701351,,5.00577486,0.0,0.0,5.00577486,{'TREND_UP': 1},,,,
return_above_1_percent,C_price_trend,logistic,0.6,year,2021.0,18,8.955223880597014,44.44444444444444,-1.5597575399999997,-0.08624602943583333,0.9585728062666811,-0.08665319666666665,2.06359900271651,5.84942261,-7.409180149999997,"{'HIGH_VOLATILITY': 16, 'TREND_UP': 2}",,,,
return_above_1_percent,C_price_trend,logistic,0.6,year,2022.0,5,2.380952380952381,40.0,-1.3520289699999992,-0.26734153009141265,0.8807615930060116,-0.27040579399999987,1.1226751659502157,4.98517603,-6.337205,"{'HIGH_VOLATILITY': 3, 'TREND_UP': 2}",,,,
return_above_1_percent,C_price_trend,logistic,0.6,year,2023.0,0,0.0,,0.0,,,,0.0,0.0,0.0,{},,,,
return_above_1_percent,C_price_trend,logistic,0.6,year,2024.0,0,0.0,,0.0,,,,0.0,0.0,0.0,{},,,,
return_above_1_percent,C_price_trend,logistic,0.6,aggregate,,24,2.312138728323699,45.83333333333333,2.093988350000001,0.08801286247497034,1.0427436648088722,0.08724951458333337,2.1854876705662782,10.83459864,-8.74061029,"{'HIGH_VOLATILITY': 19, 'TREND_UP': 5}",0.0,-1.5597575399999997,1.0,2.6665356938510585
return_above_1_percent,C_price_trend,logistic,0.65,year,2020.0,0,0.0,,0.0,,,,0.0,0.0,0.0,{},,,,
return_above_1_percent,C_price_trend,logistic,0.65,year,2021.0,14,6.965174129353234,50.0,2.5266380400000017,0.1806727758182994,1.0884417042085972,0.18047414571428583,1.2857126896025937,2.6872361399999996,-0.16059809999999786,"{'HIGH_VOLATILITY': 13, 'TREND_UP': 1}",,,,
return_above_1_percent,C_price_trend,logistic,0.65,year,2022.0,5,2.380952380952381,40.0,-1.3520289699999992,-0.26734153009141265,0.8807615930060116,-0.27040579399999987,1.1226751659502157,4.98517603,-6.337205,"{'HIGH_VOLATILITY': 3, 'TREND_UP': 2}",,,,
return_above_1_percent,C_price_trend,logistic,0.65,year,2023.0,0,0.0,,0.0,,,,0.0,0.0,0.0,{},,,,
return_above_1_percent,C_price_trend,logistic,0.65,year,2024.0,0,0.0,,0.0,,,,0.0,0.0,0.0,{},,,,
return_above_1_percent,C_price_trend,logistic,0.65,aggregate,,19,1.8304431599229287,47.368421052631575,1.174609069999999,0.06277427426311187,1.0294334593144405,0.061821529999999944,1.4188408990010901,7.672412169999999,-6.497803099999998,"{'HIGH_VOLATILITY': 16, 'TREND_UP': 3}",0.0,-1.3520289699999992,1.0,1.4085400977101306
return_above_1_percent,C_price_trend,logistic,0.7,year,2020.0,0,0.0,,0.0,,,,0.0,0.0,0.0,{},,,,
return_above_1_percent,C_price_trend,logistic,0.7,year,2021.0,6,2.9850746268656714,66.66666666666666,5.720621880000001,0.9537286817024112,1.5512568089702647,0.9534369800000002,0.5164591882579338,4.99272331,0.7278985700000007,{'HIGH_VOLATILITY': 6},,,,
return_above_1_percent,C_price_trend,logistic,0.7,year,2022.0,4,1.9047619047619049,25.0,-6.35369543,-1.584214361230201,0.4396536328669167,-1.5884238575,1.128262558537638,4.98517603,-11.33887146,"{'HIGH_VOLATILITY': 3, 'TREND_UP': 1}",,,,
return_above_1_percent,C_price_trend,logistic,0.7,year,2023.0,0,0.0,,0.0,,,,0.0,0.0,0.0,{},,,,
return_above_1_percent,C_price_trend,logistic,0.7,year,2024.0,0,0.0,,0.0,,,,0.0,0.0,0.0,{},,,,
return_above_1_percent,C_price_trend,logistic,0.7,aggregate,,10,0.9633911368015413,50.0,-0.6330735500000007,-0.061448535470633656,0.9708479860212433,-0.06330735500000007,1.1218765622446385,9.97789934,-10.61097289,"{'HIGH_VOLATILITY': 9, 'TREND_UP': 1}",0.0,-6.35369543,1.0,4.272435016685324
return_above_1_percent,D_price_trend_volatility,dummy,0.5,year,2020.0,0,0.0,,0.0,,,,0.0,0.0,0.0,{},,,,
return_above_1_percent,D_price_trend_volatility,dummy,0.5,year,2021.0,0,0.0,,0.0,,,,0.0,0.0,0.0,{},,,,
return_above_1_percent,D_price_trend_volatility,dummy,0.5,year,2022.0,0,0.0,,0.0,,,,0.0,0.0,0.0,{},,,,
return_above_1_percent,D_price_trend_volatility,dummy,0.5,year,2023.0,0,0.0,,0.0,,,,0.0,0.0,0.0,{},,,,
return_above_1_percent,D_price_trend_volatility,dummy,0.5,year,2024.0,0,0.0,,0.0,,,,0.0,0.0,0.0,{},,,,
return_above_1_percent,D_price_trend_volatility,dummy,0.5,aggregate,,0,0.0,,0.0,,,,0.0,0.0,0.0,{},0.0,0.0,0.0,0.0
return_above_1_percent,D_price_trend_volatility,dummy,0.55,year,2020.0,0,0.0,,0.0,,,,0.0,0.0,0.0,{},,,,
return_above_1_percent,D_price_trend_volatility,dummy,0.55,year,2021.0,0,0.0,,0.0,,,,0.0,0.0,0.0,{},,,,
return_above_1_percent,D_price_trend_volatility,dummy,0.55,year,2022.0,0,0.0,,0.0,,,,0.0,0.0,0.0,{},,,,
return_above_1_percent,D_price_trend_volatility,dummy,0.55,year,2023.0,0,0.0,,0.0,,,,0.0,0.0,0.0,{},,,,
return_above_1_percent,D_price_trend_volatility,dummy,0.55,year,2024.0,0,0.0,,0.0,,,,0.0,0.0,0.0,{},,,,
return_above_1_percent,D_price_trend_volatility,dummy,0.55,aggregate,,0,0.0,,0.0,,,,0.0,0.0,0.0,{},0.0,0.0,0.0,0.0
return_above_1_percent,D_price_trend_volatility,dummy,0.6,year,2020.0,0,0.0,,0.0,,,,0.0,0.0,0.0,{},,,,
return_above_1_percent,D_price_trend_volatility,dummy,0.6,year,2021.0,0,0.0,,0.0,,,,0.0,0.0,0.0,{},,,,
return_above_1_percent,D_price_trend_volatility,dummy,0.6,year,2022.0,0,0.0,,0.0,,,,0.0,0.0,0.0,{},,,,
return_above_1_percent,D_price_trend_volatility,dummy,0.6,year,2023.0,0,0.0,,0.0,,,,0.0,0.0,0.0,{},,,,
return_above_1_percent,D_price_trend_volatility,dummy,0.6,year,2024.0,0,0.0,,0.0,,,,0.0,0.0,0.0,{},,,,
return_above_1_percent,D_price_trend_volatility,dummy,0.6,aggregate,,0,0.0,,0.0,,,,0.0,0.0,0.0,{},0.0,0.0,0.0,0.0
return_above_1_percent,D_price_trend_volatility,dummy,0.65,year,2020.0,0,0.0,,0.0,,,,0.0,0.0,0.0,{},,,,
return_above_1_percent,D_price_trend_volatility,dummy,0.65,year,2021.0,0,0.0,,0.0,,,,0.0,0.0,0.0,{},,,,
return_above_1_percent,D_price_trend_volatility,dummy,0.65,year,2022.0,0,0.0,,0.0,,,,0.0,0.0,0.0,{},,,,
return_above_1_percent,D_price_trend_volatility,dummy,0.65,year,2023.0,0,0.0,,0.0,,,,0.0,0.0,0.0,{},,,,
return_above_1_percent,D_price_trend_volatility,dummy,0.65,year,2024.0,0,0.0,,0.0,,,,0.0,0.0,0.0,{},,,,
return_above_1_percent,D_price_trend_volatility,dummy,0.65,aggregate,,0,0.0,,0.0,,,,0.0,0.0,0.0,{},0.0,0.0,0.0,0.0
return_above_1_percent,D_price_trend_volatility,dummy,0.7,year,2020.0,0,0.0,,0.0,,,,0.0,0.0,0.0,{},,,,
return_above_1_percent,D_price_trend_volatility,dummy,0.7,year,2021.0,0,0.0,,0.0,,,,0.0,0.0,0.0,{},,,,
return_above_1_percent,D_price_trend_volatility,dummy,0.7,year,2022.0,0,0.0,,0.0,,,,0.0,0.0,0.0,{},,,,
return_above_1_percent,D_price_trend_volatility,dummy,0.7,year,2023.0,0,0.0,,0.0,,,,0.0,0.0,0.0,{},,,,
return_above_1_percent,D_price_trend_volatility,dummy,0.7,year,2024.0,0,0.0,,0.0,,,,0.0,0.0,0.0,{},,,,
return_above_1_percent,D_price_trend_volatility,dummy,0.7,aggregate,,0,0.0,,0.0,,,,0.0,0.0,0.0,{},0.0,0.0,0.0,0.0
return_above_1_percent,D_price_trend_volatility,forest,0.5,year,2020.0,0,0.0,,0.0,,,,0.0,0.0,0.0,{},,,,
return_above_1_percent,D_price_trend_volatility,forest,0.5,year,2021.0,23,11.442786069651742,52.17391304347826,21.43182375,0.9322738603192384,1.772399768577583,0.9318184239130435,1.3769308483670568,10.11380797,11.318015780000001,"{'TREND_UP': 14, 'HIGH_VOLATILITY': 9}",,,,
return_above_1_percent,D_price_trend_volatility,forest,0.5,year,2022.0,8,3.8095238095238098,25.0,-11.258503170000001,-1.4059049585834358,0.47007201717611413,-1.4073128962500001,1.9866319392390697,-3.7242907300000003,-7.53421244,"{'HIGH_VOLATILITY': 4, 'TREND_UP': 3, 'RANGE': 1}",,,,
return_above_1_percent,D_price_trend_volatility,forest,0.5,year,2023.0,3,1.3888888888888888,0.0,-2.98910537,-0.9969826828878309,0.0,-0.9963684566666666,0.29891053699999476,-1.13985126,-1.84925411,{'TREND_UP': 3},,,,
return_above_1_percent,D_price_trend_volatility,forest,0.5,year,2024.0,2,0.9852216748768473,50.0,-3.84458928,-1.9223430489693734,0.25890867658400724,-1.92229464,0.5187740240000039,0.0,-3.84458928,"{'HIGH_VOLATILITY': 1, 'TREND_UP': 1}",,,,
return_above_1_percent,D_price_trend_volatility,forest,0.5,aggregate,,36,3.4682080924855487,41.66666666666667,3.3396259300000013,0.09331736033535419,1.058416470009965,0.09276738694444447,2.7390070102187756,5.249665979999998,-1.910040050000001,"{'TREND_UP': 21, 'HIGH_VOLATILITY': 14, 'RANGE': 1}",-2.98910537,-11.258503170000001,1.0,12.324385991342046
return_above_1_percent,D_price_trend_volatility,forest,0.55,year,2020.0,0,0.0,,0.0,,,,0.0,0.0,0.0,{},,,,
return_above_1_percent,D_price_trend_volatility,forest,0.55,year,2021.0,2,0.9950248756218906,50.0,2.9385681,1.4715006050020951,2.4272998188694803,1.46928405,0.2058830289999946,0.0,2.9385681,{'TREND_UP': 2},,,,
return_above_1_percent,D_price_trend_volatility,forest,0.55,year,2022.0,5,2.380952380952381,40.0,-1.3532001099999995,-0.2673706838963989,0.8806706325776943,-0.2706400219999999,1.1227911219162467,-0.20763270000000045,-1.14556741,"{'HIGH_VOLATILITY': 3, 'TREND_UP': 2}",,,,
return_above_1_percent,D_price_trend_volatility,forest,0.55,year,2023.0,1,0.4629629629629629,0.0,-1.70392026,-1.7038888924448623,0.0,-1.70392026,0.1703920260000018,0.0,-1.70392026,{'TREND_UP': 1},,,,
return_above_1_percent,D_price_trend_volatility,forest,0.55,year,2024.0,0,0.0,,0.0,,,,0.0,0.0,0.0,{},,,,
return_above_1_percent,D_price_trend_volatility,forest,0.55,aggregate,,8,0.7707129094412332,37.5,-0.11855227000000035,-0.01221763774033359,0.9921503083024082,-0.014819033750000044,1.287751568242545,-0.20763270000000045,0.08908043000000032,"{'TREND_UP': 5, 'HIGH_VOLATILITY': 3}",0.0,-1.70392026,1.0,1.8280362647069985
return_above_1_percent,D_price_trend_volatility,forest,0.6,year,2020.0,0,0.0,,0.0,,,,0.0,0.0,0.0,{},,,,
return_above_1_percent,D_price_trend_volatility,forest,0.6,year,2021.0,0,0.0,,0.0,,,,0.0,0.0,0.0,{},,,,
return_above_1_percent,D_price_trend_volatility,forest,0.6,year,2022.0,1,0.4761904761904762,100.0,5.00166646,5.0001497944637405,,5.00166646,0.0,0.0,5.00166646,{'TREND_UP': 1},,,,
return_above_1_percent,D_price_trend_volatility,forest,0.6,year,2023.0,0,0.0,,0.0,,,,0.0,0.0,0.0,{},,,,
return_above_1_percent,D_price_trend_volatility,forest,0.6,year,2024.0,0,0.0,,0.0,,,,0.0,0.0,0.0,{},,,,
return_above_1_percent,D_price_trend_volatility,forest,0.6,aggregate,,1,0.09633911368015415,100.0,5.00166646,5.0001497944637405,,5.00166646,0.0,0.0,5.00166646,{'TREND_UP': 1},0.0,0.0,1.0,2.2368132410681465
return_above_1_percent,D_price_trend_volatility,forest,0.65,year,2020.0,0,0.0,,0.0,,,,0.0,0.0,0.0,{},,,,
return_above_1_percent,D_price_trend_volatility,forest,0.65,year,2021.0,0,0.0,,0.0,,,,0.0,0.0,0.0,{},,,,
return_above_1_percent,D_price_trend_volatility,forest,0.65,year,2022.0,0,0.0,,0.0,,,,0.0,0.0,0.0,{},,,,
return_above_1_percent,D_price_trend_volatility,forest,0.65,year,2023.0,0,0.0,,0.0,,,,0.0,0.0,0.0,{},,,,
return_above_1_percent,D_price_trend_volatility,forest,0.65,year,2024.0,0,0.0,,0.0,,,,0.0,0.0,0.0,{},,,,
return_above_1_percent,D_price_trend_volatility,forest,0.65,aggregate,,0,0.0,,0.0,,,,0.0,0.0,0.0,{},0.0,0.0,0.0,0.0
return_above_1_percent,D_price_trend_volatility,forest,0.7,year,2020.0,0,0.0,,0.0,,,,0.0,0.0,0.0,{},,,,
return_above_1_percent,D_price_trend_volatility,forest,0.7,year,2021.0,0,0.0,,0.0,,,,0.0,0.0,0.0,{},,,,
return_above_1_percent,D_price_trend_volatility,forest,0.7,year,2022.0,0,0.0,,0.0,,,,0.0,0.0,0.0,{},,,,
return_above_1_percent,D_price_trend_volatility,forest,0.7,year,2023.0,0,0.0,,0.0,,,,0.0,0.0,0.0,{},,,,
return_above_1_percent,D_price_trend_volatility,forest,0.7,year,2024.0,0,0.0,,0.0,,,,0.0,0.0,0.0,{},,,,
return_above_1_percent,D_price_trend_volatility,forest,0.7,aggregate,,0,0.0,,0.0,,,,0.0,0.0,0.0,{},0.0,0.0,0.0,0.0
return_above_1_percent,D_price_trend_volatility,hist_gradient,0.5,year,2020.0,7,3.3653846153846154,28.57142857142857,-7.3497682300000005,-1.0495934161693592,0.5765298975085339,-1.04996689,1.229163035866202,-17.3560499,10.00628167,"{'TREND_UP': 5, 'RANGE': 2}",,,,
return_above_1_percent,D_price_trend_volatility,hist_gradient,0.5,year,2021.0,18,8.955223880597014,50.0,16.131074690000005,0.8968098051884451,1.732581364879986,0.8961708161111114,1.2617896782269844,12.4527039,3.6783707900000024,"{'TREND_UP': 10, 'HIGH_VOLATILITY': 4, 'RANGE': 4}",,,,
return_above_1_percent,D_price_trend_volatility,hist_gradient,0.5,year,2022.0,6,2.857142857142857,33.33333333333333,-1.0521928000000007,-0.17548729604863034,0.8702464051561871,-0.17536546666666677,0.6878488150583089,-6.55697648,5.504783679999999,"{'TREND_UP': 3, 'HIGH_VOLATILITY': 2, 'RANGE': 1}",,,,
return_above_1_percent,D_price_trend_volatility,hist_gradient,0.5,year,2023.0,3,1.3888888888888888,66.66666666666666,-5.08668381,-1.6971444221966034,0.018913692272295873,-1.69556127,0.5184238129611536,0.09019178,-5.17687559,{'TREND_UP': 3},,,,
return_above_1_percent,D_price_trend_volatility,hist_gradient,0.5,year,2024.0,3,1.477832512315271,66.66666666666666,6.96520338,2.323793784664762,3.309539713090065,2.32173446,0.2986036726435971,1.9649374400000004,5.00026594,"{'TREND_UP': 2, 'RANGE': 1}",,,,
return_above_1_percent,D_price_trend_volatility,hist_gradient,0.5,aggregate,,37,3.5645472061657033,45.94594594594595,9.607633230000001,0.2600661321978159,1.1725344702996423,0.259665762972973,1.2709663601759196,-9.40519326,19.012826490000002,"{'TREND_UP': 23, 'RANGE': 8, 'HIGH_VOLATILITY': 6}",-1.0521928000000007,-7.3497682300000005,2.0,9.63411724587011
return_above_1_percent,D_price_trend_volatility,hist_gradient,0.55,year,2020.0,2,0.9615384615384616,50.0,3.04417836,1.5205155884357386,2.554149964979303,1.52208918,0.19489910634921176,-1.95874171,5.00292007,"{'RANGE': 1, 'TREND_UP': 1}",,,,
return_above_1_percent,D_price_trend_volatility,hist_gradient,0.55,year,2021.0,6,2.9850746268656714,50.0,6.721691050000001,1.1194560684774904,1.8118450876682024,1.1202818416666669,0.5161173351797135,-0.64431947,7.3660105200000014,"{'TREND_UP': 5, 'HIGH_VOLATILITY': 1}",,,,
return_above_1_percent,D_price_trend_volatility,hist_gradient,0.55,year,2022.0,2,0.9523809523809524,50.0,4.6540364,2.3264012695849816,14.387899769082109,2.3270182,0.03458999836532755,0.0,4.6540364,{'TREND_UP': 2},,,,
return_above_1_percent,D_price_trend_volatility,hist_gradient,0.55,year,2023.0,0,0.0,,0.0,,,,0.0,0.0,0.0,{},,,,
return_above_1_percent,D_price_trend_volatility,hist_gradient,0.55,year,2024.0,1,0.49261083743842365,100.0,5.00026594,4.999926200614586,,5.00026594,0.0,0.0,5.00026594,{'TREND_UP': 1},,,,
return_above_1_percent,D_price_trend_volatility,hist_gradient,0.55,aggregate,,11,1.0597302504816954,54.54545454545454,19.42017175,1.7645905752291788,2.8345326465549996,1.7654701590909092,0.5145587238479934,-2.60306118,22.02323293,"{'TREND_UP': 9, 'RANGE': 1, 'HIGH_VOLATILITY': 1}",4.6540364,0.0,4.0,2.5338830173516214
return_above_1_percent,D_price_trend_volatility,hist_gradient,0.6,year,2020.0,0,0.0,,0.0,,,,0.0,0.0,0.0,{},,,,
return_above_1_percent,D_price_trend_volatility,hist_gradient,0.6,year,2021.0,2,0.9950248756218906,50.0,2.5491865999999996,1.2762974786834005,2.041244311628774,1.2745932999999998,0.24360379379309646,0.0,2.5491865999999996,{'TREND_UP': 2},,,,
return_above_1_percent,D_price_trend_volatility,hist_gradient,0.6,year,2022.0,1,0.4761904761904762,100.0,5.00166646,5.0001497944637405,,5.00166646,0.0,0.0,5.00166646,{'TREND_UP': 1},,,,
return_above_1_percent,D_price_trend_volatility,hist_gradient,0.6,year,2023.0,0,0.0,,0.0,,,,0.0,0.0,0.0,{},,,,
return_above_1_percent,D_price_trend_volatility,hist_gradient,0.6,year,2024.0,0,0.0,,0.0,,,,0.0,0.0,0.0,{},,,,
return_above_1_percent,D_price_trend_volatility,hist_gradient,0.6,aggregate,,3,0.2890173410404624,66.66666666666666,7.55085306,2.517581583943514,4.084231965078478,2.51695102,0.24360379379309646,0.0,7.55085306,{'TREND_UP': 3},0.0,0.0,2.0,2.242317066784168
return_above_1_percent,D_price_trend_volatility,hist_gradient,0.65,year,2020.0,0,0.0,,0.0,,,,0.0,0.0,0.0,{},,,,
return_above_1_percent,D_price_trend_volatility,hist_gradient,0.65,year,2021.0,0,0.0,,0.0,,,,0.0,0.0,0.0,{},,,,
return_above_1_percent,D_price_trend_volatility,hist_gradient,0.65,year,2022.0,0,0.0,,0.0,,,,0.0,0.0,0.0,{},,,,
return_above_1_percent,D_price_trend_volatility,hist_gradient,0.65,year,2023.0,0,0.0,,0.0,,,,0.0,0.0,0.0,{},,,,
return_above_1_percent,D_price_trend_volatility,hist_gradient,0.65,year,2024.0,0,0.0,,0.0,,,,0.0,0.0,0.0,{},,,,
return_above_1_percent,D_price_trend_volatility,hist_gradient,0.65,aggregate,,0,0.0,,0.0,,,,0.0,0.0,0.0,{},0.0,0.0,0.0,0.0
return_above_1_percent,D_price_trend_volatility,hist_gradient,0.7,year,2020.0,0,0.0,,0.0,,,,0.0,0.0,0.0,{},,,,
return_above_1_percent,D_price_trend_volatility,hist_gradient,0.7,year,2021.0,0,0.0,,0.0,,,,0.0,0.0,0.0,{},,,,
return_above_1_percent,D_price_trend_volatility,hist_gradient,0.7,year,2022.0,0,0.0,,0.0,,,,0.0,0.0,0.0,{},,,,
return_above_1_percent,D_price_trend_volatility,hist_gradient,0.7,year,2023.0,0,0.0,,0.0,,,,0.0,0.0,0.0,{},,,,
return_above_1_percent,D_price_trend_volatility,hist_gradient,0.7,year,2024.0,0,0.0,,0.0,,,,0.0,0.0,0.0,{},,,,
return_above_1_percent,D_price_trend_volatility,hist_gradient,0.7,aggregate,,0,0.0,,0.0,,,,0.0,0.0,0.0,{},0.0,0.0,0.0,0.0
return_above_1_percent,D_price_trend_volatility,logistic,0.5,year,2020.0,8,3.8461538461538463,62.5,17.38864452,2.1704183458399973,3.2784188767895137,2.173580565,0.5068463909491947,-1.4888811100000003,18.87752563,"{'TREND_UP': 7, 'HIGH_VOLATILITY': 1}",,,,
return_above_1_percent,D_price_trend_volatility,logistic,0.5,year,2021.0,44,21.890547263681594,52.27272727272727,38.48786838,0.8744075309461228,1.6163650095295499,0.8747242813636364,1.6417597588786699,29.66476876,8.82309962,"{'HIGH_VOLATILITY': 25, 'TREND_UP': 17, 'RANGE': 2}",,,,
return_above_1_percent,D_price_trend_volatility,logistic,0.5,year,2022.0,12,5.714285714285714,41.66666666666667,4.960396070000001,0.4148738231001435,1.3034455447960005,0.4133663391666667,0.8590869671116483,1.468518,3.491878070000001,"{'TREND_UP': 6, 'HIGH_VOLATILITY': 4, 'RANGE': 2}",,,,
return_above_1_percent,D_price_trend_volatility,logistic,0.5,year,2023.0,0,0.0,,0.0,,,,0.0,0.0,0.0,{},,,,
return_above_1_percent,D_price_trend_volatility,logistic,0.5,year,2024.0,2,0.9852216748768473,50.0,-3.84458928,-1.9223430489693734,0.25890867658400724,-1.92229464,0.5187740240000039,0.0,-3.84458928,"{'HIGH_VOLATILITY': 1, 'TREND_UP': 1}",,,,
return_above_1_percent,D_price_trend_volatility,logistic,0.5,aggregate,,66,6.358381502890173,51.515151515151516,56.99231969,0.8631981501153385,1.6221200434036767,0.8635199953030304,1.6150226420891551,29.64440565,27.34791404,"{'TREND_UP': 31, 'HIGH_VOLATILITY': 31, 'RANGE': 4}",4.960396070000001,-3.84458928,3.0,17.12777324882645
return_above_1_percent,D_price_trend_volatility,logistic,0.55,year,2020.0,4,1.9230769230769231,75.0,13.702724280000002,3.423022218951916,11.468154470165697,3.4256810700000004,0.12960198686000401,3.69398569,10.00873859,"{'TREND_UP': 3, 'HIGH_VOLATILITY': 1}",,,,
return_above_1_percent,D_price_trend_volatility,logistic,0.55,year,2021.0,28,13.930348258706468,46.42857142857143,13.252047420000002,0.47305577655981834,1.2769934914471073,0.4732874078571429,2.2077974449521602,15.669144200000002,-2.417096779999999,"{'HIGH_VOLATILITY': 23, 'TREND_UP': 5}",,,,
return_above_1_percent,D_price_trend_volatility,logistic,0.55,year,2022.0,8,3.8095238095238098,37.5,-3.5798600300000007,-0.4454873633192271,0.7595811536050293,-0.4474825037500001,1.4723570285723446,1.468518,-5.04837803,"{'TREND_UP': 4, 'HIGH_VOLATILITY': 3, 'RANGE': 1}",,,,
return_above_1_percent,D_price_trend_volatility,logistic,0.55,year,2023.0,0,0.0,,0.0,,,,0.0,0.0,0.0,{},,,,
return_above_1_percent,D_price_trend_volatility,logistic,0.55,year,2024.0,1,0.49261083743842365,100.0,1.34315096,1.3448970344402256,,1.34315096,0.0,0.0,1.34315096,{'TREND_UP': 1},,,,
return_above_1_percent,D_price_trend_volatility,logistic,0.55,aggregate,,41,3.94990366088632,48.78048780487805,24.718062630000002,0.6028938718870482,1.385969214491085,0.6028795763414635,2.5199746997428067,20.831647890000003,3.8864147400000038,"{'HIGH_VOLATILITY': 27, 'TREND_UP': 13, 'RANGE': 1}",1.34315096,-3.5798600300000007,3.0,7.996942256501079
return_above_1_percent,D_price_trend_volatility,logistic,0.6,year,2020.0,2,0.9615384615384616,100.0,10.00875196,5.000740807849034,,5.00437598,0.0,5.0029771,5.00577486,"{'TREND_UP': 1, 'HIGH_VOLATILITY': 1}",,,,
return_above_1_percent,D_price_trend_volatility,logistic,0.6,year,2021.0,21,10.44776119402985,42.857142857142854,-1.0014039299999982,-0.047696894564104,0.9762092486808085,-0.04768590142857134,2.591826078751021,7.506455289999999,-8.507859219999997,"{'HIGH_VOLATILITY': 18, 'TREND_UP': 3}",,,,
return_above_1_percent,D_price_trend_volatility,logistic,0.6,year,2022.0,6,2.857142857142857,33.33333333333333,-4.8686869999999995,-0.8086657497127262,0.6722643239827059,-0.8114478333333333,1.4708636652508735,1.468518,-6.337205,"{'HIGH_VOLATILITY': 3, 'TREND_UP': 2, 'RANGE': 1}",,,,
return_above_1_percent,D_price_trend_volatility,logistic,0.6,year,2023.0,0,0.0,,0.0,,,,0.0,0.0,0.0,{},,,,
return_above_1_percent,D_price_trend_volatility,logistic,0.6,year,2024.0,0,0.0,,0.0,,,,0.0,0.0,0.0,{},,,,
return_above_1_percent,D_price_trend_volatility,logistic,0.6,aggregate,,29,2.7938342967244703,44.827586206896555,4.138661029999999,0.1430293907439836,1.0726747936592216,0.1427124493103448,3.0369137886780173,13.977950389999998,-9.839289359999999,"{'HIGH_VOLATILITY': 22, 'TREND_UP': 6, 'RANGE': 1}",0.0,-4.8686869999999995,1.0,5.510361506007208
return_above_1_percent,D_price_trend_volatility,logistic,0.65,year,2020.0,1,0.4807692307692308,100.0,5.0029771,5.0000367359967175,,5.0029771,0.0,5.0029771,0.0,{'HIGH_VOLATILITY': 1},,,,
return_above_1_percent,D_price_trend_volatility,logistic,0.65,year,2021.0,14,6.965174129353234,42.857142857142854,-4.529412309999999,-0.3233953808394758,0.852111595760214,-0.3235294507142856,1.4957965683016576,2.6872361399999996,-7.216648449999998,"{'HIGH_VOLATILITY': 12, 'TREND_UP': 2}",,,,
return_above_1_percent,D_price_trend_volatility,logistic,0.65,year,2022.0,5,2.380952380952381,40.0,0.3229505900000009,0.06753301914643642,1.0334182742669134,0.06459011800000018,0.9568334450946708,1.468518,-1.14556741,"{'TREND_UP': 2, 'HIGH_VOLATILITY': 2, 'RANGE': 1}",,,,
return_above_1_percent,D_price_trend_volatility,logistic,0.65,year,2023.0,0,0.0,,0.0,,,,0.0,0.0,0.0,{},,,,
return_above_1_percent,D_price_trend_volatility,logistic,0.65,year,2024.0,0,0.0,,0.0,,,,0.0,0.0,0.0,{},,,,
return_above_1_percent,D_price_trend_volatility,logistic,0.65,aggregate,,20,1.9267822736030826,45.0,0.796515380000002,0.04050832499881186,1.0197690042832273,0.0398257690000001,1.4884280073721978,9.15873124,-8.36221586,"{'HIGH_VOLATILITY': 15, 'TREND_UP': 4, 'RANGE': 1}",0.0,-4.529412309999999,2.0,3.3735280297697976
return_above_1_percent,D_price_trend_volatility,logistic,0.7,year,2020.0,1,0.4807692307692308,100.0,5.0029771,5.0000367359967175,,5.0029771,0.0,5.0029771,0.0,{'HIGH_VOLATILITY': 1},,,,
return_above_1_percent,D_price_trend_volatility,logistic,0.7,year,2021.0,10,4.975124378109453,50.0,0.0283039700000014,0.0025857777772393675,1.0013432565433606,0.0028303970000001398,0.5529349696544186,4.99272331,-4.964419339999999,{'HIGH_VOLATILITY': 10},,,,
return_above_1_percent,D_price_trend_volatility,logistic,0.7,year,2022.0,4,1.9047619047619049,50.0,3.839608620000001,0.9632379858878689,1.6246075391304415,0.9599021550000002,0.608644945794013,4.98517603,-1.14556741,"{'TREND_UP': 2, 'HIGH_VOLATILITY': 2}",,,,
return_above_1_percent,D_price_trend_volatility,logistic,0.7,year,2023.0,0,0.0,,0.0,,,,0.0,0.0,0.0,{},,,,
return_above_1_percent,D_price_trend_volatility,logistic,0.7,year,2024.0,0,0.0,,0.0,,,,0.0,0.0,0.0,{},,,,
return_above_1_percent,D_price_trend_volatility,logistic,0.7,aggregate,,15,1.4450867052023122,53.333333333333336,8.870889690000002,0.5919230971547059,1.3259152833479206,0.5913926460000002,0.6056279909997744,14.98087644,-6.109986749999999,"{'HIGH_VOLATILITY': 13, 'TREND_UP': 2}",0.0283039700000014,0.0,3.0,2.451256746762302
return_above_1_percent,E_all_excluding_regime,dummy,0.5,year,2020.0,0,0.0,,0.0,,,,0.0,0.0,0.0,{},,,,
return_above_1_percent,E_all_excluding_regime,dummy,0.5,year,2021.0,0,0.0,,0.0,,,,0.0,0.0,0.0,{},,,,
return_above_1_percent,E_all_excluding_regime,dummy,0.5,year,2022.0,0,0.0,,0.0,,,,0.0,0.0,0.0,{},,,,
return_above_1_percent,E_all_excluding_regime,dummy,0.5,year,2023.0,0,0.0,,0.0,,,,0.0,0.0,0.0,{},,,,
return_above_1_percent,E_all_excluding_regime,dummy,0.5,year,2024.0,0,0.0,,0.0,,,,0.0,0.0,0.0,{},,,,
return_above_1_percent,E_all_excluding_regime,dummy,0.5,aggregate,,0,0.0,,0.0,,,,0.0,0.0,0.0,{},0.0,0.0,0.0,0.0
return_above_1_percent,E_all_excluding_regime,dummy,0.55,year,2020.0,0,0.0,,0.0,,,,0.0,0.0,0.0,{},,,,
return_above_1_percent,E_all_excluding_regime,dummy,0.55,year,2021.0,0,0.0,,0.0,,,,0.0,0.0,0.0,{},,,,
return_above_1_percent,E_all_excluding_regime,dummy,0.55,year,2022.0,0,0.0,,0.0,,,,0.0,0.0,0.0,{},,,,
return_above_1_percent,E_all_excluding_regime,dummy,0.55,year,2023.0,0,0.0,,0.0,,,,0.0,0.0,0.0,{},,,,
return_above_1_percent,E_all_excluding_regime,dummy,0.55,year,2024.0,0,0.0,,0.0,,,,0.0,0.0,0.0,{},,,,
return_above_1_percent,E_all_excluding_regime,dummy,0.55,aggregate,,0,0.0,,0.0,,,,0.0,0.0,0.0,{},0.0,0.0,0.0,0.0
return_above_1_percent,E_all_excluding_regime,dummy,0.6,year,2020.0,0,0.0,,0.0,,,,0.0,0.0,0.0,{},,,,
return_above_1_percent,E_all_excluding_regime,dummy,0.6,year,2021.0,0,0.0,,0.0,,,,0.0,0.0,0.0,{},,,,
return_above_1_percent,E_all_excluding_regime,dummy,0.6,year,2022.0,0,0.0,,0.0,,,,0.0,0.0,0.0,{},,,,
return_above_1_percent,E_all_excluding_regime,dummy,0.6,year,2023.0,0,0.0,,0.0,,,,0.0,0.0,0.0,{},,,,
return_above_1_percent,E_all_excluding_regime,dummy,0.6,year,2024.0,0,0.0,,0.0,,,,0.0,0.0,0.0,{},,,,
return_above_1_percent,E_all_excluding_regime,dummy,0.6,aggregate,,0,0.0,,0.0,,,,0.0,0.0,0.0,{},0.0,0.0,0.0,0.0
return_above_1_percent,E_all_excluding_regime,dummy,0.65,year,2020.0,0,0.0,,0.0,,,,0.0,0.0,0.0,{},,,,
return_above_1_percent,E_all_excluding_regime,dummy,0.65,year,2021.0,0,0.0,,0.0,,,,0.0,0.0,0.0,{},,,,
return_above_1_percent,E_all_excluding_regime,dummy,0.65,year,2022.0,0,0.0,,0.0,,,,0.0,0.0,0.0,{},,,,
return_above_1_percent,E_all_excluding_regime,dummy,0.65,year,2023.0,0,0.0,,0.0,,,,0.0,0.0,0.0,{},,,,
return_above_1_percent,E_all_excluding_regime,dummy,0.65,year,2024.0,0,0.0,,0.0,,,,0.0,0.0,0.0,{},,,,
return_above_1_percent,E_all_excluding_regime,dummy,0.65,aggregate,,0,0.0,,0.0,,,,0.0,0.0,0.0,{},0.0,0.0,0.0,0.0
return_above_1_percent,E_all_excluding_regime,dummy,0.7,year,2020.0,0,0.0,,0.0,,,,0.0,0.0,0.0,{},,,,
return_above_1_percent,E_all_excluding_regime,dummy,0.7,year,2021.0,0,0.0,,0.0,,,,0.0,0.0,0.0,{},,,,
return_above_1_percent,E_all_excluding_regime,dummy,0.7,year,2022.0,0,0.0,,0.0,,,,0.0,0.0,0.0,{},,,,
return_above_1_percent,E_all_excluding_regime,dummy,0.7,year,2023.0,0,0.0,,0.0,,,,0.0,0.0,0.0,{},,,,
return_above_1_percent,E_all_excluding_regime,dummy,0.7,year,2024.0,0,0.0,,0.0,,,,0.0,0.0,0.0,{},,,,
return_above_1_percent,E_all_excluding_regime,dummy,0.7,aggregate,,0,0.0,,0.0,,,,0.0,0.0,0.0,{},0.0,0.0,0.0,0.0
return_above_1_percent,E_all_excluding_regime,forest,0.5,year,2020.0,0,0.0,,0.0,,,,0.0,0.0,0.0,{},,,,
return_above_1_percent,E_all_excluding_regime,forest,0.5,year,2021.0,13,6.467661691542288,53.84615384615385,14.947146389999999,1.1510893091540984,1.9160188501338347,1.1497804915384615,0.6067591777053237,13.543247829999999,1.4038985600000005,"{'TREND_UP': 9, 'HIGH_VOLATILITY': 4}",,,,
return_above_1_percent,E_all_excluding_regime,forest,0.5,year,2022.0,9,4.285714285714286,33.33333333333333,-7.050711079999999,-0.7825093957467175,0.6307146867416329,-0.7834123422222221,1.773256832866722,-1.5718004500000005,-5.47891063,"{'HIGH_VOLATILITY': 4, 'TREND_UP': 4, 'RANGE': 1}",,,,
return_above_1_percent,E_all_excluding_regime,forest,0.5,year,2023.0,2,0.9259259259259258,0.0,-1.84925411,-0.9246414949136808,0.0,-0.924627055,0.1849254109999947,0.0,-1.84925411,{'TREND_UP': 2},,,,
return_above_1_percent,E_all_excluding_regime,forest,0.5,year,2024.0,2,0.9852216748768473,50.0,-3.84458928,-1.9223430489693734,0.25890867658400724,-1.92229464,0.5187740240000039,0.0,-3.84458928,"{'HIGH_VOLATILITY': 1, 'TREND_UP': 1}",,,,
return_above_1_percent,E_all_excluding_regime,forest,0.5,aggregate,,26,2.5048169556840074,42.30769230769231,2.202591919999999,0.08567720651987352,1.051889963339237,0.0847150738461538,2.2339880658526647,11.971447379999999,-9.768855460000001,"{'TREND_UP': 16, 'HIGH_VOLATILITY': 9, 'RANGE': 1}",-1.84925411,-7.050711079999999,1.0,8.519977071561838
return_above_1_percent,E_all_excluding_regime,forest,0.55,year,2020.0,0,0.0,,0.0,,,,0.0,0.0,0.0,{},,,,
return_above_1_percent,E_all_excluding_regime,forest,0.55,year,2021.0,0,0.0,,0.0,,,,0.0,0.0,0.0,{},,,,
return_above_1_percent,E_all_excluding_regime,forest,0.55,year,2022.0,5,2.380952380952381,40.0,-1.3532001099999995,-0.2673706838963989,0.8806706325776943,-0.2706400219999999,1.1227911219162467,-0.20763270000000045,-1.14556741,"{'HIGH_VOLATILITY': 3, 'TREND_UP': 2}",,,,
return_above_1_percent,E_all_excluding_regime,forest,0.55,year,2023.0,0,0.0,,0.0,,,,0.0,0.0,0.0,{},,,,
return_above_1_percent,E_all_excluding_regime,forest,0.55,year,2024.0,0,0.0,,0.0,,,,0.0,0.0,0.0,{},,,,
return_above_1_percent,E_all_excluding_regime,forest,0.55,aggregate,,5,0.48169556840077066,40.0,-1.3532001099999995,-0.2673706838963989,0.8806706325776943,-0.2706400219999999,1.1227911219162467,-0.20763270000000045,-1.14556741,"{'HIGH_VOLATILITY': 3, 'TREND_UP': 2}",0.0,-1.3532001099999995,0.0,0.6051694866240385
return_above_1_percent,E_all_excluding_regime,forest,0.6,year,2020.0,0,0.0,,0.0,,,,0.0,0.0,0.0,{},,,,
return_above_1_percent,E_all_excluding_regime,forest,0.6,year,2021.0,0,0.0,,0.0,,,,0.0,0.0,0.0,{},,,,
return_above_1_percent,E_all_excluding_regime,forest,0.6,year,2022.0,2,0.9523809523809524,50.0,-0.18764353999999983,-0.09452426050775703,0.9638403679872661,-0.09382176999999992,0.5163483975383554,0.0,-0.18764353999999983,"{'TREND_UP': 1, 'HIGH_VOLATILITY': 1}",,,,
return_above_1_percent,E_all_excluding_regime,forest,0.6,year,2023.0,0,0.0,,0.0,,,,0.0,0.0,0.0,{},,,,
return_above_1_percent,E_all_excluding_regime,forest,0.6,year,2024.0,0,0.0,,0.0,,,,0.0,0.0,0.0,{},,,,
return_above_1_percent,E_all_excluding_regime,forest,0.6,aggregate,,2,0.1926782273603083,50.0,-0.18764353999999983,-0.09452426050775703,0.9638403679872661,-0.09382176999999992,0.5163483975383554,0.0,-0.18764353999999983,"{'TREND_UP': 1, 'HIGH_VOLATILITY': 1}",0.0,-0.18764353999999983,0.0,0.0839167421957401
return_above_1_percent,E_all_excluding_regime,forest,0.65,year,2020.0,0,0.0,,0.0,,,,0.0,0.0,0.0,{},,,,
return_above_1_percent,E_all_excluding_regime,forest,0.65,year,2021.0,0,0.0,,0.0,,,,0.0,0.0,0.0,{},,,,
return_above_1_percent,E_all_excluding_regime,forest,0.65,year,2022.0,0,0.0,,0.0,,,,0.0,0.0,0.0,{},,,,
return_above_1_percent,E_all_excluding_regime,forest,0.65,year,2023.0,0,0.0,,0.0,,,,0.0,0.0,0.0,{},,,,
return_above_1_percent,E_all_excluding_regime,forest,0.65,year,2024.0,0,0.0,,0.0,,,,0.0,0.0,0.0,{},,,,
return_above_1_percent,E_all_excluding_regime,forest,0.65,aggregate,,0,0.0,,0.0,,,,0.0,0.0,0.0,{},0.0,0.0,0.0,0.0
return_above_1_percent,E_all_excluding_regime,forest,0.7,year,2020.0,0,0.0,,0.0,,,,0.0,0.0,0.0,{},,,,
return_above_1_percent,E_all_excluding_regime,forest,0.7,year,2021.0,0,0.0,,0.0,,,,0.0,0.0,0.0,{},,,,
return_above_1_percent,E_all_excluding_regime,forest,0.7,year,2022.0,0,0.0,,0.0,,,,0.0,0.0,0.0,{},,,,
return_above_1_percent,E_all_excluding_regime,forest,0.7,year,2023.0,0,0.0,,0.0,,,,0.0,0.0,0.0,{},,,,
return_above_1_percent,E_all_excluding_regime,forest,0.7,year,2024.0,0,0.0,,0.0,,,,0.0,0.0,0.0,{},,,,
return_above_1_percent,E_all_excluding_regime,forest,0.7,aggregate,,0,0.0,,0.0,,,,0.0,0.0,0.0,{},0.0,0.0,0.0,0.0
return_above_1_percent,E_all_excluding_regime,hist_gradient,0.5,year,2020.0,3,1.4423076923076923,33.33333333333333,1.5761915599999998,0.5247219906464099,1.45991052139333,0.5253971866666666,0.34101080363987957,-3.42717004,5.0033616,{'TREND_UP': 3},,,,
return_above_1_percent,E_all_excluding_regime,hist_gradient,0.5,year,2021.0,17,8.45771144278607,52.94117647058824,18.68197837,1.0998650245286812,2.1852092639131344,1.098939904117647,0.7022963514161676,10.470368650000001,8.21160972,"{'TREND_UP': 10, 'HIGH_VOLATILITY': 4, 'RANGE': 3}",,,,
return_above_1_percent,E_all_excluding_regime,hist_gradient,0.5,year,2022.0,9,4.285714285714286,33.33333333333333,-0.55769256,-0.0594402424517402,0.9641124922855067,-0.06196584,1.4380418577437342,-3.7242907300000003,3.166598169999999,"{'TREND_UP': 3, 'HIGH_VOLATILITY': 3, 'RANGE': 3}",,,,
return_above_1_percent,E_all_excluding_regime,hist_gradient,0.5,year,2023.0,6,2.7777777777777777,16.666666666666664,-9.44899294,-1.5759411088035777,0.0008322970613219761,-1.5748321566666668,0.9448992940000039,-1.26491085,-8.18408209,"{'TREND_UP': 5, 'RANGE': 1}",,,,
return_above_1_percent,E_all_excluding_regime,hist_gradient,0.5,year,2024.0,3,1.477832512315271,66.66666666666666,6.96520338,2.323793784664762,3.309539713090065,2.32173446,0.2986036726435971,1.9649374400000004,5.00026594,"{'TREND_UP': 2, 'RANGE': 1}",,,,
return_above_1_percent,E_all_excluding_regime,hist_gradient,0.5,aggregate,,38,3.6608863198458574,42.10526315789473,17.21668781,0.45401694494826217,1.3647410729970175,0.4530707318421053,2.3234548211104205,4.018934470000001,13.197753340000004,"{'TREND_UP': 23, 'RANGE': 8, 'HIGH_VOLATILITY': 7}",1.5761915599999998,-9.44899294,3.0,10.372154724525362
return_above_1_percent,E_all_excluding_regime,hist_gradient,0.55,year,2020.0,0,0.0,,0.0,,,,0.0,0.0,0.0,{},,,,
return_above_1_percent,E_all_excluding_regime,hist_gradient,0.55,year,2021.0,5,2.4875621890547266,40.0,4.79549197,0.957599130038303,1.9214011086010048,0.959098394,0.3068328215756945,-2.7563532200000003,7.55184519,"{'TREND_UP': 4, 'RANGE': 1}",,,,
return_above_1_percent,E_all_excluding_regime,hist_gradient,0.55,year,2022.0,3,1.4285714285714286,66.66666666666666,9.63921243,3.217600282210837,28.728362817645863,3.21307081,0.034419266209733505,4.98517603,4.6540364,{'TREND_UP': 3},,,,
return_above_1_percent,E_all_excluding_regime,hist_gradient,0.55,year,2023.0,2,0.9259259259259258,50.0,-1.69604934,-0.8480115229790037,0.0046193006707954745,-0.84802467,0.1703920260000018,0.0,-1.69604934,{'TREND_UP': 2},,,,
return_above_1_percent,E_all_excluding_regime,hist_gradient,0.55,year,2024.0,1,0.49261083743842365,100.0,4.98077793,4.99999511423184,,4.98077793,0.0,4.98077793,0.0,{'TREND_UP': 1},,,,
return_above_1_percent,E_all_excluding_regime,hist_gradient,0.55,aggregate,,11,1.0597302504816954,54.54545454545454,17.71943299,1.6131607786452598,3.4419999109909396,1.6108575445454547,0.3068328215756945,7.20960074,10.50983225,"{'TREND_UP': 10, 'RANGE': 1}",4.79549197,-1.69604934,3.0,4.49444742318982
return_above_1_percent,E_all_excluding_regime,hist_gradient,0.6,year,2020.0,0,0.0,,0.0,,,,0.0,0.0,0.0,{},,,,
return_above_1_percent,E_all_excluding_regime,hist_gradient,0.6,year,2021.0,2,0.9950248756218906,50.0,2.5491865999999996,1.2762974786834005,2.041244311628774,1.2745932999999998,0.24360379379309646,0.0,2.5491865999999996,{'TREND_UP': 2},,,,
return_above_1_percent,E_all_excluding_regime,hist_gradient,0.6,year,2022.0,0,0.0,,0.0,,,,0.0,0.0,0.0,{},,,,
return_above_1_percent,E_all_excluding_regime,hist_gradient,0.6,year,2023.0,0,0.0,,0.0,,,,0.0,0.0,0.0,{},,,,
return_above_1_percent,E_all_excluding_regime,hist_gradient,0.6,year,2024.0,0,0.0,,0.0,,,,0.0,0.0,0.0,{},,,,
return_above_1_percent,E_all_excluding_regime,hist_gradient,0.6,aggregate,,2,0.1926782273603083,50.0,2.5491865999999996,1.2762974786834005,2.041244311628774,1.2745932999999998,0.24360379379309646,0.0,2.5491865999999996,{'TREND_UP': 2},0.0,0.0,1.0,1.1400309049863127
return_above_1_percent,E_all_excluding_regime,hist_gradient,0.65,year,2020.0,0,0.0,,0.0,,,,0.0,0.0,0.0,{},,,,
return_above_1_percent,E_all_excluding_regime,hist_gradient,0.65,year,2021.0,0,0.0,,0.0,,,,0.0,0.0,0.0,{},,,,
return_above_1_percent,E_all_excluding_regime,hist_gradient,0.65,year,2022.0,0,0.0,,0.0,,,,0.0,0.0,0.0,{},,,,
return_above_1_percent,E_all_excluding_regime,hist_gradient,0.65,year,2023.0,0,0.0,,0.0,,,,0.0,0.0,0.0,{},,,,
return_above_1_percent,E_all_excluding_regime,hist_gradient,0.65,year,2024.0,0,0.0,,0.0,,,,0.0,0.0,0.0,{},,,,
return_above_1_percent,E_all_excluding_regime,hist_gradient,0.65,aggregate,,0,0.0,,0.0,,,,0.0,0.0,0.0,{},0.0,0.0,0.0,0.0
return_above_1_percent,E_all_excluding_regime,hist_gradient,0.7,year,2020.0,0,0.0,,0.0,,,,0.0,0.0,0.0,{},,,,
return_above_1_percent,E_all_excluding_regime,hist_gradient,0.7,year,2021.0,0,0.0,,0.0,,,,0.0,0.0,0.0,{},,,,
return_above_1_percent,E_all_excluding_regime,hist_gradient,0.7,year,2022.0,0,0.0,,0.0,,,,0.0,0.0,0.0,{},,,,
return_above_1_percent,E_all_excluding_regime,hist_gradient,0.7,year,2023.0,0,0.0,,0.0,,,,0.0,0.0,0.0,{},,,,
return_above_1_percent,E_all_excluding_regime,hist_gradient,0.7,year,2024.0,0,0.0,,0.0,,,,0.0,0.0,0.0,{},,,,
return_above_1_percent,E_all_excluding_regime,hist_gradient,0.7,aggregate,,0,0.0,,0.0,,,,0.0,0.0,0.0,{},0.0,0.0,0.0,0.0
return_above_1_percent,E_all_excluding_regime,logistic,0.5,year,2020.0,10,4.807692307692308,70.0,28.33564373,2.8304962745040085,5.235158615783896,2.833564373,0.5014778881262827,3.3124814799999998,25.023162250000002,"{'TREND_UP': 9, 'HIGH_VOLATILITY': 1}",,,,
return_above_1_percent,E_all_excluding_regime,logistic,0.5,year,2021.0,42,20.8955223880597,42.857142857142854,9.838509220000002,0.23381873125094482,1.13499289086954,0.2342502195238096,2.9636182858145657,16.27021796,-6.4317087399999995,"{'HIGH_VOLATILITY': 25, 'TREND_UP': 14, 'RANGE': 3}",,,,
return_above_1_percent,E_all_excluding_regime,logistic,0.5,year,2022.0,12,5.714285714285714,41.66666666666667,4.960396070000001,0.4148738231001435,1.3034455447960005,0.4133663391666667,0.8590869671116483,1.468518,3.491878070000001,"{'TREND_UP': 6, 'HIGH_VOLATILITY': 4, 'RANGE': 2}",,,,
return_above_1_percent,E_all_excluding_regime,logistic,0.5,year,2023.0,0,0.0,,0.0,,,,0.0,0.0,0.0,{},,,,
return_above_1_percent,E_all_excluding_regime,logistic,0.5,year,2024.0,3,1.477832512315271,66.66666666666666,4.85864135,1.6198356665275921,4.274062486661708,1.6195471166666666,0.14765972167931948,0.0,4.85864135,"{'TREND_UP': 2, 'HIGH_VOLATILITY': 1}",,,,
return_above_1_percent,E_all_excluding_regime,logistic,0.5,aggregate,,67,6.454720616570328,47.76119402985074,47.99319037000001,0.7158707811099144,1.492727319000933,0.7163162741791046,2.961157810308268,21.05121744,26.94197293,"{'TREND_UP': 31, 'HIGH_VOLATILITY': 31, 'RANGE': 5}",4.960396070000001,0.0,4.0,11.03684318347532
return_above_1_percent,E_all_excluding_regime,logistic,0.55,year,2020.0,5,2.403846153846154,80.0,14.83484472,2.9624437634994916,3.862285544363208,2.966968944,0.5081153730435428,-0.17988970000000037,15.01473442,"{'TREND_UP': 4, 'HIGH_VOLATILITY': 1}",,,,
return_above_1_percent,E_all_excluding_regime,logistic,0.55,year,2021.0,30,14.925373134328357,46.666666666666664,12.49308181,0.41650053116977476,1.2487150589822038,0.4164360603333333,1.908074359442296,9.831776649999998,2.6613051600000013,"{'HIGH_VOLATILITY': 22, 'TREND_UP': 7, 'RANGE': 1}",,,,
return_above_1_percent,E_all_excluding_regime,logistic,0.55,year,2022.0,7,3.3333333333333335,28.57142857142857,-5.1209420099999985,-0.7291519767594189,0.6610395117828164,-0.7315631442857141,1.4958397341844147,1.468518,-6.58946001,"{'TREND_UP': 3, 'HIGH_VOLATILITY': 3, 'RANGE': 1}",,,,
return_above_1_percent,E_all_excluding_regime,logistic,0.55,year,2023.0,0,0.0,,0.0,,,,0.0,0.0,0.0,{},,,,
return_above_1_percent,E_all_excluding_regime,logistic,0.55,year,2024.0,1,0.49261083743842365,100.0,1.34315096,1.3448970344402256,,1.34315096,0.0,0.0,1.34315096,{'TREND_UP': 1},,,,
return_above_1_percent,E_all_excluding_regime,logistic,0.55,aggregate,,43,4.142581888246628,48.837209302325576,23.55013548,0.5476294872026743,1.3339442846924836,0.5476775693023256,2.3067198344437223,11.120404949999998,12.42973053,"{'HIGH_VOLATILITY': 26, 'TREND_UP': 15, 'RANGE': 2}",1.34315096,-5.1209420099999985,3.0,8.562360018180232
return_above_1_percent,E_all_excluding_regime,logistic,0.6,year,2020.0,2,0.9615384615384616,100.0,10.00594083,4.999549422271754,,5.002970415,0.0,5.0029771,5.00296373,"{'HIGH_VOLATILITY': 1, 'TREND_UP': 1}",,,,
return_above_1_percent,E_all_excluding_regime,logistic,0.6,year,2021.0,20,9.950248756218906,45.0,2.653164670000005,0.13295547134687158,1.0690177890985824,0.13265823350000025,1.756525192386911,12.510556609999998,-9.857391939999998,"{'HIGH_VOLATILITY': 17, 'TREND_UP': 3}",,,,
return_above_1_percent,E_all_excluding_regime,logistic,0.6,year,2022.0,5,2.380952380952381,40.0,-1.3520289699999992,-0.26734153009141265,0.8807615930060116,-0.27040579399999987,1.1226751659502157,4.98517603,-6.337205,"{'HIGH_VOLATILITY': 3, 'TREND_UP': 2}",,,,
return_above_1_percent,E_all_excluding_regime,logistic,0.6,year,2023.0,0,0.0,,0.0,,,,0.0,0.0,0.0,{},,,,
return_above_1_percent,E_all_excluding_regime,logistic,0.6,year,2024.0,1,0.49261083743842365,100.0,1.34315096,1.3448970344402256,,1.34315096,0.0,0.0,1.34315096,{'TREND_UP': 1},,,,
return_above_1_percent,E_all_excluding_regime,logistic,0.6,aggregate,,28,2.697495183044316,50.0,12.650227490000006,0.45237134483800373,1.2541195115579928,0.45179383892857167,1.8706614480012091,22.498709740000002,-9.84848225,"{'HIGH_VOLATILITY': 21, 'TREND_UP': 7}",1.34315096,-1.3520289699999992,3.0,4.438032232502236
return_above_1_percent,E_all_excluding_regime,logistic,0.65,year,2020.0,1,0.4807692307692308,100.0,5.0029771,5.0000367359967175,,5.0029771,0.0,5.0029771,0.0,{'HIGH_VOLATILITY': 1},,,,
return_above_1_percent,E_all_excluding_regime,logistic,0.65,year,2021.0,13,6.467661691542288,46.15384615384615,-0.3416514599999987,-0.026190054927854173,0.9870779762666566,-0.026280881538461438,1.0814075830389769,4.8161667,-5.157818159999998,{'HIGH_VOLATILITY': 13},,,,
return_above_1_percent,E_all_excluding_regime,logistic,0.65,year,2022.0,4,1.9047619047619049,50.0,3.839608620000001,0.9632379858878689,1.6246075391304415,0.9599021550000002,0.608644945794013,4.98517603,-1.14556741,"{'TREND_UP': 2, 'HIGH_VOLATILITY': 2}",,,,
return_above_1_percent,E_all_excluding_regime,logistic,0.65,year,2023.0,0,0.0,,0.0,,,,0.0,0.0,0.0,{},,,,
return_above_1_percent,E_all_excluding_regime,logistic,0.65,year,2024.0,0,0.0,,0.0,,,,0.0,0.0,0.0,{},,,,
return_above_1_percent,E_all_excluding_regime,logistic,0.65,aggregate,,18,1.7341040462427744,50.0,8.500934260000001,0.47291766474922714,1.2608712519816316,0.4722741255555556,1.0760803762288622,14.804319829999999,-6.303385569999998,"{'HIGH_VOLATILITY': 16, 'TREND_UP': 2}",0.0,-0.3416514599999987,2.0,2.5217019688820534
return_above_1_percent,E_all_excluding_regime,logistic,0.7,year,2020.0,1,0.4807692307692308,100.0,5.0029771,5.0000367359967175,,5.0029771,0.0,5.0029771,0.0,{'HIGH_VOLATILITY': 1},,,,
return_above_1_percent,E_all_excluding_regime,logistic,0.7,year,2021.0,8,3.9800995024875623,37.5,-6.074842059999998,-0.7595232167794185,0.7116986999711724,-0.7593552574999998,1.0709206351117484,4.99272331,-11.067565369999997,{'HIGH_VOLATILITY': 8},,,,
return_above_1_percent,E_all_excluding_regime,logistic,0.7,year,2022.0,4,1.9047619047619049,50.0,3.839608620000001,0.9632379858878689,1.6246075391304415,0.9599021550000002,0.608644945794013,4.98517603,-1.14556741,"{'TREND_UP': 2, 'HIGH_VOLATILITY': 2}",,,,
return_above_1_percent,E_all_excluding_regime,logistic,0.7,year,2023.0,0,0.0,,0.0,,,,0.0,0.0,0.0,{},,,,
return_above_1_percent,E_all_excluding_regime,logistic,0.7,year,2024.0,0,0.0,,0.0,,,,0.0,0.0,0.0,{},,,,
return_above_1_percent,E_all_excluding_regime,logistic,0.7,aggregate,,13,1.2524084778420037,46.15384615384615,2.7677436600000016,0.21360022656252659,1.1016865264597053,0.21290335846153857,1.065614249358154,14.98087644,-12.213132779999999,"{'HIGH_VOLATILITY': 11, 'TREND_UP': 2}",0.0,-6.074842059999998,2.0,4.334281926638878
return_above_1_percent,F_all_excluding_calendar,dummy,0.5,year,2020.0,0,0.0,,0.0,,,,0.0,0.0,0.0,{},,,,
return_above_1_percent,F_all_excluding_calendar,dummy,0.5,year,2021.0,0,0.0,,0.0,,,,0.0,0.0,0.0,{},,,,
return_above_1_percent,F_all_excluding_calendar,dummy,0.5,year,2022.0,0,0.0,,0.0,,,,0.0,0.0,0.0,{},,,,
return_above_1_percent,F_all_excluding_calendar,dummy,0.5,year,2023.0,0,0.0,,0.0,,,,0.0,0.0,0.0,{},,,,
return_above_1_percent,F_all_excluding_calendar,dummy,0.5,year,2024.0,0,0.0,,0.0,,,,0.0,0.0,0.0,{},,,,
return_above_1_percent,F_all_excluding_calendar,dummy,0.5,aggregate,,0,0.0,,0.0,,,,0.0,0.0,0.0,{},0.0,0.0,0.0,0.0
return_above_1_percent,F_all_excluding_calendar,dummy,0.55,year,2020.0,0,0.0,,0.0,,,,0.0,0.0,0.0,{},,,,
return_above_1_percent,F_all_excluding_calendar,dummy,0.55,year,2021.0,0,0.0,,0.0,,,,0.0,0.0,0.0,{},,,,
return_above_1_percent,F_all_excluding_calendar,dummy,0.55,year,2022.0,0,0.0,,0.0,,,,0.0,0.0,0.0,{},,,,
return_above_1_percent,F_all_excluding_calendar,dummy,0.55,year,2023.0,0,0.0,,0.0,,,,0.0,0.0,0.0,{},,,,
return_above_1_percent,F_all_excluding_calendar,dummy,0.55,year,2024.0,0,0.0,,0.0,,,,0.0,0.0,0.0,{},,,,
return_above_1_percent,F_all_excluding_calendar,dummy,0.55,aggregate,,0,0.0,,0.0,,,,0.0,0.0,0.0,{},0.0,0.0,0.0,0.0
return_above_1_percent,F_all_excluding_calendar,dummy,0.6,year,2020.0,0,0.0,,0.0,,,,0.0,0.0,0.0,{},,,,
return_above_1_percent,F_all_excluding_calendar,dummy,0.6,year,2021.0,0,0.0,,0.0,,,,0.0,0.0,0.0,{},,,,
return_above_1_percent,F_all_excluding_calendar,dummy,0.6,year,2022.0,0,0.0,,0.0,,,,0.0,0.0,0.0,{},,,,
return_above_1_percent,F_all_excluding_calendar,dummy,0.6,year,2023.0,0,0.0,,0.0,,,,0.0,0.0,0.0,{},,,,
return_above_1_percent,F_all_excluding_calendar,dummy,0.6,year,2024.0,0,0.0,,0.0,,,,0.0,0.0,0.0,{},,,,
return_above_1_percent,F_all_excluding_calendar,dummy,0.6,aggregate,,0,0.0,,0.0,,,,0.0,0.0,0.0,{},0.0,0.0,0.0,0.0
return_above_1_percent,F_all_excluding_calendar,dummy,0.65,year,2020.0,0,0.0,,0.0,,,,0.0,0.0,0.0,{},,,,
return_above_1_percent,F_all_excluding_calendar,dummy,0.65,year,2021.0,0,0.0,,0.0,,,,0.0,0.0,0.0,{},,,,
return_above_1_percent,F_all_excluding_calendar,dummy,0.65,year,2022.0,0,0.0,,0.0,,,,0.0,0.0,0.0,{},,,,
return_above_1_percent,F_all_excluding_calendar,dummy,0.65,year,2023.0,0,0.0,,0.0,,,,0.0,0.0,0.0,{},,,,
return_above_1_percent,F_all_excluding_calendar,dummy,0.65,year,2024.0,0,0.0,,0.0,,,,0.0,0.0,0.0,{},,,,
return_above_1_percent,F_all_excluding_calendar,dummy,0.65,aggregate,,0,0.0,,0.0,,,,0.0,0.0,0.0,{},0.0,0.0,0.0,0.0
return_above_1_percent,F_all_excluding_calendar,dummy,0.7,year,2020.0,0,0.0,,0.0,,,,0.0,0.0,0.0,{},,,,
return_above_1_percent,F_all_excluding_calendar,dummy,0.7,year,2021.0,0,0.0,,0.0,,,,0.0,0.0,0.0,{},,,,
return_above_1_percent,F_all_excluding_calendar,dummy,0.7,year,2022.0,0,0.0,,0.0,,,,0.0,0.0,0.0,{},,,,
return_above_1_percent,F_all_excluding_calendar,dummy,0.7,year,2023.0,0,0.0,,0.0,,,,0.0,0.0,0.0,{},,,,
return_above_1_percent,F_all_excluding_calendar,dummy,0.7,year,2024.0,0,0.0,,0.0,,,,0.0,0.0,0.0,{},,,,
return_above_1_percent,F_all_excluding_calendar,dummy,0.7,aggregate,,0,0.0,,0.0,,,,0.0,0.0,0.0,{},0.0,0.0,0.0,0.0
return_above_1_percent,F_all_excluding_calendar,forest,0.5,year,2020.0,0,0.0,,0.0,,,,0.0,0.0,0.0,{},,,,
return_above_1_percent,F_all_excluding_calendar,forest,0.5,year,2021.0,11,5.472636815920398,54.54545454545454,10.594189779999999,0.9645587520687134,1.675943422198539,0.9631081618181817,0.815374684054261,9.19179154,1.4023982399999984,"{'TREND_UP': 8, 'HIGH_VOLATILITY': 3}",,,,
return_above_1_percent,F_all_excluding_calendar,forest,0.5,year,2022.0,10,4.761904761904762,40.0,-5.9486740000000005,-0.5939427596504588,0.6709133960789556,-0.5948674,1.6640125397072405,-0.20763270000000045,-5.7410413,"{'HIGH_VOLATILITY': 4, 'TREND_UP': 4, 'RANGE': 2}",,,,
return_above_1_percent,F_all_excluding_calendar,forest,0.5,year,2023.0,3,1.3888888888888888,0.0,-4.5551369600000005,-1.518403325667801,0.0,-1.5183789866666668,0.4555136960000027,-2.70588285,-1.84925411,"{'TREND_UP': 2, 'RANGE': 1}",,,,
return_above_1_percent,F_all_excluding_calendar,forest,0.5,year,2024.0,1,0.49261083743842365,100.0,1.34315096,1.3448970344402256,,1.34315096,0.0,0.0,1.34315096,{'TREND_UP': 1},,,,
return_above_1_percent,F_all_excluding_calendar,forest,0.5,aggregate,,25,2.4084778420038537,44.0,1.4335297800000006,0.05841622934752317,1.0374244373719985,0.05734119120000002,1.8919505542013455,6.278275989999999,-4.844746209999999,"{'TREND_UP': 15, 'HIGH_VOLATILITY': 7, 'RANGE': 3}",0.0,-5.9486740000000005,2.0,6.514712295117299
return_above_1_percent,F_all_excluding_calendar,forest,0.55,year,2020.0,0,0.0,,0.0,,,,0.0,0.0,0.0,{},,,,
return_above_1_percent,F_all_excluding_calendar,forest,0.55,year,2021.0,0,0.0,,0.0,,,,0.0,0.0,0.0,{},,,,
return_above_1_percent,F_all_excluding_calendar,forest,0.55,year,2022.0,5,2.380952380952381,40.0,-1.3532001099999995,-0.2673706838963989,0.8806706325776943,-0.2706400219999999,1.1227911219162467,-0.20763270000000045,-1.14556741,"{'HIGH_VOLATILITY': 3, 'TREND_UP': 2}",,,,
return_above_1_percent,F_all_excluding_calendar,forest,0.55,year,2023.0,0,0.0,,0.0,,,,0.0,0.0,0.0,{},,,,
return_above_1_percent,F_all_excluding_calendar,forest,0.55,year,2024.0,0,0.0,,0.0,,,,0.0,0.0,0.0,{},,,,
return_above_1_percent,F_all_excluding_calendar,forest,0.55,aggregate,,5,0.48169556840077066,40.0,-1.3532001099999995,-0.2673706838963989,0.8806706325776943,-0.2706400219999999,1.1227911219162467,-0.20763270000000045,-1.14556741,"{'HIGH_VOLATILITY': 3, 'TREND_UP': 2}",0.0,-1.3532001099999995,0.0,0.6051694866240385
return_above_1_percent,F_all_excluding_calendar,forest,0.6,year,2020.0,0,0.0,,0.0,,,,0.0,0.0,0.0,{},,,,
return_above_1_percent,F_all_excluding_calendar,forest,0.6,year,2021.0,0,0.0,,0.0,,,,0.0,0.0,0.0,{},,,,
return_above_1_percent,F_all_excluding_calendar,forest,0.6,year,2022.0,3,1.4285714285714286,33.33333333333333,-5.38045227,-1.7929512946829946,0.4817577789345894,-1.79348409,1.0330449268377626,-5.19280873,-0.18764353999999983,"{'HIGH_VOLATILITY': 2, 'TREND_UP': 1}",,,,
return_above_1_percent,F_all_excluding_calendar,forest,0.6,year,2023.0,0,0.0,,0.0,,,,0.0,0.0,0.0,{},,,,
return_above_1_percent,F_all_excluding_calendar,forest,0.6,year,2024.0,0,0.0,,0.0,,,,0.0,0.0,0.0,{},,,,
return_above_1_percent,F_all_excluding_calendar,forest,0.6,aggregate,,3,0.2890173410404624,33.33333333333333,-5.38045227,-1.7929512946829946,0.4817577789345894,-1.79348409,1.0330449268377626,-5.19280873,-0.18764353999999983,"{'HIGH_VOLATILITY': 2, 'TREND_UP': 1}",0.0,-5.38045227,0.0,2.4062114050826104
return_above_1_percent,F_all_excluding_calendar,forest,0.65,year,2020.0,0,0.0,,0.0,,,,0.0,0.0,0.0,{},,,,
return_above_1_percent,F_all_excluding_calendar,forest,0.65,year,2021.0,0,0.0,,0.0,,,,0.0,0.0,0.0,{},,,,
return_above_1_percent,F_all_excluding_calendar,forest,0.65,year,2022.0,0,0.0,,0.0,,,,0.0,0.0,0.0,{},,,,
return_above_1_percent,F_all_excluding_calendar,forest,0.65,year,2023.0,0,0.0,,0.0,,,,0.0,0.0,0.0,{},,,,
return_above_1_percent,F_all_excluding_calendar,forest,0.65,year,2024.0,0,0.0,,0.0,,,,0.0,0.0,0.0,{},,,,
return_above_1_percent,F_all_excluding_calendar,forest,0.65,aggregate,,0,0.0,,0.0,,,,0.0,0.0,0.0,{},0.0,0.0,0.0,0.0
return_above_1_percent,F_all_excluding_calendar,forest,0.7,year,2020.0,0,0.0,,0.0,,,,0.0,0.0,0.0,{},,,,
return_above_1_percent,F_all_excluding_calendar,forest,0.7,year,2021.0,0,0.0,,0.0,,,,0.0,0.0,0.0,{},,,,
return_above_1_percent,F_all_excluding_calendar,forest,0.7,year,2022.0,0,0.0,,0.0,,,,0.0,0.0,0.0,{},,,,
return_above_1_percent,F_all_excluding_calendar,forest,0.7,year,2023.0,0,0.0,,0.0,,,,0.0,0.0,0.0,{},,,,
return_above_1_percent,F_all_excluding_calendar,forest,0.7,year,2024.0,0,0.0,,0.0,,,,0.0,0.0,0.0,{},,,,
return_above_1_percent,F_all_excluding_calendar,forest,0.7,aggregate,,0,0.0,,0.0,,,,0.0,0.0,0.0,{},0.0,0.0,0.0,0.0
return_above_1_percent,F_all_excluding_calendar,hist_gradient,0.5,year,2020.0,4,1.9230769230769231,25.0,-3.4670332800000008,-0.8670477971068619,0.5906881167740788,-0.8667583200000002,0.8428225420574512,-8.47039488,5.0033616,"{'TREND_UP': 3, 'RANGE': 1}",,,,
return_above_1_percent,F_all_excluding_calendar,hist_gradient,0.5,year,2021.0,20,9.950248756218906,60.0,26.35997398,1.3187554042207037,2.335254460782843,1.3179986989999999,0.629930256967279,9.593031450000002,16.76694253,"{'HIGH_VOLATILITY': 9, 'TREND_UP': 9, 'RANGE': 2}",,,,
return_above_1_percent,F_all_excluding_calendar,hist_gradient,0.5,year,2022.0,10,4.761904761904762,20.0,-11.94182177,-1.1930167473308244,0.4554241139172789,-1.194182177,2.0543689136244785,-3.7242907300000003,-8.21753104,"{'HIGH_VOLATILITY': 4, 'TREND_UP': 4, 'RANGE': 2}",,,,
return_above_1_percent,F_all_excluding_calendar,hist_gradient,0.5,year,2023.0,3,1.3888888888888888,33.33333333333333,-6.88079585,-2.295144559418381,0.0011425897438206319,-2.293598616666667,0.6880795850000027,0.0,-6.88079585,{'TREND_UP': 3},,,,
return_above_1_percent,F_all_excluding_calendar,hist_gradient,0.5,year,2024.0,2,0.9852216748768473,100.0,9.98104387,4.9999606574232125,,4.990521935,0.0,4.98077793,5.00026594,{'TREND_UP': 2},,,,
return_above_1_percent,F_all_excluding_calendar,hist_gradient,0.5,aggregate,,39,3.7572254335260116,46.15384615384615,14.051366949999998,0.36131377075050386,1.246388721935465,0.36029146025641023,2.6757360081093338,2.37912377,11.672243180000002,"{'TREND_UP': 21, 'HIGH_VOLATILITY': 13, 'RANGE': 5}",-3.4670332800000008,-11.94182177,2.0,15.467337043014886
return_above_1_percent,F_all_excluding_calendar,hist_gradient,0.55,year,2020.0,1,0.4807692307692308,100.0,5.0033616,4.998617166515295,,5.0033616,0.0,0.0,5.0033616,{'TREND_UP': 1},,,,
return_above_1_percent,F_all_excluding_calendar,hist_gradient,0.55,year,2021.0,7,3.482587064676617,57.14285714285714,11.720048350000004,1.6738057530253148,2.415546119183999,1.674292621428572,0.5135631408676624,-0.64431947,12.364367820000004,"{'TREND_UP': 5, 'HIGH_VOLATILITY': 2}",,,,
return_above_1_percent,F_all_excluding_calendar,hist_gradient,0.55,year,2022.0,2,0.9523809523809524,50.0,4.6540364,2.3264012695849816,14.387899769082109,2.3270182,0.03458999836532755,0.0,4.6540364,{'TREND_UP': 2},,,,
return_above_1_percent,F_all_excluding_calendar,hist_gradient,0.55,year,2023.0,0,0.0,,0.0,,,,0.0,0.0,0.0,{},,,,
return_above_1_percent,F_all_excluding_calendar,hist_gradient,0.55,year,2024.0,0,0.0,,0.0,,,,0.0,0.0,0.0,{},,,,
return_above_1_percent,F_all_excluding_calendar,hist_gradient,0.55,aggregate,,10,0.9633911368015413,60.0,21.37744635,2.1368059976862464,3.4779255946676444,2.137744635,0.5110315832161113,-0.64431947,22.02176582,"{'TREND_UP': 8, 'HIGH_VOLATILITY': 2}",4.6540364,0.0,3.0,4.812851881935274
return_above_1_percent,F_all_excluding_calendar,hist_gradient,0.6,year,2020.0,0,0.0,,0.0,,,,0.0,0.0,0.0,{},,,,
return_above_1_percent,F_all_excluding_calendar,hist_gradient,0.6,year,2021.0,1,0.4975124378109453,100.0,4.99739839,4.999898181443933,,4.99739839,0.0,0.0,4.99739839,{'TREND_UP': 1},,,,
return_above_1_percent,F_all_excluding_calendar,hist_gradient,0.6,year,2022.0,1,0.4761904761904762,100.0,5.00166646,5.0001497944637405,,5.00166646,0.0,0.0,5.00166646,{'TREND_UP': 1},,,,
return_above_1_percent,F_all_excluding_calendar,hist_gradient,0.6,year,2023.0,0,0.0,,0.0,,,,0.0,0.0,0.0,{},,,,
return_above_1_percent,F_all_excluding_calendar,hist_gradient,0.6,year,2024.0,0,0.0,,0.0,,,,0.0,0.0,0.0,{},,,,
return_above_1_percent,F_all_excluding_calendar,hist_gradient,0.6,aggregate,,2,0.1926782273603083,100.0,9.99906485,5.000023987953837,,4.999532425,0.0,0.0,9.99906485,{'TREND_UP': 2},0.0,0.0,2.0,2.7383571019208954
return_above_1_percent,F_all_excluding_calendar,hist_gradient,0.65,year,2020.0,0,0.0,,0.0,,,,0.0,0.0,0.0,{},,,,
return_above_1_percent,F_all_excluding_calendar,hist_gradient,0.65,year,2021.0,0,0.0,,0.0,,,,0.0,0.0,0.0,{},,,,
return_above_1_percent,F_all_excluding_calendar,hist_gradient,0.65,year,2022.0,0,0.0,,0.0,,,,0.0,0.0,0.0,{},,,,
return_above_1_percent,F_all_excluding_calendar,hist_gradient,0.65,year,2023.0,0,0.0,,0.0,,,,0.0,0.0,0.0,{},,,,
return_above_1_percent,F_all_excluding_calendar,hist_gradient,0.65,year,2024.0,0,0.0,,0.0,,,,0.0,0.0,0.0,{},,,,
return_above_1_percent,F_all_excluding_calendar,hist_gradient,0.65,aggregate,,0,0.0,,0.0,,,,0.0,0.0,0.0,{},0.0,0.0,0.0,0.0
return_above_1_percent,F_all_excluding_calendar,hist_gradient,0.7,year,2020.0,0,0.0,,0.0,,,,0.0,0.0,0.0,{},,,,
return_above_1_percent,F_all_excluding_calendar,hist_gradient,0.7,year,2021.0,0,0.0,,0.0,,,,0.0,0.0,0.0,{},,,,
return_above_1_percent,F_all_excluding_calendar,hist_gradient,0.7,year,2022.0,0,0.0,,0.0,,,,0.0,0.0,0.0,{},,,,
return_above_1_percent,F_all_excluding_calendar,hist_gradient,0.7,year,2023.0,0,0.0,,0.0,,,,0.0,0.0,0.0,{},,,,
return_above_1_percent,F_all_excluding_calendar,hist_gradient,0.7,year,2024.0,0,0.0,,0.0,,,,0.0,0.0,0.0,{},,,,
return_above_1_percent,F_all_excluding_calendar,hist_gradient,0.7,aggregate,,0,0.0,,0.0,,,,0.0,0.0,0.0,{},0.0,0.0,0.0,0.0
return_above_1_percent,F_all_excluding_calendar,logistic,0.5,year,2020.0,10,4.807692307692308,70.0,30.947144620000003,3.0925865890694744,8.586517927091954,3.094714462,0.25592191931379227,5.92382677,25.02331785,"{'TREND_UP': 7, 'HIGH_VOLATILITY': 3}",,,,
return_above_1_percent,F_all_excluding_calendar,logistic,0.5,year,2021.0,55,27.363184079601986,49.09090909090909,17.832526050000002,0.3242124707704631,1.1748880442127048,0.3242277463636364,2.7986002401615457,27.572628289999997,-9.74010224,"{'HIGH_VOLATILITY': 41, 'TREND_UP': 13, 'RANGE': 1}",,,,
return_above_1_percent,F_all_excluding_calendar,logistic,0.5,year,2022.0,12,5.714285714285714,50.0,11.164866110000002,0.9319813649566562,1.73732705706412,0.9304055091666669,0.853860651184129,6.468433509999999,4.6964326000000005,"{'TREND_UP': 6, 'HIGH_VOLATILITY': 3, 'RANGE': 3}",,,,
return_above_1_percent,F_all_excluding_calendar,logistic,0.5,year,2023.0,0,0.0,,0.0,,,,0.0,0.0,0.0,{},,,,
return_above_1_percent,F_all_excluding_calendar,logistic,0.5,year,2024.0,3,1.477832512315271,66.66666666666666,1.1571009600000002,0.3851108202854663,1.2230452772245974,0.38570032000000004,0.5187740240000039,0.0,1.1571009600000002,"{'HIGH_VOLATILITY': 1, 'TREND_UP': 1, 'RANGE': 1}",,,,
return_above_1_percent,F_all_excluding_calendar,logistic,0.5,aggregate,,80,7.7071290944123305,52.5,61.10163774,0.763708257792581,1.4834957983169974,0.76377047175,2.717349208074467,39.96488857,21.13674917000001,"{'HIGH_VOLATILITY': 48, 'TREND_UP': 27, 'RANGE': 5}",11.164866110000002,0.0,4.0,12.796833948666217
return_above_1_percent,F_all_excluding_calendar,logistic,0.55,year,2020.0,7,3.3653846153846154,71.42857142857143,21.1340901,3.0173716367152186,6.4462104715785875,3.019155728571429,0.2571521510000025,6.12254294,15.011547160000001,"{'TREND_UP': 4, 'HIGH_VOLATILITY': 3}",,,,
return_above_1_percent,F_all_excluding_calendar,logistic,0.55,year,2021.0,42,20.8955223880597,45.23809523809524,1.5032038299999986,0.03551719964663497,1.0176771690744213,0.03579056738095235,2.977218461916564,21.956387560000003,-20.45318373,"{'HIGH_VOLATILITY': 38, 'TREND_UP': 4}",,,,
return_above_1_percent,F_all_excluding_calendar,logistic,0.55,year,2022.0,8,3.8095238095238098,25.0,-5.1555098799999985,-0.6423309028818889,0.6595304511461452,-0.6444387349999998,1.4992623401576481,1.468518,-6.62402788,"{'TREND_UP': 4, 'HIGH_VOLATILITY': 3, 'RANGE': 1}",,,,
return_above_1_percent,F_all_excluding_calendar,logistic,0.55,year,2023.0,0,0.0,,0.0,,,,0.0,0.0,0.0,{},,,,
return_above_1_percent,F_all_excluding_calendar,logistic,0.55,year,2024.0,1,0.49261083743842365,100.0,1.34315096,1.3448970344402256,,1.34315096,0.0,0.0,1.34315096,{'TREND_UP': 1},,,,
return_above_1_percent,F_all_excluding_calendar,logistic,0.55,aggregate,,58,5.5876685934489405,46.55172413793103,18.82493501,0.324475407819833,1.1809058004032411,0.324567845,3.4069160361459008,29.547448499999998,-10.722513489999997,"{'HIGH_VOLATILITY': 44, 'TREND_UP': 13, 'RANGE': 1}",1.34315096,-5.1555098799999985,3.0,10.079894432823025
return_above_1_percent,F_all_excluding_calendar,logistic,0.6,year,2020.0,4,1.9230769230769231,75.0,12.440178750000001,3.107862623716615,5.837672444746534,3.1100446875000003,0.2571521510000025,2.4314555899999997,10.00872316,"{'HIGH_VOLATILITY': 3, 'TREND_UP': 1}",,,,
return_above_1_percent,F_all_excluding_calendar,logistic,0.6,year,2021.0,38,18.90547263681592,50.0,16.854494369999998,0.44313791236889366,1.2418663138395558,0.44353932552631575,1.5262147445523895,24.261874730000002,-7.407380359999998,"{'HIGH_VOLATILITY': 36, 'TREND_UP': 2}",,,,
return_above_1_percent,F_all_excluding_calendar,logistic,0.6,year,2022.0,6,2.857142857142857,33.33333333333333,-4.8686869999999995,-0.8086657497127262,0.6722643239827059,-0.8114478333333333,1.4708636652508735,1.468518,-6.337205,"{'HIGH_VOLATILITY': 3, 'TREND_UP': 2, 'RANGE': 1}",,,,
return_above_1_percent,F_all_excluding_calendar,logistic,0.6,year,2023.0,0,0.0,,0.0,,,,0.0,0.0,0.0,{},,,,
return_above_1_percent,F_all_excluding_calendar,logistic,0.6,year,2024.0,1,0.49261083743842365,100.0,1.34315096,1.3448970344402256,,1.34315096,0.0,0.0,1.34315096,{'TREND_UP': 1},,,,
return_above_1_percent,F_all_excluding_calendar,logistic,0.6,aggregate,,49,4.720616570327553,51.02040816326531,25.76913708,0.525787626552006,1.2958154182716652,0.5259007567346938,1.9383334530735108,28.16184832,-2.392711239999998,"{'HIGH_VOLATILITY': 42, 'TREND_UP': 6, 'RANGE': 1}",1.34315096,-4.8686869999999995,3.0,9.103989650643076
return_above_1_percent,F_all_excluding_calendar,logistic,0.65,year,2020.0,3,1.4423076923076923,66.66666666666666,7.43721502,2.4774627954398905,3.892145755374218,2.4790716733333333,0.2571521510000025,2.4314555899999997,5.00575943,{'HIGH_VOLATILITY': 3},,,,
return_above_1_percent,F_all_excluding_calendar,logistic,0.65,year,2021.0,35,17.412935323383085,48.57142857142857,7.028344049999992,0.20044881155097047,1.1011147259747163,0.20080982999999977,1.9672497978202534,14.435724409999999,-7.407380359999998,"{'HIGH_VOLATILITY': 34, 'TREND_UP': 1}",,,,
return_above_1_percent,F_all_excluding_calendar,logistic,0.65,year,2022.0,5,2.380952380952381,40.0,0.3229505900000009,0.06753301914643642,1.0334182742669134,0.06459011800000018,0.9568334450946708,1.468518,-1.14556741,"{'TREND_UP': 2, 'HIGH_VOLATILITY': 2, 'RANGE': 1}",,,,
return_above_1_percent,F_all_excluding_calendar,logistic,0.65,year,2023.0,0,0.0,,0.0,,,,0.0,0.0,0.0,{},,,,
return_above_1_percent,F_all_excluding_calendar,logistic,0.65,year,2024.0,0,0.0,,0.0,,,,0.0,0.0,0.0,{},,,,
return_above_1_percent,F_all_excluding_calendar,logistic,0.65,aggregate,,43,4.142581888246628,48.837209302325576,14.788509659999997,0.34385492758920533,1.180912426970389,0.34391882930232553,1.9531092457415782,18.335697999999997,-3.5471883399999973,"{'HIGH_VOLATILITY': 39, 'TREND_UP': 3, 'RANGE': 1}",0.3229505900000009,0.0,3.0,3.9074953880229537
return_above_1_percent,F_all_excluding_calendar,logistic,0.7,year,2020.0,3,1.4423076923076923,66.66666666666666,7.43721502,2.4774627954398905,3.892145755374218,2.4790716733333333,0.2571521510000025,2.4314555899999997,5.00575943,{'HIGH_VOLATILITY': 3},,,,
return_above_1_percent,F_all_excluding_calendar,logistic,0.7,year,2021.0,32,15.92039800995025,50.0,12.410802269999992,0.3873460817275315,1.2098887764911033,0.38783757093749976,1.5411362017368893,9.43994865,2.9708536200000024,"{'HIGH_VOLATILITY': 31, 'TREND_UP': 1}",,,,
return_above_1_percent,F_all_excluding_calendar,logistic,0.7,year,2022.0,5,2.380952380952381,40.0,0.3229505900000009,0.06753301914643642,1.0334182742669134,0.06459011800000018,0.9568334450946708,1.468518,-1.14556741,"{'TREND_UP': 2, 'HIGH_VOLATILITY': 2, 'RANGE': 1}",,,,
return_above_1_percent,F_all_excluding_calendar,logistic,0.7,year,2023.0,0,0.0,,0.0,,,,0.0,0.0,0.0,{},,,,
return_above_1_percent,F_all_excluding_calendar,logistic,0.7,year,2024.0,0,0.0,,0.0,,,,0.0,0.0,0.0,{},,,,
return_above_1_percent,F_all_excluding_calendar,logistic,0.7,aggregate,,40,3.8535645472061653,50.0,20.17096788,0.5041282024333216,1.282641978034366,0.504274197,1.5300047992427244,13.339922240000002,6.831045640000004,"{'HIGH_VOLATILITY': 36, 'TREND_UP': 3, 'RANGE': 1}",0.3229505900000009,0.0,3.0,5.658420457140262
