fold,evaluation_year,target,feature_set,model,feature,coefficient
1,2020,profitable_after_fees,A_all,logistic,numeric__ema20_distance,0.03373176475026963
1,2020,profitable_after_fees,A_all,logistic,numeric__ema50_distance,0.05755775648455662
1,2020,profitable_after_fees,A_all,logistic,numeric__ema_gap,0.07772275129767252
1,2020,profitable_after_fees,A_all,logistic,numeric__ema20_slope_6,-0.03383530605817939
1,2020,profitable_after_fees,A_all,logistic,numeric__ema50_slope_6,0.009005978365497996
1,2020,profitable_after_fees,A_all,logistic,numeric__trend_efficiency_20,0.03857919814119295
1,2020,profitable_after_fees,A_all,logistic,numeric__range_ratio,-0.006405407442755511
1,2020,profitable_after_fees,A_all,logistic,numeric__body_to_range,0.10304708548440276
1,2020,profitable_after_fees,A_all,logistic,numeric__close_location,0.10946702963838273
1,2020,profitable_after_fees,A_all,logistic,numeric__natr14,0.034317659703451506
1,2020,profitable_after_fees,A_all,logistic,numeric__return_std_24,0.11149341717085665
1,2020,profitable_after_fees,A_all,logistic,numeric__return_std_168,-0.10679214914156748
1,2020,profitable_after_fees,A_all,logistic,numeric__volatility_percentile_720,0.05446103843924516
1,2020,profitable_after_fees,A_all,logistic,numeric__rsi14,0.3020796431473808
1,2020,profitable_after_fees,A_all,logistic,numeric__macd_ratio,0.023111215539764706
1,2020,profitable_after_fees,A_all,logistic,numeric__macd_signal_ratio,-0.007608285446003691
1,2020,profitable_after_fees,A_all,logistic,numeric__relative_volume_24,-0.03390373717443093
1,2020,profitable_after_fees,A_all,logistic,numeric__volume_zscore_24,-0.0802706906920433
1,2020,profitable_after_fees,A_all,logistic,numeric__volume_trend_24_168,-0.1040492074639055
1,2020,profitable_after_fees,A_all,logistic,numeric__regime_duration,0.21233056262402764
1,2020,profitable_after_fees,A_all,logistic,numeric__regime_transition,0.10294367912217316
1,2020,profitable_after_fees,A_all,logistic,numeric__hour_of_day,0.058364155826627684
1,2020,profitable_after_fees,A_all,logistic,numeric__day_of_week,-0.0044144192365776404
1,2020,profitable_after_fees,A_all,logistic,numeric__distance_high_24,-0.3838848617659409
1,2020,profitable_after_fees,A_all,logistic,numeric__distance_low_24,-0.12563775449117892
1,2020,profitable_after_fees,A_all,logistic,numeric__distance_high_168,0.23473147675815823
1,2020,profitable_after_fees,A_all,logistic,numeric__distance_low_168,0.03480048558131422
1,2020,profitable_after_fees,A_all,logistic,numeric__candles_since_prior_signal,-0.01259222476257839
1,2020,profitable_after_fees,A_all,logistic,numeric__source_synthetic,0.0
1,2020,profitable_after_fees,A_all,logistic,numeric__return_1h,-0.1063527630445366
1,2020,profitable_after_fees,A_all,logistic,numeric__return_3h,-0.0007931390052358996
1,2020,profitable_after_fees,A_all,logistic,numeric__return_6h,-0.0010810692537197636
1,2020,profitable_after_fees,A_all,logistic,numeric__return_12h,0.08897787386510549
1,2020,profitable_after_fees,A_all,logistic,numeric__return_24h,-0.1217777804220108
1,2020,profitable_after_fees,A_all,logistic,numeric__return_72h,-0.21242678280038887
1,2020,profitable_after_fees,A_all,logistic,numeric__return_168h,0.1956237353451912
1,2020,profitable_after_fees,A_all,logistic,numeric__volatility_ratio_24_168,0.19668757556432329
1,2020,profitable_after_fees,A_all,logistic,numeric__natr_ratio_168,-0.18252838220164203
1,2020,profitable_after_fees,A_all,logistic,numeric__up_fraction_24,0.17734627087173455
1,2020,profitable_after_fees,A_all,logistic,numeric__volume_price_interaction,-0.14751520342665794
1,2020,profitable_after_fees,A_all,logistic,numeric__range_expansion_24,-0.15135973269701533
1,2020,profitable_after_fees,A_all,logistic,numeric__signal_density_168,0.10088351018328451
1,2020,profitable_after_fees,A_all,logistic,category__pair_BTC/USDT,0.01458892603657364
1,2020,profitable_after_fees,A_all,logistic,category__pair_ETH/USDT,-0.014960015260949025
1,2020,profitable_after_fees,A_all,logistic,category__regime_HIGH_VOLATILITY,-0.20679037393728095
1,2020,profitable_after_fees,A_all,logistic,category__regime_RANGE,0.04124203206752145
1,2020,profitable_after_fees,A_all,logistic,category__regime_TREND_DOWN,-0.04520040972172903
1,2020,profitable_after_fees,A_all,logistic,category__regime_TREND_UP,0.21037766236711306
1,2020,profitable_after_fees,B_reduced,logistic,numeric__ema20_distance,-0.0012336214562135908
1,2020,profitable_after_fees,B_reduced,logistic,numeric__ema50_distance,0.0006958005115358597
1,2020,profitable_after_fees,B_reduced,logistic,numeric__ema20_slope_6,-0.02388223927184129
1,2020,profitable_after_fees,B_reduced,logistic,numeric__ema50_slope_6,-0.023267767519767116
1,2020,profitable_after_fees,B_reduced,logistic,numeric__trend_efficiency_20,0.008219562731612442
1,2020,profitable_after_fees,B_reduced,logistic,numeric__range_ratio,0.04392410675913698
1,2020,profitable_after_fees,B_reduced,logistic,numeric__body_to_range,0.08642346177054419
1,2020,profitable_after_fees,B_reduced,logistic,numeric__close_location,0.08988139641181495
1,2020,profitable_after_fees,B_reduced,logistic,numeric__natr14,0.06651353495543452
1,2020,profitable_after_fees,B_reduced,logistic,numeric__return_std_24,0.17500444518869263
1,2020,profitable_after_fees,B_reduced,logistic,numeric__return_std_168,-0.06758881712209491
1,2020,profitable_after_fees,B_reduced,logistic,numeric__volatility_percentile_720,0.0843529385853415
1,2020,profitable_after_fees,B_reduced,logistic,numeric__rsi14,0.23490897617928216
1,2020,profitable_after_fees,B_reduced,logistic,numeric__macd_ratio,0.011198257377168596
1,2020,profitable_after_fees,B_reduced,logistic,numeric__relative_volume_24,-0.023878672307635594
1,2020,profitable_after_fees,B_reduced,logistic,numeric__volume_zscore_24,-0.11003077557102232
1,2020,profitable_after_fees,B_reduced,logistic,numeric__volume_trend_24_168,-0.07301237370353283
1,2020,profitable_after_fees,B_reduced,logistic,numeric__regime_duration,0.20898361031252544
1,2020,profitable_after_fees,B_reduced,logistic,numeric__regime_transition,0.09264963118564298
1,2020,profitable_after_fees,B_reduced,logistic,numeric__hour_of_day,0.06001840668665884
1,2020,profitable_after_fees,B_reduced,logistic,numeric__day_of_week,0.011717284062906895
1,2020,profitable_after_fees,B_reduced,logistic,numeric__distance_high_168,0.23326320402267306
1,2020,profitable_after_fees,B_reduced,logistic,numeric__distance_low_168,-0.01800970292450791
1,2020,profitable_after_fees,B_reduced,logistic,numeric__candles_since_prior_signal,0.0021502036440600356
1,2020,profitable_after_fees,B_reduced,logistic,numeric__return_1h,-0.1330577464710127
1,2020,profitable_after_fees,B_reduced,logistic,numeric__return_6h,-0.05788171607934518
1,2020,profitable_after_fees,B_reduced,logistic,numeric__return_24h,-0.13019186222840567
1,2020,profitable_after_fees,B_reduced,logistic,numeric__return_168h,0.18008276497608663
1,2020,profitable_after_fees,B_reduced,logistic,numeric__volatility_ratio_24_168,0.2587430892496483
1,2020,profitable_after_fees,B_reduced,logistic,numeric__natr_ratio_168,-0.1577579097898069
1,2020,profitable_after_fees,B_reduced,logistic,numeric__up_fraction_24,0.17031133473834645
1,2020,profitable_after_fees,B_reduced,logistic,numeric__volume_price_interaction,-0.1668701812487343
1,2020,profitable_after_fees,B_reduced,logistic,numeric__range_expansion_24,-0.1038590946661137
1,2020,profitable_after_fees,B_reduced,logistic,numeric__signal_density_168,0.11659434339698097
1,2020,profitable_after_fees,B_reduced,logistic,category__pair_BTC/USDT,-0.02622890371677468
1,2020,profitable_after_fees,B_reduced,logistic,category__pair_ETH/USDT,0.026128775987824468
1,2020,profitable_after_fees,B_reduced,logistic,category__regime_HIGH_VOLATILITY,-0.22588866581147424
1,2020,profitable_after_fees,B_reduced,logistic,category__regime_RANGE,0.041599877305449236
1,2020,profitable_after_fees,B_reduced,logistic,category__regime_TREND_DOWN,-0.03300471436122407
1,2020,profitable_after_fees,B_reduced,logistic,category__regime_TREND_UP,0.2171933751382989
1,2020,profitable_after_fees,C_price_trend,logistic,numeric__ema20_distance,0.07896600217421607
1,2020,profitable_after_fees,C_price_trend,logistic,numeric__ema50_distance,0.0992663625032675
1,2020,profitable_after_fees,C_price_trend,logistic,numeric__ema_gap,0.10254434464865159
1,2020,profitable_after_fees,C_price_trend,logistic,numeric__ema20_slope_6,-0.008049172369187126
1,2020,profitable_after_fees,C_price_trend,logistic,numeric__ema50_slope_6,0.029870647551123935
1,2020,profitable_after_fees,C_price_trend,logistic,numeric__trend_efficiency_20,0.09255221161747341
1,2020,profitable_after_fees,C_price_trend,logistic,numeric__range_ratio,-0.13140749143601935
1,2020,profitable_after_fees,C_price_trend,logistic,numeric__body_to_range,0.0778721584151433
1,2020,profitable_after_fees,C_price_trend,logistic,numeric__close_location,0.12329169165006626
1,2020,profitable_after_fees,C_price_trend,logistic,numeric__distance_high_24,-0.36850751664113407
1,2020,profitable_after_fees,C_price_trend,logistic,numeric__distance_low_24,-0.09430686368155347
1,2020,profitable_after_fees,C_price_trend,logistic,numeric__distance_high_168,0.24505393803584083
1,2020,profitable_after_fees,C_price_trend,logistic,numeric__distance_low_168,0.0054372137914131076
1,2020,profitable_after_fees,C_price_trend,logistic,numeric__return_1h,-0.1265053202144971
1,2020,profitable_after_fees,C_price_trend,logistic,numeric__return_3h,0.0032801889179025793
1,2020,profitable_after_fees,C_price_trend,logistic,numeric__return_6h,0.045148800547101096
1,2020,profitable_after_fees,C_price_trend,logistic,numeric__return_12h,0.1247246709714827
1,2020,profitable_after_fees,C_price_trend,logistic,numeric__return_24h,-0.12270032782054517
1,2020,profitable_after_fees,C_price_trend,logistic,numeric__return_72h,-0.21331014090604009
1,2020,profitable_after_fees,C_price_trend,logistic,numeric__return_168h,0.18112408602849617
1,2020,profitable_after_fees,C_price_trend,logistic,numeric__up_fraction_24,0.17238857697741813
1,2020,profitable_after_fees,C_price_trend,logistic,category__pair_BTC/USDT,-0.007093211858174193
1,2020,profitable_after_fees,C_price_trend,logistic,category__pair_ETH/USDT,0.006693514535606371
1,2020,profitable_after_fees,D_price_trend_volatility,logistic,numeric__ema20_distance,0.07960678370854175
1,2020,profitable_after_fees,D_price_trend_volatility,logistic,numeric__ema50_distance,0.0951525786300464
1,2020,profitable_after_fees,D_price_trend_volatility,logistic,numeric__ema_gap,0.0873176228550339
1,2020,profitable_after_fees,D_price_trend_volatility,logistic,numeric__ema20_slope_6,-0.00430688173603201
1,2020,profitable_after_fees,D_price_trend_volatility,logistic,numeric__ema50_slope_6,0.02646393831506891
1,2020,profitable_after_fees,D_price_trend_volatility,logistic,numeric__trend_efficiency_20,0.0995286101123683
1,2020,profitable_after_fees,D_price_trend_volatility,logistic,numeric__range_ratio,-0.023871773331769965
1,2020,profitable_after_fees,D_price_trend_volatility,logistic,numeric__body_to_range,0.09759821233260142
1,2020,profitable_after_fees,D_price_trend_volatility,logistic,numeric__close_location,0.1097907832839109
1,2020,profitable_after_fees,D_price_trend_volatility,logistic,numeric__distance_high_24,-0.36124072886552416
1,2020,profitable_after_fees,D_price_trend_volatility,logistic,numeric__distance_low_24,-0.11711800341879124
1,2020,profitable_after_fees,D_price_trend_volatility,logistic,numeric__distance_high_168,0.26697807410515434
1,2020,profitable_after_fees,D_price_trend_volatility,logistic,numeric__distance_low_168,0.010871041584660677
1,2020,profitable_after_fees,D_price_trend_volatility,logistic,numeric__return_1h,-0.14179552617057492
1,2020,profitable_after_fees,D_price_trend_volatility,logistic,numeric__return_3h,-0.0009916559438485244
1,2020,profitable_after_fees,D_price_trend_volatility,logistic,numeric__return_6h,0.05230812849839626
1,2020,profitable_after_fees,D_price_trend_volatility,logistic,numeric__return_12h,0.13548733356507847
1,2020,profitable_after_fees,D_price_trend_volatility,logistic,numeric__return_24h,-0.14131598752425636
1,2020,profitable_after_fees,D_price_trend_volatility,logistic,numeric__return_72h,-0.2136342203737479
1,2020,profitable_after_fees,D_price_trend_volatility,logistic,numeric__return_168h,0.17918201426948518
1,2020,profitable_after_fees,D_price_trend_volatility,logistic,numeric__up_fraction_24,0.20286902393007347
1,2020,profitable_after_fees,D_price_trend_volatility,logistic,numeric__natr14,0.017736909787331424
1,2020,profitable_after_fees,D_price_trend_volatility,logistic,numeric__return_std_24,0.09215262537896579
1,2020,profitable_after_fees,D_price_trend_volatility,logistic,numeric__return_std_168,-0.0997367836627431
1,2020,profitable_after_fees,D_price_trend_volatility,logistic,numeric__volatility_percentile_720,0.038630329618444884
1,2020,profitable_after_fees,D_price_trend_volatility,logistic,numeric__volatility_ratio_24_168,0.14478674008225745
1,2020,profitable_after_fees,D_price_trend_volatility,logistic,numeric__natr_ratio_168,-0.26780826310924893
1,2020,profitable_after_fees,D_price_trend_volatility,logistic,numeric__range_expansion_24,-0.16161025373274807
1,2020,profitable_after_fees,D_price_trend_volatility,logistic,category__pair_BTC/USDT,0.002188085432441933
1,2020,profitable_after_fees,D_price_trend_volatility,logistic,category__pair_ETH/USDT,-0.0029149079813623763
1,2020,profitable_after_fees,E_all_excluding_regime,logistic,numeric__ema20_distance,0.039226461981035146
1,2020,profitable_after_fees,E_all_excluding_regime,logistic,numeric__ema50_distance,0.06143393228714869
1,2020,profitable_after_fees,E_all_excluding_regime,logistic,numeric__ema_gap,0.0777628954062569
1,2020,profitable_after_fees,E_all_excluding_regime,logistic,numeric__ema20_slope_6,-0.03602389609086356
1,2020,profitable_after_fees,E_all_excluding_regime,logistic,numeric__ema50_slope_6,0.0060153945353344455
1,2020,profitable_after_fees,E_all_excluding_regime,logistic,numeric__trend_efficiency_20,0.02292514878409682
1,2020,profitable_after_fees,E_all_excluding_regime,logistic,numeric__range_ratio,0.0036989510783285956
1,2020,profitable_after_fees,E_all_excluding_regime,logistic,numeric__body_to_range,0.11713484558947751
1,2020,profitable_after_fees,E_all_excluding_regime,logistic,numeric__close_location,0.10193428335912352
1,2020,profitable_after_fees,E_all_excluding_regime,logistic,numeric__natr14,0.03148326200946052
1,2020,profitable_after_fees,E_all_excluding_regime,logistic,numeric__return_std_24,0.1170417670453302
1,2020,profitable_after_fees,E_all_excluding_regime,logistic,numeric__return_std_168,-0.10552928483610179
1,2020,profitable_after_fees,E_all_excluding_regime,logistic,numeric__volatility_percentile_720,0.030050510904579886
1,2020,profitable_after_fees,E_all_excluding_regime,logistic,numeric__rsi14,0.3127027776105176
1,2020,profitable_after_fees,E_all_excluding_regime,logistic,numeric__macd_ratio,0.025853009189935036
1,2020,profitable_after_fees,E_all_excluding_regime,logistic,numeric__macd_signal_ratio,-0.0011358317305993322
1,2020,profitable_after_fees,E_all_excluding_regime,logistic,numeric__relative_volume_24,-0.03439470151648871
1,2020,profitable_after_fees,E_all_excluding_regime,logistic,numeric__volume_zscore_24,-0.07219919741310293
1,2020,profitable_after_fees,E_all_excluding_regime,logistic,numeric__volume_trend_24_168,-0.09719641960056366
1,2020,profitable_after_fees,E_all_excluding_regime,logistic,numeric__hour_of_day,0.04479321388908775
1,2020,profitable_after_fees,E_all_excluding_regime,logistic,numeric__day_of_week,-0.003187341100675258
1,2020,profitable_after_fees,E_all_excluding_regime,logistic,numeric__distance_high_24,-0.3826180136778852
1,2020,profitable_after_fees,E_all_excluding_regime,logistic,numeric__distance_low_24,-0.1116832021501636
1,2020,profitable_after_fees,E_all_excluding_regime,logistic,numeric__distance_high_168,0.25097799030622087
1,2020,profitable_after_fees,E_all_excluding_regime,logistic,numeric__distance_low_168,0.03259825184660651
1,2020,profitable_after_fees,E_all_excluding_regime,logistic,numeric__candles_since_prior_signal,-0.03515503977050644
1,2020,profitable_after_fees,E_all_excluding_regime,logistic,numeric__source_synthetic,0.0
1,2020,profitable_after_fees,E_all_excluding_regime,logistic,numeric__return_1h,-0.08143691215343972
1,2020,profitable_after_fees,E_all_excluding_regime,logistic,numeric__return_3h,-0.01700337281705651
1,2020,profitable_after_fees,E_all_excluding_regime,logistic,numeric__return_6h,0.014758039589684122
1,2020,profitable_after_fees,E_all_excluding_regime,logistic,numeric__return_12h,0.08602942644315884
1,2020,profitable_after_fees,E_all_excluding_regime,logistic,numeric__return_24h,-0.15056820201625112
1,2020,profitable_after_fees,E_all_excluding_regime,logistic,numeric__return_72h,-0.2308268850550325
1,2020,profitable_after_fees,E_all_excluding_regime,logistic,numeric__return_168h,0.21669639441666622
1,2020,profitable_after_fees,E_all_excluding_regime,logistic,numeric__volatility_ratio_24_168,0.19227289342369525
1,2020,profitable_after_fees,E_all_excluding_regime,logistic,numeric__natr_ratio_168,-0.22639132453420346
1,2020,profitable_after_fees,E_all_excluding_regime,logistic,numeric__up_fraction_24,0.18962668148667908
1,2020,profitable_after_fees,E_all_excluding_regime,logistic,numeric__volume_price_interaction,-0.1473588678701393
1,2020,profitable_after_fees,E_all_excluding_regime,logistic,numeric__range_expansion_24,-0.1409071644814393
1,2020,profitable_after_fees,E_all_excluding_regime,logistic,numeric__signal_density_168,0.09930611469273584
1,2020,profitable_after_fees,E_all_excluding_regime,logistic,category__pair_BTC/USDT,0.025190402206811104
1,2020,profitable_after_fees,E_all_excluding_regime,logistic,category__pair_ETH/USDT,-0.024640724600916243
1,2020,profitable_after_fees,F_all_excluding_calendar,logistic,numeric__ema20_distance,0.031431540209609
1,2020,profitable_after_fees,F_all_excluding_calendar,logistic,numeric__ema50_distance,0.05698199430085829
1,2020,profitable_after_fees,F_all_excluding_calendar,logistic,numeric__ema_gap,0.0814329904791783
1,2020,profitable_after_fees,F_all_excluding_calendar,logistic,numeric__ema20_slope_6,-0.03422003788681569
1,2020,profitable_after_fees,F_all_excluding_calendar,logistic,numeric__ema50_slope_6,0.010698298875876767
1,2020,profitable_after_fees,F_all_excluding_calendar,logistic,numeric__trend_efficiency_20,0.04075926003554461
1,2020,profitable_after_fees,F_all_excluding_calendar,logistic,numeric__range_ratio,-0.003058444306611401
1,2020,profitable_after_fees,F_all_excluding_calendar,logistic,numeric__body_to_range,0.10675264590129797
1,2020,profitable_after_fees,F_all_excluding_calendar,logistic,numeric__close_location,0.10881791287901373
1,2020,profitable_after_fees,F_all_excluding_calendar,logistic,numeric__natr14,0.03333166999883711
1,2020,profitable_after_fees,F_all_excluding_calendar,logistic,numeric__return_std_24,0.11347074436979487
1,2020,profitable_after_fees,F_all_excluding_calendar,logistic,numeric__return_std_168,-0.10598135764270099
1,2020,profitable_after_fees,F_all_excluding_calendar,logistic,numeric__volatility_percentile_720,0.05897423383915252
1,2020,profitable_after_fees,F_all_excluding_calendar,logistic,numeric__rsi14,0.30664594437554693
1,2020,profitable_after_fees,F_all_excluding_calendar,logistic,numeric__macd_ratio,0.021142220950915336
1,2020,profitable_after_fees,F_all_excluding_calendar,logistic,numeric__macd_signal_ratio,-0.010015482589646416
1,2020,profitable_after_fees,F_all_excluding_calendar,logistic,numeric__relative_volume_24,-0.03194247469303074
1,2020,profitable_after_fees,F_all_excluding_calendar,logistic,numeric__volume_zscore_24,-0.0778895582939444
1,2020,profitable_after_fees,F_all_excluding_calendar,logistic,numeric__volume_trend_24_168,-0.10551868409662454
1,2020,profitable_after_fees,F_all_excluding_calendar,logistic,numeric__regime_duration,0.20685466138084002
1,2020,profitable_after_fees,F_all_excluding_calendar,logistic,numeric__regime_transition,0.10249526848841255
1,2020,profitable_after_fees,F_all_excluding_calendar,logistic,numeric__distance_high_24,-0.38393610767998354
1,2020,profitable_after_fees,F_all_excluding_calendar,logistic,numeric__distance_low_24,-0.1279554672310139
1,2020,profitable_after_fees,F_all_excluding_calendar,logistic,numeric__distance_high_168,0.23899711417751257
1,2020,profitable_after_fees,F_all_excluding_calendar,logistic,numeric__distance_low_168,0.03396671560290856
1,2020,profitable_after_fees,F_all_excluding_calendar,logistic,numeric__candles_since_prior_signal,-0.01126025351318543
1,2020,profitable_after_fees,F_all_excluding_calendar,logistic,numeric__source_synthetic,0.0
1,2020,profitable_after_fees,F_all_excluding_calendar,logistic,numeric__return_1h,-0.10542851498667374
1,2020,profitable_after_fees,F_all_excluding_calendar,logistic,numeric__return_3h,-0.00878835743790342
1,2020,profitable_after_fees,F_all_excluding_calendar,logistic,numeric__return_6h,-0.0007853972116694706
1,2020,profitable_after_fees,F_all_excluding_calendar,logistic,numeric__return_12h,0.09598214038580895
1,2020,profitable_after_fees,F_all_excluding_calendar,logistic,numeric__return_24h,-0.12222898665430189
1,2020,profitable_after_fees,F_all_excluding_calendar,logistic,numeric__return_72h,-0.21000458341046802
1,2020,profitable_after_fees,F_all_excluding_calendar,logistic,numeric__return_168h,0.19193365117011443
1,2020,profitable_after_fees,F_all_excluding_calendar,logistic,numeric__volatility_ratio_24_168,0.19665054863127612
1,2020,profitable_after_fees,F_all_excluding_calendar,logistic,numeric__natr_ratio_168,-0.1866714575743106
1,2020,profitable_after_fees,F_all_excluding_calendar,logistic,numeric__up_fraction_24,0.1789149915680411
1,2020,profitable_after_fees,F_all_excluding_calendar,logistic,numeric__volume_price_interaction,-0.1485740690903851
1,2020,profitable_after_fees,F_all_excluding_calendar,logistic,numeric__range_expansion_24,-0.14910053600105633
1,2020,profitable_after_fees,F_all_excluding_calendar,logistic,numeric__signal_density_168,0.10301836407476352
1,2020,profitable_after_fees,F_all_excluding_calendar,logistic,category__pair_BTC/USDT,0.015026813947395006
1,2020,profitable_after_fees,F_all_excluding_calendar,logistic,category__pair_ETH/USDT,-0.015401585509565507
1,2020,profitable_after_fees,F_all_excluding_calendar,logistic,category__regime_HIGH_VOLATILITY,-0.20436489319622297
1,2020,profitable_after_fees,F_all_excluding_calendar,logistic,category__regime_RANGE,0.03712098272225949
1,2020,profitable_after_fees,F_all_excluding_calendar,logistic,category__regime_TREND_DOWN,-0.04730225017867475
1,2020,profitable_after_fees,F_all_excluding_calendar,logistic,category__regime_TREND_UP,0.2141713890904677
2,2021,profitable_after_fees,A_all,logistic,numeric__ema20_distance,0.030659329300303205
2,2021,profitable_after_fees,A_all,logistic,numeric__ema50_distance,0.08437899607816128
2,2021,profitable_after_fees,A_all,logistic,numeric__ema_gap,0.13087735341828047
2,2021,profitable_after_fees,A_all,logistic,numeric__ema20_slope_6,-0.013803140016533438
2,2021,profitable_after_fees,A_all,logistic,numeric__ema50_slope_6,0.07120957552807451
2,2021,profitable_after_fees,A_all,logistic,numeric__trend_efficiency_20,0.028396894138624503
2,2021,profitable_after_fees,A_all,logistic,numeric__range_ratio,-0.06648535000723452
2,2021,profitable_after_fees,A_all,logistic,numeric__body_to_range,-0.0012429915067322965
2,2021,profitable_after_fees,A_all,logistic,numeric__close_location,0.1375481570301879
2,2021,profitable_after_fees,A_all,logistic,numeric__natr14,-0.07913241284456497
2,2021,profitable_after_fees,A_all,logistic,numeric__return_std_24,-0.13813188839966029
2,2021,profitable_after_fees,A_all,logistic,numeric__return_std_168,0.039362349290477244
2,2021,profitable_after_fees,A_all,logistic,numeric__volatility_percentile_720,0.15359172002675753
2,2021,profitable_after_fees,A_all,logistic,numeric__rsi14,0.10333235081819434
2,2021,profitable_after_fees,A_all,logistic,numeric__macd_ratio,-0.02840382164408532
2,2021,profitable_after_fees,A_all,logistic,numeric__macd_signal_ratio,-0.09638542427048367
2,2021,profitable_after_fees,A_all,logistic,numeric__relative_volume_24,0.10891450257798622
2,2021,profitable_after_fees,A_all,logistic,numeric__volume_zscore_24,-0.11156978028108691
2,2021,profitable_after_fees,A_all,logistic,numeric__volume_trend_24_168,0.13437663380617798
2,2021,profitable_after_fees,A_all,logistic,numeric__regime_duration,0.3887493577291819
2,2021,profitable_after_fees,A_all,logistic,numeric__regime_transition,0.09520740836129618
2,2021,profitable_after_fees,A_all,logistic,numeric__hour_of_day,0.12471887063299437
2,2021,profitable_after_fees,A_all,logistic,numeric__day_of_week,0.001316066674587286
2,2021,profitable_after_fees,A_all,logistic,numeric__distance_high_24,-0.25844864229771997
2,2021,profitable_after_fees,A_all,logistic,numeric__distance_low_24,0.12075216770238122
2,2021,profitable_after_fees,A_all,logistic,numeric__distance_high_168,0.28151603907200706
2,2021,profitable_after_fees,A_all,logistic,numeric__distance_low_168,0.05739837265860979
2,2021,profitable_after_fees,A_all,logistic,numeric__candles_since_prior_signal,0.08680177955666114
2,2021,profitable_after_fees,A_all,logistic,numeric__source_synthetic,0.0
2,2021,profitable_after_fees,A_all,logistic,numeric__return_1h,-0.2190444357480919
2,2021,profitable_after_fees,A_all,logistic,numeric__return_3h,-0.024474169199715567
2,2021,profitable_after_fees,A_all,logistic,numeric__return_6h,0.024869963606158937
2,2021,profitable_after_fees,A_all,logistic,numeric__return_12h,0.12168557757462928
2,2021,profitable_after_fees,A_all,logistic,numeric__return_24h,-0.031210795133351704
2,2021,profitable_after_fees,A_all,logistic,numeric__return_72h,-0.10721793349669452
2,2021,profitable_after_fees,A_all,logistic,numeric__return_168h,-0.025483101802517998
2,2021,profitable_after_fees,A_all,logistic,numeric__volatility_ratio_24_168,0.2694489632581722
2,2021,profitable_after_fees,A_all,logistic,numeric__natr_ratio_168,-0.2417345837368574
2,2021,profitable_after_fees,A_all,logistic,numeric__up_fraction_24,0.06247200073828751
2,2021,profitable_after_fees,A_all,logistic,numeric__volume_price_interaction,-0.034349248875534776
2,2021,profitable_after_fees,A_all,logistic,numeric__range_expansion_24,-0.21088095811304275
2,2021,profitable_after_fees,A_all,logistic,numeric__signal_density_168,0.07067867169042595
2,2021,profitable_after_fees,A_all,logistic,category__pair_BTC/USDT,-0.03411214911621452
2,2021,profitable_after_fees,A_all,logistic,category__pair_ETH/USDT,0.034250091162916906
2,2021,profitable_after_fees,A_all,logistic,category__regime_HIGH_VOLATILITY,-0.2715463938392096
2,2021,profitable_after_fees,A_all,logistic,category__regime_LOW_VOLATILITY,0.04369054593076935
2,2021,profitable_after_fees,A_all,logistic,category__regime_RANGE,0.017634638609913877
2,2021,profitable_after_fees,A_all,logistic,category__regime_TREND_DOWN,0.04078222340986026
2,2021,profitable_after_fees,A_all,logistic,category__regime_TREND_UP,0.1695769279353687
2,2021,profitable_after_fees,B_reduced,logistic,numeric__ema20_distance,0.035209425643566675
2,2021,profitable_after_fees,B_reduced,logistic,numeric__ema50_distance,0.06288010697781905
2,2021,profitable_after_fees,B_reduced,logistic,numeric__ema20_slope_6,0.04620793616738848
2,2021,profitable_after_fees,B_reduced,logistic,numeric__ema50_slope_6,0.07411773706743978
2,2021,profitable_after_fees,B_reduced,logistic,numeric__trend_efficiency_20,0.011938237159089083
2,2021,profitable_after_fees,B_reduced,logistic,numeric__range_ratio,-0.02086838700141817
2,2021,profitable_after_fees,B_reduced,logistic,numeric__body_to_range,-0.008405473028749473
2,2021,profitable_after_fees,B_reduced,logistic,numeric__close_location,0.12854258473439764
2,2021,profitable_after_fees,B_reduced,logistic,numeric__natr14,-0.00946777855818603
2,2021,profitable_after_fees,B_reduced,logistic,numeric__return_std_24,-0.04052863681059162
2,2021,profitable_after_fees,B_reduced,logistic,numeric__return_std_168,0.06485847792238526
2,2021,profitable_after_fees,B_reduced,logistic,numeric__volatility_percentile_720,0.14996254079488847
2,2021,profitable_after_fees,B_reduced,logistic,numeric__rsi14,0.09126757690676257
2,2021,profitable_after_fees,B_reduced,logistic,numeric__macd_ratio,-0.028992708299362215
2,2021,profitable_after_fees,B_reduced,logistic,numeric__relative_volume_24,0.11859557092858156
2,2021,profitable_after_fees,B_reduced,logistic,numeric__volume_zscore_24,-0.12707837877644318
2,2021,profitable_after_fees,B_reduced,logistic,numeric__volume_trend_24_168,0.14759762332774848
2,2021,profitable_after_fees,B_reduced,logistic,numeric__regime_duration,0.3867080121700768
2,2021,profitable_after_fees,B_reduced,logistic,numeric__regime_transition,0.08443608563456236
2,2021,profitable_after_fees,B_reduced,logistic,numeric__hour_of_day,0.12899383209263712
2,2021,profitable_after_fees,B_reduced,logistic,numeric__day_of_week,-0.0010442855787717886
2,2021,profitable_after_fees,B_reduced,logistic,numeric__distance_high_168,0.2817257056344185
2,2021,profitable_after_fees,B_reduced,logistic,numeric__distance_low_168,0.044627780249864156
2,2021,profitable_after_fees,B_reduced,logistic,numeric__candles_since_prior_signal,0.07621161173173834
2,2021,profitable_after_fees,B_reduced,logistic,numeric__return_1h,-0.24227556532238378
2,2021,profitable_after_fees,B_reduced,logistic,numeric__return_6h,0.011822726502977129
2,2021,profitable_after_fees,B_reduced,logistic,numeric__return_24h,-0.06312434235309747
2,2021,profitable_after_fees,B_reduced,logistic,numeric__return_168h,-0.025212331745924934
2,2021,profitable_after_fees,B_reduced,logistic,numeric__volatility_ratio_24_168,0.2941959196879826
2,2021,profitable_after_fees,B_reduced,logistic,numeric__natr_ratio_168,-0.21585013596079922
2,2021,profitable_after_fees,B_reduced,logistic,numeric__up_fraction_24,0.06272584219884912
2,2021,profitable_after_fees,B_reduced,logistic,numeric__volume_price_interaction,-0.03883602710298816
2,2021,profitable_after_fees,B_reduced,logistic,numeric__range_expansion_24,-0.20021196938596722
2,2021,profitable_after_fees,B_reduced,logistic,numeric__signal_density_168,0.07321069678008217
2,2021,profitable_after_fees,B_reduced,logistic,category__pair_BTC/USDT,-0.04684793286636832
2,2021,profitable_after_fees,B_reduced,logistic,category__pair_ETH/USDT,0.04686448936390185
2,2021,profitable_after_fees,B_reduced,logistic,category__regime_HIGH_VOLATILITY,-0.2681147650978095
2,2021,profitable_after_fees,B_reduced,logistic,category__regime_LOW_VOLATILITY,0.04085953342903271
2,2021,profitable_after_fees,B_reduced,logistic,category__regime_RANGE,0.013156274150615202
2,2021,profitable_after_fees,B_reduced,logistic,category__regime_TREND_DOWN,0.03948338731883075
2,2021,profitable_after_fees,B_reduced,logistic,category__regime_TREND_UP,0.17463212669686431
2,2021,profitable_after_fees,C_price_trend,logistic,numeric__ema20_distance,0.052090504115162986
2,2021,profitable_after_fees,C_price_trend,logistic,numeric__ema50_distance,0.11464338574528724
2,2021,profitable_after_fees,C_price_trend,logistic,numeric__ema_gap,0.1715022730628533
2,2021,profitable_after_fees,C_price_trend,logistic,numeric__ema20_slope_6,-0.05596067574550259
2,2021,profitable_after_fees,C_price_trend,logistic,numeric__ema50_slope_6,0.055089468120888066
2,2021,profitable_after_fees,C_price_trend,logistic,numeric__trend_efficiency_20,0.022322718466291656
2,2021,profitable_after_fees,C_price_trend,logistic,numeric__range_ratio,-0.17115267334418102
2,2021,profitable_after_fees,C_price_trend,logistic,numeric__body_to_range,-0.03122914777717796
2,2021,profitable_after_fees,C_price_trend,logistic,numeric__close_location,0.1389280800555499
2,2021,profitable_after_fees,C_price_trend,logistic,numeric__distance_high_24,-0.2770276328553305
2,2021,profitable_after_fees,C_price_trend,logistic,numeric__distance_low_24,0.19868767235614263
2,2021,profitable_after_fees,C_price_trend,logistic,numeric__distance_high_168,0.2841271017774876
2,2021,profitable_after_fees,C_price_trend,logistic,numeric__distance_low_168,0.07597062647467395
2,2021,profitable_after_fees,C_price_trend,logistic,numeric__return_1h,-0.18151357966854334
2,2021,profitable_after_fees,C_price_trend,logistic,numeric__return_3h,-0.019381989649288677
2,2021,profitable_after_fees,C_price_trend,logistic,numeric__return_6h,0.046801085431331026
2,2021,profitable_after_fees,C_price_trend,logistic,numeric__return_12h,0.11206183566782439
2,2021,profitable_after_fees,C_price_trend,logistic,numeric__return_24h,-0.07074507735110837
2,2021,profitable_after_fees,C_price_trend,logistic,numeric__return_72h,-0.1420531425302281
2,2021,profitable_after_fees,C_price_trend,logistic,numeric__return_168h,-0.04591005294899778
2,2021,profitable_after_fees,C_price_trend,logistic,numeric__up_fraction_24,0.08471988688406121
2,2021,profitable_after_fees,C_price_trend,logistic,category__pair_BTC/USDT,0.008220105671813218
2,2021,profitable_after_fees,C_price_trend,logistic,category__pair_ETH/USDT,-0.008728581833484166
2,2021,profitable_after_fees,D_price_trend_volatility,logistic,numeric__ema20_distance,0.05205410382601431
2,2021,profitable_after_fees,D_price_trend_volatility,logistic,numeric__ema50_distance,0.09837863794892653
2,2021,profitable_after_fees,D_price_trend_volatility,logistic,numeric__ema_gap,0.12863964406039746
2,2021,profitable_after_fees,D_price_trend_volatility,logistic,numeric__ema20_slope_6,-0.04411016263429801
2,2021,profitable_after_fees,D_price_trend_volatility,logistic,numeric__ema50_slope_6,0.0413685592980537
2,2021,profitable_after_fees,D_price_trend_volatility,logistic,numeric__trend_efficiency_20,0.02563387933510367
2,2021,profitable_after_fees,D_price_trend_volatility,logistic,numeric__range_ratio,-0.04489935495059233
2,2021,profitable_after_fees,D_price_trend_volatility,logistic,numeric__body_to_range,-0.017651660127135215
2,2021,profitable_after_fees,D_price_trend_volatility,logistic,numeric__close_location,0.1184551308326889
2,2021,profitable_after_fees,D_price_trend_volatility,logistic,numeric__distance_high_24,-0.25708811528418696
2,2021,profitable_after_fees,D_price_trend_volatility,logistic,numeric__distance_low_24,0.14998639659639668
2,2021,profitable_after_fees,D_price_trend_volatility,logistic,numeric__distance_high_168,0.2990048562270091
2,2021,profitable_after_fees,D_price_trend_volatility,logistic,numeric__distance_low_168,0.09248178478750947
2,2021,profitable_after_fees,D_price_trend_volatility,logistic,numeric__return_1h,-0.1735198641491552
2,2021,profitable_after_fees,D_price_trend_volatility,logistic,numeric__return_3h,-0.04476254844215567
2,2021,profitable_after_fees,D_price_trend_volatility,logistic,numeric__return_6h,0.060579520541095874
2,2021,profitable_after_fees,D_price_trend_volatility,logistic,numeric__return_12h,0.11774695319933527
2,2021,profitable_after_fees,D_price_trend_volatility,logistic,numeric__return_24h,-0.0796186129707628
2,2021,profitable_after_fees,D_price_trend_volatility,logistic,numeric__return_72h,-0.13403285424882094
2,2021,profitable_after_fees,D_price_trend_volatility,logistic,numeric__return_168h,-0.04438345112551839
2,2021,profitable_after_fees,D_price_trend_volatility,logistic,numeric__up_fraction_24,0.10627598458950072
2,2021,profitable_after_fees,D_price_trend_volatility,logistic,numeric__natr14,-0.0581633102197593
2,2021,profitable_after_fees,D_price_trend_volatility,logistic,numeric__return_std_24,-0.14967345375381966
2,2021,profitable_after_fees,D_price_trend_volatility,logistic,numeric__return_std_168,0.09107557469359331
2,2021,profitable_after_fees,D_price_trend_volatility,logistic,numeric__volatility_percentile_720,0.12454143169500838
2,2021,profitable_after_fees,D_price_trend_volatility,logistic,numeric__volatility_ratio_24_168,0.31979959059704843
2,2021,profitable_after_fees,D_price_trend_volatility,logistic,numeric__natr_ratio_168,-0.23846291441316578
2,2021,profitable_after_fees,D_price_trend_volatility,logistic,numeric__range_expansion_24,-0.17602029695602128
2,2021,profitable_after_fees,D_price_trend_volatility,logistic,category__pair_BTC/USDT,0.0027459474631715565
2,2021,profitable_after_fees,D_price_trend_volatility,logistic,category__pair_ETH/USDT,-0.0038186040984641615
2,2021,profitable_after_fees,E_all_excluding_regime,logistic,numeric__ema20_distance,0.02701034104925527
2,2021,profitable_after_fees,E_all_excluding_regime,logistic,numeric__ema50_distance,0.09142177586529333
2,2021,profitable_after_fees,E_all_excluding_regime,logistic,numeric__ema_gap,0.15878587658007964
2,2021,profitable_after_fees,E_all_excluding_regime,logistic,numeric__ema20_slope_6,-0.04714249929087602
2,2021,profitable_after_fees,E_all_excluding_regime,logistic,numeric__ema50_slope_6,0.05841271657704976
2,2021,profitable_after_fees,E_all_excluding_regime,logistic,numeric__trend_efficiency_20,-0.026679223878421417
2,2021,profitable_after_fees,E_all_excluding_regime,logistic,numeric__range_ratio,-0.03896711222400891
2,2021,profitable_after_fees,E_all_excluding_regime,logistic,numeric__body_to_range,0.003423523760102527
2,2021,profitable_after_fees,E_all_excluding_regime,logistic,numeric__close_location,0.11234937290292213
2,2021,profitable_after_fees,E_all_excluding_regime,logistic,numeric__natr14,-0.06135615132218247
2,2021,profitable_after_fees,E_all_excluding_regime,logistic,numeric__return_std_24,-0.13108649970938133
2,2021,profitable_after_fees,E_all_excluding_regime,logistic,numeric__return_std_168,0.10381581558930078
2,2021,profitable_after_fees,E_all_excluding_regime,logistic,numeric__volatility_percentile_720,0.11906849647396953
2,2021,profitable_after_fees,E_all_excluding_regime,logistic,numeric__rsi14,0.1479396428383254
2,2021,profitable_after_fees,E_all_excluding_regime,logistic,numeric__macd_ratio,-0.022633812534637476
2,2021,profitable_after_fees,E_all_excluding_regime,logistic,numeric__macd_signal_ratio,-0.05744475851323011
2,2021,profitable_after_fees,E_all_excluding_regime,logistic,numeric__relative_volume_24,0.09253068923749987
2,2021,profitable_after_fees,E_all_excluding_regime,logistic,numeric__volume_zscore_24,-0.09995940852626972
2,2021,profitable_after_fees,E_all_excluding_regime,logistic,numeric__volume_trend_24_168,0.14547536062806463
2,2021,profitable_after_fees,E_all_excluding_regime,logistic,numeric__hour_of_day,0.11868730203066447
2,2021,profitable_after_fees,E_all_excluding_regime,logistic,numeric__day_of_week,-0.006754959388657892
2,2021,profitable_after_fees,E_all_excluding_regime,logistic,numeric__distance_high_24,-0.25459410888657
2,2021,profitable_after_fees,E_all_excluding_regime,logistic,numeric__distance_low_24,0.1475205436358311
2,2021,profitable_after_fees,E_all_excluding_regime,logistic,numeric__distance_high_168,0.26919297607306325
2,2021,profitable_after_fees,E_all_excluding_regime,logistic,numeric__distance_low_168,0.08426704157447072
2,2021,profitable_after_fees,E_all_excluding_regime,logistic,numeric__candles_since_prior_signal,0.08309375985819309
2,2021,profitable_after_fees,E_all_excluding_regime,logistic,numeric__source_synthetic,0.0
2,2021,profitable_after_fees,E_all_excluding_regime,logistic,numeric__return_1h,-0.16647358115160196
2,2021,profitable_after_fees,E_all_excluding_regime,logistic,numeric__return_3h,-0.03948036198379755
2,2021,profitable_after_fees,E_all_excluding_regime,logistic,numeric__return_6h,0.03463788458991601
2,2021,profitable_after_fees,E_all_excluding_regime,logistic,numeric__return_12h,0.0854193375947774
2,2021,profitable_after_fees,E_all_excluding_regime,logistic,numeric__return_24h,-0.05076337539907543
2,2021,profitable_after_fees,E_all_excluding_regime,logistic,numeric__return_72h,-0.14183648920644912
2,2021,profitable_after_fees,E_all_excluding_regime,logistic,numeric__return_168h,-0.01973758706957006
2,2021,profitable_after_fees,E_all_excluding_regime,logistic,numeric__volatility_ratio_24_168,0.2772674586242743
2,2021,profitable_after_fees,E_all_excluding_regime,logistic,numeric__natr_ratio_168,-0.3199519686487091
2,2021,profitable_after_fees,E_all_excluding_regime,logistic,numeric__up_fraction_24,0.08403774274579945
2,2021,profitable_after_fees,E_all_excluding_regime,logistic,numeric__volume_price_interaction,-0.05145990617440044
2,2021,profitable_after_fees,E_all_excluding_regime,logistic,numeric__range_expansion_24,-0.1923390460564731
2,2021,profitable_after_fees,E_all_excluding_regime,logistic,numeric__signal_density_168,0.08471134923207001
2,2021,profitable_after_fees,E_all_excluding_regime,logistic,category__pair_BTC/USDT,0.00031081489631976393
2,2021,profitable_after_fees,E_all_excluding_regime,logistic,category__pair_ETH/USDT,-0.002284087818162852
2,2021,profitable_after_fees,F_all_excluding_calendar,logistic,numeric__ema20_distance,0.030580282041636476
2,2021,profitable_after_fees,F_all_excluding_calendar,logistic,numeric__ema50_distance,0.08732104906453017
2,2021,profitable_after_fees,F_all_excluding_calendar,logistic,numeric__ema_gap,0.13874448506088644
2,2021,profitable_after_fees,F_all_excluding_calendar,logistic,numeric__ema20_slope_6,-0.00986568436313234
2,2021,profitable_after_fees,F_all_excluding_calendar,logistic,numeric__ema50_slope_6,0.07838631900549105
2,2021,profitable_after_fees,F_all_excluding_calendar,logistic,numeric__trend_efficiency_20,0.03240425118065733
2,2021,profitable_after_fees,F_all_excluding_calendar,logistic,numeric__range_ratio,-0.05828025546768697
2,2021,profitable_after_fees,F_all_excluding_calendar,logistic,numeric__body_to_range,-0.0012310578956080365
2,2021,profitable_after_fees,F_all_excluding_calendar,logistic,numeric__close_location,0.14062011637395835
2,2021,profitable_after_fees,F_all_excluding_calendar,logistic,numeric__natr14,-0.08263458111353073
2,2021,profitable_after_fees,F_all_excluding_calendar,logistic,numeric__return_std_24,-0.13848021382098838
2,2021,profitable_after_fees,F_all_excluding_calendar,logistic,numeric__return_std_168,0.03670267849378581
2,2021,profitable_after_fees,F_all_excluding_calendar,logistic,numeric__volatility_percentile_720,0.16171290359125817
2,2021,profitable_after_fees,F_all_excluding_calendar,logistic,numeric__rsi14,0.10997086483735523
2,2021,profitable_after_fees,F_all_excluding_calendar,logistic,numeric__macd_ratio,-0.034953622337833376
2,2021,profitable_after_fees,F_all_excluding_calendar,logistic,numeric__macd_signal_ratio,-0.11106630028154359
2,2021,profitable_after_fees,F_all_excluding_calendar,logistic,numeric__relative_volume_24,0.11489874630216738
2,2021,profitable_after_fees,F_all_excluding_calendar,logistic,numeric__volume_zscore_24,-0.11012220953171818
2,2021,profitable_after_fees,F_all_excluding_calendar,logistic,numeric__volume_trend_24_168,0.13751270909254065
2,2021,profitable_after_fees,F_all_excluding_calendar,logistic,numeric__regime_duration,0.38562172891113766
2,2021,profitable_after_fees,F_all_excluding_calendar,logistic,numeric__regime_transition,0.09425222572795552
2,2021,profitable_after_fees,F_all_excluding_calendar,logistic,numeric__distance_high_24,-0.2528863724754666
2,2021,profitable_after_fees,F_all_excluding_calendar,logistic,numeric__distance_low_24,0.11278652448438765
2,2021,profitable_after_fees,F_all_excluding_calendar,logistic,numeric__distance_high_168,0.2749946795003443
2,2021,profitable_after_fees,F_all_excluding_calendar,logistic,numeric__distance_low_168,0.06095290706716431
2,2021,profitable_after_fees,F_all_excluding_calendar,logistic,numeric__candles_since_prior_signal,0.09341280879784845
2,2021,profitable_after_fees,F_all_excluding_calendar,logistic,numeric__source_synthetic,0.0
2,2021,profitable_after_fees,F_all_excluding_calendar,logistic,numeric__return_1h,-0.21387181858922846
2,2021,profitable_after_fees,F_all_excluding_calendar,logistic,numeric__return_3h,-0.04031067211280664
2,2021,profitable_after_fees,F_all_excluding_calendar,logistic,numeric__return_6h,0.017872352437472473
2,2021,profitable_after_fees,F_all_excluding_calendar,logistic,numeric__return_12h,0.14522287971376083
2,2021,profitable_after_fees,F_all_excluding_calendar,logistic,numeric__return_24h,-0.03818788828662981
2,2021,profitable_after_fees,F_all_excluding_calendar,logistic,numeric__return_72h,-0.1089023777353156
2,2021,profitable_after_fees,F_all_excluding_calendar,logistic,numeric__return_168h,-0.034144666209506035
2,2021,profitable_after_fees,F_all_excluding_calendar,logistic,numeric__volatility_ratio_24_168,0.28005921059355415
2,2021,profitable_after_fees,F_all_excluding_calendar,logistic,numeric__natr_ratio_168,-0.24838861518853714
2,2021,profitable_after_fees,F_all_excluding_calendar,logistic,numeric__up_fraction_24,0.06584380690030571
2,2021,profitable_after_fees,F_all_excluding_calendar,logistic,numeric__volume_price_interaction,-0.04182230630235277
2,2021,profitable_after_fees,F_all_excluding_calendar,logistic,numeric__range_expansion_24,-0.20325320273712136
2,2021,profitable_after_fees,F_all_excluding_calendar,logistic,numeric__signal_density_168,0.07945339885594235
2,2021,profitable_after_fees,F_all_excluding_calendar,logistic,category__pair_BTC/USDT,-0.03813014490685265
2,2021,profitable_after_fees,F_all_excluding_calendar,logistic,category__pair_ETH/USDT,0.038624030565123986
2,2021,profitable_after_fees,F_all_excluding_calendar,logistic,category__regime_HIGH_VOLATILITY,-0.26385403701695875
2,2021,profitable_after_fees,F_all_excluding_calendar,logistic,category__regime_LOW_VOLATILITY,0.03838354739053878
2,2021,profitable_after_fees,F_all_excluding_calendar,logistic,category__regime_RANGE,0.014054087215615284
2,2021,profitable_after_fees,F_all_excluding_calendar,logistic,category__regime_TREND_DOWN,0.04123246019661996
2,2021,profitable_after_fees,F_all_excluding_calendar,logistic,category__regime_TREND_UP,0.17067782787245614
3,2022,profitable_after_fees,A_all,logistic,numeric__ema20_distance,0.16128014212963562
3,2022,profitable_after_fees,A_all,logistic,numeric__ema50_distance,0.19582484656700336
3,2022,profitable_after_fees,A_all,logistic,numeric__ema_gap,0.21735715425919294
3,2022,profitable_after_fees,A_all,logistic,numeric__ema20_slope_6,-0.23351281774495555
3,2022,profitable_after_fees,A_all,logistic,numeric__ema50_slope_6,-0.10996919486741491
3,2022,profitable_after_fees,A_all,logistic,numeric__trend_efficiency_20,0.011510546312542428
3,2022,profitable_after_fees,A_all,logistic,numeric__range_ratio,0.19732949159676189
3,2022,profitable_after_fees,A_all,logistic,numeric__body_to_range,-0.040798550074065916
3,2022,profitable_after_fees,A_all,logistic,numeric__close_location,0.13548578785408438
3,2022,profitable_after_fees,A_all,logistic,numeric__natr14,-0.11625271308936475
3,2022,profitable_after_fees,A_all,logistic,numeric__return_std_24,-0.1799454006414926
3,2022,profitable_after_fees,A_all,logistic,numeric__return_std_168,0.2152690750190941
3,2022,profitable_after_fees,A_all,logistic,numeric__volatility_percentile_720,0.06539163783976701
3,2022,profitable_after_fees,A_all,logistic,numeric__rsi14,0.009076870368506544
3,2022,profitable_after_fees,A_all,logistic,numeric__macd_ratio,0.06218045947535575
3,2022,profitable_after_fees,A_all,logistic,numeric__macd_signal_ratio,0.10317867384357685
3,2022,profitable_after_fees,A_all,logistic,numeric__relative_volume_24,0.05627530465760472
3,2022,profitable_after_fees,A_all,logistic,numeric__volume_zscore_24,-0.06542924641349501
3,2022,profitable_after_fees,A_all,logistic,numeric__volume_trend_24_168,0.05581532662949121
3,2022,profitable_after_fees,A_all,logistic,numeric__regime_duration,0.10679988582999077
3,2022,profitable_after_fees,A_all,logistic,numeric__regime_transition,0.019571959860209497
3,2022,profitable_after_fees,A_all,logistic,numeric__hour_of_day,0.1026878763135675
3,2022,profitable_after_fees,A_all,logistic,numeric__day_of_week,-0.026459479976745783
3,2022,profitable_after_fees,A_all,logistic,numeric__distance_high_24,-0.1798675337287784
3,2022,profitable_after_fees,A_all,logistic,numeric__distance_low_24,0.018461426667941268
3,2022,profitable_after_fees,A_all,logistic,numeric__distance_high_168,0.20749425478120642
3,2022,profitable_after_fees,A_all,logistic,numeric__distance_low_168,-0.00803328121409045
3,2022,profitable_after_fees,A_all,logistic,numeric__candles_since_prior_signal,0.08169897277016425
3,2022,profitable_after_fees,A_all,logistic,numeric__source_synthetic,0.0
3,2022,profitable_after_fees,A_all,logistic,numeric__return_1h,-0.08764829371835388
3,2022,profitable_after_fees,A_all,logistic,numeric__return_3h,-0.0912921755375699
3,2022,profitable_after_fees,A_all,logistic,numeric__return_6h,0.16085472700362394
3,2022,profitable_after_fees,A_all,logistic,numeric__return_12h,0.16266933183570056
3,2022,profitable_after_fees,A_all,logistic,numeric__return_24h,0.0022067870252092453
3,2022,profitable_after_fees,A_all,logistic,numeric__return_72h,-0.19153679024256903
3,2022,profitable_after_fees,A_all,logistic,numeric__return_168h,-0.0014053083635351413
3,2022,profitable_after_fees,A_all,logistic,numeric__volatility_ratio_24_168,0.26306744368491103
3,2022,profitable_after_fees,A_all,logistic,numeric__natr_ratio_168,-0.17982057162775755
3,2022,profitable_after_fees,A_all,logistic,numeric__up_fraction_24,-0.003440307349229306
3,2022,profitable_after_fees,A_all,logistic,numeric__volume_price_interaction,-0.1020136393082847
3,2022,profitable_after_fees,A_all,logistic,numeric__range_expansion_24,-0.21951404330206317
3,2022,profitable_after_fees,A_all,logistic,numeric__signal_density_168,0.06549238016141828
3,2022,profitable_after_fees,A_all,logistic,category__pair_BTC/USDT,0.033495880449381746
3,2022,profitable_after_fees,A_all,logistic,category__pair_ETH/USDT,-0.0335478411104867
3,2022,profitable_after_fees,A_all,logistic,category__regime_HIGH_VOLATILITY,-0.2552399161119668
3,2022,profitable_after_fees,A_all,logistic,category__regime_LOW_VOLATILITY,0.05528556681368631
3,2022,profitable_after_fees,A_all,logistic,category__regime_RANGE,0.15215029035290653
3,2022,profitable_after_fees,A_all,logistic,category__regime_TREND_DOWN,0.02150918613358078
3,2022,profitable_after_fees,A_all,logistic,category__regime_TREND_UP,0.026242912150688556
3,2022,profitable_after_fees,B_reduced,logistic,numeric__ema20_distance,0.10869575532318027
3,2022,profitable_after_fees,B_reduced,logistic,numeric__ema50_distance,0.16379590147866427
3,2022,profitable_after_fees,B_reduced,logistic,numeric__ema20_slope_6,-0.11991303612133605
3,2022,profitable_after_fees,B_reduced,logistic,numeric__ema50_slope_6,-0.016666112524167026
3,2022,profitable_after_fees,B_reduced,logistic,numeric__trend_efficiency_20,0.019120911857093102
3,2022,profitable_after_fees,B_reduced,logistic,numeric__range_ratio,0.23387265701810322
3,2022,profitable_after_fees,B_reduced,logistic,numeric__body_to_range,-0.0495894273381478
3,2022,profitable_after_fees,B_reduced,logistic,numeric__close_location,0.12831386834200145
3,2022,profitable_after_fees,B_reduced,logistic,numeric__natr14,-0.06727970055482652
3,2022,profitable_after_fees,B_reduced,logistic,numeric__return_std_24,-0.13995803906335577
3,2022,profitable_after_fees,B_reduced,logistic,numeric__return_std_168,0.23485748900128586
3,2022,profitable_after_fees,B_reduced,logistic,numeric__volatility_percentile_720,0.06343739265231273
3,2022,profitable_after_fees,B_reduced,logistic,numeric__rsi14,-0.027209515556221073
3,2022,profitable_after_fees,B_reduced,logistic,numeric__macd_ratio,0.17642441848896284
3,2022,profitable_after_fees,B_reduced,logistic,numeric__relative_volume_24,0.05621582955953983
3,2022,profitable_after_fees,B_reduced,logistic,numeric__volume_zscore_24,-0.07621856827699967
3,2022,profitable_after_fees,B_reduced,logistic,numeric__volume_trend_24_168,0.05673041942713439
3,2022,profitable_after_fees,B_reduced,logistic,numeric__regime_duration,0.11193639480389389
3,2022,profitable_after_fees,B_reduced,logistic,numeric__regime_transition,0.010983664177680251
3,2022,profitable_after_fees,B_reduced,logistic,numeric__hour_of_day,0.11442407461018785
3,2022,profitable_after_fees,B_reduced,logistic,numeric__day_of_week,-0.033713380582972095
3,2022,profitable_after_fees,B_reduced,logistic,numeric__distance_high_168,0.21940502970641151
3,2022,profitable_after_fees,B_reduced,logistic,numeric__distance_low_168,-0.02733521205481297
3,2022,profitable_after_fees,B_reduced,logistic,numeric__candles_since_prior_signal,0.07600854507205031
3,2022,profitable_after_fees,B_reduced,logistic,numeric__return_1h,-0.11266490446690527
3,2022,profitable_after_fees,B_reduced,logistic,numeric__return_6h,0.07986551771664392
3,2022,profitable_after_fees,B_reduced,logistic,numeric__return_24h,-0.002614605164452758
3,2022,profitable_after_fees,B_reduced,logistic,numeric__return_168h,0.015182242529240568
3,2022,profitable_after_fees,B_reduced,logistic,numeric__volatility_ratio_24_168,0.28110532167724017
3,2022,profitable_after_fees,B_reduced,logistic,numeric__natr_ratio_168,-0.16769822768022127
3,2022,profitable_after_fees,B_reduced,logistic,numeric__up_fraction_24,-0.007318507558602872
3,2022,profitable_after_fees,B_reduced,logistic,numeric__volume_price_interaction,-0.09836957022002636
3,2022,profitable_after_fees,B_reduced,logistic,numeric__range_expansion_24,-0.21032683626613363
3,2022,profitable_after_fees,B_reduced,logistic,numeric__signal_density_168,0.0746585751784728
3,2022,profitable_after_fees,B_reduced,logistic,category__pair_BTC/USDT,0.029049344645842294
3,2022,profitable_after_fees,B_reduced,logistic,category__pair_ETH/USDT,-0.029023159290319196
3,2022,profitable_after_fees,B_reduced,logistic,category__regime_HIGH_VOLATILITY,-0.26433437330862636
3,2022,profitable_after_fees,B_reduced,logistic,category__regime_LOW_VOLATILITY,0.05437370063250545
3,2022,profitable_after_fees,B_reduced,logistic,category__regime_RANGE,0.15310489958774282
3,2022,profitable_after_fees,B_reduced,logistic,category__regime_TREND_DOWN,0.017427748139435685
3,2022,profitable_after_fees,B_reduced,logistic,category__regime_TREND_UP,0.03945421030446577
3,2022,profitable_after_fees,C_price_trend,logistic,numeric__ema20_distance,0.16443011905286045
3,2022,profitable_after_fees,C_price_trend,logistic,numeric__ema50_distance,0.22608355297260402
3,2022,profitable_after_fees,C_price_trend,logistic,numeric__ema_gap,0.3043065429214071
3,2022,profitable_after_fees,C_price_trend,logistic,numeric__ema20_slope_6,-0.19506389525874643
3,2022,profitable_after_fees,C_price_trend,logistic,numeric__ema50_slope_6,-0.048351933375864416
3,2022,profitable_after_fees,C_price_trend,logistic,numeric__trend_efficiency_20,0.012093622174010542
3,2022,profitable_after_fees,C_price_trend,logistic,numeric__range_ratio,-0.00903076739602486
3,2022,profitable_after_fees,C_price_trend,logistic,numeric__body_to_range,-0.0655298820802105
3,2022,profitable_after_fees,C_price_trend,logistic,numeric__close_location,0.1771541588168346
3,2022,profitable_after_fees,C_price_trend,logistic,numeric__distance_high_24,-0.19673261623296603
3,2022,profitable_after_fees,C_price_trend,logistic,numeric__distance_low_24,0.10253882022364248
3,2022,profitable_after_fees,C_price_trend,logistic,numeric__distance_high_168,0.18029167859450212
3,2022,profitable_after_fees,C_price_trend,logistic,numeric__distance_low_168,0.00929393430208942
3,2022,profitable_after_fees,C_price_trend,logistic,numeric__return_1h,-0.17222063596688977
3,2022,profitable_after_fees,C_price_trend,logistic,numeric__return_3h,-0.13218831167172332
3,2022,profitable_after_fees,C_price_trend,logistic,numeric__return_6h,0.10655232152140108
3,2022,profitable_after_fees,C_price_trend,logistic,numeric__return_12h,0.17432303041299832
3,2022,profitable_after_fees,C_price_trend,logistic,numeric__return_24h,0.03201494104035713
3,2022,profitable_after_fees,C_price_trend,logistic,numeric__return_72h,-0.23937225578682242
3,2022,profitable_after_fees,C_price_trend,logistic,numeric__return_168h,-0.02379340454211818
3,2022,profitable_after_fees,C_price_trend,logistic,numeric__up_fraction_24,-0.00709949571770957
3,2022,profitable_after_fees,C_price_trend,logistic,category__pair_BTC/USDT,0.030671634309601983
3,2022,profitable_after_fees,C_price_trend,logistic,category__pair_ETH/USDT,-0.031723319276734774
3,2022,profitable_after_fees,D_price_trend_volatility,logistic,numeric__ema20_distance,0.1652131475879686
3,2022,profitable_after_fees,D_price_trend_volatility,logistic,numeric__ema50_distance,0.21232327773842577
3,2022,profitable_after_fees,D_price_trend_volatility,logistic,numeric__ema_gap,0.26130358877791104
3,2022,profitable_after_fees,D_price_trend_volatility,logistic,numeric__ema20_slope_6,-0.19559721376987824
3,2022,profitable_after_fees,D_price_trend_volatility,logistic,numeric__ema50_slope_6,-0.06812153100542503
3,2022,profitable_after_fees,D_price_trend_volatility,logistic,numeric__trend_efficiency_20,0.020821158816753626
3,2022,profitable_after_fees,D_price_trend_volatility,logistic,numeric__range_ratio,0.2062015758235582
3,2022,profitable_after_fees,D_price_trend_volatility,logistic,numeric__body_to_range,-0.04927866878655261
3,2022,profitable_after_fees,D_price_trend_volatility,logistic,numeric__close_location,0.14744417145642075
3,2022,profitable_after_fees,D_price_trend_volatility,logistic,numeric__distance_high_24,-0.17511094363852903
3,2022,profitable_after_fees,D_price_trend_volatility,logistic,numeric__distance_low_24,0.04874006346497394
3,2022,profitable_after_fees,D_price_trend_volatility,logistic,numeric__distance_high_168,0.24202929176273774
3,2022,profitable_after_fees,D_price_trend_volatility,logistic,numeric__distance_low_168,-0.02889494040262368
3,2022,profitable_after_fees,D_price_trend_volatility,logistic,numeric__return_1h,-0.15292746727736659
3,2022,profitable_after_fees,D_price_trend_volatility,logistic,numeric__return_3h,-0.1383473448843912
3,2022,profitable_after_fees,D_price_trend_volatility,logistic,numeric__return_6h,0.10997027114692398
3,2022,profitable_after_fees,D_price_trend_volatility,logistic,numeric__return_12h,0.17849002724623408
3,2022,profitable_after_fees,D_price_trend_volatility,logistic,numeric__return_24h,0.03276752143945818
3,2022,profitable_after_fees,D_price_trend_volatility,logistic,numeric__return_72h,-0.22228389219853853
3,2022,profitable_after_fees,D_price_trend_volatility,logistic,numeric__return_168h,-0.008510782005956492
3,2022,profitable_after_fees,D_price_trend_volatility,logistic,numeric__up_fraction_24,0.010032166936760142
3,2022,profitable_after_fees,D_price_trend_volatility,logistic,numeric__natr14,-0.10838873009410156
3,2022,profitable_after_fees,D_price_trend_volatility,logistic,numeric__return_std_24,-0.195966904825027
3,2022,profitable_after_fees,D_price_trend_volatility,logistic,numeric__return_std_168,0.22621463393335037
3,2022,profitable_after_fees,D_price_trend_volatility,logistic,numeric__volatility_percentile_720,0.06455145084501669
3,2022,profitable_after_fees,D_price_trend_volatility,logistic,numeric__volatility_ratio_24_168,0.2843813080628805
3,2022,profitable_after_fees,D_price_trend_volatility,logistic,numeric__natr_ratio_168,-0.17073508571859822
3,2022,profitable_after_fees,D_price_trend_volatility,logistic,numeric__range_expansion_24,-0.2408316744042494
3,2022,profitable_after_fees,D_price_trend_volatility,logistic,category__pair_BTC/USDT,0.03363458370950808
3,2022,profitable_after_fees,D_price_trend_volatility,logistic,category__pair_ETH/USDT,-0.03480495448496616
3,2022,profitable_after_fees,E_all_excluding_regime,logistic,numeric__ema20_distance,0.16439248001267004
3,2022,profitable_after_fees,E_all_excluding_regime,logistic,numeric__ema50_distance,0.19732449503233973
3,2022,profitable_after_fees,E_all_excluding_regime,logistic,numeric__ema_gap,0.22307163557423745
3,2022,profitable_after_fees,E_all_excluding_regime,logistic,numeric__ema20_slope_6,-0.2414598427778495
3,2022,profitable_after_fees,E_all_excluding_regime,logistic,numeric__ema50_slope_6,-0.11865289839404927
3,2022,profitable_after_fees,E_all_excluding_regime,logistic,numeric__trend_efficiency_20,-0.013028547528254587
3,2022,profitable_after_fees,E_all_excluding_regime,logistic,numeric__range_ratio,0.2063538921272586
3,2022,profitable_after_fees,E_all_excluding_regime,logistic,numeric__body_to_range,-0.042083066472792065
3,2022,profitable_after_fees,E_all_excluding_regime,logistic,numeric__close_location,0.13432349473648714
3,2022,profitable_after_fees,E_all_excluding_regime,logistic,numeric__natr14,-0.12815284500981672
3,2022,profitable_after_fees,E_all_excluding_regime,logistic,numeric__return_std_24,-0.20088586578212436
3,2022,profitable_after_fees,E_all_excluding_regime,logistic,numeric__return_std_168,0.22588724999015386
3,2022,profitable_after_fees,E_all_excluding_regime,logistic,numeric__volatility_percentile_720,0.054360088647104725
3,2022,profitable_after_fees,E_all_excluding_regime,logistic,numeric__rsi14,0.00687558782448896
3,2022,profitable_after_fees,E_all_excluding_regime,logistic,numeric__macd_ratio,0.0643450995723515
3,2022,profitable_after_fees,E_all_excluding_regime,logistic,numeric__macd_signal_ratio,0.10096336954933016
3,2022,profitable_after_fees,E_all_excluding_regime,logistic,numeric__relative_volume_24,0.055126492193252184
3,2022,profitable_after_fees,E_all_excluding_regime,logistic,numeric__volume_zscore_24,-0.06133367565013012
3,2022,profitable_after_fees,E_all_excluding_regime,logistic,numeric__volume_trend_24_168,0.05549167495231465
3,2022,profitable_after_fees,E_all_excluding_regime,logistic,numeric__hour_of_day,0.0984711700676326
3,2022,profitable_after_fees,E_all_excluding_regime,logistic,numeric__day_of_week,-0.02633892244009167
3,2022,profitable_after_fees,E_all_excluding_regime,logistic,numeric__distance_high_24,-0.17063552027571283
3,2022,profitable_after_fees,E_all_excluding_regime,logistic,numeric__distance_low_24,0.022915186523218962
3,2022,profitable_after_fees,E_all_excluding_regime,logistic,numeric__distance_high_168,0.2330885480318815
3,2022,profitable_after_fees,E_all_excluding_regime,logistic,numeric__distance_low_168,-0.016816137098754343
3,2022,profitable_after_fees,E_all_excluding_regime,logistic,numeric__candles_since_prior_signal,0.0858857424864275
3,2022,profitable_after_fees,E_all_excluding_regime,logistic,numeric__source_synthetic,0.0
3,2022,profitable_after_fees,E_all_excluding_regime,logistic,numeric__return_1h,-0.08724149662669967
3,2022,profitable_after_fees,E_all_excluding_regime,logistic,numeric__return_3h,-0.10086629731653045
3,2022,profitable_after_fees,E_all_excluding_regime,logistic,numeric__return_6h,0.15768178240554687
3,2022,profitable_after_fees,E_all_excluding_regime,logistic,numeric__return_12h,0.16347387456005363
3,2022,profitable_after_fees,E_all_excluding_regime,logistic,numeric__return_24h,-0.0026919770067755622
3,2022,profitable_after_fees,E_all_excluding_regime,logistic,numeric__return_72h,-0.20943248460313021
3,2022,profitable_after_fees,E_all_excluding_regime,logistic,numeric__return_168h,-0.00019744703313913104
3,2022,profitable_after_fees,E_all_excluding_regime,logistic,numeric__volatility_ratio_24_168,0.27041901292608683
3,2022,profitable_after_fees,E_all_excluding_regime,logistic,numeric__natr_ratio_168,-0.2144639361652797
3,2022,profitable_after_fees,E_all_excluding_regime,logistic,numeric__up_fraction_24,0.00010496313309982187
3,2022,profitable_after_fees,E_all_excluding_regime,logistic,numeric__volume_price_interaction,-0.1022256562440535
3,2022,profitable_after_fees,E_all_excluding_regime,logistic,numeric__range_expansion_24,-0.21780917552091278
3,2022,profitable_after_fees,E_all_excluding_regime,logistic,numeric__signal_density_168,0.07714470766740474
3,2022,profitable_after_fees,E_all_excluding_regime,logistic,category__pair_BTC/USDT,0.03400301669853953
3,2022,profitable_after_fees,E_all_excluding_regime,logistic,category__pair_ETH/USDT,-0.03707323976345617
3,2022,profitable_after_fees,F_all_excluding_calendar,logistic,numeric__ema20_distance,0.1599167777313005
3,2022,profitable_after_fees,F_all_excluding_calendar,logistic,numeric__ema50_distance,0.19678814124030194
3,2022,profitable_after_fees,F_all_excluding_calendar,logistic,numeric__ema_gap,0.22241391796341192
3,2022,profitable_after_fees,F_all_excluding_calendar,logistic,numeric__ema20_slope_6,-0.23437242215782822
3,2022,profitable_after_fees,F_all_excluding_calendar,logistic,numeric__ema50_slope_6,-0.10765064733335633
3,2022,profitable_after_fees,F_all_excluding_calendar,logistic,numeric__trend_efficiency_20,0.01455994687262972
3,2022,profitable_after_fees,F_all_excluding_calendar,logistic,numeric__range_ratio,0.19976279332629523
3,2022,profitable_after_fees,F_all_excluding_calendar,logistic,numeric__body_to_range,-0.04246190897247435
3,2022,profitable_after_fees,F_all_excluding_calendar,logistic,numeric__close_location,0.14221791007197473
3,2022,profitable_after_fees,F_all_excluding_calendar,logistic,numeric__natr14,-0.10756111626148859
3,2022,profitable_after_fees,F_all_excluding_calendar,logistic,numeric__return_std_24,-0.1762285487105476
3,2022,profitable_after_fees,F_all_excluding_calendar,logistic,numeric__return_std_168,0.21806679917763058
3,2022,profitable_after_fees,F_all_excluding_calendar,logistic,numeric__volatility_percentile_720,0.0683941378190064
3,2022,profitable_after_fees,F_all_excluding_calendar,logistic,numeric__rsi14,0.01427368894624526
3,2022,profitable_after_fees,F_all_excluding_calendar,logistic,numeric__macd_ratio,0.05781344996431279
3,2022,profitable_after_fees,F_all_excluding_calendar,logistic,numeric__macd_signal_ratio,0.0983054675217358
3,2022,profitable_after_fees,F_all_excluding_calendar,logistic,numeric__relative_volume_24,0.06674143168842757
3,2022,profitable_after_fees,F_all_excluding_calendar,logistic,numeric__volume_zscore_24,-0.06244672239282907
3,2022,profitable_after_fees,F_all_excluding_calendar,logistic,numeric__volume_trend_24_168,0.06423329786090079
3,2022,profitable_after_fees,F_all_excluding_calendar,logistic,numeric__regime_duration,0.10639967303066143
3,2022,profitable_after_fees,F_all_excluding_calendar,logistic,numeric__regime_transition,0.019110698264801086
3,2022,profitable_after_fees,F_all_excluding_calendar,logistic,numeric__distance_high_24,-0.18166296823536812
3,2022,profitable_after_fees,F_all_excluding_calendar,logistic,numeric__distance_low_24,0.012303265052642882
3,2022,profitable_after_fees,F_all_excluding_calendar,logistic,numeric__distance_high_168,0.211121431075921
3,2022,profitable_after_fees,F_all_excluding_calendar,logistic,numeric__distance_low_168,-0.01600783009768607
3,2022,profitable_after_fees,F_all_excluding_calendar,logistic,numeric__candles_since_prior_signal,0.08459355439959096
3,2022,profitable_after_fees,F_all_excluding_calendar,logistic,numeric__source_synthetic,0.0
3,2022,profitable_after_fees,F_all_excluding_calendar,logistic,numeric__return_1h,-0.08616910334526566
3,2022,profitable_after_fees,F_all_excluding_calendar,logistic,numeric__return_3h,-0.10391846353124927
3,2022,profitable_after_fees,F_all_excluding_calendar,logistic,numeric__return_6h,0.1519903222385537
3,2022,profitable_after_fees,F_all_excluding_calendar,logistic,numeric__return_12h,0.19164586781282483
3,2022,profitable_after_fees,F_all_excluding_calendar,logistic,numeric__return_24h,-0.0015941455788496554
3,2022,profitable_after_fees,F_all_excluding_calendar,logistic,numeric__return_72h,-0.19738129349009598
3,2022,profitable_after_fees,F_all_excluding_calendar,logistic,numeric__return_168h,-0.004133463012344826
3,2022,profitable_after_fees,F_all_excluding_calendar,logistic,numeric__volatility_ratio_24_168,0.2693469656025481
3,2022,profitable_after_fees,F_all_excluding_calendar,logistic,numeric__natr_ratio_168,-0.18440340247663795
3,2022,profitable_after_fees,F_all_excluding_calendar,logistic,numeric__up_fraction_24,0.0003598407726008258
3,2022,profitable_after_fees,F_all_excluding_calendar,logistic,numeric__volume_price_interaction,-0.10771084287679046
3,2022,profitable_after_fees,F_all_excluding_calendar,logistic,numeric__range_expansion_24,-0.21707548911877386
3,2022,profitable_after_fees,F_all_excluding_calendar,logistic,numeric__signal_density_168,0.06538728879418808
3,2022,profitable_after_fees,F_all_excluding_calendar,logistic,category__pair_BTC/USDT,0.032856342439999166
3,2022,profitable_after_fees,F_all_excluding_calendar,logistic,category__pair_ETH/USDT,-0.033927447378299176
3,2022,profitable_after_fees,F_all_excluding_calendar,logistic,category__regime_HIGH_VOLATILITY,-0.24534958425545067
3,2022,profitable_after_fees,F_all_excluding_calendar,logistic,category__regime_LOW_VOLATILITY,0.05256190022829883
3,2022,profitable_after_fees,F_all_excluding_calendar,logistic,category__regime_RANGE,0.14953700466483386
3,2022,profitable_after_fees,F_all_excluding_calendar,logistic,category__regime_TREND_DOWN,0.01715452234949426
3,2022,profitable_after_fees,F_all_excluding_calendar,logistic,category__regime_TREND_UP,0.0250250520745235
4,2023,profitable_after_fees,A_all,logistic,numeric__ema20_distance,0.19775003799282195
4,2023,profitable_after_fees,A_all,logistic,numeric__ema50_distance,0.2366776370801433
4,2023,profitable_after_fees,A_all,logistic,numeric__ema_gap,0.2513950401553804
4,2023,profitable_after_fees,A_all,logistic,numeric__ema20_slope_6,-0.22391199264026962
4,2023,profitable_after_fees,A_all,logistic,numeric__ema50_slope_6,-0.09243945179303016
4,2023,profitable_after_fees,A_all,logistic,numeric__trend_efficiency_20,0.06016669690412804
4,2023,profitable_after_fees,A_all,logistic,numeric__range_ratio,0.29879177912275484
4,2023,profitable_after_fees,A_all,logistic,numeric__body_to_range,0.020228399028783536
4,2023,profitable_after_fees,A_all,logistic,numeric__close_location,0.03215181716000595
4,2023,profitable_after_fees,A_all,logistic,numeric__natr14,-0.02063934939600049
4,2023,profitable_after_fees,A_all,logistic,numeric__return_std_24,-0.22390954301769322
4,2023,profitable_after_fees,A_all,logistic,numeric__return_std_168,0.252537904975731
4,2023,profitable_after_fees,A_all,logistic,numeric__volatility_percentile_720,-0.004851021078277025
4,2023,profitable_after_fees,A_all,logistic,numeric__rsi14,0.13462284835792124
4,2023,profitable_after_fees,A_all,logistic,numeric__macd_ratio,0.06654558221423486
4,2023,profitable_after_fees,A_all,logistic,numeric__macd_signal_ratio,0.056977997449492515
4,2023,profitable_after_fees,A_all,logistic,numeric__relative_volume_24,-0.016443063757994432
4,2023,profitable_after_fees,A_all,logistic,numeric__volume_zscore_24,-0.10330260521131072
4,2023,profitable_after_fees,A_all,logistic,numeric__volume_trend_24_168,0.12753815541667207
4,2023,profitable_after_fees,A_all,logistic,numeric__regime_duration,0.06448507226451643
4,2023,profitable_after_fees,A_all,logistic,numeric__regime_transition,0.022193551286762713
4,2023,profitable_after_fees,A_all,logistic,numeric__hour_of_day,0.15369084624744178
4,2023,profitable_after_fees,A_all,logistic,numeric__day_of_week,-0.14952670988976496
4,2023,profitable_after_fees,A_all,logistic,numeric__distance_high_24,-0.14361275580319607
4,2023,profitable_after_fees,A_all,logistic,numeric__distance_low_24,0.009301453826844577
4,2023,profitable_after_fees,A_all,logistic,numeric__distance_high_168,0.13631811424975918
4,2023,profitable_after_fees,A_all,logistic,numeric__distance_low_168,-0.0863156055243845
4,2023,profitable_after_fees,A_all,logistic,numeric__candles_since_prior_signal,0.0088759978758369
4,2023,profitable_after_fees,A_all,logistic,numeric__source_synthetic,0.0
4,2023,profitable_after_fees,A_all,logistic,numeric__return_1h,-0.046555941738220016
4,2023,profitable_after_fees,A_all,logistic,numeric__return_3h,-0.19318481422934422
4,2023,profitable_after_fees,A_all,logistic,numeric__return_6h,0.1485083971911723
4,2023,profitable_after_fees,A_all,logistic,numeric__return_12h,-0.004783987836410858
4,2023,profitable_after_fees,A_all,logistic,numeric__return_24h,-0.01865580360361541
4,2023,profitable_after_fees,A_all,logistic,numeric__return_72h,-0.19489624358505375
4,2023,profitable_after_fees,A_all,logistic,numeric__return_168h,0.11130954682186998
4,2023,profitable_after_fees,A_all,logistic,numeric__volatility_ratio_24_168,0.28008442894077673
4,2023,profitable_after_fees,A_all,logistic,numeric__natr_ratio_168,-0.2402810480490252
4,2023,profitable_after_fees,A_all,logistic,numeric__up_fraction_24,-0.023604762773558836
4,2023,profitable_after_fees,A_all,logistic,numeric__volume_price_interaction,-0.06147836834693515
4,2023,profitable_after_fees,A_all,logistic,numeric__range_expansion_24,-0.2298693305952442
4,2023,profitable_after_fees,A_all,logistic,numeric__signal_density_168,-0.004315135493705033
4,2023,profitable_after_fees,A_all,logistic,category__pair_BTC/USDT,-0.008087650236909532
4,2023,profitable_after_fees,A_all,logistic,category__pair_ETH/USDT,0.005706890991644567
4,2023,profitable_after_fees,A_all,logistic,category__regime_HIGH_VOLATILITY,-0.2413221941121478
4,2023,profitable_after_fees,A_all,logistic,category__regime_LOW_VOLATILITY,-0.030992943625376235
4,2023,profitable_after_fees,A_all,logistic,category__regime_RANGE,0.32409029914565657
4,2023,profitable_after_fees,A_all,logistic,category__regime_TREND_DOWN,0.025532032310723558
4,2023,profitable_after_fees,A_all,logistic,category__regime_TREND_UP,-0.07968795296412115
4,2023,profitable_after_fees,B_reduced,logistic,numeric__ema20_distance,0.017034536196160195
4,2023,profitable_after_fees,B_reduced,logistic,numeric__ema50_distance,0.12454621708207542
4,2023,profitable_after_fees,B_reduced,logistic,numeric__ema20_slope_6,-0.12474967612510482
4,2023,profitable_after_fees,B_reduced,logistic,numeric__ema50_slope_6,0.02819362313931121
4,2023,profitable_after_fees,B_reduced,logistic,numeric__trend_efficiency_20,0.07635518223859863
4,2023,profitable_after_fees,B_reduced,logistic,numeric__range_ratio,0.3125068916727063
4,2023,profitable_after_fees,B_reduced,logistic,numeric__body_to_range,0.01439693624076564
4,2023,profitable_after_fees,B_reduced,logistic,numeric__close_location,0.0286982213440306
4,2023,profitable_after_fees,B_reduced,logistic,numeric__natr14,0.025126723333944397
4,2023,profitable_after_fees,B_reduced,logistic,numeric__return_std_24,-0.19600783006617414
4,2023,profitable_after_fees,B_reduced,logistic,numeric__return_std_168,0.268144493209968
4,2023,profitable_after_fees,B_reduced,logistic,numeric__volatility_percentile_720,-0.004431170596288565
4,2023,profitable_after_fees,B_reduced,logistic,numeric__rsi14,0.07121259874161075
4,2023,profitable_after_fees,B_reduced,logistic,numeric__macd_ratio,0.1614429972821647
4,2023,profitable_after_fees,B_reduced,logistic,numeric__relative_volume_24,-0.013555654935830039
4,2023,profitable_after_fees,B_reduced,logistic,numeric__volume_zscore_24,-0.11818511504050015
4,2023,profitable_after_fees,B_reduced,logistic,numeric__volume_trend_24_168,0.1430847380803314
4,2023,profitable_after_fees,B_reduced,logistic,numeric__regime_duration,0.07407156870511328
4,2023,profitable_after_fees,B_reduced,logistic,numeric__regime_transition,0.01694139724088846
4,2023,profitable_after_fees,B_reduced,logistic,numeric__hour_of_day,0.15354021987364724
4,2023,profitable_after_fees,B_reduced,logistic,numeric__day_of_week,-0.1583523437835963
4,2023,profitable_after_fees,B_reduced,logistic,numeric__distance_high_168,0.16258356717710046
4,2023,profitable_after_fees,B_reduced,logistic,numeric__distance_low_168,-0.09723299006494832
4,2023,profitable_after_fees,B_reduced,logistic,numeric__candles_since_prior_signal,0.008728303001016024
4,2023,profitable_after_fees,B_reduced,logistic,numeric__return_1h,-0.07075996408388746
4,2023,profitable_after_fees,B_reduced,logistic,numeric__return_6h,0.08981496878703206
4,2023,profitable_after_fees,B_reduced,logistic,numeric__return_24h,-0.03227141684056465
4,2023,profitable_after_fees,B_reduced,logistic,numeric__return_168h,0.13812404190584754
4,2023,profitable_after_fees,B_reduced,logistic,numeric__volatility_ratio_24_168,0.28663585629065513
4,2023,profitable_after_fees,B_reduced,logistic,numeric__natr_ratio_168,-0.24201371048113737
4,2023,profitable_after_fees,B_reduced,logistic,numeric__up_fraction_24,-0.0283205223758737
4,2023,profitable_after_fees,B_reduced,logistic,numeric__volume_price_interaction,-0.058883345394161096
4,2023,profitable_after_fees,B_reduced,logistic,numeric__range_expansion_24,-0.21655681097138854
4,2023,profitable_after_fees,B_reduced,logistic,numeric__signal_density_168,0.005479437844991724
4,2023,profitable_after_fees,B_reduced,logistic,category__pair_BTC/USDT,-0.01178220295818684
4,2023,profitable_after_fees,B_reduced,logistic,category__pair_ETH/USDT,0.00945323950569314
4,2023,profitable_after_fees,B_reduced,logistic,category__regime_HIGH_VOLATILITY,-0.24561084679184503
4,2023,profitable_after_fees,B_reduced,logistic,category__regime_LOW_VOLATILITY,-0.034978266380454315
4,2023,profitable_after_fees,B_reduced,logistic,category__regime_RANGE,0.32391910564154086
4,2023,profitable_after_fees,B_reduced,logistic,category__regime_TREND_DOWN,0.022360741163437205
4,2023,profitable_after_fees,B_reduced,logistic,category__regime_TREND_UP,-0.06801969708517237
4,2023,profitable_after_fees,C_price_trend,logistic,numeric__ema20_distance,0.19244844729310465
4,2023,profitable_after_fees,C_price_trend,logistic,numeric__ema50_distance,0.25637886278868793
4,2023,profitable_after_fees,C_price_trend,logistic,numeric__ema_gap,0.33953908172263997
4,2023,profitable_after_fees,C_price_trend,logistic,numeric__ema20_slope_6,-0.1818914300898375
4,2023,profitable_after_fees,C_price_trend,logistic,numeric__ema50_slope_6,-0.03444441108143668
4,2023,profitable_after_fees,C_price_trend,logistic,numeric__trend_efficiency_20,0.035624971164918744
4,2023,profitable_after_fees,C_price_trend,logistic,numeric__range_ratio,0.01559954831563468
4,2023,profitable_after_fees,C_price_trend,logistic,numeric__body_to_range,-0.01778255711242318
4,2023,profitable_after_fees,C_price_trend,logistic,numeric__close_location,0.08664516950827414
4,2023,profitable_after_fees,C_price_trend,logistic,numeric__distance_high_24,-0.15978309068943938
4,2023,profitable_after_fees,C_price_trend,logistic,numeric__distance_low_24,0.1513920187291378
4,2023,profitable_after_fees,C_price_trend,logistic,numeric__distance_high_168,0.114524926997347
4,2023,profitable_after_fees,C_price_trend,logistic,numeric__distance_low_168,-0.07483941199942608
4,2023,profitable_after_fees,C_price_trend,logistic,numeric__return_1h,-0.10378113397554146
4,2023,profitable_after_fees,C_price_trend,logistic,numeric__return_3h,-0.230608622909607
4,2023,profitable_after_fees,C_price_trend,logistic,numeric__return_6h,0.13849459858596788
4,2023,profitable_after_fees,C_price_trend,logistic,numeric__return_12h,0.04555628582892585
4,2023,profitable_after_fees,C_price_trend,logistic,numeric__return_24h,-0.021439644993547568
4,2023,profitable_after_fees,C_price_trend,logistic,numeric__return_72h,-0.24505479393776694
4,2023,profitable_after_fees,C_price_trend,logistic,numeric__return_168h,0.057321828326287814
4,2023,profitable_after_fees,C_price_trend,logistic,numeric__up_fraction_24,-0.023934931344295723
4,2023,profitable_after_fees,C_price_trend,logistic,category__pair_BTC/USDT,-0.017086724987986072
4,2023,profitable_after_fees,C_price_trend,logistic,category__pair_ETH/USDT,0.013559239463736262
4,2023,profitable_after_fees,D_price_trend_volatility,logistic,numeric__ema20_distance,0.1990823011104312
4,2023,profitable_after_fees,D_price_trend_volatility,logistic,numeric__ema50_distance,0.24693436451432227
4,2023,profitable_after_fees,D_price_trend_volatility,logistic,numeric__ema_gap,0.29636106147720653
4,2023,profitable_after_fees,D_price_trend_volatility,logistic,numeric__ema20_slope_6,-0.18520605954625757
4,2023,profitable_after_fees,D_price_trend_volatility,logistic,numeric__ema50_slope_6,-0.05783558120758417
4,2023,profitable_after_fees,D_price_trend_volatility,logistic,numeric__trend_efficiency_20,0.05773212997420874
4,2023,profitable_after_fees,D_price_trend_volatility,logistic,numeric__range_ratio,0.2887919402068353
4,2023,profitable_after_fees,D_price_trend_volatility,logistic,numeric__body_to_range,-0.002713328472054445
4,2023,profitable_after_fees,D_price_trend_volatility,logistic,numeric__close_location,0.059165837448120984
4,2023,profitable_after_fees,D_price_trend_volatility,logistic,numeric__distance_high_24,-0.11385135614776583
4,2023,profitable_after_fees,D_price_trend_volatility,logistic,numeric__distance_low_24,0.044014767072441265
4,2023,profitable_after_fees,D_price_trend_volatility,logistic,numeric__distance_high_168,0.17680118667832526
4,2023,profitable_after_fees,D_price_trend_volatility,logistic,numeric__distance_low_168,-0.13762441883578289
4,2023,profitable_after_fees,D_price_trend_volatility,logistic,numeric__return_1h,-0.08842656144065697
4,2023,profitable_after_fees,D_price_trend_volatility,logistic,numeric__return_3h,-0.23481939704109359
4,2023,profitable_after_fees,D_price_trend_volatility,logistic,numeric__return_6h,0.13582977360500506
4,2023,profitable_after_fees,D_price_trend_volatility,logistic,numeric__return_12h,0.051934762579918345
4,2023,profitable_after_fees,D_price_trend_volatility,logistic,numeric__return_24h,-0.01286793029128666
4,2023,profitable_after_fees,D_price_trend_volatility,logistic,numeric__return_72h,-0.22061542441818252
4,2023,profitable_after_fees,D_price_trend_volatility,logistic,numeric__return_168h,0.08092635937914822
4,2023,profitable_after_fees,D_price_trend_volatility,logistic,numeric__up_fraction_24,-0.004910650808365947
4,2023,profitable_after_fees,D_price_trend_volatility,logistic,numeric__natr14,-0.012464502894441053
4,2023,profitable_after_fees,D_price_trend_volatility,logistic,numeric__return_std_24,-0.26230422455403735
4,2023,profitable_after_fees,D_price_trend_volatility,logistic,numeric__return_std_168,0.2563651809440793
4,2023,profitable_after_fees,D_price_trend_volatility,logistic,numeric__volatility_percentile_720,0.012796144273408097
4,2023,profitable_after_fees,D_price_trend_volatility,logistic,numeric__volatility_ratio_24_168,0.34262289832108656
4,2023,profitable_after_fees,D_price_trend_volatility,logistic,numeric__natr_ratio_168,-0.19091632764589264
4,2023,profitable_after_fees,D_price_trend_volatility,logistic,numeric__range_expansion_24,-0.297334791373956
4,2023,profitable_after_fees,D_price_trend_volatility,logistic,category__pair_BTC/USDT,-0.0011542259607135253
4,2023,profitable_after_fees,D_price_trend_volatility,logistic,category__pair_ETH/USDT,-0.0004103713367944339
4,2023,profitable_after_fees,E_all_excluding_regime,logistic,numeric__ema20_distance,0.19196020823735158
4,2023,profitable_after_fees,E_all_excluding_regime,logistic,numeric__ema50_distance,0.2300790603434751
4,2023,profitable_after_fees,E_all_excluding_regime,logistic,numeric__ema_gap,0.26130679456929223
4,2023,profitable_after_fees,E_all_excluding_regime,logistic,numeric__ema20_slope_6,-0.2265523323414496
4,2023,profitable_after_fees,E_all_excluding_regime,logistic,numeric__ema50_slope_6,-0.09987715832332693
4,2023,profitable_after_fees,E_all_excluding_regime,logistic,numeric__trend_efficiency_20,-0.005831743229024795
4,2023,profitable_after_fees,E_all_excluding_regime,logistic,numeric__range_ratio,0.3043229077752135
4,2023,profitable_after_fees,E_all_excluding_regime,logistic,numeric__body_to_range,0.014972224727676228
4,2023,profitable_after_fees,E_all_excluding_regime,logistic,numeric__close_location,0.03313242077901943
4,2023,profitable_after_fees,E_all_excluding_regime,logistic,numeric__natr14,-0.054367026821440324
4,2023,profitable_after_fees,E_all_excluding_regime,logistic,numeric__return_std_24,-0.26625493664937355
4,2023,profitable_after_fees,E_all_excluding_regime,logistic,numeric__return_std_168,0.25625162600130375
4,2023,profitable_after_fees,E_all_excluding_regime,logistic,numeric__volatility_percentile_720,-0.012508406354207878
4,2023,profitable_after_fees,E_all_excluding_regime,logistic,numeric__rsi14,0.10825773050029806
4,2023,profitable_after_fees,E_all_excluding_regime,logistic,numeric__macd_ratio,0.06395195374683924
4,2023,profitable_after_fees,E_all_excluding_regime,logistic,numeric__macd_signal_ratio,0.047315020233150096
4,2023,profitable_after_fees,E_all_excluding_regime,logistic,numeric__relative_volume_24,-0.020927017514714152
4,2023,profitable_after_fees,E_all_excluding_regime,logistic,numeric__volume_zscore_24,-0.09161950019493435
4,2023,profitable_after_fees,E_all_excluding_regime,logistic,numeric__volume_trend_24_168,0.11317810862323598
4,2023,profitable_after_fees,E_all_excluding_regime,logistic,numeric__hour_of_day,0.150936219181418
4,2023,profitable_after_fees,E_all_excluding_regime,logistic,numeric__day_of_week,-0.15249416126578133
4,2023,profitable_after_fees,E_all_excluding_regime,logistic,numeric__distance_high_24,-0.11538508191227388
4,2023,profitable_after_fees,E_all_excluding_regime,logistic,numeric__distance_low_24,0.01734349324538942
4,2023,profitable_after_fees,E_all_excluding_regime,logistic,numeric__distance_high_168,0.1438518649168354
4,2023,profitable_after_fees,E_all_excluding_regime,logistic,numeric__distance_low_168,-0.1081089108270752
4,2023,profitable_after_fees,E_all_excluding_regime,logistic,numeric__candles_since_prior_signal,0.014852085638922955
4,2023,profitable_after_fees,E_all_excluding_regime,logistic,numeric__source_synthetic,0.0
4,2023,profitable_after_fees,E_all_excluding_regime,logistic,numeric__return_1h,-0.0402012714067172
4,2023,profitable_after_fees,E_all_excluding_regime,logistic,numeric__return_3h,-0.20628665844937538
4,2023,profitable_after_fees,E_all_excluding_regime,logistic,numeric__return_6h,0.15495772098364907
4,2023,profitable_after_fees,E_all_excluding_regime,logistic,numeric__return_12h,0.003878111979190655
4,2023,profitable_after_fees,E_all_excluding_regime,logistic,numeric__return_24h,-0.012429150090815883
4,2023,profitable_after_fees,E_all_excluding_regime,logistic,numeric__return_72h,-0.21051601928607894
4,2023,profitable_after_fees,E_all_excluding_regime,logistic,numeric__return_168h,0.10937150665603465
4,2023,profitable_after_fees,E_all_excluding_regime,logistic,numeric__volatility_ratio_24_168,0.2941189774731317
4,2023,profitable_after_fees,E_all_excluding_regime,logistic,numeric__natr_ratio_168,-0.2576916936732927
4,2023,profitable_after_fees,E_all_excluding_regime,logistic,numeric__up_fraction_24,-0.023118310750784597
4,2023,profitable_after_fees,E_all_excluding_regime,logistic,numeric__volume_price_interaction,-0.06372209044281325
4,2023,profitable_after_fees,E_all_excluding_regime,logistic,numeric__range_expansion_24,-0.22647599418974948
4,2023,profitable_after_fees,E_all_excluding_regime,logistic,numeric__signal_density_168,0.003284130499106029
4,2023,profitable_after_fees,E_all_excluding_regime,logistic,category__pair_BTC/USDT,-0.004557495981874399
4,2023,profitable_after_fees,E_all_excluding_regime,logistic,category__pair_ETH/USDT,0.0054481904412399095
4,2023,profitable_after_fees,F_all_excluding_calendar,logistic,numeric__ema20_distance,0.18960600884477002
4,2023,profitable_after_fees,F_all_excluding_calendar,logistic,numeric__ema50_distance,0.2395210845594898
4,2023,profitable_after_fees,F_all_excluding_calendar,logistic,numeric__ema_gap,0.27647111690339204
4,2023,profitable_after_fees,F_all_excluding_calendar,logistic,numeric__ema20_slope_6,-0.2209743726431883
4,2023,profitable_after_fees,F_all_excluding_calendar,logistic,numeric__ema50_slope_6,-0.07991107434595668
4,2023,profitable_after_fees,F_all_excluding_calendar,logistic,numeric__trend_efficiency_20,0.06498561372807128
4,2023,profitable_after_fees,F_all_excluding_calendar,logistic,numeric__range_ratio,0.30323970015041285
4,2023,profitable_after_fees,F_all_excluding_calendar,logistic,numeric__body_to_range,0.010236605872895242
4,2023,profitable_after_fees,F_all_excluding_calendar,logistic,numeric__close_location,0.05154286431926499
4,2023,profitable_after_fees,F_all_excluding_calendar,logistic,numeric__natr14,0.008657587130749192
4,2023,profitable_after_fees,F_all_excluding_calendar,logistic,numeric__return_std_24,-0.20861829770452564
4,2023,profitable_after_fees,F_all_excluding_calendar,logistic,numeric__return_std_168,0.25736780269217535
4,2023,profitable_after_fees,F_all_excluding_calendar,logistic,numeric__volatility_percentile_720,0.01335348512623604
4,2023,profitable_after_fees,F_all_excluding_calendar,logistic,numeric__rsi14,0.14316827498443901
4,2023,profitable_after_fees,F_all_excluding_calendar,logistic,numeric__macd_ratio,0.056237643899736296
4,2023,profitable_after_fees,F_all_excluding_calendar,logistic,numeric__macd_signal_ratio,0.03780465022876153
4,2023,profitable_after_fees,F_all_excluding_calendar,logistic,numeric__relative_volume_24,-0.00951466485670886
4,2023,profitable_after_fees,F_all_excluding_calendar,logistic,numeric__volume_zscore_24,-0.07660849250271892
4,2023,profitable_after_fees,F_all_excluding_calendar,logistic,numeric__volume_trend_24_168,0.16757045895125958
4,2023,profitable_after_fees,F_all_excluding_calendar,logistic,numeric__regime_duration,0.0671584342432933
4,2023,profitable_after_fees,F_all_excluding_calendar,logistic,numeric__regime_transition,0.02653748424498617
4,2023,profitable_after_fees,F_all_excluding_calendar,logistic,numeric__distance_high_24,-0.14576557387188227
4,2023,profitable_after_fees,F_all_excluding_calendar,logistic,numeric__distance_low_24,-0.010652298559671201
4,2023,profitable_after_fees,F_all_excluding_calendar,logistic,numeric__distance_high_168,0.14652924957297322
4,2023,profitable_after_fees,F_all_excluding_calendar,logistic,numeric__distance_low_168,-0.10551698648819824
4,2023,profitable_after_fees,F_all_excluding_calendar,logistic,numeric__candles_since_prior_signal,0.01587645741412693
4,2023,profitable_after_fees,F_all_excluding_calendar,logistic,numeric__source_synthetic,0.0
4,2023,profitable_after_fees,F_all_excluding_calendar,logistic,numeric__return_1h,-0.04856632516163259
4,2023,profitable_after_fees,F_all_excluding_calendar,logistic,numeric__return_3h,-0.20899328194253716
4,2023,profitable_after_fees,F_all_excluding_calendar,logistic,numeric__return_6h,0.1459972151905732
4,2023,profitable_after_fees,F_all_excluding_calendar,logistic,numeric__return_12h,0.033912008315612724
4,2023,profitable_after_fees,F_all_excluding_calendar,logistic,numeric__return_24h,-0.026813608423757226
4,2023,profitable_after_fees,F_all_excluding_calendar,logistic,numeric__return_72h,-0.2090530988579967
4,2023,profitable_after_fees,F_all_excluding_calendar,logistic,numeric__return_168h,0.10004028755467508
4,2023,profitable_after_fees,F_all_excluding_calendar,logistic,numeric__volatility_ratio_24_168,0.28290527522632614
4,2023,profitable_after_fees,F_all_excluding_calendar,logistic,numeric__natr_ratio_168,-0.25648419347871193
4,2023,profitable_after_fees,F_all_excluding_calendar,logistic,numeric__up_fraction_24,-0.016522045788348913
4,2023,profitable_after_fees,F_all_excluding_calendar,logistic,numeric__volume_price_interaction,-0.07400442205488231
4,2023,profitable_after_fees,F_all_excluding_calendar,logistic,numeric__range_expansion_24,-0.23128759180294836
4,2023,profitable_after_fees,F_all_excluding_calendar,logistic,numeric__signal_density_168,0.00237785157722785
4,2023,profitable_after_fees,F_all_excluding_calendar,logistic,category__pair_BTC/USDT,-0.006925868518112823
4,2023,profitable_after_fees,F_all_excluding_calendar,logistic,category__pair_ETH/USDT,0.005909399244290852
4,2023,profitable_after_fees,F_all_excluding_calendar,logistic,category__regime_HIGH_VOLATILITY,-0.23262358012706602
4,2023,profitable_after_fees,F_all_excluding_calendar,logistic,category__regime_LOW_VOLATILITY,-0.02982042941706287
4,2023,profitable_after_fees,F_all_excluding_calendar,logistic,category__regime_RANGE,0.3282141496622934
4,2023,profitable_after_fees,F_all_excluding_calendar,logistic,category__regime_TREND_DOWN,0.012380865140355872
4,2023,profitable_after_fees,F_all_excluding_calendar,logistic,category__regime_TREND_UP,-0.07916747453234206
5,2024,profitable_after_fees,A_all,logistic,numeric__ema20_distance,0.268964761516774
5,2024,profitable_after_fees,A_all,logistic,numeric__ema50_distance,0.303966686476852
5,2024,profitable_after_fees,A_all,logistic,numeric__ema_gap,0.2676050383875524
5,2024,profitable_after_fees,A_all,logistic,numeric__ema20_slope_6,-0.22879848076791207
5,2024,profitable_after_fees,A_all,logistic,numeric__ema50_slope_6,-0.09539376632212597
5,2024,profitable_after_fees,A_all,logistic,numeric__trend_efficiency_20,0.15064169603258049
5,2024,profitable_after_fees,A_all,logistic,numeric__range_ratio,0.28142677707088265
5,2024,profitable_after_fees,A_all,logistic,numeric__body_to_range,-0.03070018672824067
5,2024,profitable_after_fees,A_all,logistic,numeric__close_location,-0.0007884963502306216
5,2024,profitable_after_fees,A_all,logistic,numeric__natr14,-0.05066892628134407
5,2024,profitable_after_fees,A_all,logistic,numeric__return_std_24,-0.18152549574330754
5,2024,profitable_after_fees,A_all,logistic,numeric__return_std_168,0.20913485048472197
5,2024,profitable_after_fees,A_all,logistic,numeric__volatility_percentile_720,0.02832814165589297
5,2024,profitable_after_fees,A_all,logistic,numeric__rsi14,0.02049978523708223
5,2024,profitable_after_fees,A_all,logistic,numeric__macd_ratio,0.052588242884012204
5,2024,profitable_after_fees,A_all,logistic,numeric__macd_signal_ratio,0.0013032197616194255
5,2024,profitable_after_fees,A_all,logistic,numeric__relative_volume_24,-0.16258083416035696
5,2024,profitable_after_fees,A_all,logistic,numeric__volume_zscore_24,-0.019200435735495357
5,2024,profitable_after_fees,A_all,logistic,numeric__volume_trend_24_168,0.1388172956377335
5,2024,profitable_after_fees,A_all,logistic,numeric__regime_duration,0.053023680401304375
5,2024,profitable_after_fees,A_all,logistic,numeric__regime_transition,0.008537302026727086
5,2024,profitable_after_fees,A_all,logistic,numeric__hour_of_day,0.10110134583626725
5,2024,profitable_after_fees,A_all,logistic,numeric__day_of_week,-0.11045456337595769
5,2024,profitable_after_fees,A_all,logistic,numeric__distance_high_24,-0.13338537110471585
5,2024,profitable_after_fees,A_all,logistic,numeric__distance_low_24,-0.08551012658886017
5,2024,profitable_after_fees,A_all,logistic,numeric__distance_high_168,0.1229934432973843
5,2024,profitable_after_fees,A_all,logistic,numeric__distance_low_168,-0.07467830899858754
5,2024,profitable_after_fees,A_all,logistic,numeric__candles_since_prior_signal,0.09190998669031769
5,2024,profitable_after_fees,A_all,logistic,numeric__source_synthetic,0.0
5,2024,profitable_after_fees,A_all,logistic,numeric__return_1h,-0.06278884126161104
5,2024,profitable_after_fees,A_all,logistic,numeric__return_3h,-0.20621623868909286
5,2024,profitable_after_fees,A_all,logistic,numeric__return_6h,0.15115047395640244
5,2024,profitable_after_fees,A_all,logistic,numeric__return_12h,-0.05948148976856687
5,2024,profitable_after_fees,A_all,logistic,numeric__return_24h,0.047717850186486464
5,2024,profitable_after_fees,A_all,logistic,numeric__return_72h,-0.21936371364286533
5,2024,profitable_after_fees,A_all,logistic,numeric__return_168h,0.03159667939805841
5,2024,profitable_after_fees,A_all,logistic,numeric__volatility_ratio_24_168,0.22590769218977327
5,2024,profitable_after_fees,A_all,logistic,numeric__natr_ratio_168,-0.22804747858641555
5,2024,profitable_after_fees,A_all,logistic,numeric__up_fraction_24,-0.03256166733155634
5,2024,profitable_after_fees,A_all,logistic,numeric__volume_price_interaction,-0.10062756967557905
5,2024,profitable_after_fees,A_all,logistic,numeric__range_expansion_24,-0.22033910556083225
5,2024,profitable_after_fees,A_all,logistic,numeric__signal_density_168,0.06485941182994448
5,2024,profitable_after_fees,A_all,logistic,category__pair_BTC/USDT,-0.011647151841233917
5,2024,profitable_after_fees,A_all,logistic,category__pair_ETH/USDT,0.010536085107004284
5,2024,profitable_after_fees,A_all,logistic,category__regime_HIGH_VOLATILITY,-0.18394408255665498
5,2024,profitable_after_fees,A_all,logistic,category__regime_LOW_VOLATILITY,-0.15553597710576864
5,2024,profitable_after_fees,A_all,logistic,category__regime_RANGE,0.32812475579155315
5,2024,profitable_after_fees,A_all,logistic,category__regime_TREND_DOWN,0.08701776669284828
5,2024,profitable_after_fees,A_all,logistic,category__regime_TREND_UP,-0.07677352955620745
5,2024,profitable_after_fees,B_reduced,logistic,numeric__ema20_distance,0.04158056877518544
5,2024,profitable_after_fees,B_reduced,logistic,numeric__ema50_distance,0.14646295685362834
5,2024,profitable_after_fees,B_reduced,logistic,numeric__ema20_slope_6,-0.1391005541078577
5,2024,profitable_after_fees,B_reduced,logistic,numeric__ema50_slope_6,0.010748288690733318
5,2024,profitable_after_fees,B_reduced,logistic,numeric__trend_efficiency_20,0.15789155132852734
5,2024,profitable_after_fees,B_reduced,logistic,numeric__range_ratio,0.29025914860258184
5,2024,profitable_after_fees,B_reduced,logistic,numeric__body_to_range,-0.03607526791029471
5,2024,profitable_after_fees,B_reduced,logistic,numeric__close_location,-0.0009927080783780039
5,2024,profitable_after_fees,B_reduced,logistic,numeric__natr14,-0.022926157742731035
5,2024,profitable_after_fees,B_reduced,logistic,numeric__return_std_24,-0.1686151079596386
5,2024,profitable_after_fees,B_reduced,logistic,numeric__return_std_168,0.22698908401485943
5,2024,profitable_after_fees,B_reduced,logistic,numeric__volatility_percentile_720,0.03499388472078021
5,2024,profitable_after_fees,B_reduced,logistic,numeric__rsi14,-0.032337293032667844
5,2024,profitable_after_fees,B_reduced,logistic,numeric__macd_ratio,0.10420313119629952
5,2024,profitable_after_fees,B_reduced,logistic,numeric__relative_volume_24,-0.15932439807945745
5,2024,profitable_after_fees,B_reduced,logistic,numeric__volume_zscore_24,-0.03278065270569014
5,2024,profitable_after_fees,B_reduced,logistic,numeric__volume_trend_24_168,0.1444085870097615
5,2024,profitable_after_fees,B_reduced,logistic,numeric__regime_duration,0.06436319538040143
5,2024,profitable_after_fees,B_reduced,logistic,numeric__regime_transition,0.005557279885463805
5,2024,profitable_after_fees,B_reduced,logistic,numeric__hour_of_day,0.10138256053771355
5,2024,profitable_after_fees,B_reduced,logistic,numeric__day_of_week,-0.11732255237880237
5,2024,profitable_after_fees,B_reduced,logistic,numeric__distance_high_168,0.15755705429419917
5,2024,profitable_after_fees,B_reduced,logistic,numeric__distance_low_168,-0.09748179405714201
5,2024,profitable_after_fees,B_reduced,logistic,numeric__candles_since_prior_signal,0.09399125530800552
5,2024,profitable_after_fees,B_reduced,logistic,numeric__return_1h,-0.09146676902255503
5,2024,profitable_after_fees,B_reduced,logistic,numeric__return_6h,0.11866538555003998
5,2024,profitable_after_fees,B_reduced,logistic,numeric__return_24h,0.0031246918951600305
5,2024,profitable_after_fees,B_reduced,logistic,numeric__return_168h,0.06895158022319259
5,2024,profitable_after_fees,B_reduced,logistic,numeric__volatility_ratio_24_168,0.23382315346344978
5,2024,profitable_after_fees,B_reduced,logistic,numeric__natr_ratio_168,-0.22765260067203702
5,2024,profitable_after_fees,B_reduced,logistic,numeric__up_fraction_24,-0.03628200007142762
5,2024,profitable_after_fees,B_reduced,logistic,numeric__volume_price_interaction,-0.09587965932890234
5,2024,profitable_after_fees,B_reduced,logistic,numeric__range_expansion_24,-0.2041964609790081
5,2024,profitable_after_fees,B_reduced,logistic,numeric__signal_density_168,0.07220899284938209
5,2024,profitable_after_fees,B_reduced,logistic,category__pair_BTC/USDT,-0.0170887145906505
5,2024,profitable_after_fees,B_reduced,logistic,category__pair_ETH/USDT,0.014787618605194971
5,2024,profitable_after_fees,B_reduced,logistic,category__regime_HIGH_VOLATILITY,-0.19134819138506962
5,2024,profitable_after_fees,B_reduced,logistic,category__regime_LOW_VOLATILITY,-0.16356019512595912
5,2024,profitable_after_fees,B_reduced,logistic,category__regime_RANGE,0.3319181300941358
5,2024,profitable_after_fees,B_reduced,logistic,category__regime_TREND_DOWN,0.08455102378513771
5,2024,profitable_after_fees,B_reduced,logistic,category__regime_TREND_UP,-0.06386186335370064
5,2024,profitable_after_fees,C_price_trend,logistic,numeric__ema20_distance,0.23180462503856686
5,2024,profitable_after_fees,C_price_trend,logistic,numeric__ema50_distance,0.29485266247074465
5,2024,profitable_after_fees,C_price_trend,logistic,numeric__ema_gap,0.35026974202179983
5,2024,profitable_after_fees,C_price_trend,logistic,numeric__ema20_slope_6,-0.20226478420395066
5,2024,profitable_after_fees,C_price_trend,logistic,numeric__ema50_slope_6,-0.05304348428613335
5,2024,profitable_after_fees,C_price_trend,logistic,numeric__trend_efficiency_20,0.064865705125761
5,2024,profitable_after_fees,C_price_trend,logistic,numeric__range_ratio,-0.024104140032897188
5,2024,profitable_after_fees,C_price_trend,logistic,numeric__body_to_range,-0.06311653866315703
5,2024,profitable_after_fees,C_price_trend,logistic,numeric__close_location,0.055415315710479404
5,2024,profitable_after_fees,C_price_trend,logistic,numeric__distance_high_24,-0.16389529085082177
5,2024,profitable_after_fees,C_price_trend,logistic,numeric__distance_low_24,0.08669055007372801
5,2024,profitable_after_fees,C_price_trend,logistic,numeric__distance_high_168,0.08918693017141148
5,2024,profitable_after_fees,C_price_trend,logistic,numeric__distance_low_168,-0.05159484680833644
5,2024,profitable_after_fees,C_price_trend,logistic,numeric__return_1h,-0.12992436503691634
5,2024,profitable_after_fees,C_price_trend,logistic,numeric__return_3h,-0.24239339990667022
5,2024,profitable_after_fees,C_price_trend,logistic,numeric__return_6h,0.14500790873111627
5,2024,profitable_after_fees,C_price_trend,logistic,numeric__return_12h,-0.046686901343768274
5,2024,profitable_after_fees,C_price_trend,logistic,numeric__return_24h,0.03157604715185132
5,2024,profitable_after_fees,C_price_trend,logistic,numeric__return_72h,-0.293579109863408
5,2024,profitable_after_fees,C_price_trend,logistic,numeric__return_168h,0.007753987359584643
5,2024,profitable_after_fees,C_price_trend,logistic,numeric__up_fraction_24,-0.019976972230388614
5,2024,profitable_after_fees,C_price_trend,logistic,category__pair_BTC/USDT,-0.02460563359859952
5,2024,profitable_after_fees,C_price_trend,logistic,category__pair_ETH/USDT,0.022709956836215413
5,2024,profitable_after_fees,D_price_trend_volatility,logistic,numeric__ema20_distance,0.23513071381521053
5,2024,profitable_after_fees,D_price_trend_volatility,logistic,numeric__ema50_distance,0.2824823951152719
5,2024,profitable_after_fees,D_price_trend_volatility,logistic,numeric__ema_gap,0.30433286821832245
5,2024,profitable_after_fees,D_price_trend_volatility,logistic,numeric__ema20_slope_6,-0.19975997950414814
5,2024,profitable_after_fees,D_price_trend_volatility,logistic,numeric__ema50_slope_6,-0.0742122902720255
5,2024,profitable_after_fees,D_price_trend_volatility,logistic,numeric__trend_efficiency_20,0.09470196086580242
5,2024,profitable_after_fees,D_price_trend_volatility,logistic,numeric__range_ratio,0.27831233768591074
5,2024,profitable_after_fees,D_price_trend_volatility,logistic,numeric__body_to_range,-0.0484599305517204
5,2024,profitable_after_fees,D_price_trend_volatility,logistic,numeric__close_location,0.022970431319322145
5,2024,profitable_after_fees,D_price_trend_volatility,logistic,numeric__distance_high_24,-0.10942260344697147
5,2024,profitable_after_fees,D_price_trend_volatility,logistic,numeric__distance_low_24,-0.03793850422921677
5,2024,profitable_after_fees,D_price_trend_volatility,logistic,numeric__distance_high_168,0.15337464362411418
5,2024,profitable_after_fees,D_price_trend_volatility,logistic,numeric__distance_low_168,-0.12232244292802953
5,2024,profitable_after_fees,D_price_trend_volatility,logistic,numeric__return_1h,-0.09712304036011599
5,2024,profitable_after_fees,D_price_trend_volatility,logistic,numeric__return_3h,-0.2450979372603332
5,2024,profitable_after_fees,D_price_trend_volatility,logistic,numeric__return_6h,0.14005445904913574
5,2024,profitable_after_fees,D_price_trend_volatility,logistic,numeric__return_12h,-0.04013852075792383
5,2024,profitable_after_fees,D_price_trend_volatility,logistic,numeric__return_24h,0.04478529168794231
5,2024,profitable_after_fees,D_price_trend_volatility,logistic,numeric__return_72h,-0.2629515365160022
5,2024,profitable_after_fees,D_price_trend_volatility,logistic,numeric__return_168h,0.02900797702005879
5,2024,profitable_after_fees,D_price_trend_volatility,logistic,numeric__up_fraction_24,-0.014651835281759243
5,2024,profitable_after_fees,D_price_trend_volatility,logistic,numeric__natr14,-0.04439336257196906
5,2024,profitable_after_fees,D_price_trend_volatility,logistic,numeric__return_std_24,-0.22779272649747986
5,2024,profitable_after_fees,D_price_trend_volatility,logistic,numeric__return_std_168,0.2414405551146987
5,2024,profitable_after_fees,D_price_trend_volatility,logistic,numeric__volatility_percentile_720,0.04106799631177777
5,2024,profitable_after_fees,D_price_trend_volatility,logistic,numeric__volatility_ratio_24_168,0.2776597079606444
5,2024,profitable_after_fees,D_price_trend_volatility,logistic,numeric__natr_ratio_168,-0.13364353452813563
5,2024,profitable_after_fees,D_price_trend_volatility,logistic,numeric__range_expansion_24,-0.3591971235244925
5,2024,profitable_after_fees,D_price_trend_volatility,logistic,category__pair_BTC/USDT,-0.008778678170604395
5,2024,profitable_after_fees,D_price_trend_volatility,logistic,category__pair_ETH/USDT,0.007921242021969768
5,2024,profitable_after_fees,E_all_excluding_regime,logistic,numeric__ema20_distance,0.26134073459774143
5,2024,profitable_after_fees,E_all_excluding_regime,logistic,numeric__ema50_distance,0.29610946576464087
5,2024,profitable_after_fees,E_all_excluding_regime,logistic,numeric__ema_gap,0.2841658386772894
5,2024,profitable_after_fees,E_all_excluding_regime,logistic,numeric__ema20_slope_6,-0.2291195958218673
5,2024,profitable_after_fees,E_all_excluding_regime,logistic,numeric__ema50_slope_6,-0.10032783388329582
5,2024,profitable_after_fees,E_all_excluding_regime,logistic,numeric__trend_efficiency_20,0.08985351202098879
5,2024,profitable_after_fees,E_all_excluding_regime,logistic,numeric__range_ratio,0.28537169084633424
5,2024,profitable_after_fees,E_all_excluding_regime,logistic,numeric__body_to_range,-0.04191130988045399
5,2024,profitable_after_fees,E_all_excluding_regime,logistic,numeric__close_location,0.0013156084258139646
5,2024,profitable_after_fees,E_all_excluding_regime,logistic,numeric__natr14,-0.07214259125894694
5,2024,profitable_after_fees,E_all_excluding_regime,logistic,numeric__return_std_24,-0.23030496077259194
5,2024,profitable_after_fees,E_all_excluding_regime,logistic,numeric__return_std_168,0.2428247547518297
5,2024,profitable_after_fees,E_all_excluding_regime,logistic,numeric__volatility_percentile_720,0.02259929973623275
5,2024,profitable_after_fees,E_all_excluding_regime,logistic,numeric__rsi14,-0.0046598910400648536
5,2024,profitable_after_fees,E_all_excluding_regime,logistic,numeric__macd_ratio,0.05151611457226274
5,2024,profitable_after_fees,E_all_excluding_regime,logistic,numeric__macd_signal_ratio,-0.008481996560368455
5,2024,profitable_after_fees,E_all_excluding_regime,logistic,numeric__relative_volume_24,-0.16576703844265986
5,2024,profitable_after_fees,E_all_excluding_regime,logistic,numeric__volume_zscore_24,-0.004525193098355287
5,2024,profitable_after_fees,E_all_excluding_regime,logistic,numeric__volume_trend_24_168,0.12462459781365558
5,2024,profitable_after_fees,E_all_excluding_regime,logistic,numeric__hour_of_day,0.0993878613661421
5,2024,profitable_after_fees,E_all_excluding_regime,logistic,numeric__day_of_week,-0.12111435930812785
5,2024,profitable_after_fees,E_all_excluding_regime,logistic,numeric__distance_high_24,-0.11308273448310599
5,2024,profitable_after_fees,E_all_excluding_regime,logistic,numeric__distance_low_24,-0.08481987227176627
5,2024,profitable_after_fees,E_all_excluding_regime,logistic,numeric__distance_high_168,0.12402594286911096
5,2024,profitable_after_fees,E_all_excluding_regime,logistic,numeric__distance_low_168,-0.10554271291996631
5,2024,profitable_after_fees,E_all_excluding_regime,logistic,numeric__candles_since_prior_signal,0.09553007700381619
5,2024,profitable_after_fees,E_all_excluding_regime,logistic,numeric__source_synthetic,0.0
5,2024,profitable_after_fees,E_all_excluding_regime,logistic,numeric__return_1h,-0.05090090480108435
5,2024,profitable_after_fees,E_all_excluding_regime,logistic,numeric__return_3h,-0.21667992535350847
5,2024,profitable_after_fees,E_all_excluding_regime,logistic,numeric__return_6h,0.15774018345546353
5,2024,profitable_after_fees,E_all_excluding_regime,logistic,numeric__return_12h,-0.052828696576927854
5,2024,profitable_after_fees,E_all_excluding_regime,logistic,numeric__return_24h,0.04822515652893437
5,2024,profitable_after_fees,E_all_excluding_regime,logistic,numeric__return_72h,-0.23962821523021205
5,2024,profitable_after_fees,E_all_excluding_regime,logistic,numeric__return_168h,0.039043380412608984
5,2024,profitable_after_fees,E_all_excluding_regime,logistic,numeric__volatility_ratio_24_168,0.24662263900382692
5,2024,profitable_after_fees,E_all_excluding_regime,logistic,numeric__natr_ratio_168,-0.22661622521814265
5,2024,profitable_after_fees,E_all_excluding_regime,logistic,numeric__up_fraction_24,-0.02951314144775832
5,2024,profitable_after_fees,E_all_excluding_regime,logistic,numeric__volume_price_interaction,-0.10251398311517186
5,2024,profitable_after_fees,E_all_excluding_regime,logistic,numeric__range_expansion_24,-0.22123039732879815
5,2024,profitable_after_fees,E_all_excluding_regime,logistic,numeric__signal_density_168,0.06451435139480054
5,2024,profitable_after_fees,E_all_excluding_regime,logistic,category__pair_BTC/USDT,-0.014776999810422702
5,2024,profitable_after_fees,E_all_excluding_regime,logistic,category__pair_ETH/USDT,0.007862305355395819
5,2024,profitable_after_fees,F_all_excluding_calendar,logistic,numeric__ema20_distance,0.2624129352055454
5,2024,profitable_after_fees,F_all_excluding_calendar,logistic,numeric__ema50_distance,0.30592002728064444
5,2024,profitable_after_fees,F_all_excluding_calendar,logistic,numeric__ema_gap,0.287822187442796
5,2024,profitable_after_fees,F_all_excluding_calendar,logistic,numeric__ema20_slope_6,-0.22769064513014342
5,2024,profitable_after_fees,F_all_excluding_calendar,logistic,numeric__ema50_slope_6,-0.08697783708338556
5,2024,profitable_after_fees,F_all_excluding_calendar,logistic,numeric__trend_efficiency_20,0.15845380364285236
5,2024,profitable_after_fees,F_all_excluding_calendar,logistic,numeric__range_ratio,0.28004701789499525
5,2024,profitable_after_fees,F_all_excluding_calendar,logistic,numeric__body_to_range,-0.03804975721434007
5,2024,profitable_after_fees,F_all_excluding_calendar,logistic,numeric__close_location,0.007417534009538186
5,2024,profitable_after_fees,F_all_excluding_calendar,logistic,numeric__natr14,-0.02881491544845561
5,2024,profitable_after_fees,F_all_excluding_calendar,logistic,numeric__return_std_24,-0.16934712166059043
5,2024,profitable_after_fees,F_all_excluding_calendar,logistic,numeric__return_std_168,0.21306194623252453
5,2024,profitable_after_fees,F_all_excluding_calendar,logistic,numeric__volatility_percentile_720,0.04389959394266979
5,2024,profitable_after_fees,F_all_excluding_calendar,logistic,numeric__rsi14,0.022961916216350468
5,2024,profitable_after_fees,F_all_excluding_calendar,logistic,numeric__macd_ratio,0.04435166207183385
5,2024,profitable_after_fees,F_all_excluding_calendar,logistic,numeric__macd_signal_ratio,-0.01639208819928265
5,2024,profitable_after_fees,F_all_excluding_calendar,logistic,numeric__relative_volume_24,-0.1623937968891023
5,2024,profitable_after_fees,F_all_excluding_calendar,logistic,numeric__volume_zscore_24,8.150886887596951e-05
5,2024,profitable_after_fees,F_all_excluding_calendar,logistic,numeric__volume_trend_24_168,0.16620925274744922
5,2024,profitable_after_fees,F_all_excluding_calendar,logistic,numeric__regime_duration,0.05721512510468804
5,2024,profitable_after_fees,F_all_excluding_calendar,logistic,numeric__regime_transition,0.013807837108751343
5,2024,profitable_after_fees,F_all_excluding_calendar,logistic,numeric__distance_high_24,-0.13184219379687098
5,2024,profitable_after_fees,F_all_excluding_calendar,logistic,numeric__distance_low_24,-0.09441278674632324
5,2024,profitable_after_fees,F_all_excluding_calendar,logistic,numeric__distance_high_168,0.1325647642474469
5,2024,profitable_after_fees,F_all_excluding_calendar,logistic,numeric__distance_low_168,-0.08677028363719232
5,2024,profitable_after_fees,F_all_excluding_calendar,logistic,numeric__candles_since_prior_signal,0.09123941799960872
5,2024,profitable_after_fees,F_all_excluding_calendar,logistic,numeric__source_synthetic,0.0
5,2024,profitable_after_fees,F_all_excluding_calendar,logistic,numeric__return_1h,-0.06366588560006571
5,2024,profitable_after_fees,F_all_excluding_calendar,logistic,numeric__return_3h,-0.21594847613715254
5,2024,profitable_after_fees,F_all_excluding_calendar,logistic,numeric__return_6h,0.14839669420053184
5,2024,profitable_after_fees,F_all_excluding_calendar,logistic,numeric__return_12h,-0.031697343223558515
5,2024,profitable_after_fees,F_all_excluding_calendar,logistic,numeric__return_24h,0.04217858410663458
5,2024,profitable_after_fees,F_all_excluding_calendar,logistic,numeric__return_72h,-0.22949289674615472
5,2024,profitable_after_fees,F_all_excluding_calendar,logistic,numeric__return_168h,0.024352578123029375
5,2024,profitable_after_fees,F_all_excluding_calendar,logistic,numeric__volatility_ratio_24_168,0.22874786227520216
5,2024,profitable_after_fees,F_all_excluding_calendar,logistic,numeric__natr_ratio_168,-0.2347920869420586
5,2024,profitable_after_fees,F_all_excluding_calendar,logistic,numeric__up_fraction_24,-0.02604857405042822
5,2024,profitable_after_fees,F_all_excluding_calendar,logistic,numeric__volume_price_interaction,-0.1141687397570646
5,2024,profitable_after_fees,F_all_excluding_calendar,logistic,numeric__range_expansion_24,-0.2103583402450817
5,2024,profitable_after_fees,F_all_excluding_calendar,logistic,numeric__signal_density_168,0.06650010744296038
5,2024,profitable_after_fees,F_all_excluding_calendar,logistic,category__pair_BTC/USDT,-0.013552273901558552
5,2024,profitable_after_fees,F_all_excluding_calendar,logistic,category__pair_ETH/USDT,0.010537011884065757
5,2024,profitable_after_fees,F_all_excluding_calendar,logistic,category__regime_HIGH_VOLATILITY,-0.17902306212907274
5,2024,profitable_after_fees,F_all_excluding_calendar,logistic,category__regime_LOW_VOLATILITY,-0.1594913952031057
5,2024,profitable_after_fees,F_all_excluding_calendar,logistic,category__regime_RANGE,0.34046445453397695
5,2024,profitable_after_fees,F_all_excluding_calendar,logistic,category__regime_TREND_DOWN,0.07659001868792117
5,2024,profitable_after_fees,F_all_excluding_calendar,logistic,category__regime_TREND_UP,-0.0815552779072125
