row_id,split,ema20_distance,ema50_distance,ema_gap,ema20_slope_6,ema50_slope_6,trend_efficiency_20,body_ratio,range_ratio,body_to_range,close_location,atr14,natr14,return_std_24,return_std_168,volatility_percentile_720,rsi14,macd_ratio,macd_signal_ratio,macd_hist_ratio,relative_volume_24,volume_zscore_24,volume_trend_24_168,regime,regime_transition,regime_duration,hour_of_day,day_of_week,distance_high_24,distance_low_24,distance_high_168,distance_low_168,candles_since_prior_signal,source_synthetic,return_1h,return_3h,return_6h,return_12h,return_24h,return_72h,feature_candle_open,decision_time,pair
development|BTC/USDT|2023-01-02T01:00:00+00:00,development,0.0006743781953200134,0.0011827027032909054,0.0005073818541391208,0.0012930198164664564,0.000568165392247133,0.3004970628106504,-0.0017343506746335094,0.00288154035814287,0.6029288702928901,0.1485355648535283,29.92294222098584,0.001803852837743708,0.000798494880172028,0.0018001520777473877,0.034722222222222224,55.08543453938552,0.0008557725738475229,0.0005599745835050675,0.0002957979903424554,1.0718566316574347,0.5475843763688466,-0.34100224772972754,LOW_VOLATILITY,0,45,1,0,-0.0024475240618075933,0.005414870346766243,-0.022652674892755242,0.015633992530459606,34.0,0,-0.0017091188108385724,-0.001103772698697214,-0.00021275467276782312,0.001655704118065815,0.0035499801266449804,-0.002475717880011108,2023-01-02 00:00:00+00:00,2023-01-02 01:00:00+00:00,BTC/USDT
development|ETH/USDT|2023-01-02T01:00:00+00:00,development,-0.0005035794568080121,0.0002105296300081161,0.0007143184934579312,0.0013487060221175629,0.0006663472957708638,0.21943048576214552,-0.001807836178384149,0.0029545302797622714,0.6129943502824485,0.18644067796612673,3.055985815463486,0.002550565713647164,0.0012203511902234747,0.0023533406090349928,0.03611111111111111,49.29292306480573,0.000835788248351343,0.0006223815215887789,0.0002134067267625641,1.2720034339640824,0.5542240741151553,-0.4720104504533087,LOW_VOLATILITY,0,20,1,0,-0.0054039695518274256,0.006375097642305816,-0.02883126778144318,0.014478519296225567,38.0,0,-0.0018161520902409967,-0.0038990730348753555,-0.002298238017519938,0.0008269502242790328,0.0034084532991651706,-0.0015582943759738788,2023-01-02 00:00:00+00:00,2023-01-02 01:00:00+00:00,ETH/USDT
development|BTC/USDT|2023-01-04T07:00:00+00:00,development,0.00802445529129514,0.010567863527129129,0.002496775656861158,0.004061174630072717,0.0019291054090824211,0.3318809318377883,0.0012225961393012505,0.0018183240136080247,0.6715542521994611,0.9406972955360121,48.90690480865372,0.00289764090729295,0.0020854865348124384,0.0018576307123633299,0.3347222222222222,74.45685396264564,0.0024050661497333793,0.0009552486357566463,0.001449817513976733,0.8066361209155575,-0.4338085983602165,0.2905594642856497,LOW_VOLATILITY,0,2,7,2,-0.0019395682568366102,0.016434531667036012,-0.0019395682568366102,0.03337904855201135,54.0,0,0.001222596139301313,0.0009583667911674532,0.013063810094877004,0.01400413815974444,0.009003095486615376,0.020459147304772163,2023-01-04 06:00:00+00:00,2023-01-04 07:00:00+00:00,BTC/USDT
development|ETH/USDT|2023-01-06T20:00:00+00:00,development,0.01378536534652075,0.018204755551363583,0.004281354704849304,0.005563606938112642,0.002880849961610421,0.3866807984455006,0.005044444795301403,0.009064274661660602,0.5537261698440312,0.6906412478336267,6.794924012231063,0.00533718003050047,0.003188344660599727,0.002561140443663391,0.5625,74.35738065764178,0.0032712515266922677,0.0012405290708931357,0.002030722455799132,1.7611963367897725,0.9291306268474253,0.3347498157330704,TREND_UP,0,2,20,4,-0.00279627163781615,0.030040453074433815,-0.00279627163781615,0.0693449356190734,115.0,0,0.005044444795301306,0.007071721813967979,0.018161897602405608,0.020381501963613102,0.0155629297554285,0.05260851591566773,2023-01-06 19:00:00+00:00,2023-01-06 20:00:00+00:00,ETH/USDT
development|BTC/USDT|2023-01-07T01:00:00+00:00,development,0.006439921912668067,0.00849972619574424,0.002029375050871232,0.0037378182877247923,0.0017568011426236652,0.2772586782913205,0.0016442177163720887,0.002881345350326236,0.5697056418642253,0.9754701553556688,57.60824189777359,0.003393075223479406,0.002056995737837028,0.0015983603880816045,0.5569444444444445,67.14313549647986,0.002183590458669719,0.0010158820794149669,0.0011677083792547521,0.635153764451607,-0.7976555912563054,0.3324718873057313,RANGE,0,6,1,5,-0.003686403380083303,0.017937526230589418,-0.003686403380083303,0.030854887674559794,66.0,0,0.0016241265084229184,0.002770613190859361,0.0075802129913444816,0.014772560190592143,0.007022630188531664,0.019066020108604143,2023-01-07 00:00:00+00:00,2023-01-07 01:00:00+00:00,BTC/USDT
development|ETH/USDT|2023-01-08T23:00:00+00:00,development,0.0027760885181886685,0.004932713625899865,0.002140098208299276,0.0012501740790999971,0.0009513240617744501,0.20942546994969655,-0.0003464757900042164,0.0027570126586266928,0.1257142857143013,0.28285714285714547,4.153220097542013,0.003271565823710319,0.0024791514011847605,0.0026975757020089555,0.18194444444444444,58.03522323802664,0.0011886413523603248,0.0007633967364134436,0.00042524461594688103,1.344020647482238,0.40946487526084596,-0.33900463896054056,RANGE,0,7,23,6,-0.008210937500000015,0.009318078822042164,-0.008210937500000015,0.06411567476948865,51.0,0,-0.00034647579000424145,0.003478013421970072,0.004327463173050994,0.005011241647930431,0.005051024851359109,0.014983010193883706,2023-01-08 22:00:00+00:00,2023-01-08 23:00:00+00:00,ETH/USDT
development|BTC/USDT|2023-01-20T08:00:00+00:00,development,-0.0008154108426061679,-0.0005508846556130376,0.0002648879832652676,0.0008751017456902765,0.0004254055316683658,0.20436932754798312,0.0007501051627384008,0.005998251861691017,0.12496022908048823,0.7807826916958236,129.42231321428716,0.006174893661962684,0.0033011950780301473,0.006054231340398823,0.7361111111111112,49.297197637234795,0.0012237186729479634,0.0014447916335566108,-0.00022107296060864756,0.8867513222882553,-0.38790103363265466,-0.13536476930067254,RANGE,0,12,8,4,-0.01226036306056666,0.014454425772477242,-0.03189653579676677,0.11427053999439662,319.0,0,0.0007501051627383237,-0.0015039771788017964,-0.007474447466719214,-0.0062353758365555345,0.006748178942741934,-0.008243251875563518,2023-01-20 07:00:00+00:00,2023-01-20 08:00:00+00:00,BTC/USDT
development|ETH/USDT|2023-01-20T09:00:00+00:00,development,0.0038795753605025407,0.0037178440439473714,-0.0001605095431032394,0.0017983426951162507,0.0005469505212012393,0.3279951956761103,0.0010578461220909878,0.005013015799376255,0.21079691516710872,0.8611825192802145,11.026358735388849,0.007104795700526334,0.0038293167116485627,0.007347855623003686,0.7194444444444444,55.887818665705424,0.0020301102402333526,0.0016811798594224283,0.0003489303808109242,1.3054890698776627,0.5886377292017695,-0.42044404670242175,RANGE,0,11,9,4,-0.007970954277276676,0.025526487943806186,-0.03604968944099374,0.10726949722105306,274.0,0,0.0010513890591035135,0.0031283934019339377,-0.001094190492128333,-0.003518594616807036,0.0163258089232039,-0.010929762731739512,2023-01-20 08:00:00+00:00,2023-01-20 09:00:00+00:00,ETH/USDT
development|BTC/USDT|2023-01-23T22:00:00+00:00,development,0.005940936146714204,0.011273063506782366,0.00524154830942703,0.003444370209852776,0.002569835158388045,0.1569612081509984,-0.0010655706015456133,0.004653852843972884,0.22920949355259518,0.5462530368155382,214.81261437461546,0.009341303460367692,0.004769134295218747,0.005329459833683694,0.8902777777777777,55.87853171313813,0.0022589429517994035,0.0014091740028875522,0.0008497689489118513,0.6800164417004925,-0.6803310127211335,-0.011918112858575358,RANGE,0,4,22,0,-0.00793787748058672,0.022044444444444533,-0.016079206565176807,0.12685994859644767,86.0,0,-0.0011571218591786003,0.002607232235505519,0.006251219744857872,0.00929680155265622,0.018181238562839708,0.030498655413456532,2023-01-23 21:00:00+00:00,2023-01-23 22:00:00+00:00,BTC/USDT
development|BTC/USDT|2023-01-26T05:00:00+00:00,development,0.009537783467119976,0.013832369453114834,0.004195971905728369,0.007281114545259149,0.003544800143195248,0.18224638316527794,0.0018667747802573412,0.0039884638697806766,0.4671714440237788,0.8004326663061051,230.86879500853638,0.00996010651759158,0.009227289096848603,0.006080664474378163,0.9111111111111111,57.66899658120006,0.00527583326914507,0.00338800445092886,0.0018878288182162092,0.6596240605186071,-0.7283322507657258,0.12122036653878387,RANGE,0,13,5,3,-0.02676186025537519,0.037803895231699025,-0.02676186025537519,0.12189992643072878,55.0,0,0.0018667747802574297,0.0006954985571965278,0.010777422140047621,0.02428661386007347,0.024509355429410906,0.01850004745517242,2023-01-26 04:00:00+00:00,2023-01-26 05:00:00+00:00,BTC/USDT
development|ETH/USDT|2023-01-26T09:00:00+00:00,development,0.006988649956903181,0.009340329022661686,0.0023137469083144855,0.007928311319984616,0.0033094673791385087,0.21742290048598797,0.002068935433011944,0.004291018090683572,0.4811594202898395,0.7550724637681112,16.34516825280278,0.010164842415658347,0.009013711662795455,0.006337683601551595,0.8944444444444445,56.22246896779221,0.006963364730450083,0.005633586774835506,0.0013297779556145771,0.6293743210265496,-0.595155817090398,0.35103813674107864,RANGE,0,11,9,3,-0.020103595368677674,0.05443278688524589,-0.042429403427700296,0.0625640144581816,144.0,0,0.0020751800982126145,-0.0071499577053451,-0.003643370985631056,0.017283591343021154,0.036690090903229944,-0.014343420721952271,2023-01-26 08:00:00+00:00,2023-01-26 09:00:00+00:00,ETH/USDT
development|BTC/USDT|2023-01-28T00:00:00+00:00,development,0.0013573447850934173,0.003659983511137277,0.0022911319826949034,0.002312436997456313,0.0014632132470313586,0.2234655916050321,0.002901675113224371,0.003379971361904468,0.8560071804077065,0.8856263623541261,173.30360966102435,0.007510722369136053,0.0046696155382172306,0.005443318352538617,0.6444444444444445,52.502693254452694,0.0016154877312737478,0.0014129899505701613,0.00020249778070358655,0.4646970033321639,-1.1900769465842755,-0.0650320268633815,RANGE,0,2,0,5,-0.018120851063829768,0.023930901784256164,-0.031178503514126432,0.03506984676819913,43.0,0,0.0028659322624695616,-0.0014998602265282601,-0.005627298560552774,0.004645265673580923,0.0028036063130034705,0.01949684728728851,2023-01-27 23:00:00+00:00,2023-01-28 00:00:00+00:00,BTC/USDT
development|ETH/USDT|2023-01-28T08:00:00+00:00,development,-0.0013468377847032365,-4.9699635799815844e-05,0.001298952097166182,0.0012155445356794026,0.000775022609922349,0.12966085816001607,-0.002798735247159019,0.0073398297209734875,0.38237810094097574,0.5876817792985531,11.61122295480066,0.007290367779340896,0.004135965353564888,0.006213338187432594,0.5069444444444444,49.09982804760493,0.0015441421217031973,0.0016712952975596362,-0.000127153175856439,0.6626654386044993,-0.509303790341904,-0.19197534209213907,RANGE,0,27,8,5,-0.017470697100555155,0.020294682895579896,-0.05155842454414439,0.04919631093544141,47.0,0,-0.002804978837436467,-0.00425760711226697,-0.0017487010097337885,-0.01057339876995711,0.004591901097514839,0.025015928588437486,2023-01-28 07:00:00+00:00,2023-01-28 08:00:00+00:00,ETH/USDT
development|BTC/USDT|2023-01-29T02:00:00+00:00,development,0.008403996478774545,0.00935412673791336,0.0009334800230918449,0.001009822766334878,0.0004840692129342017,0.2313461967432567,0.005164637140650543,0.016350497927025823,0.3142473542884189,0.31637971884378485,113.75895358385092,0.004896581726829302,0.001908404363885755,0.004904344941319395,0.44583333333333336,66.2362288125402,0.0007827929599138523,-7.487858764057647e-05,0.0008576715475544289,3.513207429096144,4.273393886215841,-0.3883361212620605,RANGE,0,28,2,6,-0.011053975821556317,0.015466950135629709,-0.024537793391452123,0.04216465095456434,26.0,0,0.00516463714065063,0.011084258907467781,0.008375670320560413,0.011415709988202183,0.006140612623443564,0.0029823116282523543,2023-01-29 01:00:00+00:00,2023-01-29 02:00:00+00:00,BTC/USDT
development|ETH/USDT|2023-01-29T14:00:00+00:00,development,0.010472074248844887,0.013504626842087086,0.0029611355628620583,0.005682246825462478,0.0025782497428017415,0.2955913453717258,0.0013783597518952618,0.010472275441305098,0.13143872113676816,0.1823564239194736,12.77005642586208,0.007917794451902606,0.004678126847862677,0.006017765550872005,0.5625,63.78399633398085,0.00420599500673516,0.0024180741068769826,0.0017879208998581775,2.0929813500911743,1.3082249705586777,-0.15913971279076133,RANGE,0,15,14,6,-0.008489893276939053,0.03652979774934284,-0.030687124749833372,0.06247035573122517,30.0,0,0.0013721424047883346,0.0006079970220553843,0.012715216817993369,0.00632058401447555,0.025125532320599886,-0.003109045282039258,2023-01-29 13:00:00+00:00,2023-01-29 14:00:00+00:00,ETH/USDT
development|BTC/USDT|2023-02-01T06:00:00+00:00,development,0.0015303262238532955,0.0008575165622584091,-0.0006712060462689876,0.0012648546500586555,0.0002218534057034649,0.2098863458005149,-0.0007814407814408569,0.002422284672950477,0.32285714285717404,0.12999999999997922,135.73028444410755,0.005871024779717326,0.003852204592547979,0.004973879144391153,0.3902777777777778,52.86865897705937,0.0011223653974660657,0.0007868202140040284,0.00033554518346203736,0.6522565284957308,-0.9545795381811042,-0.026356003975442688,RANGE,0,13,6,2,-0.00863336192109787,0.016515814721420385,-0.03513568558972391,0.0350870830535035,76.0,0,-0.0007481852940744993,0.00044312833022397413,-0.0002793497809526757,-0.0014577309844931996,0.015797169840336522,-0.005627217789629935,2023-02-01 05:00:00+00:00,2023-02-01 06:00:00+00:00,BTC/USDT
development|ETH/USDT|2023-02-01T06:00:00+00:00,development,-0.0006971882845377975,-0.001969821581086606,-0.001276034741367835,0.00021328173252221916,-0.00025654025913735,0.11427976686094894,5.053727439840254e-05,0.0022108940223742476,0.022857142857122068,0.24857142857139738,11.371931379867869,0.007183467174457143,0.004254383223112991,0.00578988072790172,0.4013888888888889,49.13031597488556,0.0004915800726398624,0.000649495040838655,-0.0001579149681987926,0.4072352179374617,-1.129748510541031,-0.32290447897520225,RANGE,0,13,6,2,-0.013774156169401586,0.013729244443305921,-0.04634337349397599,0.038078688524590065,64.0,0,5.685479285899575e-05,-0.0016333892511636305,-0.0014255707013681729,-0.00633332496422212,0.013417749070167906,-0.008927397594736264,2023-02-01 05:00:00+00:00,2023-02-01 06:00:00+00:00,ETH/USDT
development|ETH/USDT|2023-02-04T10:00:00+00:00,development,0.001400305530778967,0.004690256690318861,0.0032700134623143418,-0.0004055609231377044,0.0007313299391444872,0.2162445049194049,0.0033469713843025063,0.004210475518316649,0.7922636103152061,0.914040114613191,11.02812130227688,0.006652383202903225,0.004433639326783032,0.006186296037190402,0.2263888888888889,52.29415633679645,0.00048047015068385725,0.0007708268167414845,-0.00029035666605762726,0.7713430939480788,-0.2431264166908017,-0.10356224651669643,RANGE,0,39,10,5,-0.01087708830548928,0.019582638858991475,-0.033189866330743945,0.07998045602605863,76.0,0,0.0033469713843023996,0.002279322853687926,0.002061220048840795,0.00027152269929775485,0.009622587501598723,0.053662908208016,2023-02-04 09:00:00+00:00,2023-02-04 10:00:00+00:00,ETH/USDT
development|ETH/USDT|2023-02-07T11:00:00+00:00,development,0.0048655601498932555,0.0027530719002253345,-0.002096487797589648,0.0008697585302865907,-0.0003404454014500624,0.12588155733745698,0.0005177276021903754,0.00491282326011782,0.10532837670385913,0.3519206939281497,9.848004044496417,0.005995229657439497,0.004302458292930498,0.005693575379597439,0.10138888888888889,56.348841489555134,-3.3295171394868594e-06,-0.0007787460945723701,0.0007754165774328832,0.9861359179992484,-0.022442322387758236,-0.11734921443390012,RANGE,0,28,11,1,-0.009598688018522039,0.023445336789178928,-0.04201367018918978,0.05623786314124413,73.0,0,0.0005238217057097483,0.006340785032071583,0.0065997904244825545,0.005995651774504784,0.00722318286057666,-0.010577038910974501,2023-02-07 10:00:00+00:00,2023-02-07 11:00:00+00:00,ETH/USDT
development|BTC/USDT|2023-02-07T18:00:00+00:00,development,0.013348882962922026,0.012325714990582881,-0.0009973961218122003,0.002146220564828605,0.00034914732218771505,0.32428310751844486,0.013270966377375152,0.019198193353754667,0.6822076556522464,0.879012953309914,129.8448102445639,0.005576826714371045,0.0036436031678183435,0.003999143132437727,0.26944444444444443,68.90833614351517,0.0014522686838478421,0.0002979912354586146,0.0011542774483892274,2.306781827994886,3.1840211842528565,-0.023434524044979033,RANGE,0,34,18,1,-0.002317350130693785,0.028488382365933207,-0.040077509791795585,0.028936991258225797,156.0,0,0.013270966377375126,0.013320357960138862,0.013303599562001223,0.015093701278997118,0.0107285275341229,-0.006685685738213598,2023-02-07 17:00:00+00:00,2023-02-07 18:00:00+00:00,BTC/USDT
development|BTC/USDT|2023-02-12T04:00:00+00:00,development,0.001056616586652348,-0.003304371733328537,-0.004370828131954949,0.0021509995209954003,-0.00045406574530670873,0.16459264479516134,-0.001569059952941933,0.0019994141785322724,0.7859931113662488,0.07026406429394629,79.73381156196348,0.0036606409493780225,0.0018160516818531193,0.00374193192808114,0.015277777777777777,52.344064956236664,0.0006998719408575607,-4.4209599453248e-05,0.0007440815403108087,0.825034168573385,-0.8731960864610049,-0.40116728397985835,RANGE,0,4,4,6,-0.005703376925015213,0.007546871321102655,-0.07123571550400809,0.015401612978416024,106.0,0,-0.0015969769281755086,-0.001603841519006055,-0.0019327735713147165,0.0020979233319440294,0.004742934955089151,-0.032731397023950004,2023-02-12 03:00:00+00:00,2023-02-12 04:00:00+00:00,BTC/USDT
development|ETH/USDT|2023-02-12T08:00:00+00:00,development,0.000909729122064773,-0.004817954939436486,-0.005750182275569167,0.001671298584895009,-0.0009926412404835938,0.18508239375541694,-0.00154578659013835,0.002057707256847652,0.7523809523809681,0.2476190476190318,6.939289992108934,0.0045330245632166435,0.0025570861582697667,0.005282399878767401,0.001388888888888889,51.57084761029778,0.0009824016768579615,0.00033914367593900293,0.0006432580009189586,0.43700847144181426,-0.8791715146152629,-0.3947172147589426,RANGE,0,8,8,6,-0.00788723266364233,0.017162790697674346,-0.09840333115418376,0.027402684563758273,117.0,0,-0.001545786590138376,-0.0006332419375897347,-0.0018127164011710883,0.008066746565870808,0.00658859423596625,-0.060765582531122075,2023-02-12 07:00:00+00:00,2023-02-12 08:00:00+00:00,ETH/USDT
development|BTC/USDT|2023-02-14T16:00:00+00:00,development,0.010507925248847805,0.012106066283348538,0.001562605508284745,0.004630221260774947,0.0018049693744783823,0.28013643763404716,-0.009256816192820762,0.02083256773034443,0.44849514351670056,0.3953787185853024,181.21696751179073,0.008221644561124187,0.006197636646302708,0.00432947608137624,0.7888888888888889,60.19673950159469,0.003316733344822959,0.0014492013861598172,0.0018675319586631417,3.160820512257877,2.7144799507423563,0.15116962753166918,RANGE,0,23,16,1,-0.012439132795796337,0.03233467924558342,-0.06014625618284153,0.03233467924558342,60.0,0,-0.009256816192820816,0.008331915173939608,0.010283681279217305,0.01571536403442897,0.022187522897998635,0.014062987387616355,2023-02-14 15:00:00+00:00,2023-02-14 16:00:00+00:00,BTC/USDT
development|ETH/USDT|2023-02-14T17:00:00+00:00,development,0.016706824631492978,0.01836324839807313,0.0015998269067172728,0.00922638902461892,0.0032113106391848945,0.40252521241959915,-0.003327205406385045,0.013164902253685771,0.25357671435618534,0.2802170695609309,18.024828218337706,0.011706714436797886,0.006787651952994089,0.005908341908506221,0.9638888888888889,65.02998124264575,0.006190845626278987,0.0027269424822562605,0.0034639031440227273,1.5028342200473652,0.4098678865485486,0.33191150820235626,RANGE,0,5,17,1,-0.018674314850223084,0.05298792247404638,-0.09317926156274481,0.05319680148844341,57.0,0,-0.0033207537398936005,0.016652580423643704,0.020256704193806874,0.027507874646308217,0.04343288538299417,0.014361947427366628,2023-02-14 16:00:00+00:00,2023-02-14 17:00:00+00:00,ETH/USDT
development|ETH/USDT|2023-02-18T04:00:00+00:00,development,0.007053545288760565,0.018680653910780665,0.011333945202991587,0.004940714579770411,0.004780319671628286,0.3803422336116391,0.00231785931242742,0.0031009850187706575,0.7457305502846446,0.9259962049336102,16.344899468843078,0.009617701781061676,0.004343828476388926,0.006010206599078448,0.7611111111111111,59.075576762374084,0.005206083742960534,0.004562911253200995,0.0006431724897595391,0.3570928281850151,-1.0966019693108224,-0.022441193541530402,TREND_UP,0,4,4,5,-0.013089430894308918,0.03242228553724291,-0.02496313763289093,0.1624769995827433,83.0,0,0.0023178593124273394,0.002702256206928988,0.0036615758950191424,0.015749113925563885,0.021451282328687205,0.09697783400679061,2023-02-18 03:00:00+00:00,2023-02-18 04:00:00+00:00,ETH/USDT
development|BTC/USDT|2023-02-18T06:00:00+00:00,development,0.009099068996148318,0.021569731715869622,0.012097279402356323,0.0068397727022770916,0.005649701814222752,0.39618197376430225,0.0007070335010422696,0.0018984295547902206,0.37216759298846275,0.8854211201367953,247.45333800246328,0.010042170378268107,0.005676234573714165,0.0061167313759370335,0.9375,60.09883396960221,0.006764239601738948,0.005811306518023794,0.000952933083715154,0.32649514986725214,-1.0267975859945528,0.35476205560146434,TREND_UP,0,8,6,5,-0.01517478641035519,0.047114460777752054,-0.0241021782178219,0.15410703070150578,86.0,0,0.0007070335010421758,0.003484300692380371,0.002908021458715604,0.014119065697876687,0.03939124877939726,0.11327961225404426,2023-02-18 05:00:00+00:00,2023-02-18 06:00:00+00:00,BTC/USDT
development|ETH/USDT|2023-02-20T17:00:00+00:00,development,0.000709343144836394,0.0042550463600430355,0.003528177319694289,0.003811113229853502,0.002270347716868626,0.14406510939646863,-0.0038893184320892785,0.014024461954604339,0.27840670859539046,0.6825995807127833,13.553863413404526,0.007970047873341483,0.004061563813997942,0.005706154714056092,0.49444444444444446,52.3054480993064,0.0027605396191264153,0.0020426232924603423,0.0007179163266660732,1.4974028614097878,1.0090969850953166,-0.0778406794030666,RANGE,0,2,17,0,-0.011215833570751732,0.030316983326870828,-0.024309081625042417,0.16302608362626692,61.0,0,-0.0038834837719581294,-0.0030601118523643223,-0.006211906055877958,0.006605739179846415,0.0010477861103588282,0.01654591970925079,2023-02-20 16:00:00+00:00,2023-02-20 17:00:00+00:00,ETH/USDT
development|BTC/USDT|2023-02-20T20:00:00+00:00,development,0.00517489111571412,0.010081828298718731,0.00483295007336242,0.004403144787676672,0.0028320872744378445,0.4562919392958357,0.00208416765845595,0.003411038593706471,0.6097359735973535,0.810938236680801,202.1549499479607,0.008127750308596094,0.004571424959135957,0.0063617263916072465,0.7680555555555556,59.096546525068945,0.0036707687267377243,0.002989922556405179,0.000680846170332545,0.5545454410058284,-0.9728769517174966,0.003764248233085743,TREND_UP,1,1,20,0,-0.009913527323303861,0.043260238842355525,-0.014962772277227754,0.1550854813384437,62.0,0,0.0021160635898866964,-0.00048263556795080653,0.0006815461522213795,0.015040208295498791,0.014206613251866784,0.014177664856639183,2023-02-20 19:00:00+00:00,2023-02-20 20:00:00+00:00,BTC/USDT
development|ETH/USDT|2023-02-23T15:00:00+00:00,development,0.004633666091505839,0.0033891558210468187,-0.0012345860184909624,0.0011057101497029542,4.568924186121315e-05,0.33713735734909905,0.002723429951690816,0.010852087611637378,0.2502774694783571,0.4506104328523806,15.411662123365794,0.009281282330950005,0.00646091291181237,0.005577173378599002,0.7361111111111112,54.448310276574496,0.002141760781075637,0.0020390696659488014,0.00010269111512683525,1.460645211056519,0.7234809472557758,0.17452637664442694,RANGE,0,18,15,3,-0.011012507444907671,0.041026412633928366,-0.04731005123438725,0.041026412633928366,70.0,0,0.002717374895079061,0.01406429391504016,-0.004472502503042652,-0.006866069773144634,0.020107139785474626,-0.03006460355845275,2023-02-23 14:00:00+00:00,2023-02-23 15:00:00+00:00,ETH/USDT
development|BTC/USDT|2023-02-23T17:00:00+00:00,development,-0.013536415095536825,-0.01803525210305057,-0.00464433249413809,-0.0062851717449503575,-0.0032916836472441924,0.016296230833812514,-0.007900022670501635,0.010766073255420937,0.7396317867333877,0.03783762654888153,233.9880620122913,0.009846900740797887,0.006528935833254563,0.00555203688952594,0.9361111111111111,37.451035739719465,-0.0028315028532750934,-0.0008376352616740244,-0.0019938675916010688,1.232587868264748,0.4412758718649178,0.09695798453453475,RANGE,0,20,17,3,-0.03402414430484413,0.007375587306257314,-0.05890653465346529,0.018134165575163452,69.0,0,-0.007862328461704093,-0.01031310403940311,-0.02033771549378449,-0.03093766873127135,0.005400046879667331,-0.04507237524212149,2023-02-23 16:00:00+00:00,2023-02-23 17:00:00+00:00,BTC/USDT
development|BTC/USDT|2023-02-26T15:00:00+00:00,development,0.0011428103489679042,-0.002776044722094806,-0.003925278423625277,0.00182735894163355,-0.00043019340062133704,0.21189833624959825,-0.0008400410973952264,0.006520750291566784,0.12893414440624348,0.0901216609362682,110.71406392286585,0.004773464457852293,0.002832065883766582,0.004782837706106125,0.15555555555555556,51.90585348306427,0.0007583903721833953,0.00020275300522686217,0.0005556373669565332,1.6348595701475892,2.080005487799779,-0.452515191116309,RANGE,0,5,15,6,-0.005898095516487234,0.020757415720447314,-0.08143960396039596,0.020757415720447314,70.0,0,-0.0008830820857106403,-0.002571232471410556,0.0018011441800798167,-0.0018230324397345843,0.00833758298781806,-0.03405271684581834,2023-02-26 14:00:00+00:00,2023-02-26 15:00:00+00:00,BTC/USDT
development|ETH/USDT|2023-02-26T18:00:00+00:00,development,0.00440330799012334,0.0013695477573922865,-0.0030163292092235585,0.0011853159340122765,-0.0004774711512648411,0.4396631135675783,0.0037892029564522175,0.005876902219541195,0.6423280423280325,1.0,7.753790631236708,0.00482203908683307,0.0039612499458703855,0.004855005178688468,0.022222222222222223,57.29768483381852,0.0007903297312629646,5.9248013576031554e-05,0.000731081717686933,0.8497678396127232,-0.24674781923301853,-0.3797556853011178,TREND_DOWN,0,2,18,6,-0.004315896368950356,0.03253003538106891,-0.06506230049596196,0.03253003538106891,75.0,0,0.0037892029564521312,0.0031817529587183646,0.002550034291414649,0.005785806322478937,0.006220080723381649,-0.023566917658489173,2023-02-26 17:00:00+00:00,2023-02-26 18:00:00+00:00,ETH/USDT
development|BTC/USDT|2023-03-01T08:00:00+00:00,development,0.011026889252425898,0.013022509056293652,0.001948480229329619,0.006570804442711742,0.0025496640107436352,0.18648251203829228,-0.0015446632495184217,0.0034246835266904013,0.4517360256094332,0.4316670770746221,169.6506782571938,0.007153409050963515,0.004668566327149623,0.004442825075294069,0.6125,62.495055909840715,0.003056128070602174,0.0005865878130908928,0.002469540257511281,0.7970569934701451,-0.5849117917050936,0.04938002871084257,RANGE,0,42,8,2,-0.005490837421897932,0.030235842438085525,-0.03591645226607432,0.04374878971921481,65.0,0,-0.0015446632495184076,-0.0032957223692217097,0.0202228688339825,0.019415965021174042,0.02063031379697966,0.02424964056771528,2023-03-01 07:00:00+00:00,2023-03-01 08:00:00+00:00,BTC/USDT
development|ETH/USDT|2023-03-01T09:00:00+00:00,development,0.01367702171927676,0.016814439598787922,0.003043904763936424,0.008339567935349956,0.0035231538184623545,0.135244148383548,0.004651979817191631,0.01249253884323433,0.37065637065636226,0.4628378378378333,13.6300574591179,0.008217858216387354,0.005833710689274866,0.004794658422571946,0.6152777777777778,62.237850075996455,0.0036611284940847207,0.0010432193754809952,0.0026179091186037252,1.168323192630483,0.38378074935513773,0.17125807677905813,RANGE,0,42,9,2,-0.0066657882758786036,0.039868338557993654,-0.012156045265038773,0.06502154328241283,63.0,0,0.004651979817191565,0.004852839607895509,0.022747733859530106,0.019059088088377196,0.023183077217290515,0.03641794402334542,2023-03-01 08:00:00+00:00,2023-03-01 09:00:00+00:00,ETH/USDT
development|BTC/USDT|2023-03-05T07:00:00+00:00,development,0.0017957100086283262,-0.002944656652960398,-0.004745844478513229,0.0020409993170440455,-0.0005811803580316743,0.08469005501740383,-0.00016012974523759623,0.0011358095408893277,0.1410054988216916,0.5573448546739661,104.52894154448532,0.004663195958573971,0.0032759570648132346,0.005533629098747921,0.1527777777777778,52.401728537724004,0.00026445670341519793,-0.0006074596150904305,0.0008719163185056285,0.5776778550199138,-0.6745764351575867,-0.40774614355109773,RANGE,0,5,7,6,-0.01087101851594452,0.011673469608811216,-0.06601124999999997,0.020235645594923746,95.0,0,-0.00014541243829457873,0.001282439556492987,0.0016300814370453498,0.004245335216166657,0.0022821689010668056,-0.043610210147172146,2023-03-05 06:00:00+00:00,2023-03-05 07:00:00+00:00,BTC/USDT
development|ETH/USDT|2023-03-05T15:00:00+00:00,development,-0.00019129783158755576,-0.0034878867071018727,-0.0033087602072229055,0.0005223604054418463,-0.000726376209866153,0.06572401152134072,-0.002638807640460927,0.0035192186314574677,0.7518115942029175,0.05072463768115464,6.706262617983238,0.004275508034900982,0.0032305347844784026,0.005820050566709113,0.011111111111111112,49.34646196083232,0.00015265589717761494,-0.00011775906125328213,0.00027041495843089705,0.7945958022897132,-0.2704459541777042,-0.2988577569238309,RANGE,0,17,15,6,-0.012739414767398705,0.012529694278041736,-0.06516038286865411,0.01563076683998199,102.0,0,-0.0026451493937139636,1.9126554032578014e-05,0.0016923391319896286,0.0013661987116873053,0.0007847891277994457,-0.035866197875688566,2023-03-05 14:00:00+00:00,2023-03-05 15:00:00+00:00,ETH/USDT
development|ETH/USDT|2023-03-07T02:00:00+00:00,development,0.003710173204819034,0.003133534979797181,-0.0005727120922623156,-0.0003350274482060156,-0.00031625325129336357,0.21027335536196937,0.005358557085558001,0.006206681871025521,0.8587512794268054,0.9089048106448208,7.288800597259886,0.0046304264614670425,0.00247016551298814,0.005573396735994451,0.05694444444444444,56.79611378039786,0.0003708873518984209,0.00032572239433838066,4.516495756004026e-05,1.4127985791616655,0.8245208465412466,-0.2607321479758269,RANGE,0,52,2,1,-0.005923624399270078,0.012654074779341551,-0.06183471803368579,0.0192438438477327,35.0,0,0.005352136064327828,0.0030139290675297303,0.005056857724796915,0.002253958753828167,0.008023924486737721,0.00186484043839652,2023-03-07 01:00:00+00:00,2023-03-07 02:00:00+00:00,ETH/USDT
development|ETH/USDT|2023-03-11T16:00:00+00:00,development,-0.0037691136743044362,-0.013969073142107047,-0.010383598979197045,-0.0028438939063115676,-0.0037191614940896844,0.029810298102981112,-0.0030995846277357356,0.006925721808670878,0.44893832153690694,0.19211324570273727,17.685015421181134,0.012384377855323937,0.00881720388176801,0.006520339696012772,0.9583333333333334,46.5566668737688,-0.0014985299940072964,-0.0009090246334934453,-0.000589505360513851,0.5074479539185264,-0.9340331252350091,1.0970662813248317,RANGE,0,6,16,5,-0.03251355013550139,0.020014428674490548,-0.1011851935774215,0.04356945022983205,110.0,0,-0.0030926251710369224,0.0012269852621542565,-0.004773984918389207,-0.02077747529674756,0.007748600947051321,-0.08483776491774497,2023-03-11 15:00:00+00:00,2023-03-11 16:00:00+00:00,ETH/USDT
development|BTC/USDT|2023-03-11T18:00:00+00:00,development,0.005406495232431308,-0.006381709459215346,-0.01180011947180033,-0.0010290702770341387,-0.003577327298896704,0.08237468192768728,0.007723070414473516,0.013110142184589,0.5845765521398396,0.6815852923447828,207.1618859795137,0.010231772831596792,0.007345425727128245,0.0055806864195987035,0.8944444444444445,52.94443026257652,-0.001789335845102093,-0.0025244936589412076,0.0007351578138391144,1.0608162833238428,0.17398861602532287,0.30759942625901515,RANGE,0,27,18,5,-0.02125008036638365,0.024380939467331997,-0.10657313601702234,0.03569629072248359,155.0,0,0.007755171317064935,0.006691914860187609,0.008008037411001645,-0.007084852969807431,0.015877189109344103,-0.08112558136157522,2023-03-11 17:00:00+00:00,2023-03-11 18:00:00+00:00,BTC/USDT
development|BTC/USDT|2023-03-16T21:00:00+00:00,development,8.926209552839737e-06,0.0078877520363978,0.007817096183085574,0.003339278413758917,0.0032711223020591707,0.2353196048089515,-0.010272826622306315,0.013585527234827751,0.764008106819265,0.21861587982832156,287.278878183359,0.011632197852738384,0.004988187731793557,0.008737926630975917,0.8305555555555556,51.08921981352233,0.0033300558620692573,0.002861296645081461,0.00046875921698779624,0.9132782254253143,-0.23835920958406834,-0.2083028781481503,RANGE,1,1,21,3,-0.01869601150694955,0.023789329685362404,-0.06404700519614492,0.2633258120966244,123.0,0,-0.01027282662230633,0.0004816694200278082,-0.006027776793964934,0.004709716001318087,0.015556430972886393,0.02331803410194122,2023-03-16 20:00:00+00:00,2023-03-16 21:00:00+00:00,BTC/USDT
development|ETH/USDT|2023-03-17T03:00:00+00:00,development,0.02046031538184767,0.024104931031825094,0.0034874754437865764,0.006345383325087273,0.0028720681578160434,0.3153979667741148,0.004676314144523502,0.019633623093132074,0.23707025411061444,0.3635276532137538,18.982252350003634,0.011141715638226949,0.006352001604085231,0.008236643544049745,0.8041666666666667,65.5158887756303,0.004271580424154413,0.0016344985813335285,0.002637081842820884,3.16037381667746,3.954564114470106,-0.34056954529850925,TREND_UP,0,2,3,4,-0.01234202898550718,0.041412992982713615,-0.042870304828035555,0.2450470991457112,131.0,0,0.004682238747000023,0.017912088568646123,0.028617831203096022,0.026850936618529886,0.03270172631170598,0.020320042161242835,2023-03-17 02:00:00+00:00,2023-03-17 03:00:00+00:00,ETH/USDT
development|BTC/USDT|2023-03-19T20:00:00+00:00,development,0.027913349592064485,0.04284578991904775,0.01393009856595917,0.013463806607717732,0.008112749568260691,0.6243424951844726,-0.0018799615247258447,0.007552413003032696,0.24939081537020058,0.437066541705716,294.2329907612548,0.010413163380255318,0.00552539780025157,0.008772964791774931,0.7152777777777778,76.29235350023359,0.008781483564812622,0.004298877346628121,0.004482606218184501,1.6131310467973397,0.998199547507199,-0.36975458599944266,TREND_UP,0,3,20,6,-0.004233507189174035,0.053930249906751104,-0.004233507189174035,0.3613507768445965,71.0,0,-0.0016895323542619467,0.011907588518148104,0.03964932278618161,0.04749097398647106,0.033883855113624906,0.13235411395968688,2023-03-19 19:00:00+00:00,2023-03-19 20:00:00+00:00,BTC/USDT
development|BTC/USDT|2023-03-21T19:00:00+00:00,development,0.0059539900318590355,0.012221509043821577,0.0061551973348299704,0.0034716574430464497,0.002797094589381377,0.05976853528669045,0.0050048787563834445,0.008103091603365533,0.6145746501118833,0.849822313868295,316.77119911568224,0.011261466431546144,0.006120320725764878,0.006885572731547658,0.7222222222222222,54.6944595950532,0.002939726089618702,0.0020513011253146373,0.0008884249643040646,0.8287430469889552,-0.4860353311004137,-0.10191565056780039,RANGE,0,44,19,1,-0.010892960435746502,0.030240888397288224,-0.01205500140488902,0.17708619719252883,47.0,0,0.005004878756383446,0.003127913138804228,-0.002133817116796166,0.017793531210503755,0.005316293555186924,0.029614893282136956,2023-03-21 18:00:00+00:00,2023-03-21 19:00:00+00:00,BTC/USDT
development|ETH/USDT|2023-03-21T21:00:00+00:00,development,0.009188268561648671,0.013608530275426078,0.004321211602887018,0.007809364424806509,0.0038666146225332376,0.2728397839783982,0.0032269050184514053,0.00896509123691542,0.35878336436995706,0.5927995034140294,20.3716695848601,0.011336677621140085,0.007331624430722837,0.00651096429770338,0.7458333333333333,58.136452343860654,0.005903950627314103,0.0042391251301221395,0.0016648254971919638,0.6286389851136837,-0.593018303498449,0.02098161259132092,RANGE,1,1,21,1,-0.02072479564032692,0.046569326911316766,-0.024107181648346798,0.11543761638733718,114.0,0,0.0032269050184514647,0.0037985219280849414,-0.004713428008064291,0.03444762337879137,0.022411497627419674,0.003658359491069074,2023-03-21 20:00:00+00:00,2023-03-21 21:00:00+00:00,ETH/USDT
development|ETH/USDT|2023-03-23T23:00:00+00:00,development,0.010119296586706517,0.016607782931399084,0.006318548117330833,0.011024920172037378,0.005433263419698742,0.3453713376113022,-0.003031973539140022,0.006801216477743961,0.4471544715447171,0.48373983739837945,20.009928257000553,0.011064378356096518,0.0088667117289188,0.007359259596817267,0.7027777777777777,58.389091670674595,0.008396193822400056,0.005853056884221358,0.0025431369381786976,0.4972754304464811,-0.49772262284269764,-0.01108056028307225,TREND_UP,0,6,23,3,-0.02620129660341597,0.048126296755647724,-0.02620129660341597,0.08772140859471311,50.0,0,-0.003026477543977668,-0.006777091891654319,-0.010959563367495373,0.03280888609691335,0.047361471460340976,0.03490701001430607,2023-03-23 22:00:00+00:00,2023-03-23 23:00:00+00:00,ETH/USDT
development|BTC/USDT|2023-03-24T01:00:00+00:00,development,0.006124541884901857,0.010318726235851283,0.004126077396377102,0.006603882412625328,0.0033479181548834447,0.26713931518223677,-0.0035383818299922387,0.006819576312364076,0.520698980653212,0.06906594549614581,326.2232799991396,0.011570129773371435,0.008865020756655392,0.00827721402093608,0.7305555555555555,54.7798087460749,0.005232110987407654,0.0039210687632267325,0.0013110422241809213,0.5463928011436117,-0.5805830884984996,-0.6599837801196002,RANGE,0,29,1,4,-0.019293913043478272,0.040225050728647904,-0.02330431047472903,0.1318867924528302,54.0,0,-0.0035380296662956834,0.00111881248937018,0.010446605838631218,0.026403722753448378,0.031952677448587874,0.01239092990681212,2023-03-24 00:00:00+00:00,2023-03-24 01:00:00+00:00,BTC/USDT
development|ETH/USDT|2023-03-26T14:00:00+00:00,development,0.019359971587262992,0.020514742401523955,0.0011100663564721904,0.00808452287689243,0.00286486915146944,0.4076448057531475,0.011776566266417402,0.015497058119534375,0.7510775862069017,0.8372844827586212,13.220472199007496,0.00735913886622515,0.0052196228060464285,0.006904843723090602,0.38055555555555554,72.06196874486847,0.004613453705039864,0.0018487843038765416,0.0027646694011633226,2.4757619693449104,2.0936019879469105,-0.41359619875391807,RANGE,0,18,14,6,-0.002515269294836142,0.048672282250202814,-0.032678929117577415,0.05049353261759415,63.0,0,0.011770867946631292,0.014135472471393129,0.02506062594505143,0.02555802934292406,0.02396803502012057,0.027964065003433403,2023-03-26 13:00:00+00:00,2023-03-26 14:00:00+00:00,ETH/USDT
development|BTC/USDT|2023-03-26T15:00:00+00:00,development,0.004167350053673857,0.0048651186365351595,0.0006915085335875624,0.005539061445255289,0.001918965484060564,0.19206864968597528,-0.012603197158081664,0.01636972112471137,0.7797362637362611,0.22026373626373882,186.36547303022962,0.006704946858856653,0.004679696087994199,0.0074723445572288565,0.35694444444444445,55.40305075709879,0.003270351961593142,0.0013828401271173654,0.0018875118344757766,2.9652803366277345,2.8208190990623367,-0.7663570807232211,RANGE,0,29,15,6,-0.014158130692619841,0.02353542059994651,-0.03716323063040272,0.04486237773383772,62.0,0,-0.012602846395327383,-0.002538223172007359,0.004917712732110946,0.007451347679781284,0.009741686907355884,-0.008917002135830132,2023-03-26 14:00:00+00:00,2023-03-26 15:00:00+00:00,BTC/USDT
development|ETH/USDT|2023-03-28T23:00:00+00:00,development,0.012576916988868314,0.015270441520321087,0.0026200595968019743,0.010184433571452267,0.003983335305480784,0.34673182651191187,0.0008140008140008449,0.0037842844878224085,0.21492537313434235,0.6104477611940342,16.605991626142387,0.00937937261428674,0.006773117847202533,0.0066069304794537,0.5541666666666667,61.7797710916321,0.006224468007936278,0.003351665858624959,0.002872802149311319,0.5181934388862739,-0.7774743439775977,-0.06556371342099321,TREND_UP,1,1,23,1,-0.014061133912113721,0.04076701956934503,-0.046673415322320166,0.05002579872251833,57.0,0,0.0008083434611798612,-0.008606545902511309,0.02026727213005164,0.03079914763795588,0.03567730726707974,0.018787798576385573,2023-03-28 22:00:00+00:00,2023-03-28 23:00:00+00:00,ETH/USDT
development|BTC/USDT|2023-03-29T08:00:00+00:00,development,0.02463963291985327,0.027191899494173777,0.002424952838114424,0.009208189152361212,0.0034255108940748347,0.4626869696533868,0.0012305586351208434,0.006935281388209875,0.17721648955285324,0.6013142358437317,229.12346347651336,0.008157686184356697,0.00643332998744127,0.007196484126742094,0.49166666666666664,73.77383245597969,0.006398263418772397,0.0028305881895575964,0.003567675229214801,1.1642589917132624,0.26075260970375647,-0.09243243884878338,TREND_UP,1,1,8,2,-0.0027573738268911185,0.054635476862605614,-0.027062098063429962,0.05955453683283696,65.0,0,0.001230558635120893,0.018817059010659776,0.02785062311121589,0.024095028110197703,0.041684716172752934,0.021155472435133493,2023-03-29 07:00:00+00:00,2023-03-29 08:00:00+00:00,BTC/USDT
development|ETH/USDT|2023-03-31T15:00:00+00:00,development,0.0190176365733723,0.023368150406671617,0.004171833399577054,0.003742056970524432,0.00212864000743318,0.5015430811577255,0.005711000383288652,0.012124808763400163,0.46834306241580925,0.5262685226762477,14.986609548655256,0.008159397161616164,0.004590050157711823,0.00548740621362705,0.43333333333333335,71.44209225144937,0.003189024552559556,0.001154228326536613,0.0020347962260229436,2.564124287950778,2.33078965140684,0.09592336832767567,TREND_UP,0,2,15,4,-0.005711099562600075,0.04182076006806579,-0.005711099562600075,0.08931695658104655,64.0,0,0.005711000383288756,0.024452141514538006,0.02610614525139665,0.018606018256635437,0.023242210349803116,0.055573754475497505,2023-03-31 14:00:00+00:00,2023-03-31 15:00:00+00:00,ETH/USDT
development|BTC/USDT|2023-04-01T04:00:00+00:00,development,0.005256127115776943,0.01002404006776314,0.004695911226932069,0.004258088254531334,0.002678871983412545,0.4526035616407432,-0.0014784825856722944,0.00352088742199838,0.42053935714999396,0.37625634391480184,217.0954286162013,0.007606414210251228,0.0045155880820948666,0.005492162333997799,0.3638888888888889,57.79752517990894,0.0036803083708282155,0.00286352572728545,0.0008167826435427654,0.35285322567353616,-0.8964219765012345,-0.02900995537711426,TREND_UP,1,1,4,5,-0.009667342245983757,0.03741643103972825,-0.022051980696721762,0.07669191425728084,68.0,0,-0.0014784825856722916,0.0036159020924970697,0.0022442523296715144,0.0016181791957110558,0.013230778734049986,0.04288488697339354,2023-04-01 03:00:00+00:00,2023-04-01 04:00:00+00:00,BTC/USDT
development|ETH/USDT|2023-04-04T02:00:00+00:00,development,0.002649479044139147,0.0023088463219114175,-0.00033895002428601853,-0.00019695212971471143,-0.00027470693688647074,0.14027987712711473,0.0012576386311129724,0.0062304951196299274,0.20159857904085113,0.33481349911189917,16.99063857787715,0.009401429017660714,0.007167574886502491,0.005105322196085099,0.5513888888888889,52.12745421893801,0.0009953590466215175,0.0005830750459252797,0.0004122840006962378,0.5070896560678949,-0.733340440375801,0.24930203326553002,RANGE,0,19,2,1,-0.017799009777227037,0.022038489597177024,-0.021675111515308987,0.05732923796986977,83.0,0,0.0012520914359162028,0.0005148617900583297,-0.006405005250454954,-0.0006193457055010398,0.019950448391265807,-0.014284701352110574,2023-04-04 01:00:00+00:00,2023-04-04 02:00:00+00:00,ETH/USDT
development|BTC/USDT|2023-04-04T18:00:00+00:00,development,0.0053404654256195006,0.00538553837930511,4.459336254705978e-05,0.0018816257979505924,0.0006401735610817028,0.383897333702927,0.004555681380605347,0.00549296967193453,0.8256046436633514,0.9480812641083566,211.73559848007795,0.007501175239728995,0.004884651906571627,0.005126057709914427,0.3388888888888889,57.33643435504688,0.0016644103890117573,0.0010721914357005146,0.0005922189533112428,0.6359098293027008,-0.700534796181151,-0.005187991929702318,RANGE,0,35,18,1,-0.007644727756988656,0.037747828695629204,-0.03281481928189722,0.05174637205685495,86.0,0,0.004555323874630313,0.0036976851687231527,-0.002210359171877063,0.012082462501806335,0.008593792431202507,-0.005123999158335946,2023-04-04 17:00:00+00:00,2023-04-04 18:00:00+00:00,BTC/USDT
development|BTC/USDT|2023-04-08T11:00:00+00:00,development,0.0007251722324863596,0.0005577418579800764,-0.00016721578338986068,0.002039564924487536,0.0006706850865940694,0.11635552142822816,-0.0007444932647796403,0.0014272648279535266,0.5220110055028226,0.4232116058028624,86.1346750542922,0.0030749622854476895,0.0019202283179751208,0.003687770629161994,0.001388888888888889,52.40031391675712,0.0009807865068849901,0.0005539831823124482,0.0004268033245725419,0.744699528187901,-0.5288258315700669,-0.5074543355677258,RANGE,0,49,11,5,-0.005092170162376286,0.007612230215827243,-0.026529278887923557,0.0298298838539659,89.0,0,-0.0007444932647796554,-0.0026561068025531265,0.0009519392188237497,0.0019899134317904466,0.002801667969767996,-0.017480883900385824,2023-04-08 10:00:00+00:00,2023-04-08 11:00:00+00:00,BTC/USDT
development|ETH/USDT|2023-04-08T15:00:00+00:00,development,0.001225642266184268,0.0009403442735165246,-0.0002846810492447577,0.000669739940262426,0.00015059399164485399,0.18813645621181296,0.0007443384758731908,0.002028017679605293,0.36675461741421794,0.36675461741421794,7.309743393785682,0.003911421856457916,0.002842608813793027,0.004511637792878066,0.006944444444444444,52.656675351142205,0.0007336654003399682,0.0005809637941465086,0.00015270160619345957,1.0885833169814398,0.22499122173206387,-0.5704642721667027,RANGE,0,18,15,5,-0.005618874309612831,0.009501790701317514,-0.038168174659543586,0.06016099661328478,109.0,0,0.000738979565608533,0.000738979565608533,0.0006103829349781709,0.001908581109336005,0.006760869916553114,-0.01508867163825145,2023-04-08 14:00:00+00:00,2023-04-08 15:00:00+00:00,ETH/USDT
development|BTC/USDT|2023-04-09T23:00:00+00:00,development,0.01145976206081345,0.013053242282578426,0.0015551267657747424,0.004285099607006737,0.0016698061391622332,0.3250681489673377,-0.002314222215970676,0.005991951751394627,0.3871176470588312,0.06699999999999658,112.70250158172236,0.003972399716112688,0.002998445426005565,0.0036831974821193102,0.08472222222222223,72.29968708704442,0.002589408478688479,0.0006601320036183995,0.0019292764750700796,2.815200226200737,2.319078691280575,-0.2853417045054343,RANGE,0,4,23,6,-0.0055594111461619855,0.020553597122302092,-0.014026411815812323,0.043056605382893576,36.0,0,-0.0023138713775868736,0.008208483177211345,0.0170057834217181,0.017142875580517414,0.015520923824628774,0.012979570734786616,2023-04-09 22:00:00+00:00,2023-04-09 23:00:00+00:00,BTC/USDT
development|ETH/USDT|2023-04-10T10:00:00+00:00,development,0.0011553270657180814,0.0012218386838727113,6.63537905297299e-05,0.0014067358173950328,0.00048630500655044706,0.29089625970359717,6.999671553866875e-05,0.0017390274367920157,0.04024767801853902,0.18266253869966403,8.240553419122287,0.004436702318948555,0.0027451699529715164,0.004353618755698539,0.05694444444444444,53.512110902910365,0.0012747183543078892,0.0010741666384645045,0.00020055171584338485,0.6732387056736693,-0.8339572551193429,-0.3111736843353071,RANGE,0,20,10,0,-0.008874113522484128,0.017034907597535787,-0.04406633109965108,0.05038257732133666,43.0,0,6.461200491036934e-05,-0.0009681791776932069,-0.0003283153118727178,-0.005269922879177491,0.011347548624572434,0.0009646631493287483,2023-04-10 09:00:00+00:00,2023-04-10 10:00:00+00:00,ETH/USDT
development|ETH/USDT|2023-04-13T05:00:00+00:00,development,0.0049505718085975925,0.00908188798098819,0.004073965251147813,0.002977936092919853,0.00210232021784984,0.39607187630589047,0.0004183159645058666,0.003789403260454833,0.11034482758620062,0.3172413793103386,14.636043055475072,0.007649913003389594,0.004106364410891112,0.0034022784016325327,0.41805555555555557,58.656834039403286,0.0031856538595061265,0.002799647908025176,0.00038600595148095075,0.3553308169422159,-0.7018352571642269,0.5672088811598639,TREND_UP,0,7,5,3,-0.010227625452664202,0.02807108044642903,-0.012460190877323307,0.04891420551422421,67.0,0,0.000418315964505922,0.003988182385877614,0.00011500201253533682,0.0033510939564935782,0.02440500093700626,0.03040209394758664,2023-04-13 04:00:00+00:00,2023-04-13 05:00:00+00:00,ETH/USDT
development|BTC/USDT|2023-04-13T15:00:00+00:00,development,0.010110017115684489,0.01608554855439781,0.005822072149894707,0.003331067942363042,0.0026549020876767138,0.33353505440031106,0.008602603083601904,0.01169890002871666,0.729062517553219,0.7341459304611596,173.17572773244123,0.005689955418025271,0.0031377345318983133,0.0033330167963950786,0.2222222222222222,66.03978757086456,0.0026958111731894235,0.0017662337067949367,0.0009295774663944868,2.2809642568770325,1.8689430006496437,0.1277881411521038,TREND_UP,1,1,15,3,-0.0031005568293481778,0.026923414334590667,-0.003753191489361707,0.09609989433477373,88.0,0,0.008602603083601945,0.00913533303580727,0.008188646269694067,0.010586552027442853,0.013677077098880996,0.07524739952722848,2023-04-13 14:00:00+00:00,2023-04-13 15:00:00+00:00,BTC/USDT
development|ETH/USDT|2023-04-16T20:00:00+00:00,development,0.007937912369777367,0.013607006919117204,0.005548943657870828,0.003013106505120211,0.002381281712083405,0.22892483349191017,-0.0063855280159756354,0.01378945078641477,0.4660493827160567,0.07818930041151428,13.557522632564375,0.006411206828787784,0.004106823604037324,0.005560378389659033,0.275,60.50497284602374,0.0021267261372261656,0.0007874969484778067,0.0013392291887483587,3.9275291355466293,4.047435550788408,-0.4353871581849793,RANGE,1,1,20,6,-0.012551715120894369,0.020234281523794806,-0.012551715120894369,0.1452881282495666,87.0,0,-0.006348177072320493,0.007892855440636781,0.013977396416224197,0.007940896091515715,0.00698095238095231,0.051400103416729515,2023-04-16 19:00:00+00:00,2023-04-16 20:00:00+00:00,ETH/USDT
development|BTC/USDT|2023-04-18T19:00:00+00:00,development,0.006113674157411264,0.007620198795126765,0.0014860462364536075,0.006214817076865886,0.0025300466727262716,0.31510720769344075,0.003962963493376186,0.010901822886430273,0.3620789337552949,0.6053007942062497,188.10262383155327,0.006240031310240783,0.0044668217076720695,0.0035061125405521656,0.4444444444444444,58.59093088381431,0.0045974635016345425,0.0033391982336074453,0.0012582652680270968,1.5844903932910634,0.9509849197483364,0.16028867669826252,RANGE,0,8,19,1,-0.011169427587338077,0.03600810811368138,-0.027596774193548335,0.03600810811368138,124.0,0,0.003962963493376215,-0.001337094159124863,-0.00523510104893421,0.014249866592555227,0.020983255867829786,-0.005157294682610392,2023-04-18 18:00:00+00:00,2023-04-18 19:00:00+00:00,BTC/USDT
development|ETH/USDT|2023-04-18T21:00:00+00:00,development,0.0007895051514563711,0.001466885784010774,0.0006758548570642085,-0.002095874224511962,-0.00048608411716033473,0.1432619882168694,0.005934618286312852,0.011101769404211523,0.5314113597246034,0.826161790017215,14.27186121295537,0.006817681245918222,0.0039501802191812116,0.005758365823697752,0.3638888888888889,51.061446780793396,-6.375037569445233e-05,0.0008481956355677463,-0.0009119460112621986,0.9329374403951025,-0.15041261198469819,-0.22039129063230778,RANGE,0,7,21,1,-0.014889411764705818,0.020653339834227236,-0.02249782866535288,0.129927401290044,49.0,0,0.005929784432634033,0.00866833383926724,-0.002192606150736909,-0.0015310721797984206,0.008260243424316416,0.003057048941532692,2023-04-18 20:00:00+00:00,2023-04-18 21:00:00+00:00,ETH/USDT
development|BTC/USDT|2023-04-23T09:00:00+00:00,development,0.003953359840747517,-0.000859085170628715,-0.004797616163218754,0.0010649148077446213,-0.0010055309708425497,0.26180317844114176,-0.00030232090823265355,0.0038876945967432418,0.07778706024321036,0.38280887403692687,145.36613445245075,0.0052458844839900366,0.003434910403610366,0.004635199866150149,0.2722222222222222,56.50257728703675,0.0009160236922480367,0.00032543360322296206,0.0005905900890250746,0.9139709040159142,-0.18620313996885218,-0.39221714277733044,RANGE,0,9,9,6,-0.006176226709589394,0.019359378816549366,-0.09294536593956337,0.02158562211981563,110.0,0,-0.0003026815638428326,0.004544838271620222,0.004294357571500651,0.0027523616355671354,0.018341196453547814,-0.03871736521129787,2023-04-23 08:00:00+00:00,2023-04-23 09:00:00+00:00,BTC/USDT
development|ETH/USDT|2023-04-23T12:00:00+00:00,development,0.003292804009604078,-0.002974325968582381,-0.006265196011364793,0.0014759432369453318,-0.0012137588189211623,0.08386388583973753,0.004044137339975336,0.006236496038838088,0.6458511548331839,0.8896492728828095,10.596069694296157,0.005652895352928142,0.003417007999834599,0.005631081207351857,0.18055555555555555,54.50495049859509,0.00014454162171208664,-0.0005918885840291811,0.0007364302057412677,1.1380878728654829,0.26855105203213003,-0.346505656169216,RANGE,0,17,12,6,-0.006813930938743495,0.01546120883466684,-0.12471866040326118,0.027095890410958834,111.0,0,0.0040387592331714295,2.66752027315853e-05,0.003995736452792942,0.00015473598838955382,0.012072847431820355,-0.03377371815028063,2023-04-23 11:00:00+00:00,2023-04-23 12:00:00+00:00,ETH/USDT
development|BTC/USDT|2023-04-25T23:00:00+00:00,development,0.02200028767992679,0.024907168278605285,0.00277518311603791,0.00902642440984569,0.003467863118445269,0.46339449131735166,-0.0010487250242278627,0.007239336597805887,0.1450168794950779,0.18420666373110667,205.7311377683726,0.0072868386660541245,0.004294931433422773,0.00468296650013629,0.6916666666666667,74.85020168775526,0.005453441203582633,0.0018372221357130507,0.0036162190678695827,1.7381041917071274,1.3335433549702673,-0.14278754317072795,TREND_UP,1,1,23,1,-0.0058711288278623375,0.03829251250367749,-0.0716878310409873,0.04789513495617759,62.0,0,-0.0010487250242278146,0.022521494744924153,0.03066373601983252,0.03301158647265501,0.0280142601898421,0.013641840386482418,2023-04-25 22:00:00+00:00,2023-04-25 23:00:00+00:00,BTC/USDT
development|ETH/USDT|2023-04-26T04:00:00+00:00,development,0.007076533985685973,0.008671472554605764,0.0015701160229682498,0.00771499900826722,0.002977827070938188,0.3690057107095345,-0.003231951370903857,0.005803092119390136,0.5587419056429227,0.05550416281220278,13.61951094307795,0.007311311436052153,0.004404416546814927,0.005676343559237286,0.5097222222222222,60.25672916573339,0.0050118953846114605,0.0029386500428538504,0.0020732453417576105,0.8003127737646785,-0.4370130190598022,-0.05699214222645077,RANGE,0,18,4,2,-0.011441550446836035,0.03393537071367514,-0.10971343363474739,0.03393537071367514,64.0,0,-0.0032319513709038183,-0.002308380331099924,-0.004116546377973873,0.02634174292971303,0.0177955776050005,0.0005371146202599597,2023-04-26 03:00:00+00:00,2023-04-26 04:00:00+00:00,ETH/USDT
development|BTC/USDT|2023-04-29T10:00:00+00:00,development,-0.0004788310591287148,0.0031606180691565733,0.003629720484267165,0.0005359729633602761,0.001188554072232284,0.3531941676282431,-0.0005123856087188939,0.0022400204240168218,0.228858753618775,0.7295444156635726,144.65272387087796,0.004937148497035308,0.00219445694815558,0.007533007963439671,0.24583333333333332,49.810030567821485,0.0005906641093013,0.0006788528029255035,-8.818869362420347e-05,0.5299804014738808,-0.6931221281134157,-0.3549241430709362,TREND_UP,1,1,10,5,-0.005718869963240669,0.01411650687065169,-0.024542548941270503,0.08744518947905222,83.0,0,-0.0005127265693679606,-0.001016071662375051,-0.0015981876756218094,-0.0010147091917104278,0.003404174874586774,0.01494206287347355,2023-04-29 09:00:00+00:00,2023-04-29 10:00:00+00:00,BTC/USDT
development|ETH/USDT|2023-04-29T23:00:00+00:00,development,0.0011541418977143447,0.002306167076646881,0.0011480495171861773,4.857236146538213e-05,0.0002852706342739708,0.0993890627328276,-0.0002520995162840627,0.0024323231049681957,0.1036717062635004,0.5788336933045357,8.829422756342556,0.0046384468625882205,0.0026357984138960597,0.007168410983831273,0.07916666666666666,52.88949305119739,0.0006441751991654918,0.0005562652856923276,8.790991347316423e-05,0.6787943341238336,-0.6063793014124456,-0.6293671332537577,RANGE,0,32,23,5,-0.007544316996871747,0.01087597249143668,-0.031144386986440842,0.06640336134453784,91.0,0,-0.0002573502379176196,0.00023120293837908257,-0.0012382666365845507,0.003653906991458511,0.00498922959959458,0.020659517426273366,2023-04-29 22:00:00+00:00,2023-04-29 23:00:00+00:00,ETH/USDT
development|BTC/USDT|2023-04-30T18:00:00+00:00,development,0.00959057565996968,0.012372928690491447,0.0027222400683787323,0.004414280005613502,0.00204434277767529,0.39758781819402794,-0.002462517939735957,0.006107399145267694,0.4041977354322043,5.523336094117277e-05,143.09067928475685,0.004826909098920195,0.0023702422994301615,0.007461790993402592,0.2791666666666667,69.97720646750018,0.0028532478326463353,0.0010033488065292386,0.0018498990261170969,1.4536500966016235,0.2806520359138477,-0.53688560436554,TREND_UP,0,2,18,6,-0.010845065581915447,0.01942186942800772,-0.01303868690904253,0.10026975646944147,32.0,0,-0.002462517939735953,0.008483072467061703,0.015322116887996451,0.013188650542116154,0.016776744077565464,0.011886548876404834,2023-04-30 17:00:00+00:00,2023-04-30 18:00:00+00:00,BTC/USDT
development|ETH/USDT|2023-05-02T23:00:00+00:00,development,0.01149060970463256,0.011032488320393163,-0.0004479748138200706,0.007636384895603587,0.002330085566406792,0.48897338403041596,0.0012395744840004936,0.002876308079810811,0.4304267161410424,0.4675324675324752,11.995985667829599,0.006401512152444114,0.0033736884780948087,0.007269037962261299,0.3472222222222222,68.15962357629351,0.0045249658782348205,0.0020593146520774697,0.002465651226157351,0.62009685527354,-0.41966778716600883,-0.22625142628913653,RANGE,0,5,23,1,-0.004219207490421706,0.027971299110228554,-0.04621014699295567,0.04982072829131656,72.0,0,0.001239574484000583,0.0029758559600079337,0.010188514471464183,0.024324516379418792,0.02625425111857127,-0.015550056999364292,2023-05-02 22:00:00+00:00,2023-05-02 23:00:00+00:00,ETH/USDT
development|BTC/USDT|2023-05-03T02:00:00+00:00,development,0.00309105704647461,0.002128895873153569,-0.0009571585521235142,0.004854282316980152,0.0013925260190870148,0.3355037972803187,0.0013454388919899264,0.003683686461313691,0.3647517595586938,0.5006657789613993,198.0604900146707,0.006939250005594225,0.0038400867969338183,0.007767781591660748,0.6541666666666667,55.02950468697257,0.003597651965816571,0.002560222314116307,0.001037429651700264,0.6446826127174374,-0.3840127127470053,-0.2082405689345047,RANGE,0,8,2,2,-0.01169741702527849,0.024040614236509716,-0.04973831402317219,0.04799192215898662,56.0,0,0.0013450875885674396,-0.0067804784856826394,-0.005022634624247013,0.019029193043539117,0.021443395041382818,-0.019071732161986543,2023-05-03 01:00:00+00:00,2023-05-03 02:00:00+00:00,BTC/USDT
development|BTC/USDT|2023-05-10T13:00:00+00:00,development,0.01774192953771614,0.013918663636985906,-0.0037050469767720743,0.0010562266230791373,-0.0008533486654584976,0.3215337241025368,0.018000453805097832,0.019453577746166035,0.908941635803032,0.9842367408002053,154.17876898388286,0.005472129078535612,0.0051018459743018265,0.004340105693384017,0.24305555555555555,70.70853242057628,0.0008492510157605236,-0.0005861549828299566,0.0014354059985904801,5.073703451030147,4.302120646993722,-0.168065267647303,TREND_DOWN,1,1,13,2,-0.0003065577818841536,0.030061784813365966,-0.05515492957746482,0.03350011004328368,179.0,0,0.018000085991699333,0.021668957164665548,0.019798923349163777,0.015432986413695726,0.015020350640564173,-0.025719706754055438,2023-05-10 12:00:00+00:00,2023-05-10 13:00:00+00:00,BTC/USDT
development|ETH/USDT|2023-05-10T13:00:00+00:00,development,0.01603014019357385,0.01331810655466148,-0.0026341631969933887,0.001049656681216149,-0.0005605249665906475,0.2582037996545749,0.014374493380167472,0.018390069788503535,0.7705677867902643,0.8765932792584011,10.600281460028182,0.005647158627685356,0.003960759611027781,0.004932791591850178,0.12916666666666668,71.10055641906057,0.0007812854529014476,-0.0005806739052351687,0.0013619593581366161,5.054062872510513,4.412622135097473,-0.265257279263845,RANGE,0,42,13,2,-0.0022643194284984736,0.02337778456237527,-0.0702823179791977,0.03665372529311384,182.0,0,0.014379975033639747,0.020279488419874037,0.01908856966024941,0.013848530349021893,0.015851196822184166,-0.017878164780486316,2023-05-10 12:00:00+00:00,2023-05-10 13:00:00+00:00,ETH/USDT
development|ETH/USDT|2023-05-13T09:00:00+00:00,development,0.004965978287198691,0.0035307361560761308,-0.0014231252894696168,0.002918312760308517,0.0005692284925900015,0.3807118807118834,0.0006766575336387687,0.0025274359827069867,0.26754385964913197,0.6491228070175596,11.50018503992879,0.006374118745110735,0.0035022056423871604,0.00498968233682645,0.25,59.04493820153569,0.0028991312233776476,0.002202821706276698,0.0006963095171009496,0.36349472195299537,-0.8403084846057447,-0.2068934205199493,RANGE,0,9,9,5,-0.007934544134870825,0.03529600789583909,-0.07216176742846558,0.03689655172413797,68.0,0,0.0006766575336387692,0.003481762461483795,-0.0006923481680467525,0.009111196872325866,0.024700262962100483,-0.018389553862894426,2023-05-13 08:00:00+00:00,2023-05-13 09:00:00+00:00,ETH/USDT
development|BTC/USDT|2023-05-13T14:00:00+00:00,development,0.002878589830333844,-0.00011831245746019015,-0.0029886537922109682,0.0024571805131248237,-6.816385856645013e-06,0.5095373756690906,-0.00012003906861602881,0.00395579944059547,0.030348727615434216,0.3656927426955684,143.68905711624515,0.005357258169275598,0.0032146955471031124,0.004640025163165339,0.20972222222222223,57.23726158320164,0.0017473837935220629,0.0010913829441860743,0.0006560008493359887,0.5849605967130491,-0.4325294121011919,-0.13894908733752942,TREND_DOWN,0,8,14,5,-0.006025797528755872,0.03912680646503541,-0.07951427485964346,0.03912680646503541,73.0,0,-0.00012003906861601799,-0.00034699070355614925,0.0018489549482516576,-0.00021694399713723111,0.014040831758034056,-0.047866222502428,2023-05-13 13:00:00+00:00,2023-05-13 14:00:00+00:00,BTC/USDT
development|BTC/USDT|2023-05-18T04:00:00+00:00,development,0.006832943602745667,0.0096656490068745,0.0027865472590614536,0.005343361745652864,0.0025284594208705435,0.36217968788049504,0.0005985523588885932,0.001717479076902501,0.3482978723404039,0.7189361702127072,147.30293110912842,0.005382759620134864,0.003833476307027145,0.003345418445987796,0.22361111111111112,63.467446873791395,0.003942632002131726,0.002553157267791092,0.0013894747343406334,0.645214316809951,-0.719469251408422,0.10203926292139842,TREND_UP,1,1,4,3,-0.0048839999999999995,0.030928196239476735,-0.010768667407231036,0.0602147263269881,110.0,0,0.0005985523588885044,0.0003022945877206862,2.667645046794398e-05,0.02122481941028309,0.011295253074274703,0.004879777327340573,2023-05-18 03:00:00+00:00,2023-05-18 04:00:00+00:00,BTC/USDT
development|ETH/USDT|2023-05-18T09:00:00+00:00,development,0.0035540205478663545,0.00485785917367898,0.001292940245456169,0.0016261709978830918,0.0008780851368974663,0.3976323987538985,-0.00039406710087012205,0.002814310274970214,0.1400778210116315,0.2957198443580116,8.362245662289288,0.004578590250818169,0.0032444668618517897,0.00352295552026837,0.029166666666666667,57.48524592147581,0.0015429637087591545,0.0011385083540064041,0.0004044553547527504,0.6106595061302352,-0.7184080691438673,-0.09340250848579157,RANGE,0,18,9,3,-0.004898194914376819,0.02393927161822762,-0.011003411490767334,0.049643678160919524,120.0,0,-0.000394067100870088,0.0038364295921733405,0.00043273681385214147,-0.00011496832896262799,0.011307005692263505,-0.0028554113594050357,2023-05-18 08:00:00+00:00,2023-05-18 09:00:00+00:00,ETH/USDT
development|ETH/USDT|2023-05-20T03:00:00+00:00,development,-0.0011727674753444495,-0.0013267897123926398,-0.00015440794828398688,-0.00011682887804442821,-5.361956326443984e-05,0.02857142857143014,-0.0006409193878115265,0.0022170129482402064,0.28927680798007094,0.19700748129674947,7.310101989230988,0.0040415438311924255,0.00174105462396143,0.0032276490676347333,0.008333333333333333,47.400601728901854,0.00020931378141179059,0.00046911148304460196,-0.00025979770163281135,0.29667120404292147,-0.7083839193713706,-0.19296268850664422,RANGE,0,60,3,5,-0.011368977994468565,0.006018065319925103,-0.02055558563924842,0.021240796783956073,42.0,0,-0.0006353977313539039,-0.0019753685883286964,-0.0018431857313142563,-0.0013251322371545804,0.0047104307155632075,-0.007936551466918296,2023-05-20 02:00:00+00:00,2023-05-20 03:00:00+00:00,ETH/USDT
development|BTC/USDT|2023-05-20T16:00:00+00:00,development,0.0021475445030940676,0.0011522005219342102,-0.0009920679550856966,0.0005672675646388736,-0.00010409339119399341,0.26497640947434736,0.0009524510011507947,0.00313222982847707,0.30379146919430067,0.6405213270142225,70.09561188096028,0.002601369269892082,0.0012986374551523904,0.003305287680294966,0.002777777777777778,57.76542999845053,0.0002241867120664182,-0.00015090145757929468,0.0003750881696457129,1.271875870950345,0.4705046946253863,-0.5611286688804519,LOW_VOLATILITY,0,6,16,5,-0.0011247034400948541,0.006158532646421522,-0.025952163114042692,0.022171221340454794,60.0,0,0.000952822825845967,0.0018549385275081764,0.0024311475574498864,0.0029807657232785445,0.002306606431790259,0.005550262660685368,2023-05-20 15:00:00+00:00,2023-05-20 16:00:00+00:00,BTC/USDT
development|ETH/USDT|2023-05-22T22:00:00+00:00,development,0.003238962698391079,0.004317722445406957,0.0010706541774624173,0.0016077599949797516,0.0008094005779442082,0.43529793797695204,0.0013639188468286237,0.0037786211328174942,0.3604651162790667,0.3604651162790667,7.362744939486545,0.004043753433704721,0.0022664606525679143,0.0028548962164427656,0.09166666666666666,59.107281866993034,0.001480276363042234,0.0011084298011142305,0.0003718465619280036,0.9120692387613851,-0.1662675139886744,-0.0381611468887636,RANGE,0,20,22,0,-0.004102238728415419,0.016049017583607217,-0.009104761904761949,0.028033108993179567,67.0,0,0.0013639188468286267,0.0006814946717008663,0.002273427866831046,0.0017991746905088313,0.009676596499789358,0.003831692229659067,2023-05-22 21:00:00+00:00,2023-05-22 22:00:00+00:00,ETH/USDT
development|BTC/USDT|2023-05-23T04:00:00+00:00,development,0.015911144207803707,0.017129224060091097,0.0011788102480804993,0.00298799176910447,0.0011264826292594066,0.3953990695426243,0.00878267469416742,0.011942629483236291,0.7290028455160168,0.769421411743105,141.9725922087057,0.005187792018857453,0.003424571055200994,0.0032966201564582232,0.29444444444444445,74.6760899288471,0.002436980716246334,0.0008167795429890212,0.001620201173257313,3.9504100649010834,3.392037923803847,0.04568382802024984,RANGE,0,22,4,1,-0.002746152525888279,0.027157104723470882,-0.004848363636363651,0.03814204209216565,60.0,0,0.008782302839605016,0.02029428465014016,0.017328661304688353,0.018212104097230286,0.02709234071938993,0.018651746956514392,2023-05-23 03:00:00+00:00,2023-05-23 04:00:00+00:00,BTC/USDT
development|ETH/USDT|2023-05-26T05:00:00+00:00,development,0.0032287427054955575,0.001773430277028254,-0.0014480606868990274,0.0013222518576527786,2.4032423501019196e-05,0.37304781838673634,0.00041495842116619913,0.0023781081320236896,0.17441860465116463,0.6697674418604975,8.3663442087436,0.0046269933018889915,0.0024478642428295942,0.0029249237879577597,0.17083333333333334,57.38881485271354,0.0012191783382077838,0.000708303827174558,0.000510874511033226,1.0374869234951234,0.06060718792809632,0.015657982482259802,RANGE,0,21,5,4,-0.005855476932719705,0.01716310859843051,-0.034360480640854396,0.02654123685002352,79.0,0,0.0004149584211661228,0.0034351293306769115,0.0004869195697401185,0.0061487610663788494,0.016294114671447923,-0.026520657686468274,2023-05-26 04:00:00+00:00,2023-05-26 05:00:00+00:00,ETH/USDT
development|BTC/USDT|2023-05-26T07:00:00+00:00,development,0.0013492871908631354,-0.0014314243594303333,-0.0027809453403945072,0.000339158250656002,-0.0006378190156280938,0.19168296448790506,0.003300510410119646,0.004371576430711409,0.7525095188646982,0.9273104880581691,115.52593104481923,0.004370287619345218,0.0025540709486637416,0.0027576930828621094,0.16111111111111112,52.47573798143701,0.0003237648988961406,0.00010766285741849132,0.0002161020414776493,0.7567884408095509,-0.43462939870125744,0.02622003553120189,RANGE,0,3,7,4,-0.007418900134349649,0.011774900523448206,-0.03860330821073599,0.021742130165210316,75.0,0,0.003300891206466927,-2.7993042593932316e-05,-0.0013422778224195797,0.002269613043488272,0.006592598149289808,-0.03144051715325347,2023-05-26 06:00:00+00:00,2023-05-26 07:00:00+00:00,BTC/USDT
development|ETH/USDT|2023-06-02T04:00:00+00:00,development,0.005538130014701048,0.004497242009703584,-0.001030520680124887,0.0010051031702988933,-3.093122808561777e-05,0.3333333333333375,0.0005645565035844932,0.002640207809905057,0.21370967741938812,0.7338709677419503,10.037924482885098,0.005343186817530286,0.002355607899279479,0.0030700572201956713,0.49583333333333335,60.94113799316793,0.0008746208890502942,9.409738026985927e-05,0.000780523508780435,0.7086099468753321,-0.6031364660963118,-0.15936119184147102,RANGE,0,29,4,4,-0.002241271257554911,0.016849705820266347,-0.025409572426100424,0.04253052164261928,167.0,0,0.0005698855435483097,0.007567590760138021,0.0051901077616189895,0.008200240425897398,0.012471032066828425,-0.011585449264992165,2023-06-02 03:00:00+00:00,2023-06-02 04:00:00+00:00,ETH/USDT
development|BTC/USDT|2023-06-02T12:00:00+00:00,development,0.004166689788323019,0.002577127718786043,-0.001578897319805361,0.002562852089539547,0.0003948744079105282,0.18242392890508588,0.0012462643438494044,0.0036456787961998784,0.34142149428774127,0.5884137094328259,131.95010463999233,0.004863489016705853,0.0029085493089670623,0.0031513105587681815,0.3125,57.61629611026337,0.0014600593107892868,0.0004777794177563692,0.0009822798930329175,0.5783674353885173,-0.8452143502782542,-0.011561163916944839,RANGE,0,33,12,4,-0.003022452504317763,0.023608753065459398,-0.04627495066287857,0.029403004498818275,173.0,0,0.001245894839242201,-0.0013027246417782745,-0.0008047111510499638,0.011664584104738918,0.008842091015641262,-0.03178463602817849,2023-06-02 11:00:00+00:00,2023-06-02 12:00:00+00:00,BTC/USDT
development|BTC/USDT|2023-06-04T21:00:00+00:00,development,0.0023796558345943186,0.0034784662524962595,0.0010924019514875019,0.0006955409163376114,0.0005032587299360625,0.44079364487375466,0.0010436146401494653,0.002321824304159351,0.44901185770747537,0.5639525691699329,64.22929346796649,0.002357772879255463,0.001440312125240556,0.0030304253428982595,0.001388888888888889,60.03403630531925,0.000950503004778857,0.0007645568596132867,0.00018594614516557036,0.8549360522311101,-0.3234125964661337,-0.5487398551661395,LOW_VOLATILITY,0,16,21,6,-0.0020693823723350047,0.012133785969348443,-0.042381413386372135,0.02778758724768915,57.0,0,0.0010436146401495705,0.0023825503849612684,0.00026841251074016803,0.003340230608136263,0.006621011568479052,0.014090384543796297,2023-06-04 20:00:00+00:00,2023-06-04 21:00:00+00:00,BTC/USDT
development|ETH/USDT|2023-06-04T21:00:00+00:00,development,0.0018638480879149544,0.003893840239716395,0.002018356436232026,0.0005387832637075984,0.0006995477185389731,0.32540626238604664,-0.00014175758403073608,0.0011132173556887602,0.12735849056602205,0.28301886792457687,5.1179198406190745,0.0026874326375474953,0.0015751433511685404,0.003060594262854003,0.001388888888888889,56.86215666692362,0.001059432666081271,0.0009703420203854598,8.909064569581106e-05,0.5807956273231173,-0.7406543700309496,-0.5104002115257809,LOW_VOLATILITY,0,4,21,6,-0.005348291837065089,0.012112032312925347,-0.012051130409520439,0.034994565217391305,65.0,0,-0.0001417575840307883,0.002838335966298011,-0.0005825242718445756,0.002695772586309486,0.008761289297348984,0.018929807759188177,2023-06-04 20:00:00+00:00,2023-06-04 21:00:00+00:00,ETH/USDT
development|ETH/USDT|2023-06-07T01:00:00+00:00,development,0.015217299702961595,0.0175570748143159,0.0022649380568452275,0.011724412539324991,0.00447166641728769,0.5011533596249719,0.0005093783991721588,0.008607294191269679,0.059149722735662845,0.24892174984596174,13.306453521297342,0.007056842889726584,0.004742481226363011,0.0036679268797846828,0.8569444444444444,69.35032776130323,0.007807308371050629,0.004633216385114872,0.003174091985935757,1.409490735000808,0.5041923472396872,0.5600821445074156,TREND_UP,1,1,1,2,-0.006679695936869567,0.04920486540023816,-0.015156975499182712,0.06052305961754767,52.0,0,0.0005146871551064969,0.0031601291716099045,0.005792772369649146,0.04434684360357566,0.041249979292178995,-0.0012500198626038683,2023-06-07 00:00:00+00:00,2023-06-07 01:00:00+00:00,ETH/USDT
development|BTC/USDT|2023-06-07T02:00:00+00:00,development,0.01874702600437894,0.023550605329003327,0.004606693239686899,0.01666848984145819,0.006702791338277114,0.5406955721376676,-0.003457347000345754,0.0057686989839336655,0.6014079999999842,0.1276160000000149,223.41065024195018,0.008248248262724463,0.005488217173844075,0.004212181688361945,0.95,69.58660284988154,0.011308979941643107,0.006899145290118841,0.004409834651524267,0.8893849912427932,-0.1522833552667565,0.6705151461783636,TREND_UP,0,3,2,2,-0.011169048221418287,0.06843156606716416,-0.023655751963893024,0.06843156606716416,53.0,0,-0.003457347000345723,-0.0024609016062888678,0.00021048643414944834,0.05248181479063696,0.056389213576749864,0.0016567416255963696,2023-06-07 01:00:00+00:00,2023-06-07 02:00:00+00:00,BTC/USDT
development|BTC/USDT|2023-06-09T07:00:00+00:00,development,-0.00032548228555306924,-0.0002813114408487527,4.419765952001977e-05,-0.0003627232710171624,-0.00011281881939062544,0.006752060371363198,-0.00043803816251859425,0.0038240390926936986,0.11459875629257575,0.17461257526403215,132.8822879110777,0.005015764126922831,0.0031980166351249224,0.004359545409822359,0.4513888888888889,49.4641560414377,3.1077186037529255e-05,0.00022523038003351614,-0.0001941531939959869,0.8108587575285183,-0.29402153134863307,-0.2550806836272397,RANGE,0,39,7,4,-0.011826557254755676,0.008489560870212465,-0.0350424075451411,0.04504394694966907,53.0,0,-0.00043803816251863914,0.0003485162571694733,0.0013599451183903266,-0.0021495291902071667,0.002481899426881373,0.02820438085383925,2023-06-09 06:00:00+00:00,2023-06-09 07:00:00+00:00,BTC/USDT
development|ETH/USDT|2023-06-09T14:00:00+00:00,development,0.001815957290464354,0.0008543788106929462,-0.0009590160965388737,0.0008806754880690271,-5.173670958424914e-06,0.0685947348906197,-0.002397615344738113,0.004113889791057653,0.5842105263157737,0.0,7.238373141739871,0.003918140706798674,0.002442350550988445,0.0037231067961074975,0.2013888888888889,53.784234877082085,3.88641009708252e-05,-0.0004953338077218427,0.0005341979086926678,1.6355410897894416,0.9486748237047641,-0.378730419355246,RANGE,0,34,14,4,-0.0074572337316254345,0.011165845648604344,-0.035113834004481315,0.0390326209223848,61.0,0,-0.002392228228292992,0.0018003557329400177,0.006006414829255569,0.0024907613915705618,0.00045489992201730445,0.01648472576811333,2023-06-09 13:00:00+00:00,2023-06-09 14:00:00+00:00,ETH/USDT
development|BTC/USDT|2023-06-12T01:00:00+00:00,development,0.0028422565685615186,0.0011708651433284256,-0.0016647052205972831,0.0031114815833712672,0.0006236178159308992,0.21426057132542087,0.0015270655886049102,0.006611174294139865,0.23063031574041815,0.6308400326226318,152.70333526910736,0.005881092652688716,0.002496306118809189,0.00514293495923989,0.7791666666666667,54.74010833695533,0.0015888582417694207,0.0008260696226703215,0.0007627886190990993,1.0776244595598776,0.17867247962034144,-0.3879831398051843,RANGE,0,30,1,0,-0.009224676878743288,0.012889949950652735,-0.052082797132131264,0.024224271843894307,66.0,0,0.001526679279706844,-0.0031190526741345925,-0.0003799807507217645,0.008354563106796054,0.008343598593879342,-0.01858944436150045,2023-06-12 00:00:00+00:00,2023-06-12 01:00:00+00:00,BTC/USDT
development|ETH/USDT|2023-06-12T06:00:00+00:00,development,-0.006550828493674943,-0.01398107229776746,-0.007585289497007744,-0.0038533567195420115,-0.003222117060474594,0.09006301502666017,-0.0023900491224037542,0.002614619987445196,0.9162995594713409,0.08149779735685489,11.258876019271685,0.00648407098593731,0.0033615142863413364,0.004834611740113668,0.9027777777777778,40.12596023683657,-0.002659533066461233,-0.0017563176882746231,-0.0009032153781866101,0.5635778260117599,-0.6647922059254415,-0.33641536010231343,RANGE,0,9,6,0,-0.02353999718824684,0.009464510990576214,-0.08528728487217441,0.012454592631032657,64.0,0,-0.0023957806682906035,0.0028646841050461447,-0.00933955590040847,-0.01120684255183435,-0.011538943221795939,-0.056027616950718895,2023-06-12 05:00:00+00:00,2023-06-12 06:00:00+00:00,ETH/USDT
development|ETH/USDT|2023-06-13T21:00:00+00:00,development,-0.001982096804788669,-0.00450708798654742,-0.002541460484383521,-0.0018783006898295262,-0.0013393449621106335,0.06543151969981491,-0.0010802673086978078,0.004504064011780834,0.24010217113663404,0.23627075351214558,11.070452814773578,0.00636807511074566,0.0033180657425456147,0.004197461778410718,0.8625,46.046071336097626,-0.000973435956643077,-0.0005514508672536212,-0.00042198508938945574,0.6276867810709956,-0.3737651242931132,-0.12160204376537698,RANGE,0,27,21,1,-0.017908289221695628,0.008241407708993176,-0.08397618294867737,0.013644076196917876,39.0,0,-0.0010802673086978132,0.0008924047717746575,-0.0009137826001999194,-0.008532043641175102,-0.00037376083906426327,-0.0025017357226057024,2023-06-13 20:00:00+00:00,2023-06-13 21:00:00+00:00,ETH/USDT
development|ETH/USDT|2023-06-14T14:00:00+00:00,development,-0.0012896792238785704,-0.0021774591847628644,-0.0008908662156055392,0.0006915474233388785,5.179040512004462e-07,0.087547811304716,-0.0027723044494340366,0.004979896611142932,0.5582468281430224,0.4175317185697757,6.942823228736882,0.003987836432358921,0.0021894814014612844,0.00406660693386577,0.21944444444444444,46.94669700795764,0.0002403481627515844,0.00010531543564444336,0.00013503272710714103,1.359514310084892,0.6133082270990663,-0.41947848425122536,RANGE,0,44,14,2,-0.005625838878259071,0.009731936759810322,-0.06628767564088811,0.01514259225786141,17.0,0,-0.0027723044494339932,-0.0034629804527631647,-0.00016654319498765613,-0.0035599409347421007,0.0013285864645220524,-0.00013783280880297344,2023-06-14 13:00:00+00:00,2023-06-14 14:00:00+00:00,ETH/USDT
development|BTC/USDT|2023-06-14T19:00:00+00:00,development,-0.0019330226726719246,-0.0016092193310077718,0.00032495339440832545,0.00041064047476413457,0.00024151721936016557,0.08492263811388515,-0.004303218615416358,0.013298074515059368,0.32499564737972353,0.4690673785618893,114.79269979849842,0.004429580046733437,0.0020678086061151598,0.003748607648619048,0.2986111111111111,45.974068008906265,0.0002518279804353615,0.00021569257639929566,3.6135404036065833e-05,4.09197579621756,4.138390643384551,-0.3197436664732507,RANGE,0,31,19,2,-0.007010882059928059,0.006276845990700997,-0.03338194703468855,0.02196663774745633,66.0,0,-0.004303601177852001,-0.0027598680096587724,-0.00411649306456241,0.0007912865028689708,0.0009810877946110352,-0.0023087584215591983,2023-06-14 18:00:00+00:00,2023-06-14 19:00:00+00:00,BTC/USDT
development|BTC/USDT|2023-06-16T10:00:00+00:00,development,0.0051480305701006035,0.0047943458852071075,-0.0003501942782479866,0.0030430478488661095,0.0008902830783250604,0.4719359033662916,0.0019847134007301057,0.0029660942453785953,0.6678082191781072,0.6679399367755571,129.45938967507786,0.005057807570145975,0.0030082994224323047,0.004675175226130415,0.475,60.8711683599121,0.0029232580238446187,0.0023112947757524187,0.0006119632480922002,0.5443315173532175,-0.8653144053996842,0.047398254851359845,RANGE,0,12,10,4,-0.006330212224770926,0.032094758064516116,-0.0443327995435967,0.032094758064516116,39.0,0,0.0019847134007300316,0.0006790838271710786,0.0013383282984646971,0.0008348126656918531,0.025983948025690706,-0.021088927873051833,2023-06-16 09:00:00+00:00,2023-06-16 10:00:00+00:00,BTC/USDT
development|ETH/USDT|2023-06-16T15:00:00+00:00,development,0.002861455432951132,-0.0025802123886362605,-0.005440177975091417,0.0006343512548012686,-0.0012536998064237581,0.044757563199334126,0.004851800637287282,0.0164416017997212,0.29366812227073985,0.7827510917030559,9.216426161091157,0.005514294357976485,0.0031494629127973802,0.005731410695236377,0.6541666666666667,54.50356802921161,0.00036094495785425054,-1.0968074441614544e-05,0.0003719130322958651,2.582328669111158,2.8429004849362607,-0.18530479927031152,RANGE,0,2,15,4,-0.005675497200921087,0.023001732168761002,-0.09754701597706306,0.02789650740155336,49.0,0,0.004857841987867317,0.0041756287475516185,0.000496845331449558,0.0033015781543577205,0.016561849964114916,-0.0394535694992012,2023-06-16 14:00:00+00:00,2023-06-16 15:00:00+00:00,ETH/USDT
development|BTC/USDT|2023-06-19T23:00:00+00:00,development,0.007135325731375097,0.010503407264898179,0.0033094588444425436,0.003969723277159609,0.0021520760008160167,0.26557337555066196,-0.0005677957459396848,0.003652776547477669,0.15553054333364533,0.2143661107131978,155.2552201155868,0.005802850986510808,0.002870935997439104,0.004210462244283924,0.7333333333333333,63.15706493588206,0.0024643763305638587,0.0011376571087314269,0.0013267192218324316,0.6054443072569626,-0.3618094366891939,-0.0377077199964162,RANGE,0,2,23,0,-0.011567125718881521,0.019010620490290897,-0.011567125718881521,0.07883024193548382,85.0,0,-0.0005674224080673973,0.0027250294952305687,0.009635598960741065,0.014292218626210662,0.013359841165112574,0.014579922800127987,2023-06-19 22:00:00+00:00,2023-06-19 23:00:00+00:00,BTC/USDT
development|ETH/USDT|2023-06-20T12:00:00+00:00,development,0.0025731724366000464,0.0037132278315055167,0.001132922565365894,-1.9213516766147798e-05,0.0002752758465502936,0.13524247491638747,0.002485419833650378,0.00385149822127655,0.6437125748503424,0.9700598802395475,8.49672675893375,0.004898971257291469,0.0036906608747177324,0.005271524086289982,0.4388888888888889,55.01758400747809,0.000480829887154108,0.0005064817581735034,-2.5651871019395372e-05,0.4292929355186689,-0.6128622409503995,-0.02902857823983429,RANGE,0,42,12,1,-0.010158715664397078,0.021431095406360567,-0.02019060746950785,0.0666539566177331,93.0,0,0.0024854198336503597,0.005105529734929837,0.0033901638964901615,-0.0015658190903280467,0.004936640650802238,-0.0023124579356998964,2023-06-20 11:00:00+00:00,2023-06-20 12:00:00+00:00,ETH/USDT
development|BTC/USDT|2023-06-23T16:00:00+00:00,development,0.03518991190663412,0.04790292844101196,0.01171945799395474,0.005446095517543048,0.004859034137092211,0.43973295691012604,0.03156820624759555,0.03675011204302452,0.8327090592334501,0.8588850174216028,273.6517185557515,0.0087602189178485,0.0069874582415559525,0.004952092601007336,0.9472222222222222,78.6556251124215,0.004791556067779659,0.00237566862870864,0.0024158874390710194,7.2441502193619804,4.496089915805649,-0.015976875618655573,TREND_UP,1,1,16,4,-0.005159235668789841,0.04825503355704708,-0.005159235668789841,0.21199564522724823,89.0,0,0.03156854690106736,0.03758324614285957,0.0362505233002115,0.04099045719868988,0.04647637488630885,0.15388891741371968,2023-06-23 15:00:00+00:00,2023-06-23 16:00:00+00:00,BTC/USDT
development|ETH/USDT|2023-06-24T04:00:00+00:00,development,0.0009390544242984245,0.006938199535767353,0.005952219188521766,-0.0005824944474065452,0.0014065986417226561,0.08419222649944065,-0.0008229757960707894,0.002481520591341101,0.33191489361700643,0.4574468085106532,14.665641756930027,0.007743211064904977,0.005515942273737561,0.004544586970013363,0.9111111111111111,51.7096397414658,0.0011364807635885865,0.0017351978332477314,-0.000598717069659145,0.3125456899859704,-0.6963293666053063,0.1669880503928356,RANGE,0,9,4,5,-0.021906404602307417,0.017726933224431862,-0.021906404602307417,0.11542991755005882,88.0,0,-0.0008177046239877805,0.006611535109164679,0.005414587535831794,-0.012312201125359135,0.006509897701607592,0.045611633119500006,2023-06-24 03:00:00+00:00,2023-06-24 04:00:00+00:00,ETH/USDT
development|BTC/USDT|2023-06-25T12:00:00+00:00,development,0.0012379902059120873,0.006173628395093944,0.004899289082352476,0.001036561135980163,0.0017298727572772066,0.2647333644797436,0.003094253408087448,0.004883443596063684,0.6316666666666667,0.8401999999999923,162.14570951214333,0.005278862844975192,0.003103296264764678,0.005000733419239125,0.425,53.208967033117716,0.0012662875731528158,0.0013707198149093276,-0.00010443224175651154,0.6110094930150206,-0.6508027299848282,-0.4252010524538552,RANGE,0,22,12,6,-0.01062874102018263,0.015405950413223124,-0.022776513317345315,0.16987376146649225,44.0,0,0.0030945809889662,-0.0006474507197277157,-0.004618815654392261,0.006178050363230714,0.0010314694316782003,0.02633086073242441,2023-06-25 11:00:00+00:00,2023-06-25 12:00:00+00:00,BTC/USDT
development|ETH/USDT|2023-06-25T12:00:00+00:00,development,0.00906992466122647,0.014133232928704276,0.004947867855778492,0.006788179024889596,0.0036037969989137775,0.45437673987009114,0.0016917911577802977,0.004529887352283477,0.37284234752586437,0.9988492520137838,11.93656825391489,0.006222245059042255,0.0036582144469369717,0.0044260922488145405,0.6763888888888889,64.75694123414775,0.0043743450827219464,0.0025916657378525863,0.0017826793448693602,0.8030683360909334,-0.36591819804092734,-0.08765387786665135,TREND_UP,1,1,12,6,-0.0060259067357513185,0.02874349115440511,-0.009321324919180807,0.1297820965842167,32.0,0,0.0016917911577802869,0.0010331926173690054,0.0034732938228723143,0.023152493919870176,0.014747499325571622,0.016753588161716237,2023-06-25 11:00:00+00:00,2023-06-25 12:00:00+00:00,ETH/USDT
development|BTC/USDT|2023-06-25T20:00:00+00:00,development,-0.005668874427244841,-0.003431127219098995,0.002258253393292955,-0.00240868703329844,-0.00013756065254266758,0.08235849772702489,-0.0007631427030882848,0.0041088039414021015,0.18587538990643698,0.8140446292889689,158.66212138804946,0.005214041027836858,0.0024068997646831914,0.005023910442132307,0.39166666666666666,38.640947550331624,-0.0010838053792515106,3.799983585777475e-05,-0.0011218052151092852,0.7623330061870283,-0.4677392390305205,-0.47984357159259117,RANGE,0,30,20,6,-0.019848927446715403,0.0033559746768663246,-0.03188349176029226,0.15897142922434426,8.0,0,-0.0007634708270408685,-0.005247089844522601,-0.008042638501784771,-0.009569135047835964,-0.006466665621865597,0.007171390168042802,2023-06-25 19:00:00+00:00,2023-06-25 20:00:00+00:00,BTC/USDT
development|BTC/USDT|2023-06-27T15:00:00+00:00,development,0.01056127095738324,0.012322843023102381,0.0017219428277315447,0.004850436982275275,0.0019865312424105497,0.42664038702741364,0.0064755748126209735,0.013299520296748073,0.48377019573388097,0.545223800458829,183.27194555134227,0.00594872104184257,0.0037586721082898253,0.005194268808311134,0.6222222222222222,65.68609886853032,0.0029964926760641985,0.0013683972771739205,0.0016280953988902782,3.0866008053319747,2.7825134608940743,-0.2730906486564225,RANGE,0,73,15,1,-0.006011943228207639,0.02935616438356159,-0.019830465443749223,0.1521551982049365,43.0,0,0.0064755748126210655,0.0025881005301164883,0.013603819557995278,0.010779834422898205,0.013623161513112825,0.003913514267382734,2023-06-27 14:00:00+00:00,2023-06-27 15:00:00+00:00,BTC/USDT
development|ETH/USDT|2023-06-27T20:00:00+00:00,development,0.005832287455310059,0.0070506430264904996,0.0012028103873580002,0.004661706005697486,0.0017853407093830764,0.29870129870130063,-0.001586381363971746,0.0039009918760129114,0.4073071718538498,0.07713125845739593,13.750097844687827,0.007258324761367948,0.004934534827448755,0.0049181386305550325,0.8486111111111111,57.008313020430464,0.00314350502062109,0.0016140937144485416,0.0015294113061725483,0.3848499880454365,-0.7402338999880161,-0.09038184336972233,RANGE,0,55,20,1,-0.009484818538794126,0.0256467174150794,-0.02170500201402592,0.06777931843033813,56.0,0,-0.0015916433454024048,-0.007684410128544816,0.00744526401438006,0.010028897727636377,0.02173021951351073,0.0033845338983051754,2023-06-27 19:00:00+00:00,2023-06-27 20:00:00+00:00,ETH/USDT
development|BTC/USDT|2023-06-29T20:00:00+00:00,development,0.004507416949695253,0.006194291233158067,0.0016689668888728805,0.0022034204133130064,0.0011396415706388385,0.43249092551251733,0.0005950900977531939,0.003631846863445165,0.16375585163847717,0.8021245948865753,168.16219447377935,0.005498193541138295,0.0023793389146306884,0.004208849450786257,0.4375,60.55988418925117,0.002490580801416453,0.0019261018359581809,0.0005644789654582722,0.7797181646102672,-0.31596872521597386,-0.16578212134260828,RANGE,0,23,20,3,-0.00839677629151614,0.02124190535720616,-0.02694552102097414,0.026341946308724884,53.0,0,0.0005950900977531592,0.002720476453846876,0.0006867556602538905,0.008065183292578881,0.016112624584717627,0.011275636102006548,2023-06-29 19:00:00+00:00,2023-06-29 20:00:00+00:00,BTC/USDT
development|ETH/USDT|2023-06-30T01:00:00+00:00,development,-0.0009533752956503161,-0.002848742839027807,-0.0019025962718644616,-3.3657281541366046e-05,-0.0005062327254198307,0.13308977035490727,-0.0010745198408198798,0.004913513513513469,0.2189218921892219,0.25412541254125043,10.190624214629077,0.005508445521421122,0.0027511567001335118,0.004306094802373013,0.3888888888888889,47.849829429429164,7.433864923768852e-05,0.00016802508513107987,-9.368643589339135e-05,0.5870655049627721,-0.5409722436452026,-0.28644729929438406,RANGE,0,5,1,4,-0.015957446808510634,0.010238907849829282,-0.04462874789560123,0.018408420310917384,53.0,0,-0.0010745198408198542,-0.0006482281763180442,-0.003232758620689613,-0.008611681233822943,0.009555304530993292,-0.00646602650856043,2023-06-30 00:00:00+00:00,2023-06-30 01:00:00+00:00,ETH/USDT
development|BTC/USDT|2023-07-02T01:00:00+00:00,development,0.0008347621500819358,0.0020330983278618042,0.0011949073223542946,0.0009282484809161051,0.0006381686910219564,0.48460140223318077,-0.00033119836264425826,0.003335647802164969,0.09932346308462457,0.272281596234925,96.65187016947685,0.0031610608717123675,0.0008227154716851161,0.0038932764213262874,0.043055555555555555,54.86041761478016,0.0009579313845734109,0.000874511778159898,8.341960641351281e-05,1.1482347870161147,0.391787602763313,-0.6040527142675987,RANGE,0,36,1,6,-0.002799266835390113,0.008416728313484834,-0.02257624192826546,0.03646677966101697,53.0,0,-0.0003311983626442805,-0.00029034172370778766,-0.0010813858858559344,0.0003847662659448581,0.0034768818861148354,0.016482053351746462,2023-07-02 00:00:00+00:00,2023-07-02 01:00:00+00:00,BTC/USDT
development|ETH/USDT|2023-07-03T02:00:00+00:00,development,0.010602769817553481,0.014889756530595655,0.004179773846120635,0.004263206416922571,0.002446236531299384,0.31573067939473715,0.005230325551587507,0.007799525961572988,0.6671061305207793,0.6789716545814146,11.93755587784937,0.006137592418392572,0.0033445533116267813,0.005044529236196711,0.5194444444444445,66.9192576268341,0.002668273090387444,0.0011700332447577815,0.0014982398456296626,1.2603137293753757,0.20849312009959783,-0.27311589099235833,TREND_UP,1,1,2,0,-0.007252960391996743,0.0314145565424897,-0.007252960391996743,0.07069956401109789,73.0,0,0.005225130240634979,0.001513864215648475,0.016127515516268565,0.01519936112575504,0.012841542859820976,0.054200835776887724,2023-07-03 01:00:00+00:00,2023-07-03 02:00:00+00:00,ETH/USDT
development|BTC/USDT|2023-07-08T13:00:00+00:00,development,-0.002304515013583197,-0.00435633583114059,-0.0020655584577154674,-0.0006991966791500825,-0.000769511737960471,0.20705573533072352,-0.0009890165195890373,0.0019160243737126265,0.5166926137346816,0.3400795710084658,99.90836216342615,0.0033113104487602235,0.002083513651065666,0.0031553348629537437,0.025,43.84720490358352,-0.0006375557446584548,-0.00039324852911151986,-0.00024430721554693504,0.6997736167053037,-0.4855803773346783,-0.478251848054024,RANGE,0,29,13,5,-0.009102105159446983,0.0018544959489972257,-0.042163492063492125,0.015852317529835513,156.0,0,-0.0009886857399796778,-0.00254126455598791,-0.00016105135384214542,-0.0037786074160949257,-0.0010637670929460885,-0.004926252967393907,2023-07-08 12:00:00+00:00,2023-07-08 13:00:00+00:00,BTC/USDT
development|BTC/USDT|2023-07-09T09:00:00+00:00,development,0.0015141212914717705,0.0009821366925166775,-0.0005306591476915011,0.00043037401598655656,-6.170824895401772e-06,0.22648862981665785,0.0013385098298363918,0.0014848784923929676,0.9002222222221866,0.9002222222221866,73.146945211358,0.002413651682857606,0.001220712159569913,0.0031739168837287245,0.002777777777777778,55.77455406179926,0.00039392301216760434,0.0002119549143278802,0.00018196809783972416,0.7995775987613236,-0.5008410132363433,-0.6404168881368796,LOW_VOLATILITY,0,12,9,6,-0.0032059357339313532,0.00868845414813424,-0.03792031746031754,0.020352499678462088,20.0,0,0.0013385098298364095,0.0014817913813540695,0.00014751968909298974,0.004884242135060335,0.0009743688154417729,-0.032699041843959775,2023-07-09 08:00:00+00:00,2023-07-09 09:00:00+00:00,BTC/USDT
development|BTC/USDT|2023-07-09T15:00:00+00:00,development,0.002179767874832761,0.0020431141283385745,-0.00013607849703053964,0.0005067570684327283,0.00011167931066813352,0.20007469761829366,0.0025071749213782264,0.008421602174218284,0.2969630557294963,0.5910300563556675,85.28013547032549,0.002810720782304797,0.0014029964897432743,0.0031811293872547036,0.02638888888888889,57.45827784196988,0.0005195830501500393,0.00036023532498704854,0.0001593477251629907,3.4772455248041787,3.9421181945415955,-0.5892557851810702,LOW_VOLATILITY,0,18,15,6,-0.0034323604917899653,0.00987036882328085,-0.036793015873015866,0.021548081513698802,6.0,0,0.002507174921378308,0.0024558351111403365,0.001171734116997225,0.0013194266599430016,0.00450356050440659,0.00419237878690093,2023-07-09 14:00:00+00:00,2023-07-09 15:00:00+00:00,BTC/USDT
development|ETH/USDT|2023-07-09T15:00:00+00:00,development,0.0006386970519594026,-0.0002810290672451421,-0.0009193974451981687,0.0010139422808657095,8.076813853397091e-05,0.13686925681122158,0.0007715801318116351,0.009380320601368489,0.08219178082192101,0.6324200913241974,7.097912283514707,0.0038002678550091056,0.0023406178451498335,0.003263935878875939,0.05416666666666667,52.13793384546946,0.0008683588186557059,0.0006778103107242366,0.00019054850793146934,2.963462149357007,2.9833167402813663,-0.472641849609546,RANGE,0,3,15,6,-0.0061829558998807155,0.013533752984588698,-0.05486397862521253,0.022858707557502633,157.0,0,0.0007715801318115556,-0.0006634634934563621,-0.00026763156767861673,2.6771038020179105e-05,0.0035300375570206377,-0.006611104315035421,2023-07-09 14:00:00+00:00,2023-07-09 15:00:00+00:00,ETH/USDT
development|BTC/USDT|2023-07-10T21:00:00+00:00,development,0.014136544301751819,0.016396740924666364,0.0021927369000951866,0.005416588383313936,0.0022057319060313496,0.4740906963297427,-0.0018934799950710193,0.009108480097313024,0.20827537007313487,0.0484394506866352,147.81518983633984,0.004802467325503317,0.0031953789823257915,0.003178600400427868,0.3333333333333333,73.35060340118007,0.0035875290166692457,0.0012727625056685459,0.0023147665110007,4.473369961949523,3.887666032076208,0.04569249716303592,TREND_UP,1,1,21,0,-0.008592794254162706,0.027679799666110227,-0.02288857142857148,0.03629471311086285,30.0,0,-0.0018934799950710568,0.016540283107978615,0.015472765945794276,0.022585310378578027,0.019375379007544158,0.017013215649422486,2023-07-10 20:00:00+00:00,2023-07-10 21:00:00+00:00,BTC/USDT
development|ETH/USDT|2023-07-10T21:00:00+00:00,development,0.010866879889909642,0.01289323540942422,0.0019790556452168673,0.005188322498029585,0.0021014585984264755,0.4155972359328724,-0.003984252465815396,0.007720314308210113,0.5181382614647494,0.10403832991101931,9.296658557205637,0.004912602743171742,0.0034798296077847373,0.003156631428237292,0.2708333333333333,67.56188735089317,0.003398896029388215,0.0013356905470511618,0.0020632054823370534,2.1069352363539897,1.5856419077613793,-0.0403539578161346,RANGE,0,33,21,0,-0.006869588034636553,0.024791105960587645,-0.03795981861439279,0.036369112814895965,30.0,0,-0.003984252465815352,0.012893936798835437,0.011902788546373388,0.019754816112084184,0.012335838660497034,0.01437071183533467,2023-07-10 20:00:00+00:00,2023-07-10 21:00:00+00:00,ETH/USDT
development|ETH/USDT|2023-07-13T17:00:00+00:00,development,0.037904104631276914,0.04229635107225538,0.004060114232592708,0.008131402586918579,0.003415837899466867,0.695396062625951,0.015469784768211968,0.018617210984867766,0.8182813355227181,0.8702791461412147,12.913883463100472,0.00657965224593696,0.006733158168943421,0.0035626422973681765,0.7194444444444444,84.39526230386083,0.005525120640899618,0.0013263989312056479,0.004198721709693969,7.07398968969098,3.440726936585844,0.5936315456467756,TREND_UP,1,1,17,3,-0.0024092221363802846,0.053747738364320785,-0.0024092221363802846,0.07486308871851044,68.0,0,0.015469784768211925,0.04015517268791102,0.04274139992030812,0.05183335298341896,0.0409882148274654,0.048226874599444525,2023-07-13 16:00:00+00:00,2023-07-13 17:00:00+00:00,ETH/USDT
development|BTC/USDT|2023-07-13T20:00:00+00:00,development,0.027585464535625714,0.032731398526595346,0.0048490747322584935,0.009114549751154666,0.004079914718881694,0.6222232372600088,0.011230199574404232,0.017670057055604284,0.6284916201117323,0.6451260564389012,227.95052571409045,0.007212252534062049,0.003976595766773585,0.0030708039005940355,0.8444444444444444,80.20017584598077,0.00613278277297293,0.0025154798525853896,0.003617302920387541,3.483524990480346,1.9877274658859712,0.8803259157625367,TREND_UP,0,3,20,3,-0.0062315668999692875,0.04523173937141922,-0.0062315668999692875,0.06413887469184543,71.0,0,0.011230523116301239,0.025288339952105998,0.0307395487067168,0.04083478835883003,0.04353417436319362,0.024924604538644424,2023-07-13 19:00:00+00:00,2023-07-13 20:00:00+00:00,BTC/USDT
development|BTC/USDT|2023-07-16T20:00:00+00:00,development,-0.0019149809532130746,-0.0044586784305390426,-0.002559992137293505,0.0006303180569995348,-0.000436682639683994,0.05691841020455786,-0.0007907026056523904,0.0032486109609878725,0.24358974358973315,0.5341880341880405,81.28890852891,0.0026869763863834016,0.0013679549873178258,0.0036153380558205353,0.041666666666666664,42.24667511620066,-0.00025467278371272254,-0.0005000108291736138,0.00024533804546089135,1.04444136441131,0.05712638850425382,-0.6231031828290492,LOW_VOLATILITY,0,23,20,6,-0.0061931983551379854,0.006274553631567592,-0.04877563340690849,0.01180367892976597,72.0,0,-0.0007907026056523936,-0.0036635284284074476,-0.001682950033213504,-0.00040607667811443093,-0.002424944281348984,-0.042810845152551624,2023-07-16 19:00:00+00:00,2023-07-16 20:00:00+00:00,BTC/USDT
development|BTC/USDT|2023-07-17T01:00:00+00:00,development,-0.002572414114244137,-0.005006405829318883,-0.0024525475460757213,-0.0008302773156365628,-0.0009191928602015897,0.09357664676104467,-0.0005957263826408573,0.004500233170130829,0.1324556887548595,0.27917923071267514,91.39272861461102,0.003024848046041288,0.0015114848975083719,0.0036154632608405004,0.09722222222222222,40.05362902368947,-0.0006353022386240766,-0.00046381928811478233,-0.00017148295050929422,1.017732376178506,0.025772039592912056,-0.5768318512258359,RANGE,1,1,1,0,-0.007472374846672847,0.0049793292973159264,-0.04999999999999993,0.010501337792642174,5.0,0,-0.0005953958042457241,-0.0025966694891335074,-0.002076832909082005,-0.002640129372280975,-0.002838284765110499,-0.03911778427751411,2023-07-17 00:00:00+00:00,2023-07-17 01:00:00+00:00,BTC/USDT
development|ETH/USDT|2023-07-19T12:00:00+00:00,development,0.001541693805483746,0.0006997567082300815,-0.0008400532531995839,0.000986674458271608,9.329463184282183e-05,0.1380887059899397,2.095074479895855e-05,0.0014089080700577324,0.014869888475823862,0.6133828996282414,7.8913680790933025,0.0041331643756250015,0.0029929909972803716,0.004517887630352066,0.19027777777777777,53.52969717343238,0.0009881340296932764,0.0006695180862102878,0.0003186159434829886,0.45783820757588634,-0.9839061078360076,-0.333114603910293,RANGE,0,39,12,2,-0.0045360222734335265,0.017886369573446137,-0.05905544795501472,0.0250672450727214,139.0,0,2.618856816627435e-05,0.0024308928149527897,-0.0023200886232050966,0.006361973634969154,0.007987751762003947,-0.012276191018153026,2023-07-19 11:00:00+00:00,2023-07-19 12:00:00+00:00,ETH/USDT
development|BTC/USDT|2023-07-19T18:00:00+00:00,development,0.001074590009072951,-0.0004994873500056007,-0.001573173467225949,-0.0006308537005744741,-0.0006403206521814475,0.1538461538461525,0.002985563755898021,0.006819550311104087,0.4364916397770532,0.5471790358854083,155.33987185002155,0.005179173127024928,0.002904114522735254,0.0034963534359873766,0.4888888888888889,51.45341865665045,-0.0002355103881684629,-0.00014097169360268333,-9.453869456577956e-05,1.2304671499849837,0.5632556631688374,-0.29783702968478776,RANGE,0,46,18,2,-0.00648943045318684,0.010526010789481122,-0.05694279371906852,0.016304554079696443,65.0,0,0.0029855637558979797,0.005672275458598719,-0.0006480604998628792,-0.003495535807729211,0.005747814432208509,-0.012795109723151121,2023-07-19 17:00:00+00:00,2023-07-19 18:00:00+00:00,BTC/USDT
development|ETH/USDT|2023-07-20T11:00:00+00:00,development,0.0072151872477053125,0.0073657708701857505,0.00014841174957153078,0.0035124050268406926,0.0011217163178547374,0.2510169897104575,0.000515950156087956,0.005417287397514228,0.09519230769230981,0.1086538461538362,8.775398999917075,0.0045710440779240715,0.0028692642448623082,0.004529076556860259,0.2791666666666667,64.3093063571781,0.0015276729084050186,8.479924018476699e-05,0.0014428736682202518,2.1159369669980452,2.0283440567423527,-0.11126779790742802,RANGE,0,62,11,3,-0.004805474197143611,0.01998225452536162,-0.05388076545874787,0.024833712351729043,23.0,0,0.0005159501560878521,0.0037960387342355073,0.012574237581358005,0.016746462164223264,0.00552578788307323,0.005199361206377429,2023-07-20 10:00:00+00:00,2023-07-20 11:00:00+00:00,ETH/USDT
development|BTC/USDT|2023-07-22T10:00:00+00:00,development,0.0008539330468750883,0.0006768253172808603,-0.00017683693277490775,0.00025538557637605486,1.4764894003649331e-05,0.15180273137133485,-0.0002605447121448332,0.0013027289481809107,0.20005129520387155,0.5170556552962049,79.41535717062756,0.0026534158685893494,0.001690919878072122,0.0025616149947123904,0.04583333333333333,52.98874778324113,0.0004095957727970993,0.0003081462485200806,0.00010144952427701869,0.908488449882261,-0.18600814210561797,-0.15899558421039994,LOW_VOLATILITY,0,7,10,5,-0.004398287521996447,0.006717847705464131,-0.01681851001890189,0.014146110056926009,64.0,0,-0.0002608786566854482,0.001320508089492245,0.0008718069277049434,0.001000348834448106,0.00583042271488865,-0.0025601290395683707,2023-07-22 09:00:00+00:00,2023-07-22 10:00:00+00:00,BTC/USDT
development|BTC/USDT|2023-07-23T18:00:00+00:00,development,0.006787952202316649,0.007355914955230691,0.0005600140265205758,0.0011196869926821673,0.0004633795256365758,0.4395463525721303,0.0054873920515776334,0.006423628807420331,0.8495890835788579,0.9405075722334298,67.5504203003581,0.0022428222762946644,0.0014855470480240032,0.002592232794782645,0.020833333333333332,72.82537361508399,0.000969286235822246,0.0004112582657573763,0.0005580279700648698,2.157838605660025,1.4913996338800286,-0.4208878159071576,LOW_VOLATILITY,0,39,18,6,-0.0003820112844340473,0.01665445855035097,-0.009828894325824677,0.02055062347519665,32.0,0,0.005487392051577666,0.007481898201762149,0.007692235629795707,0.006567076588154697,0.009422418545883104,0.012157249805338166,2023-07-23 17:00:00+00:00,2023-07-23 18:00:00+00:00,BTC/USDT
development|ETH/USDT|2023-07-26T02:00:00+00:00,development,-0.0016278979241913794,-0.003187070898261979,-0.0015667084982054801,0.0004694196244436899,-0.00022527046547871077,0.03824247355573472,-0.0010669195661193863,0.0025191090876725874,0.4239828693790123,0.4496788008565046,6.062044798292043,0.003270011165151089,0.002193547811009744,0.0028478948776490924,0.06111111111111111,46.003119731534326,0.00021342453824519506,0.0002618685861816368,-4.844404793644178e-05,1.1968893346137621,0.35314410780832,-0.21025225281630722,RANGE,0,12,2,2,-0.007962712245345727,0.00397510953213942,-0.03899328685104064,0.01125906207212557,135.0,0,-0.0010615368035348238,-0.0031671434409481503,-0.0017500592327740483,-0.005845350265185845,0.0026664503218127855,-0.008541020429992496,2023-07-26 01:00:00+00:00,2023-07-26 02:00:00+00:00,ETH/USDT
development|BTC/USDT|2023-07-26T08:00:00+00:00,development,1.5832126062598206e-05,-0.00285554786134834,-0.002879557241603693,0.0005240179747156848,-0.0005892906171806045,0.08857154318263874,0.00022663479172704205,0.0017113552872835007,0.13239999999997962,0.43220000000001163,95.23560420066757,0.003259639095729024,0.00217095806353692,0.0028045031491537907,0.2125,49.33287509489594,-0.00014298601820099356,-0.0003877559559469252,0.0002447699377459316,0.6509119284738275,-0.6403766604205618,-0.09993976838828522,RANGE,0,6,8,2,-0.006672926962609571,0.004599619569478186,-0.039478970301925265,0.012289904684029684,62.0,0,0.0002266347917270206,0.0005280606715001301,0.002938449439274571,0.0006089285084367457,0.0025443974187491225,-0.02337845968712393,2023-07-26 07:00:00+00:00,2023-07-26 08:00:00+00:00,BTC/USDT
development|ETH/USDT|2023-07-29T00:00:00+00:00,development,0.001264840279204149,0.002886756696579562,0.001615204840270247,0.001596821355829725,0.0009692931792595338,0.20177777777778266,-0.0009807945501937167,0.0010457851125019535,0.9387755102040225,0.0,5.269085453018645,0.002811393430238474,0.0017745711034904735,0.002558553669879297,0.03333333333333333,54.98535520807886,0.0014442156833748734,0.0011928202792689977,0.00025139540410587573,0.23021729307978395,-1.1465233989963264,-0.24663487490886205,LOW_VOLATILITY,0,2,0,5,-0.004884808775665217,0.009517807510826648,-0.016302322529851643,0.022365384930094434,70.0,0,-0.000980794550193731,-0.0011405243214146488,0.0015764947307668198,0.004044700638580423,0.006936086993896806,0.008898291398856673,2023-07-28 23:00:00+00:00,2023-07-29 00:00:00+00:00,ETH/USDT
development|BTC/USDT|2023-07-29T05:00:00+00:00,development,0.0018721306228870471,0.0023540923638813993,0.00047993132904118764,0.0010316894621351658,0.00045020576440579774,0.26988056921208714,0.0003067557767797929,0.00141077999285921,0.2173703256935834,0.3724969843184505,67.83361930841544,0.002308765089591011,0.0021128110285371093,0.0025302333652094952,0.03333333333333333,56.93209177005409,0.0008275834261206957,0.0005574197124218595,0.0002701637136988361,0.46283586079648004,-0.7635735328272188,-0.0701599954326041,LOW_VOLATILITY,0,7,5,5,-0.0054603208560494165,0.008851730171767436,-0.031930477759472775,0.01798253060262822,69.0,0,0.00030709634279579845,-3.982018972115142e-05,0.0030352997405433957,0.0006641370424649296,0.0041322624743678205,0.006154543701814896,2023-07-29 04:00:00+00:00,2023-07-29 05:00:00+00:00,BTC/USDT
development|BTC/USDT|2023-07-30T17:00:00+00:00,development,0.0018728776090821686,0.0021147500158775756,0.00024091079010595993,0.0005716270837607951,0.00023020594519773674,0.06446495904303788,0.0010446565103974961,0.0027113664320174,0.38488576449912015,0.6781320612603632,51.81876792386358,0.0017637417511582219,0.0010011725601330739,0.002518771408503879,0.034722222222222224,59.0209241722917,0.0002928684636217501,3.390023679336735e-05,0.00025896822682838273,1.2183037290097152,0.3346850407303099,-0.5509532979823445,LOW_VOLATILITY,0,43,17,6,-0.002342354579102812,0.0050560648489919036,-0.031959802306425034,0.017951694101912885,36.0,0,0.0010443154316430725,0.003144983715123395,0.0034735599583581855,0.0018656239269081443,0.0024416158337901006,0.003589760931964614,2023-07-30 16:00:00+00:00,2023-07-30 17:00:00+00:00,BTC/USDT
development|BTC/USDT|2023-07-31T04:00:00+00:00,development,0.002679709775511574,0.003265616040769581,0.0005824383824443728,0.0012405427886310605,0.00048804278514413824,0.12277395284434055,-0.0014441087490250745,0.0019896682719286107,0.7268534335496863,0.21404168090198644,90.60170671946075,0.0030793874486212775,0.002297013632909489,0.002444589681413489,0.28194444444444444,56.75079834018437,0.0007898769899671827,0.00018659666134629741,0.0006032803286208853,0.7276157121778407,-0.3547662826104787,-0.21154855412782114,RANGE,0,4,4,0,-0.0036576363020656144,0.01338982490414442,-0.014998660863742797,0.019405860321046076,11.0,0,-0.0014437698480171957,-0.00134242812833274,0.00712401335393098,0.002474329091220806,0.003652406351441595,0.005747619544094196,2023-07-31 03:00:00+00:00,2023-07-31 04:00:00+00:00,BTC/USDT
development|BTC/USDT|2023-08-02T05:00:00+00:00,development,0.009906976193931216,0.013824196906270014,0.0038259035524631354,0.010112459431768972,0.00442395030205045,0.42644469646180144,0.0014362385667851375,0.004641199210662511,0.30901038263269764,0.6787192332825083,157.42535495288845,0.005304889516776402,0.004300188031994907,0.0024760750526814303,0.8541666666666666,66.46085676134179,0.005876650822792687,0.00349840067810883,0.0023782501446838575,0.845503258005678,-0.21547822063468197,0.8613273253535025,TREND_UP,0,3,5,2,-0.012379732090856077,0.03812465673396148,-0.012379732090856077,0.03812465673396148,49.0,0,0.0014362385667852084,-0.005674675187167799,0.014409316472727252,0.02555709151230312,0.02804406568281026,0.011942243747806947,2023-08-02 04:00:00+00:00,2023-08-02 05:00:00+00:00,BTC/USDT
development|ETH/USDT|2023-08-02T08:00:00+00:00,development,0.000877160393759846,0.0014046397758753493,0.0005262778727522474,0.0026205494321298595,0.0010571353732689026,0.3335862417804733,-0.00041983787798863893,0.002929329915781672,0.14338235294117602,0.16911764705880047,7.800933260974755,0.0042006447008070495,0.0034296371620694283,0.0024637048071296298,0.5208333333333334,53.168301617434516,0.002415429358341855,0.002040333865874143,0.0003750954924677125,0.45042320224819343,-0.676571410241193,0.5343819837021926,RANGE,0,9,8,2,-0.012054858650664468,0.023861506230014262,-0.01637711864406788,0.023861506230014262,104.0,0,-0.00042521812613371957,-0.0032472237578698993,-0.0068081783710643995,0.0033063923585598953,0.012479623157906072,-0.009710498109625765,2023-08-02 07:00:00+00:00,2023-08-02 08:00:00+00:00,ETH/USDT
development|BTC/USDT|2023-08-04T10:00:00+00:00,development,-0.0003965104451525425,-0.0009499221644783118,-0.0005541576465262054,-0.0001735762751381431,-0.00019914719610503173,0.004960897727520825,0.0004745380363651066,0.001696567789253023,0.2795720629794497,0.5072668550666245,88.33187655339118,0.003025050797835187,0.00215943764493947,0.0026269043985828354,0.2791666666666667,48.516959081006675,-0.00027144460758774436,-0.00020301667952470298,-6.842792806304136e-05,0.8896629883937169,-0.19514514328854382,-0.10136703798242308,RANGE,0,45,10,4,-0.00792299070475544,0.004185232834097219,-0.028201015059489132,0.02149431359036158,53.0,0,0.0004748808258130399,0.0001414577339362566,0.0013319026696005931,-0.0018383867318931824,0.0015785081417336588,0.009394238251239306,2023-08-04 09:00:00+00:00,2023-08-04 10:00:00+00:00,BTC/USDT
development|ETH/USDT|2023-08-06T06:00:00+00:00,development,0.00079474959896908,0.00045165517034817526,-0.00034266720358278095,0.00028158016913826245,-4.379501397200336e-06,0.14624932541824467,0.00035407099940629975,0.0005227505390865133,0.6770833333334024,0.9895833333333433,3.419178576367677,0.0018618515041970755,0.00111481368298655,0.00254511251584053,0.015277777777777777,53.04014608195205,0.00030640287117251444,0.0002107784456289152,9.562442554359922e-05,0.3940248588292869,-1.3004211657088456,-0.5562951386442704,LOW_VOLATILITY,0,21,6,6,-0.001392060902664416,0.0034094634466179663,-0.025916299793136366,0.012482081817179358,94.0,0,0.0003540709994063196,7.624026575192566e-05,-2.1780798048376404e-05,0.0011611995791334095,0.0016417316177874675,-0.001180239419996565,2023-08-06 05:00:00+00:00,2023-08-06 06:00:00+00:00,ETH/USDT
development|BTC/USDT|2023-08-06T19:00:00+00:00,development,0.0007084758891515719,-1.5446899920501522e-05,-0.0007234214449561808,-0.00019645032254445027,-0.0002879260645013426,0.006339794754843411,-2.5095785111308864e-05,0.0009928554288358845,0.0252770083102333,0.47749307479225717,43.98129567643134,0.0015120175962458286,0.0009180904820657684,0.0025889771126533854,0.043055555555555555,52.98052312819521,-0.0001036947660750778,-0.00020825274152731004,0.00010455797545223223,0.7521814924139757,-0.5895940840487963,-0.5862521019132346,LOW_VOLATILITY,0,39,19,6,-0.0018591723285978912,0.0033092024387517682,-0.031938763624261624,0.017565426069678258,57.0,0,-2.4752015742368627e-05,0.0025812629058836745,0.0018837100925734873,0.0006068073881895231,0.00037693203461452995,-0.006215971705951784,2023-08-06 18:00:00+00:00,2023-08-06 19:00:00+00:00,BTC/USDT
development|ETH/USDT|2023-08-07T09:00:00+00:00,development,-0.0009939421038951401,-0.0007961422618588676,0.00019815439832338467,0.0006864084087194744,0.0003152852081265145,0.07241569928136854,-0.0019326354069694397,0.0019527414744835352,0.9916201117317881,0.002793296089382814,4.914673956873096,0.0026807507455725655,0.0021027749343304988,0.0024659245263194997,0.13333333333333333,48.0059869905465,0.00047765122731320233,0.00043732946100420234,4.032176630900002e-05,1.152073211780358,0.29709579250471196,-0.378335260182712,LOW_VOLATILITY,0,48,9,0,-0.007406605305901537,0.004085745895085147,-0.024694904614467994,0.010761936266401984,27.0,0,-0.0019326354069694185,-0.003467956732075894,-0.006007373671654825,0.00048569386006547255,-0.0012475416891387647,-0.0010026373722182846,2023-08-07 08:00:00+00:00,2023-08-07 09:00:00+00:00,ETH/USDT
development|ETH/USDT|2023-08-08T15:00:00+00:00,development,0.002729605839543181,0.003296827379887235,0.0005638186510693898,0.0018678418991149304,0.000738031723263699,0.25562184488297046,0.0016507044095054276,0.004149874089665622,0.3971166448230576,0.39842726081257146,6.351409510923283,0.003454462616282563,0.002622369310667938,0.0023372187572825985,0.32916666666666666,56.109261554484206,0.001207086647526678,0.0006048517138976034,0.0006022349336290745,0.6856050655498489,-0.33163033905894873,0.24022428744181012,RANGE,0,3,15,1,-0.00559774143302183,0.020316315205327395,-0.02188068562673562,0.020316315205327395,30.0,0,0.0016561613013941212,-0.0002609986460695435,0.004496334094559407,0.005144325388147797,0.004765313762029377,0.0015579463434562957,2023-08-08 14:00:00+00:00,2023-08-08 15:00:00+00:00,ETH/USDT
development|ETH/USDT|2023-08-12T16:00:00+00:00,development,0.0004777397613748846,0.000613384083782087,0.0001354964393057529,0.0006746342339729594,0.0002574667452099888,0.21104005385391392,-0.0009931612213724761,0.0016154914281700692,0.6153846153846622,0.05016722408022178,2.758309592481683,0.0014903095327402748,0.0009607277615396459,0.0019072389583266744,0.002777777777777778,52.59366339887405,0.0003964660782974737,0.0001924823173348545,0.00020398376096261917,0.9668734957632156,-0.05122167318812222,-0.4631749965609421,LOW_VOLATILITY,0,43,16,5,-0.0017152011046327464,0.006953020864503223,-0.013684979030221034,0.027097669256381796,97.0,0,-0.000993161221372496,-0.0005022249103555643,0.0002918461430370112,0.0016397878558285228,0.0027251056452486377,-0.0012788689833801437,2023-08-12 15:00:00+00:00,2023-08-12 16:00:00+00:00,ETH/USDT
development|BTC/USDT|2023-08-13T00:00:00+00:00,development,0.0001661605490692608,-0.00025155691422451554,-0.00041775315535646086,-4.6579659077172764e-05,-0.00013058751145178515,0.10350670399292385,0.00012471751652416203,0.00022663817436318763,0.5502248875561041,0.5517241379306771,29.945533011174497,0.001017511384105987,0.0006876366117645931,0.002129406425008297,0.001388888888888889,50.93315864576582,3.4009118337787476e-06,-1.4198177663138907e-05,1.7599089496917654e-05,0.48209786480864397,-1.4228839940902165,-0.6528860660699767,LOW_VOLATILITY,0,47,0,6,-0.0017360127673936576,0.0016544390427191136,-0.026908808358682812,0.025404663177593267,149.0,0,0.0001247175165242087,0.00033276252720049193,2.0387283634626385e-06,1.0873313999182344e-05,0.0001406917616817438,-0.005132176706164948,2023-08-12 23:00:00+00:00,2023-08-13 00:00:00+00:00,BTC/USDT
development|BTC/USDT|2023-08-14T18:00:00+00:00,development,0.0012247072680817706,0.0020932348587670013,0.0008656531843292287,0.0018751211346514918,0.0007953322653113659,0.14370856171760613,-0.005621840433614592,0.006506534342943825,0.868914833732942,0.037423121025749344,87.58120524605442,0.002970135097101341,0.0019766771240187528,0.002115783289938352,0.43333333333333335,54.286094230526494,0.001357806821804909,0.000692067123895423,0.0006657396979094862,1.3123551462305043,0.35364857644884784,0.12528311794625946,LOW_VOLATILITY,0,89,18,0,-0.0070058177517534626,0.013223285324774903,-0.025020499933871232,0.017749265437546624,42.0,0,-0.005621840433614578,-0.0015819056003251175,0.002628018574640789,0.0013474782325215706,0.002968025191819601,0.0050060667202900255,2023-08-14 17:00:00+00:00,2023-08-14 18:00:00+00:00,BTC/USDT
development|ETH/USDT|2023-08-20T04:00:00+00:00,development,-0.0011302398970123306,-0.008978722935379158,-0.007928552016188117,-0.0005034173232905115,-0.0022897486776929377,0.0837867247007622,-0.000706840781119003,0.0013907038639988513,0.5086206896551639,0.1767241379310573,8.146192364371283,0.004883164309486328,0.003662836553754343,0.006552190508868499,0.8972222222222223,47.39239342266071,-0.00047839906976036736,-0.0006017101120594525,0.00012331104229908519,0.5152638992452344,-0.5613730519598283,-0.3109701315199649,RANGE,0,11,4,6,-0.016797114432552163,0.008408339428523037,-0.10407089151450055,0.07627096774193554,180.0,0,-0.0007068407811190447,-0.0034528076463560264,-0.000712826687272794,-0.009005690931340515,0.005200079537717173,-0.07244845762071028,2023-08-20 03:00:00+00:00,2023-08-20 04:00:00+00:00,ETH/USDT
development|BTC/USDT|2023-08-20T09:00:00+00:00,development,0.0008403096710543068,-0.0083501829825946,-0.009260099805750599,0.00020463659358660458,-0.0024150230719464094,0.18555239463331957,0.0009030819780715639,0.002030484068627468,0.4443606186344986,1.0,95.58775212597469,0.003660682909236163,0.0028002870460626223,0.005127120284867473,0.6652777777777777,50.094878232513956,-0.0005178512067431308,-0.0010027582981441232,0.00048490709140099243,0.5334593243321816,-0.7786048352870084,-0.48144155004385003,RANGE,0,24,9,6,-0.006430501122483889,0.009274097230757672,-0.12066951964147887,0.03759039974568856,135.0,0,0.0009030819780715404,0.000766518473095168,0.0006898137502873158,0.0021192181075329053,0.0069035671579460445,-0.0855224887852879,2023-08-20 08:00:00+00:00,2023-08-20 09:00:00+00:00,BTC/USDT
development|BTC/USDT|2023-08-23T18:00:00+00:00,development,0.017204846895910286,0.018368893310179768,0.0011237164834115218,0.003575864780225535,0.001240870791802795,0.5994185285465299,0.005429987335207168,0.008779419533417184,0.6151502145922821,0.7181974248927044,155.96608373676486,0.005876788335232332,0.0041888480327945034,0.005420807469006735,0.9361111111111111,72.58852579255925,0.0027818465998550907,0.0007687824542969166,0.0020130641455581738,1.9688557124981787,1.25253600686309,-0.017747582754934932,RANGE,0,20,18,2,-0.002467957150911526,0.0489857707509882,-0.0922066016760732,0.054571246920448235,81.0,0,0.005430368237611782,0.019098002879196274,0.02312497277317327,0.01909722022224858,0.02736561266811255,0.015891790670558903,2023-08-23 17:00:00+00:00,2023-08-23 18:00:00+00:00,BTC/USDT
development|ETH/USDT|2023-08-23T22:00:00+00:00,development,0.0029876988096146917,0.00509786352084185,0.0020932080655402014,0.00967080888563654,0.0038156610007091807,0.2987787287239138,-0.01142178688037994,0.015348954517612833,0.7527386541471068,0.2057902973395932,13.897274034720212,0.008345407945137823,0.005135541967121964,0.007155656312850969,0.9513888888888888,54.46843152728809,0.005367696486397685,0.0031709200425580103,0.002196776443839675,0.8572854283623641,-0.21138504062145078,-0.0005098723214511658,RANGE,0,23,22,2,-0.021649599614596005,0.03863881594950458,-0.0825974140448108,0.07436129032258054,90.0,0,-0.0114276555200028,-0.008354721340566584,0.004760554372288617,0.011934711537292975,0.03818554747164926,-0.010405462422077849,2023-08-23 21:00:00+00:00,2023-08-23 22:00:00+00:00,ETH/USDT
development|BTC/USDT|2023-08-26T16:00:00+00:00,development,0.00017983236296648109,-0.000919767077212974,-0.001100413856604835,-5.5093708865694424e-05,-0.0003255050554612504,0.19571366927170622,-0.0005374403339571529,0.0010743072081063024,0.5005359056805144,0.14255091103970605,62.312658242999255,0.0023916733800183948,0.0017712794065463295,0.002914627431988352,0.24583333333333332,49.96279702640665,-0.00018812369548997258,-0.00032698747658136556,0.00013886378109139298,0.8395740692562871,-0.27725083519891436,-0.5018062343661357,LOW_VOLATILITY,0,6,16,5,-0.0027470960664508492,0.008584230951620642,-0.028534333708561066,0.029802371541501893,70.0,0,-0.0005374403339571954,0.0009462388063945504,0.001483351598148941,-0.001270740575340823,0.004704224624315634,-0.003442472460220336,2023-08-26 15:00:00+00:00,2023-08-26 16:00:00+00:00,BTC/USDT
development|ETH/USDT|2023-08-26T16:00:00+00:00,development,2.790636908422961e-05,-0.001011621252124728,-0.0010405512563417842,-0.00027418738384954455,-0.00038273456354054325,0.18141414141414344,-0.00042972745595295776,0.001295791704511111,0.3317757009345809,0.29906542056078045,4.650282991946933,0.0028157935161652638,0.0019407461371081566,0.0036713007049623586,0.3402777777777778,49.43917070700615,-0.0002735165613788382,-0.0003313612764102985,5.784471503146032e-05,0.47781307571855636,-0.6925598624302174,-0.5420804869004923,LOW_VOLATILITY,0,2,16,5,-0.002506568417237953,0.009776766880055687,-0.029733683486966145,0.045253164556962044,66.0,0,-0.0004357773177906532,0.000945488926870075,0.0012671197579741111,-0.0018856293287884407,0.003182972313000354,-0.0035417559144910182,2023-08-26 15:00:00+00:00,2023-08-26 16:00:00+00:00,ETH/USDT
development|BTC/USDT|2023-08-27T13:00:00+00:00,development,0.0009247917112547022,0.000558614374876587,-0.0003656347626582474,0.000634797693896294,0.00010362280279485603,0.13283588758321518,0.0004305376271467851,0.000732979794919103,0.587127158555773,0.9869178440607016,32.88730364464916,0.0012614196274671101,0.000531438765560333,0.002823580631113407,0.05694444444444444,56.23804303721899,0.0002668354735165951,1.4979332668890314e-05,0.00025185614084770476,0.6773362047606448,-0.8445080042784046,-0.6235542137074657,LOW_VOLATILITY,0,27,13,6,-0.0009173960361132938,0.00406491384346741,-0.027875851952719133,0.030500395256916946,21.0,0,0.00043053762714673205,-0.00024810061150859486,0.0009863330104427082,0.0027557681708585413,0.0016247031718401583,-0.012065897488753419,2023-08-27 12:00:00+00:00,2023-08-27 13:00:00+00:00,BTC/USDT
development|ETH/USDT|2023-08-27T16:00:00+00:00,development,0.0026082787229571025,0.0024849975942520253,-0.00012265561476668043,0.000951065656561445,0.00023994173514707562,0.2538546255506588,-0.001345261722779575,0.0029297346928912607,0.45979381443300205,0.09072164948454904,3.735813093068853,0.0022566889123549344,0.0013853971197204898,0.0035751348619459757,0.22361111111111112,59.14879153407919,0.0006293685822400089,0.0001386473239595437,0.0004907212582804651,1.2072708463197122,0.31992745220451957,-0.6438008780558623,LOW_VOLATILITY,0,26,16,6,-0.0026568665843298422,0.0069586374695864706,-0.027418909471185637,0.04774683544303793,24.0,0,-0.0013392372380343076,0.0028168331526119417,0.0029930324144198384,0.004953620513816759,0.002385709960641913,0.00732627479615422,2023-08-27 15:00:00+00:00,2023-08-27 16:00:00+00:00,ETH/USDT
development|BTC/USDT|2023-08-29T03:00:00+00:00,development,0.001210457841948509,0.0015927331036922343,0.0003812059337810334,0.0005911712321962082,0.00026265756443266675,0.19447138104999648,-6.320303803602708e-05,0.001431926600162692,0.04414125200645827,0.6554307116104691,85.03067806416861,0.003257295070892189,0.0021027236127675146,0.002763611984249708,0.4861111111111111,53.88925630397814,0.0005566076822225924,0.00034496183484438017,0.00021164584737821222,0.5548702617792661,-0.6536230704701385,-0.1367906524265745,RANGE,0,8,3,1,-0.005686754660910731,0.009286473738135292,-0.02664427480688336,0.03180592885375488,38.0,0,-6.320303803597493e-05,-0.0005861408882082975,0.00429576698060985,-0.0013359036343695285,0.002850118130654389,0.0010998615202248985,2023-08-29 02:00:00+00:00,2023-08-29 03:00:00+00:00,BTC/USDT
development|ETH/USDT|2023-08-29T07:00:00+00:00,development,-0.0024284155184044476,-0.0023859802039828404,4.2640354899199504e-05,0.0004022306125184283,0.00019006588862224838,0.13948717948718142,-0.0026536609009117458,0.0031284739729188745,0.8504854368932034,0.14757281553398272,6.024288575484622,0.0036595786434478954,0.0026675508396039565,0.003525478842982802,0.5069444444444444,44.08723314652208,0.000281229902171941,0.00038478740038530357,-0.00010355749821336252,0.5137625982206977,-0.5455817756740488,-0.12044346524757976,RANGE,0,26,7,1,-0.010917240467692824,0.015057807923539501,-0.032865090975318756,0.041879746835443044,39.0,0,-0.0026536609009117917,-0.0038004175618021607,-0.006020022461869168,-0.003516991731134733,0.0019293974437006867,-0.004547406103925122,2023-08-29 06:00:00+00:00,2023-08-29 07:00:00+00:00,ETH/USDT
development|BTC/USDT|2023-08-29T15:00:00+00:00,development,0.05035009454341832,0.053177978305301465,0.0025563817339097528,0.004762545336869595,0.0018632836568488464,0.6421679719249912,0.05527521879318282,0.059653652349426364,0.878067073170731,0.878067073170731,186.85110431704993,0.006796555376851034,0.011453835567519322,0.005084065240246639,0.9472222222222222,89.42802827416168,0.003830185052550503,0.000488226366733012,0.003341958685817491,13.105606052990971,4.675907088307499,0.47235654274090644,TREND_UP,1,1,15,1,-0.007221219124657008,0.060731152095069074,-0.007221219124657008,0.08664150197628451,12.0,0,0.05527521879318287,0.05838105449162767,0.05916067810557912,0.05314523941866378,0.05173833886580548,0.05462710809148841,2023-08-29 14:00:00+00:00,2023-08-29 15:00:00+00:00,BTC/USDT
development|ETH/USDT|2023-08-29T15:00:00+00:00,development,0.040303538039224485,0.042112490617685294,0.0016686010217433927,0.003086203607872484,0.001143859284121751,0.614218597642053,0.046161233073201594,0.0529783241443818,0.8328764118872684,0.8329860730343238,11.916408010551159,0.00692303241824418,0.00956103284239009,0.005005737435805293,0.9166666666666666,85.18735661438745,0.002769528115224872,0.0002724834141113374,0.0024970447011135343,11.615573460146788,4.630070589138164,0.27158919593235864,RANGE,0,34,15,1,-0.008770515404549428,0.05091337582728883,-0.008770515404549428,0.08941139240506324,8.0,0,0.046161233073201524,0.048142442196795754,0.04608493776740574,0.041174691507379624,0.04256208358570568,0.0417922552686687,2023-08-29 14:00:00+00:00,2023-08-29 15:00:00+00:00,ETH/USDT
development|ETH/USDT|2023-09-03T05:00:00+00:00,development,0.0002612398089625323,-0.00336169026643629,-0.0036342009269070543,0.00017092763353021567,-0.0009232809392452079,0.1613865076406957,-0.000507276049847606,0.0010639859113589724,0.4770114942529599,0.3333333333332898,4.67443384582997,0.0028583515836451733,0.0009935882438529002,0.004825427031393708,0.33194444444444443,49.74676356922362,-0.00015983331393744514,-0.00038952949196468866,0.0002296961780272435,0.4551987615363331,-1.1005072783757706,-0.6279074426304072,LOW_VOLATILITY,0,2,5,6,-0.0058601823708207545,0.004391325443278138,-0.06328185858956148,0.020613731253861456,110.0,0,-0.0005011673532252514,0.0010835032045983795,-0.000891973460734885,-0.0003850879284104103,0.0019667309989890303,-0.03908618704021449,2023-09-03 04:00:00+00:00,2023-09-03 05:00:00+00:00,ETH/USDT
development|BTC/USDT|2023-09-03T06:00:00+00:00,development,0.0016674717112643567,-0.002382455448821541,-0.004052840976103181,0.0005553765082018103,-0.0009239771470854752,0.2736108564093201,0.0009692761115178348,0.0012162133987334391,0.7961904761905316,0.8431746031746448,60.249023118878966,0.0023262117199295664,0.0008081027594630766,0.005669729954409762,0.23333333333333334,56.093792475863395,4.502814245526607e-05,-0.00037944138639151324,0.0004244695288467793,0.42534462593034633,-0.9961353321770327,-0.5816549875000219,LOW_VOLATILITY,0,7,6,6,-0.0033646945646944593,0.005312228294621857,-0.07969306591194558,0.02235397444120979,111.0,0,0.0009688892633388235,0.0015312952669830349,0.0011809268903819614,0.0033501745980215603,0.0030470873361532202,-0.0495840747355446,2023-09-03 05:00:00+00:00,2023-09-03 06:00:00+00:00,BTC/USDT
development|ETH/USDT|2023-09-06T01:00:00+00:00,development,0.0010930060097151806,0.0010468661201770146,-4.604131433070822e-05,0.00016457311694773047,2.238263253473427e-05,0.22316043425813945,-0.0004466306914822132,0.002197425523189216,0.2033426183844108,0.571030640668524,6.0769759830317565,0.0037196941863292935,0.0020920134677258257,0.0030126505085933063,0.45694444444444443,53.40799275790952,0.0006272214608325144,0.0005742296762975063,5.2991784535008086e-05,0.5552260773159633,-0.6331449812179271,-0.004772743316530881,RANGE,0,21,1,2,-0.008671011274135054,0.014934552615720964,-0.055101214574898805,0.019596462651264135,68.0,0,-0.000440515158004251,0.0021162008980053493,-0.001820725724166139,-0.0023571223566337673,0.004698386928152942,-0.0008928626031226017,2023-09-06 00:00:00+00:00,2023-09-06 01:00:00+00:00,ETH/USDT
development|BTC/USDT|2023-09-07T13:00:00+00:00,development,-0.003024498658343644,-0.0036131145701518985,-0.0005925425045533049,-0.0005207816842471846,-0.00029846099791541736,0.06790602141973769,-0.0018904179924227125,0.003201091192517514,0.5916727538349025,0.2834185536888118,76.2699225039557,0.0029723274553373224,0.0032542336015900565,0.0032072422421645028,0.32083333333333336,41.34374735638842,-0.00019821694927086016,0.00012706458685735771,-0.00032528153612821785,0.8354935010068861,-0.13914860689408048,-0.015078278599232497,LOW_VOLATILITY,0,3,13,3,-0.014592933947772613,0.01133076703881497,-0.056802125466636655,0.012878077663196263,103.0,0,-0.0018904179924227327,-0.002927879356604768,-0.003954293690636601,-0.003829394719596979,-0.002085664295550682,-0.007671787637121952,2023-09-07 12:00:00+00:00,2023-09-07 13:00:00+00:00,BTC/USDT
development|BTC/USDT|2023-09-07T15:00:00+00:00,development,0.0013924286613460346,0.0007419431562005752,-0.0006490994150607459,-0.0007274111792544558,-0.00040937723969458606,0.23323360338857196,0.004761637391876635,0.005955272973942057,0.7957774012772036,0.999478691515693,86.40978011820668,0.003353276607729929,0.003230471971337238,0.0032284227989798557,0.43333333333333335,53.194556177595025,-0.0002713524160088403,-4.589151622759076e-05,-0.00022546089978124956,1.1302391175766395,0.10776620249874186,-0.04901647790807018,RANGE,0,2,15,3,-0.010416282642089159,0.015617296042054862,-0.051912932206121254,0.017171164947944906,2.0,0,0.004762029163285719,0.0023400729716904767,0.0009232864335932955,0.0007281550570270579,0.00596620930803593,-0.003312781069071069,2023-09-07 14:00:00+00:00,2023-09-07 15:00:00+00:00,BTC/USDT
development|BTC/USDT|2023-09-12T16:00:00+00:00,development,0.01441137882770449,0.018862212529698663,0.004306374551045322,0.010711471436237963,0.004698403042509236,0.6061633502605582,0.0035068787744994903,0.0045367525033417734,0.7702918664311733,0.7978803936411897,197.56676740426644,0.0075389984573845745,0.005862594782954364,0.0034688116098877037,0.9236111111111112,66.78916995833117,0.007190206896456063,0.00447267130282087,0.0027175355936351936,0.725271666909528,-0.35558082809869235,0.8390228406877429,TREND_UP,0,3,16,1,-0.007048726886935364,0.05240632906308984,-0.00905749560416702,0.05240632906308984,121.0,0,0.0035068787744994,0.0032206766445244117,0.012988032069615851,0.015815197862467434,0.04339868219304299,0.012044447207837816,2023-09-12 15:00:00+00:00,2023-09-12 16:00:00+00:00,BTC/USDT
development|ETH/USDT|2023-09-12T21:00:00+00:00,development,0.004695344232564791,0.003718222257493853,-0.0009689527107141897,0.0026813482128671406,0.0006261553924307162,0.29143500598212474,0.00015639564344295626,0.0023893517476043535,0.06544502617801157,0.34816753926700245,13.038089985591228,0.00815512646400412,0.005813324582941372,0.003685342565353415,0.9402777777777778,55.14252782728002,0.003009807699983891,0.002476541224513831,0.0005332664754700597,0.18941434256732395,-0.9658496109567258,0.4111708061014099,RANGE,0,10,21,1,-0.016752767527675294,0.03890466505078338,-0.042658682634730494,0.04425183375680097,164.0,0,0.00015639564344294143,0.007962777325944304,0.000713561422616138,0.013245788599749009,0.03693038097832435,-0.021375055090348205,2023-09-12 20:00:00+00:00,2023-09-12 21:00:00+00:00,ETH/USDT
development|BTC/USDT|2023-09-16T14:00:00+00:00,development,0.0007376167948982548,0.002877439176167673,0.0021321101584185495,5.3776771631763864e-05,0.0005811103013617647,0.21309828737883665,-1.506552183662087e-06,0.0020270690171426955,0.000743218134471114,0.6283909327387568,99.51255510289735,0.0037480270766590404,0.0032731257212804334,0.0039054034219986287,0.38333333333333336,52.3440360519456,0.00045788313774262614,0.0005897344373304943,-0.00013185129958786807,0.4843221360685756,-0.8387216290881988,-0.3247460655488702,RANGE,0,46,14,5,-0.012546489140136785,0.012456147040878607,-0.012546489140136785,0.0662483434400225,94.0,0,-1.129914563358092e-06,0.00020606377504317486,0.0021193077808603356,-0.0038516792098242103,0.00704267822038096,0.016297880142561505,2023-09-16 13:00:00+00:00,2023-09-16 14:00:00+00:00,BTC/USDT
development|BTC/USDT|2023-09-18T05:00:00+00:00,development,0.002962991296239448,0.003692535619109538,0.0007247130466323027,0.0010366464810636078,0.00047491824521217474,0.10098828644574485,-0.001384540708347676,0.00424126888728201,0.32689752900540164,0.4841023824284822,88.4317675881064,0.0033217864185527395,0.00201973673111876,0.003934789757145029,0.3263888888888889,58.17936870517259,0.0005633772025476916,-3.602944410124034e-05,0.0005994066466489319,1.1063678666634904,0.16017250320268767,-0.5048608048289318,RANGE,0,3,5,0,-0.0047943925233644435,0.009265525157000187,-0.009902186849152006,0.06910365045580491,39.0,0,-0.0013845407083477035,0.006013007777382562,0.0048980842888737275,0.004168799410664947,0.0025948250376137683,-0.0007660790266255102,2023-09-18 04:00:00+00:00,2023-09-18 05:00:00+00:00,BTC/USDT
development|ETH/USDT|2023-09-18T14:00:00+00:00,development,0.01157197342701477,0.014843997204395887,0.003187281158775476,0.006774058559383622,0.0029459011952182035,0.387928291078818,-0.0050858347193784275,0.008847634796673299,0.5777626193724497,0.2564802182810388,8.967272556058782,0.00541194766018008,0.003536122731140407,0.004073125793942365,0.7027777777777777,67.63916780316332,0.0043463388666294175,0.0018522320661737075,0.0024941068004557102,1.5607638079931403,0.7292985121795105,0.042595688639526674,TREND_UP,0,2,14,0,-0.007523210542078385,0.03308227548195619,-0.007523210542078385,0.08225289188182972,137.0,0,-0.0050858347193784015,0.005125903099199913,0.014032961854578696,0.025010671137203122,0.017426438080267337,0.02264465360283907,2023-09-18 13:00:00+00:00,2023-09-18 14:00:00+00:00,ETH/USDT
development|ETH/USDT|2023-09-23T08:00:00+00:00,development,0.000383023510169167,-0.002588231181150369,-0.0029778243645271862,-0.00030113671342979487,-0.0009235338435530371,0.06360153256704879,6.2717944858325834e-06,0.001386057888299921,0.00452488687782433,0.9230769230769864,4.295654020843845,0.0026941290230761985,0.0014664039917151137,0.002868354619866798,0.09722222222222222,50.10622768296021,-0.00036527136740556677,-0.0005674355765715813,0.00020216420916601457,0.4754663349751988,-1.086229183681281,-0.4230092095015989,LOW_VOLATILITY,0,3,8,5,-0.005135148626051356,0.004802026682127369,-0.04495357891584306,0.017017802356213085,114.0,0,0.0,0.001381692573402482,-0.0009148385560588945,0.0012370642017482947,-0.000752044621314174,-0.024514842277855275,2023-09-23 07:00:00+00:00,2023-09-23 08:00:00+00:00,ETH/USDT
development|BTC/USDT|2023-09-24T12:00:00+00:00,development,0.0006567753290431799,-0.0003570431707443644,-0.0010135149544291504,4.888703410799167e-05,-0.00027164059902629045,0.06277952625476181,0.0006369503434565783,0.0009565092825391685,0.6654874213835983,0.6654874213835983,28.05397094633317,0.0010547910228871605,0.0005150827715894195,0.0031626429061393123,0.001388888888888889,54.455992547499655,-5.4938584141913485e-05,-0.00017001576079949516,0.00011507717665758168,1.1752342918537375,0.43512726258207257,-0.6783052403696737,LOW_VOLATILITY,0,36,12,6,-0.0013554709397920472,0.001902720540039482,-0.032268733647048076,0.008316225852862402,151.0,0,0.000636950343456677,0.0002523505077096644,0.001457941658988382,0.0007807808259796545,0.0008090246511691657,-0.005015566324663934,2023-09-24 11:00:00+00:00,2023-09-24 12:00:00+00:00,BTC/USDT
development|ETH/USDT|2023-09-24T15:00:00+00:00,development,0.001020704611967016,0.00027891267512725193,-0.00074082893184843,0.0004258503461553875,-7.349079507401601e-05,0.10129870129869915,0.0002131808463279086,0.0007773173774314733,0.27419354838702875,0.9919354838709752,2.5774777329142955,0.001615740509465278,0.001018375287394642,0.002814727705435592,0.001388888888888889,55.55708529828818,0.00024649585062755706,5.4587509455132314e-05,0.00019190834117242478,1.127828193151587,0.41972090328366307,-0.6314210876036257,LOW_VOLATILITY,0,34,15,6,-0.0007767136244338779,0.004900941761945221,-0.04448637316561843,0.017515324314153258,31.0,0,0.0002069095241079566,0.0008344312692138978,0.0004954717643812501,0.0008093152816290861,0.0020729554691474306,0.007140512147078004,2023-09-24 14:00:00+00:00,2023-09-24 15:00:00+00:00,ETH/USDT
development|BTC/USDT|2023-09-24T18:00:00+00:00,development,0.003110075176454785,0.002544862856476593,-0.0005620296289495051,0.00041831657248114773,-3.1818343165901375e-05,0.36145873054389954,0.0037620751812924035,0.00572187603451731,0.655025553662688,0.6949285807888841,36.38795417001836,0.00136422069788061,0.0009172331225325288,0.003171280044924763,0.027777777777777776,67.92907818257366,0.00026376360914959787,2.0984778687128806e-05,0.00024277883046246905,2.707767691308228,3.591374341202611,-0.674859269124918,LOW_VOLATILITY,0,42,18,6,-0.0017425390995310375,0.004661514743697692,-0.029490346414239532,0.011211133794714057,6.0,0,0.003762075181292346,0.0031957905980495305,0.0028710317930300544,0.004333159248873786,0.0028107048906489407,0.0008074577275993811,2023-09-24 17:00:00+00:00,2023-09-24 18:00:00+00:00,BTC/USDT
development|ETH/USDT|2023-09-26T08:00:00+00:00,development,0.0005957266647287351,0.0008206738981069162,0.00022462895897366883,0.0014712020427629646,0.0005701839798022412,0.4389759435003272,9.441384736433734e-05,0.0017370507898546105,0.05434782608698965,0.5833333333333814,5.177337533094443,0.003258441395364367,0.002180673742637777,0.0025288843019371093,0.23055555555555557,52.847324946150664,0.001167116264465067,0.0010048200617310229,0.00016229620273404413,0.7256870227185213,-0.3914322713458715,-0.15656934688383695,RANGE,0,18,8,1,-0.0053834115805946325,0.015693418991913788,-0.043430621779126266,0.0165641934472589,41.0,0,8.811903622962802e-05,-0.0017026784199645206,-0.001558395857683248,-0.001614859218207032,0.004837944664031646,-0.0034808241086268232,2023-09-26 07:00:00+00:00,2023-09-26 08:00:00+00:00,ETH/USDT
development|BTC/USDT|2023-09-26T21:00:00+00:00,development,-0.002451674774198498,-0.004762175948537339,-0.0023272625272997387,-0.0012625045088230369,-0.00105546162370318,0.14661367203813194,-0.0031816121031557824,0.005188006966774114,0.615220274053345,0.08287903344629341,95.72100587808825,0.0036584738865635914,0.0015890648942814914,0.0022358372777738036,0.4236111111111111,42.55961535478628,-0.0010740022234249761,-0.000892568121263425,-0.00018143410216155118,1.10205878789975,0.2333590802531508,-0.20011180219283864,RANGE,0,5,21,1,-0.008836835059130688,0.0029074291426745003,-0.04470614265846817,0.006684375728632785,51.0,0,-0.0031816121031558176,-0.00041337137980079763,-0.001229176997288639,-0.0041904081899074574,-0.004693094376199358,-0.015930644751812495,2023-09-26 20:00:00+00:00,2023-09-26 21:00:00+00:00,BTC/USDT
development|BTC/USDT|2023-09-27T12:00:00+00:00,development,0.01699334596827562,0.01770590317153431,0.0006884609783607356,0.003257878011086568,0.0010863579697291126,0.607006695624128,0.012257120047620168,0.015340703187169093,0.7893185913983766,0.8018362476255438,101.36550571583318,0.0037870004787976543,0.003135463356040278,0.002344188945773684,0.4513888888888889,81.18475080263647,0.0023373098894329774,0.0005705266282098033,0.0017667832612231742,5.337759502183016,4.102694002671985,0.11638885539397492,RANGE,1,1,12,2,-0.003030757890604363,0.026002421004939436,-0.01953479853479856,0.029866343265952278,15.0,0,0.012257120047620251,0.019302881475532274,0.019455063225813474,0.020785480101000564,0.018758970427988464,0.006391392018035402,2023-09-27 11:00:00+00:00,2023-09-27 12:00:00+00:00,BTC/USDT
development|BTC/USDT|2023-09-30T22:00:00+00:00,development,0.000750862312803191,0.0034939471076524953,0.002731483004089243,0.0012767162231461793,0.0011641792669854212,0.26279040562601763,-0.0023968977411077982,0.0050019852381248415,0.4803406145872119,0.3891151425397968,71.32397028357313,0.0026416989743272092,0.0009832606737313003,0.002767658143280239,0.15138888888888888,54.571344130484256,0.0010935399391869421,0.0009027408517758298,0.00019079908741111227,1.2144675002599803,0.47797558484242353,-0.5020159935726085,LOW_VOLATILITY,0,14,22,5,-0.0035323873527911553,0.004956054333095095,-0.011322490303378285,0.038815011354166096,82.0,0,-0.0023968977411078507,-2.5925945130400585e-05,0.00011075595942999783,0.0019163088122002847,0.004811313732787426,0.02737220861234846,2023-09-30 21:00:00+00:00,2023-09-30 22:00:00+00:00,BTC/USDT
development|BTC/USDT|2023-10-04T22:00:00+00:00,development,0.005570795907069215,0.0059525007194711765,0.0003773440521670265,0.002503854942848882,0.0008725221752821088,0.3419959131395478,0.001359905009188348,0.00509994188522303,0.266288951841355,0.2757790368271919,142.20546622485568,0.0051362578860327576,0.0023688526719503815,0.00385560810195946,0.6583333333333333,61.281962439282616,0.0013535002026700772,0.0003766249293315572,0.00097687527333852,0.5273510658314229,-0.8295544620142722,-0.06652878796547756,RANGE,0,52,22,2,-0.005500414515663299,0.017814498933901968,-0.031259972008397474,0.05352601776336541,96.0,0,0.0013602671780297282,0.002141712834567988,0.010303887503457565,0.0020481360839668117,0.010457276370927637,0.018624470527811132,2023-10-04 21:00:00+00:00,2023-10-04 22:00:00+00:00,BTC/USDT
development|BTC/USDT|2023-10-06T20:00:00+00:00,development,0.008720119258756043,0.011367164195980495,0.002594667915986219,0.0054990915857449085,0.0024628523514076406,0.26956841796360254,0.0017287769691357979,0.00573869254689049,0.300729380961297,0.46611807243937725,191.35829557716667,0.006845872605288665,0.005212872523694715,0.004249278810118405,0.9333333333333333,60.33986032233526,0.0031457049694547075,0.0015336206761608743,0.0016120842932938332,1.1081612734636581,0.13718212620875475,0.1348718411558738,RANGE,0,29,20,4,-0.0032982871014510806,0.028570124897243643,-0.02196081175647302,0.04043120464316963,46.0,0,0.00172877696913587,0.002676687565060787,0.015485666331227499,0.011355166629761548,0.01751210718976326,0.024834463794683792,2023-10-06 19:00:00+00:00,2023-10-06 20:00:00+00:00,BTC/USDT
development|ETH/USDT|2023-10-06T22:00:00+00:00,development,0.00936448412616353,0.009872575564770836,0.0004984565177312165,0.005008262849573342,0.0017346966985893886,0.34560745539265747,0.0036383073063770656,0.010215691495800013,0.35485781990521154,0.42890995260663284,9.85552507529452,0.00596451443710482,0.003746686037244278,0.004358381739339334,0.8027777777777778,64.99572927439094,0.0032541351683118254,0.0017196306044184977,0.0015345045638933278,1.5106713047751472,0.7592886302379173,-0.050660480076465064,RANGE,0,10,22,4,-0.005800240673886958,0.02612572890597331,-0.056333523700742516,0.028399295463456653,254.0,0,0.003638307306377042,0.003589541133954821,0.0057825986389588024,0.011093909669997348,0.023475341600287303,-0.0014141536230133367,2023-10-06 21:00:00+00:00,2023-10-06 22:00:00+00:00,ETH/USDT
development|BTC/USDT|2023-10-13T15:00:00+00:00,development,-0.0017692883324685882,-0.004443207132257765,-0.0026906130695252286,0.00037650365407992936,-0.0006189101223037508,0.11164725645159275,-0.0036696202361961687,0.004521792167982317,0.8145301264567396,0.18546987354326033,98.69601998802666,0.0036885931911140807,0.0019039727291227592,0.0025214221224190815,0.3388888888888889,46.09483427289308,0.000122682904518768,-0.00016033197862455037,0.0002830148831433184,1.2764121436935931,0.5164684596665328,-0.1777079578826114,RANGE,0,2,15,4,-0.007778439083541366,0.0076102428921107634,-0.05435271249337337,0.008230634101344947,163.0,0,-0.0036692492412205846,-0.002379858707307503,-0.0014528276960533715,-0.0019437357325097215,0.0020653930014074007,-0.024911554669928004,2023-10-13 14:00:00+00:00,2023-10-13 15:00:00+00:00,BTC/USDT
development|ETH/USDT|2023-10-14T01:00:00+00:00,development,0.0029057678409285526,0.0015505549013186126,-0.0013491944149882952,0.0024554316356832917,0.00043985613529451406,0.13245751476437345,0.0006249355736522184,0.0019637763741605367,0.3180327868852596,0.5737704918032872,8.633252460610976,0.005558615480102101,0.0034178003653376815,0.003104282177228149,0.7236111111111111,54.66100824697937,0.001221634215632239,0.0005483037447221983,0.0006733304709100404,0.4105814135711843,-0.7303602116667348,-0.14061888815451806,RANGE,0,11,1,5,-0.014111060329067504,0.009995057746332359,-0.056702439735437093,0.021124260355029678,171.0,0,0.0006249355736522855,-0.003924963924963887,0.006023979324148554,-0.00015450279070650108,0.005528975326785979,-0.013484844635280213,2023-10-14 00:00:00+00:00,2023-10-14 01:00:00+00:00,ETH/USDT
development|BTC/USDT|2023-10-15T16:00:00+00:00,development,0.0008481873788548366,0.0008470833604354855,-1.10214918606382e-06,-0.00015709459708146412,-5.939475770222469e-05,0.11766707499658749,0.0009485222923204286,0.002041349692384842,0.46421416863955617,0.853942815516291,48.263395748408776,0.0017942536526035769,0.0007595444201502874,0.002437832267274605,0.05277777777777778,54.95740942140866,5.2268509341381356e-05,7.044083700009504e-05,-1.817232765871369e-05,1.1283130001752268,0.1880767970686293,-0.6138085020018469,LOW_VOLATILITY,0,29,16,6,-0.0024627966036324667,0.004101310239277289,-0.038911773753900425,0.013573028932131415,49.0,0,0.0009488947608728981,0.0022628244729328006,-8.995851128335008e-05,0.0006848841128461736,-0.001621597947633835,0.008392502343017805,2023-10-15 15:00:00+00:00,2023-10-15 16:00:00+00:00,BTC/USDT
development|BTC/USDT|2023-10-19T19:00:00+00:00,development,0.006078668009758648,0.009928169503760964,0.0037886288831420287,0.004010800144178095,0.0023512140980510576,0.28296431702448793,0.0034938579000981518,0.005809338366557251,0.5993270039658636,0.7329647878860764,162.2120967571673,0.0056624501695176,0.002417641635755898,0.0034220308221446514,0.7944444444444444,62.92056775125966,0.002680204024716391,0.0016679902757457184,0.0010122137489706725,0.9834790203502031,-0.025620373581661818,0.03152287018269195,RANGE,0,2,19,3,-0.009333991310960466,0.019441536248614888,-0.04510066666666668,0.07574048977075121,99.0,0,0.0034938579000980408,-0.0011544594176656764,0.0059647885741254125,0.012577431458247412,0.012334824490696006,0.003354323687157157,2023-10-19 18:00:00+00:00,2023-10-19 19:00:00+00:00,BTC/USDT
development|ETH/USDT|2023-10-20T06:00:00+00:00,development,0.009097732846446993,0.010905817777905558,0.0017724537043586949,0.005158774934630905,0.0020604458517290425,0.5551761601738411,0.00043590602118871393,0.003315231118969437,0.1314285714285385,0.8647619047618978,8.083505285746927,0.005104512052126122,0.0031416021393557802,0.003136585748850312,0.5986111111111111,67.99235662778815,0.003593355320685459,0.0018314785460077578,0.001761876774677701,0.7765476677924528,-0.3267291639952604,0.043376689939147894,RANGE,0,17,6,4,-0.007141110602574385,0.027137816521378033,-0.034054518948659074,0.029809593174487503,149.0,0,0.00042958582872154594,-0.00107235223616986,0.01087088352260035,0.01386087902941835,0.02003877641723939,-0.002594915980147716,2023-10-20 05:00:00+00:00,2023-10-20 06:00:00+00:00,ETH/USDT
development|ETH/USDT|2023-10-26T08:00:00+00:00,development,0.026528521146389483,0.03653512259240199,0.009404410108894139,0.00654452436068409,0.004625840690222205,0.387730285158389,0.01976288944030875,0.027728811359728323,0.6989079563182515,0.8336583463338538,18.21935427800982,0.009851814311056821,0.006143806770710292,0.006328599370144119,0.9402777777777778,70.47326096094264,0.00483636267494108,0.0025360103309500994,0.00230035234399098,3.741465753144038,3.6354209597796543,0.017781037234309682,TREND_UP,1,1,8,3,-0.0045912792606587205,0.05076136363636352,-0.0045912792606587205,0.19949927355749275,146.0,0,0.019762889440308795,0.02249744284411026,0.03176746261995089,0.03320278673229371,0.04527958490416739,0.10332607463532484,2023-10-26 07:00:00+00:00,2023-10-26 08:00:00+00:00,ETH/USDT
development|BTC/USDT|2023-10-28T16:00:00+00:00,development,0.003972757266342164,0.004757367452617345,0.0007778051498962751,0.0015779837405305308,0.0007169225090446485,0.4520800950900646,0.0028152045092544897,0.004936685834343647,0.568661137440804,0.7232227488151949,161.9152103883547,0.004735334866640892,0.0028299428433192445,0.006611923926642331,0.4166666666666667,57.739833198598106,0.0011077519461753322,0.0005344046853381713,0.0005733472608371609,0.7254515382417447,-0.33493579960077063,-0.5595815984473211,RANGE,0,47,16,5,-0.00870748054768844,0.02401938249735358,-0.030811224489795785,0.15360931174089076,213.0,0,0.002815204509254432,0.005008438513481428,0.003129703135863915,0.003904286553141567,0.005691263513442069,-0.018565548596719883,2023-10-28 15:00:00+00:00,2023-10-28 16:00:00+00:00,BTC/USDT
development|ETH/USDT|2023-10-28T16:00:00+00:00,development,0.0024737326648704983,0.002397838484661241,-7.552580289724978e-05,0.0005555272768678066,0.0001562448110783432,0.2785496441884117,0.0023733025848847542,0.003065703213125012,0.7723132969034612,0.8306010928961636,9.276059338153798,0.005179898892188766,0.0029169594522279823,0.006647317353148513,0.4152777777777778,54.01006231227225,0.00043932191361031956,0.00013192390519226716,0.0003073980084180524,0.5865582208109842,-0.42555681924825245,-0.508683800796839,RANGE,0,36,16,5,-0.006904277324578656,0.026434950076232644,-0.040074187634679515,0.10531058660872983,56.0,0,0.0023733025848846623,0.005547756752203981,0.0009446143011251351,0.000463700103354725,0.0044761050033654826,-0.00855921693684114,2023-10-28 15:00:00+00:00,2023-10-28 16:00:00+00:00,ETH/USDT
development|ETH/USDT|2023-10-29T16:00:00+00:00,development,0.003138924439725077,0.0038751058273776007,0.0007310449242420246,0.002655660582112418,0.0010375216244085106,0.21088625261688781,-0.001637764395893364,0.004324318292145364,0.37935483870968445,0.2658064516128962,7.9761778582857135,0.004450520234063193,0.002411341375322588,0.006552001630759278,0.25555555555555554,56.3229480440405,0.0015663791764449686,0.0006169044459523479,0.0009494747304926207,1.9563386659461188,2.0676708598138958,-0.6929622153451305,RANGE,0,60,16,6,-0.004847522377451563,0.01675308908127482,-0.03931837430449092,0.10340899995690278,24.0,0,-0.0016377643958933596,-0.0036026619668977355,0.0020071564352008853,0.009695883897283375,0.0007873663989994562,0.007844835342810885,2023-10-29 15:00:00+00:00,2023-10-29 16:00:00+00:00,ETH/USDT
development|ETH/USDT|2023-11-01T01:00:00+00:00,development,0.006328297717760556,0.00863272031107365,0.0022703320848552486,0.00276909904744449,0.0015038240653562074,0.16772625280478728,0.0017909592377677484,0.009439359267734598,0.1893939393939385,0.35431235431236163,12.036189433819327,0.006620857592093891,0.0035459013955263866,0.004597158619107543,0.7527777777777778,59.39921512117311,0.0017034169192379658,0.0007967786341938097,0.000906638285044156,1.989105190637645,2.107135674359544,0.0009696258398470547,RANGE,0,117,1,2,-0.006057955166757778,0.020735658257486023,-0.02552612112310637,0.04199098964841297,57.0,0,0.0017909592377678418,0.006405181720043229,0.005153157138118036,0.010651782338944704,0.003134242705160606,0.02264199767110875,2023-11-01 00:00:00+00:00,2023-11-01 01:00:00+00:00,ETH/USDT
development|BTC/USDT|2023-11-01T03:00:00+00:00,development,-0.00021979500058599832,0.0012512666214858914,0.001469546230996726,0.001406304890940735,0.0008852228014442076,0.11063718662952843,-0.0012191204473607539,0.0019770664931206324,0.6173836441051616,0.3514902363823539,173.4597050339281,0.005035110420337169,0.0031311197202839544,0.003368129482014007,0.475,50.291830902573885,0.0010882029487205268,0.000851656708190758,0.00023654624052976876,0.48775447863776444,-1.745475652826229,-0.020734637743795692,RANGE,0,51,3,2,-0.007789636609391137,0.01249169728141064,-0.01943537173898502,0.03171757616959092,83.0,0,-0.0012188308790976876,-0.00547751904819227,-0.005273346026554271,0.003910439027574597,0.0028533992625174864,0.012277490141689329,2023-11-01 02:00:00+00:00,2023-11-01 03:00:00+00:00,BTC/USDT
development|ETH/USDT|2023-11-04T05:00:00+00:00,development,0.004729936974472437,0.007806693468475512,0.0030385511027359578,0.005079261096964771,0.0025085680693728296,0.33115014389203035,-0.002845105274345559,0.0035036703816869446,0.814352574102958,0.12168486739468998,10.42035669894764,0.005695709069066384,0.0031408622942994215,0.003754140948730409,0.5180555555555556,58.755701160327675,0.004027033799102159,0.002947648150916741,0.0010793856481854174,0.49205465574247653,-0.8944694566744728,0.040394829770892926,TREND_UP,0,4,5,5,-0.00557678405452855,0.027462498806588798,-0.024261333333333357,0.03792563511964864,76.0,0,-0.0028451052743455607,-0.002970091991106094,-0.0009228920926168671,0.007217573221757201,0.021165556851735046,0.011690085546652629,2023-11-04 04:00:00+00:00,2023-11-04 05:00:00+00:00,ETH/USDT
development|BTC/USDT|2023-11-04T14:00:00+00:00,development,-0.0001524464725838337,-1.57974292047669e-05,0.000136672037286754,0.0009556378525354958,0.0003806179790974973,0.276427746245421,-0.0016804387265604898,0.0029616398902950255,0.5683565242774938,0.4316434757225062,153.92674576679363,0.004435881973788568,0.00241795216133023,0.0038673278087633396,0.31527777777777777,50.104457584603296,0.0007755653888491179,0.0006831881827500986,9.237720609901935e-05,0.5661002082602532,-0.6800277768220004,-0.27310332534180426,RANGE,0,29,14,5,-0.008560857142857037,0.010983769950328348,-0.035698773294087216,0.0227046861184792,83.0,0,-0.0016804387265605403,-0.0008514267516730456,-0.0019448924139703339,-0.0019494853767024756,0.003747960706723674,0.003030159378925701,2023-11-04 13:00:00+00:00,2023-11-04 14:00:00+00:00,BTC/USDT
development|BTC/USDT|2023-11-06T10:00:00+00:00,development,0.004856237090716808,0.00580561814892544,0.0009393394734931903,-0.0003489160673585401,7.067461080256798e-05,0.15028732323602192,0.004659087853243613,0.0052235023435140485,0.8878107283035596,0.9814653292629658,186.15839538523025,0.005300909368510637,0.0038936219777917836,0.004050021366758264,0.5277777777777778,57.15343751609266,5.736898402402899e-05,-0.00016963557966870628,0.00022700456369273525,1.2303089364589694,0.4463474494682858,-0.32291895099684076,RANGE,0,30,10,0,-0.007399660825325172,0.019455411054342786,-0.024087543167303993,0.0321293166789125,44.0,0,0.004659087853243538,0.007589731583503179,0.003997326348447183,0.013631619538462258,0.0006222867556635592,0.025081336433643076,2023-11-06 09:00:00+00:00,2023-11-06 10:00:00+00:00,BTC/USDT
development|BTC/USDT|2023-11-08T01:00:00+00:00,development,0.006628574956162314,0.009621245228962128,0.002944632726109726,0.006927481025828852,0.0031413752132980477,0.2131432068767048,-0.0011104792688407222,0.004451380125803849,0.2497458703938838,0.6977128335450997,229.24128686736097,0.0064831010697271926,0.004228312009936589,0.004194837852201112,0.6888888888888889,59.273552346620114,0.003640437119929265,0.0019105861839683164,0.0017298509359609485,0.6896817716412279,-0.33910025407164107,0.10687519116036048,RANGE,0,69,1,2,-0.01471745430227378,0.02423771241599093,-0.01737307694124679,0.03702424144487315,39.0,0,-0.0011101970896452151,-0.00326505645421582,-0.00048590878652554625,0.01792225924619828,0.012453006307820536,0.01091455927360152,2023-11-08 00:00:00+00:00,2023-11-08 01:00:00+00:00,BTC/USDT
development|ETH/USDT|2023-11-08T20:00:00+00:00,development,0.005434296781665404,0.0072492137638606735,0.0017921160599507872,0.0027879462973772196,0.0013482060222951286,0.17477203647416298,-0.0006104524189177531,0.0052867982749450855,0.11553784860558626,0.44023904382468737,10.300956329441123,0.005424210971391851,0.0030589389794706146,0.004057980583790311,0.35555555555555557,58.5506886087889,0.0017565558162289212,0.000740885276998456,0.0010156705392304652,1.0643877406724431,0.14721010422315495,-0.24425209878402976,RANGE,0,33,20,2,-0.004153141862306642,0.014184169910975042,-0.007919633481870081,0.0686282784971104,111.0,0,-0.0006051930829061858,-0.0002474283247523301,0.005325540891789826,0.01283193156303164,0.002560420648076711,0.005703542869247569,2023-11-08 19:00:00+00:00,2023-11-08 20:00:00+00:00,ETH/USDT
development|BTC/USDT|2023-11-12T23:00:00+00:00,development,0.0014767747990764857,0.003652159973106528,0.002164273085715359,0.0006994267308200186,0.0008044446283375084,0.3063543875533094,-4.413667189577012e-05,0.0015593851490230785,0.028305143251628445,0.2877114256126611,119.79454583542682,0.0032241255731743452,0.0022357643191776287,0.004368790878076054,0.059722222222222225,55.094659831037966,0.0007035003861316779,0.0005351658947566484,0.00016833449137502944,0.41098639814020144,-1.465071440424899,-0.5309441502719088,TREND_UP,1,1,23,6,-0.0017879105545022256,0.011558869731644217,-0.021504393736055616,0.0762565659011687,118.0,0,-4.413667189573367e-05,0.001365314279661911,0.001230935389634924,0.0016501116339204813,0.0071495349522427976,0.01660938224206543,2023-11-12 22:00:00+00:00,2023-11-12 23:00:00+00:00,BTC/USDT
development|ETH/USDT|2023-11-13T16:00:00+00:00,development,0.022596413603522603,0.024783286433540663,0.0020868307613467986,0.0036728896991216065,0.0015630608961882952,0.32409332409332375,0.014162941267149507,0.016701183713020776,0.8361774744027235,0.9379977246871359,17.40764928981842,0.008268724368631806,0.005440686282347751,0.005813518427408654,0.7902777777777777,70.64898709476498,0.0025519355747588893,0.000330133160951592,0.0022218024138072976,3.6202667310742966,3.1788611099584636,-0.08113948470396448,TREND_UP,1,1,16,0,-0.0010344402159988553,0.03783602581230361,-0.014857346080234368,0.13777076397596089,116.0,0,0.014158055736204433,0.02454241511380606,0.024313107280308666,0.032111935834959304,0.023391926576961986,0.0073256042068394756,2023-11-13 15:00:00+00:00,2023-11-13 16:00:00+00:00,ETH/USDT
development|BTC/USDT|2023-11-15T22:00:00+00:00,development,0.030133059538674623,0.03479870044816935,0.00437685451125603,0.016184165767397563,0.006202443005452585,0.7839444499950048,0.0024006763459309558,0.008446835413765648,0.2835294858078044,0.6676631631946676,336.0657767700954,0.008932885343873901,0.005810358706036346,0.005229113414665154,0.8861111111111111,80.122844841277,0.010157265415543943,0.004549069563061487,0.005608195852482456,0.9478036103736374,-0.05538881477907789,0.2038878395917243,TREND_UP,0,2,22,2,-0.005811406116629669,0.0639476809954751,-0.009244911545908119,0.08106867816091956,71.0,0,0.0024009434314173905,0.0061829349604345385,0.03348046640855218,0.05138311753459868,0.057488210447552035,0.012484219121352114,2023-11-15 21:00:00+00:00,2023-11-15 22:00:00+00:00,BTC/USDT
development|ETH/USDT|2023-11-16T02:00:00+00:00,development,0.014032578366603765,0.01686887559587591,0.0027506471178106637,0.010408504045590128,0.004063190083750445,0.45922798552472804,-0.007387679815837611,0.010052933156727653,0.7403474903474826,0.040540540540547954,18.2471202691531,0.008853140944428966,0.004872310678278225,0.006586743572613064,0.8069444444444445,63.84820021090666,0.007263777069809628,0.004113858047884628,0.003149919021924999,1.053994816323539,0.09906841508652013,-0.19936443490616895,TREND_UP,1,1,2,3,-0.009553237192270747,0.047828938337883375,-0.03551724622015062,0.0856412957598105,58.0,0,-0.007392460172217841,0.0040334955500023195,0.004787278125259142,0.02375240280737323,0.044785425347486196,-0.0006739459291725813,2023-11-16 01:00:00+00:00,2023-11-16 02:00:00+00:00,ETH/USDT
development|BTC/USDT|2023-11-18T13:00:00+00:00,development,0.0012798268048352934,0.00015382839083821764,-0.001124386210502344,0.0006633248812950576,-9.053854844542908e-05,0.23758050258871538,0.0012776493230327137,0.0024930519927679087,0.5118300869374317,0.6147243314625668,176.87610883714885,0.004852661336079125,0.0044546878181548665,0.004522859728846371,0.24027777777777778,51.77702388012747,5.302397023762139e-05,-0.00025419615381316315,0.00030722012405078454,0.43263584475110106,-0.6513149105957283,-0.2148985692766927,RANGE,0,29,13,5,-0.009529891304347782,0.01640217394335375,-0.04030279094260125,0.04739367816091966,63.0,0,0.0012773742679135225,0.001424550346246889,0.005442458347125756,0.0013541205071097018,-0.002091404707207478,0.007145203838222702,2023-11-18 12:00:00+00:00,2023-11-18 13:00:00+00:00,BTC/USDT
development|ETH/USDT|2023-11-19T05:00:00+00:00,development,0.0015307174243490707,-0.0017284072122836225,-0.003259777685795893,0.00023219067446489383,-0.0007972513876304266,0.19991260651081602,0.0004959708757720923,0.0027086005734056075,0.18301886792453503,0.7716981132075383,10.852168482071963,0.005546073542119743,0.0031000529242872533,0.005486465005667245,0.17083333333333334,52.22642742805018,0.0005420766032770942,0.0004355681197391984,0.00010650848353789594,0.6260932664948186,-0.5908009319299731,-0.33517827834084557,RANGE,0,37,5,6,-0.007350777690973143,0.021257828810020918,-0.07614258734655333,0.027694327731092372,75.0,0,0.0004959708757721337,0.0030346368944182966,-0.00023503083502374178,-0.003747282456506573,0.010055491031100816,-0.04803304369824757,2023-11-19 04:00:00+00:00,2023-11-19 05:00:00+00:00,ETH/USDT
development|ETH/USDT|2023-11-22T20:00:00+00:00,development,0.02753108908501889,0.034485635610943755,0.0065425851181943875,0.010657964553227428,0.005117118662133269,0.7886490632190225,0.0067912126265171225,0.011723809202829297,0.5753593429157928,0.7613963039014245,19.75180316820522,0.009509912597777158,0.0068291410565493905,0.005522009392917652,0.7847222222222222,73.77835409632806,0.008149433517566548,0.004544656306908957,0.0036047772106575907,1.9715595566523227,2.1965366733155074,0.20819007024480696,TREND_UP,0,2,20,2,-0.0027895409020637363,0.07703755944016044,-0.006424607730578069,0.0908455882352941,87.0,0,0.006791212626517051,0.02147740126887321,0.022719774673409354,0.0417508890371312,0.04601631748589852,0.04709737591691665,2023-11-22 19:00:00+00:00,2023-11-22 20:00:00+00:00,ETH/USDT
development|BTC/USDT|2023-11-23T03:00:00+00:00,development,0.007493912606832076,0.01075094433532664,0.0031984193393168633,0.007769710517964823,0.0034927098594308426,0.31408624104364186,-0.0019252566295978614,0.003552069612207724,0.5430553461016387,0.21572915095763526,282.15792981234546,0.007557265935227773,0.00468803895382384,0.00430860039324326,0.6888888888888889,59.53444922518938,0.005330569832529546,0.0034819814113401146,0.001848588421189431,0.5428424103403076,-0.7845324770332434,0.1652174696437987,TREND_UP,0,3,3,3,-0.013869644569227901,0.030265016887790264,-0.013869644569227901,0.051717746478873394,110.0,0,-0.0019255234373600771,-0.0019343280134855867,-0.007443908827070467,0.025787288594044888,0.028705743876489276,0.0008594271057842384,2023-11-23 02:00:00+00:00,2023-11-23 03:00:00+00:00,BTC/USDT
development|BTC/USDT|2023-11-28T18:00:00+00:00,development,0.023059583607263345,0.02438597676861609,0.0012656328000375256,0.006743357239300085,0.002323166597025139,0.49556466516582354,0.008796234816541829,0.012336318967829666,0.7068182782468542,0.9379481522338662,220.46198304714147,0.005769632447600256,0.003863077618313768,0.003859892234482521,0.55,75.79685245549672,0.004222524818828731,0.0011709239573887348,0.003051600861439996,3.9902633824038305,3.6763928307507867,-0.04156776089111136,RANGE,0,21,18,1,-0.0007649058577405832,0.03867655469512821,-0.005291039725100255,0.07237144354191627,135.0,0,0.008796234816541793,0.022570232416740055,0.025752843784210055,0.03513567840285026,0.034859258111745284,0.011793344008015794,2023-11-28 17:00:00+00:00,2023-11-28 18:00:00+00:00,BTC/USDT
development|ETH/USDT|2023-11-28T23:00:00+00:00,development,0.003930171808776084,0.004482818101812613,0.0005480260997304515,0.006824882275928035,0.002470355493316978,0.13082602676511418,-0.0022058393876238022,0.007208007378813231,0.30670277589707184,0.4069058903182279,15.003484542698144,0.0073219517462206245,0.004987191783083917,0.004338065371988885,0.55,54.91563139387124,0.004048118669043232,0.002533382358348344,0.0015147363106948883,0.5660750393346345,-0.8117804810516565,-0.07208863982358515,RANGE,0,25,23,1,-0.01247710843373484,0.027045585544946515,-0.03933859035545839,0.0625904242355102,147.0,0,-0.0022058393876237536,-0.004803302574065027,-0.003627399018754529,0.014079558164164174,0.014250217787281416,-0.016213127976647757,2023-11-28 22:00:00+00:00,2023-11-28 23:00:00+00:00,ETH/USDT
development|ETH/USDT|2023-12-01T03:00:00+00:00,development,0.0180269740467911,0.02085118664915031,0.0027175382355403813,0.005869551794299488,0.002458837467640196,0.44188048906492355,-0.0011347748644972952,0.005172207175898386,0.219647822057442,0.2947173308619247,12.411215613231743,0.005949339986689233,0.00460638388929883,0.004164357916616313,0.2222222222222222,74.2709953133545,0.004132674031100618,0.0015811167305045631,0.0025515573005960544,1.5490674062281424,0.6577459470724482,0.06076252141930771,TREND_UP,1,1,3,4,-0.0036346095063427564,0.032313135561768735,-0.021973539863667457,0.05054437047407068,52.0,0,-0.0011347748644973121,0.016662118169944895,0.020901029636299695,0.02763478732050939,0.024712158126375394,0.02947054672502869,2023-12-01 02:00:00+00:00,2023-12-01 03:00:00+00:00,ETH/USDT
development|BTC/USDT|2023-12-01T10:00:00+00:00,development,0.017417750461412362,0.02149800564110782,0.003926001773053185,0.00613149298049076,0.0029915996655676125,0.6432817292724392,0.010225385484530553,0.010451556430085406,0.9684572219612833,0.9684572219612833,181.3640267665141,0.004685774504085599,0.0030528454726183956,0.0032976701584632915,0.2722222222222222,78.88318505563664,0.004155597362053424,0.002030912075176812,0.002124685286876612,3.8879593940342567,3.647731948940346,0.08314734039823746,TREND_UP,0,2,10,4,-0.00032956247740079103,0.03213973333333331,-0.00032956247740079103,0.054437573214918045,64.0,0,0.010225385484530447,0.012848878546028342,0.01740633308843531,0.02560050451653595,0.02629559569321782,0.04374168760159591,2023-12-01 09:00:00+00:00,2023-12-01 10:00:00+00:00,BTC/USDT
development|ETH/USDT|2023-12-07T20:00:00+00:00,development,0.022135647031785943,0.031038110110264583,0.008447475254370373,0.015200434663312334,0.0071882398164282435,0.4909836847629028,-0.0004964095892639911,0.007111602058554101,0.06983744732090912,0.5930162552679009,21.358351562726458,0.0091446175160028,0.00671267229612615,0.005327110954088147,0.8111111111111111,69.7390011423868,0.008470481342683744,0.00393314116539805,0.004537340177285696,0.8956907060012371,-0.12121570796063066,0.13941786444791204,TREND_UP,0,4,20,3,-0.008650254668930435,0.052081081081081004,-0.008650254668930435,0.14510261514173917,161.0,0,-0.0004964095892640019,-0.0045900297904439835,0.03864420648190969,0.03270164392525854,0.032181368216368966,0.04527268333288581,2023-12-07 19:00:00+00:00,2023-12-07 20:00:00+00:00,ETH/USDT
development|BTC/USDT|2023-12-08T21:00:00+00:00,development,0.015440894564836105,0.01962458747016327,0.004040776682226446,0.0046833573047522226,0.0025525100158083625,0.33658590636329244,0.009531661308468274,0.01025358629825675,0.9208160214557275,0.9208380047923628,261.7414349342693,0.005899862364369601,0.004061026978792872,0.004187943020923592,0.5083333333333333,67.69834260399281,0.003437315845566757,0.0016006228486341969,0.0018366929969325602,1.441469877019934,1.1463363689553203,-0.1660610410666471,TREND_UP,1,1,21,4,-0.0008110360360360502,0.02977848755022494,-0.002787493256608542,0.14808855014063838,179.0,0,0.009531891034064932,0.014362826625863967,0.009121538166884768,0.02663669724855544,0.026095309112322385,0.013344288162252083,2023-12-08 20:00:00+00:00,2023-12-08 21:00:00+00:00,BTC/USDT
development|BTC/USDT|2023-12-13T21:00:00+00:00,development,0.027387756388209894,0.02781174835639222,0.00040152229619769476,0.012118472792780999,0.0038328453055176404,0.39902769938842586,0.0032962036560575656,0.007380313922817731,0.44515374648421596,0.958505830673459,351.92290055318875,0.00820813918626899,0.00538679944736908,0.004906411372603219,0.8152777777777778,73.61518469084854,0.0068042183088139144,0.002209518010745406,0.004594700298068508,1.4672677497973772,0.8913172410956253,-0.002874263273176747,RANGE,0,45,21,2,-0.00030614624137281776,0.05720305757613131,-0.04083064876957487,0.06595569588782269,120.0,0,0.003296203656057539,0.0179557250240987,0.03482501448156028,0.038940454416364734,0.03990481598055373,-0.024684707760530555,2023-12-13 20:00:00+00:00,2023-12-13 21:00:00+00:00,BTC/USDT
development|ETH/USDT|2023-12-14T01:00:00+00:00,development,0.016057997929701306,0.017767780505260733,0.0016533838447751342,0.013440903935266535,0.004841439492701216,0.4788511749347249,-0.0005265113974232154,0.0038291787850215325,0.137572254335265,0.6231213872832158,18.596467075786773,0.008232277133289409,0.006322504611991162,0.006138292962637563,0.6541666666666667,67.80668999280857,0.007919653551446906,0.004344868009885408,0.003574785541561498,0.537120227423221,-1.0366301300859948,0.05588436126178875,RANGE,0,18,1,3,-0.010967504662831362,0.05346683330846136,-0.0599375780274658,0.05346683330846136,149.0,0,-0.0005265113974232127,-0.001105475641949738,0.018999932336423164,0.03504254315025501,0.02502938093574314,-0.0360782071413942,2023-12-14 00:00:00+00:00,2023-12-14 01:00:00+00:00,ETH/USDT
development|BTC/USDT|2023-12-19T03:00:00+00:00,development,0.023468809390762013,0.028128726570651352,0.004428494324295211,0.01522263556275072,0.006081250742493882,0.390820869579785,-0.0055010978878212565,0.010815357068819774,0.5114512009272556,0.09787718130888966,379.0212853684823,0.008798751932737721,0.006297356870573694,0.004857992024950743,0.9041666666666667,68.59618399816937,0.00894634138388235,0.0041770047773269274,0.004769336606555423,1.1712645161845505,0.4070840179882129,0.27229859860039807,TREND_UP,0,2,3,1,-0.009662505460146686,0.06249622313927472,-0.009662505460146686,0.06249622313927472,126.0,0,-0.005501097887821271,0.009820243894434144,0.026342418078729946,0.035365678082917906,0.05320561547186253,0.02201315906852086,2023-12-19 02:00:00+00:00,2023-12-19 03:00:00+00:00,BTC/USDT
development|ETH/USDT|2023-12-19T08:00:00+00:00,development,0.015139266679413677,0.018178813222326395,0.0029407568345660366,0.010019906631751008,0.004049669367496955,0.5064624222115852,0.002349825212242269,0.004724220303471255,0.4962335216572326,0.4962335216572326,15.98624333697813,0.00711134984451805,0.006369418519783092,0.005069141122367613,0.4847222222222222,66.17116739372689,0.00733308013404787,0.004512604788819762,0.0028204753452281068,1.1355104136085867,0.2500093339257745,0.1418083274842985,TREND_UP,0,2,8,1,-0.0023742533306115865,0.06207597089672112,-0.0360703397352613,0.06207597089672112,127.0,0,0.0023453558832315924,0.004917321937067287,0.00025807485060580504,0.03365366930292413,0.03632692387481029,0.002917754132369721,2023-12-19 07:00:00+00:00,2023-12-19 08:00:00+00:00,ETH/USDT
development|ETH/USDT|2023-12-20T17:00:00+00:00,development,0.0035479092285211067,0.006693669611268049,0.0031137962449230235,0.006128808976499034,0.002792415944505189,0.2645640819606267,-0.010569836579200341,0.01650316434344936,0.6473153447805932,0.2777323521395486,20.71812163754248,0.009319012435866374,0.007282149310742809,0.005286916843958034,0.8902777777777777,53.85784506963509,0.004382916132848662,0.0026067223548203733,0.0017761937780282886,1.6234296592890052,1.0053957632141246,0.14519551610480774,RANGE,1,1,17,2,-0.018883495145631035,0.04104797358994161,-0.04669591057025613,0.05036851554379673,33.0,0,-0.010569836579200298,-0.010979184924529206,0.0014594791821511688,0.004155356118535902,0.020841942860291507,-0.004500147766046125,2023-12-20 16:00:00+00:00,2023-12-20 17:00:00+00:00,ETH/USDT
development|BTC/USDT|2023-12-24T05:00:00+00:00,development,0.001110524017265524,0.0023407131766943756,0.0012259549114708073,0.0007903284914800857,0.0005687191499585964,0.19203620706742192,-0.0009049953370042379,0.0042854393020542916,0.21137041773233944,0.1944266837169539,145.34087151553126,0.003318677978407288,0.0013548806425080712,0.004589502533161432,0.044444444444444446,53.901847412467234,0.0007132183402904342,0.00046662252546804216,0.000246595814822392,1.3826484814864761,1.6824574291134486,-0.575981027247662,RANGE,0,77,5,6,-0.0034403586219451388,0.00717617575881202,-0.01359174886583403,0.08020831252205984,122.0,0,-0.0009049953370042774,0.0002928144654914533,0.0011189630287300467,0.00012651501155414024,0.0066839784727990015,0.0038370373120932832,2023-12-24 04:00:00+00:00,2023-12-24 05:00:00+00:00,BTC/USDT
development|ETH/USDT|2023-12-24T18:00:00+00:00,development,-0.002117158301688127,-0.00020991805443026923,0.0019116880416889545,-0.0007853204150750637,0.00026945092748364985,0.006136014999146087,-0.0018920898437500633,0.0037782495129771256,0.5017341040462543,0.17225433526014114,13.868024959854566,0.006057440294858333,0.0034338491308752036,0.005659183768079828,0.26944444444444443,46.46208419849635,-0.0005148435800655988,-0.00011792439905502411,-0.0003969191810105747,0.7873096817877057,-0.5355096049061191,-0.27641131202188984,RANGE,0,14,18,6,-0.015806963317699707,0.006971414999318304,-0.022930670251584462,0.0816498157422283,97.0,0,-0.001892089843750111,4.804941226832504e-05,0.0002228134789048486,0.00160121797564039,-0.002344430887223359,0.025569581694544707,2023-12-24 17:00:00+00:00,2023-12-24 18:00:00+00:00,ETH/USDT
development|BTC/USDT|2023-12-26T05:00:00+00:00,development,-0.0002514598321923245,-0.0005476795973089477,-0.00029645663447455304,0.00011413971568163817,-2.2404367535755476e-05,0.2008911193489065,-3.337057796683631e-05,0.0024409666283085143,0.013671506694295888,0.7712615500659918,183.11924449773088,0.004214482036771712,0.0029057269771822504,0.0039285105876438586,0.1388888888888889,49.698306352199886,0.00041658641715690503,0.0005451582242934261,-0.00012857180713652104,0.605393026022171,-1.0499230756612896,-0.15766097882765262,RANGE,0,17,5,1,-0.008043409572826232,0.009398674841905486,-0.021358044211642557,0.03919772500603913,48.0,0,-3.360071215097182e-05,-0.0012226689582994776,-0.005268983737464317,-0.0011884593015903944,0.008015404424132067,-0.0012419539063391882,2023-12-26 04:00:00+00:00,2023-12-26 05:00:00+00:00,BTC/USDT
development|ETH/USDT|2023-12-27T17:00:00+00:00,development,0.04011247080541458,0.04630573873799526,0.005690900048049051,0.01706879884537238,0.006855466374240837,0.7803002563163677,0.010405813933628195,0.015885358339707542,0.6483107209364138,0.727055067837186,20.417037807576545,0.00862814476745701,0.005344315846041176,0.0048473112044265226,0.7527777777777778,84.3158188785168,0.010666666640427942,0.004599687618685333,0.006066979021742609,2.679364114121495,2.0591656518330264,0.26527063487325786,TREND_UP,0,2,17,2,-0.004317109808591346,0.08624480708760829,-0.004317109808591346,0.09755565862708715,71.0,0,0.010405813933628272,0.03179094976061947,0.038501711577284325,0.06513235777334647,0.06461481704765792,0.03163800920758919,2023-12-27 16:00:00+00:00,2023-12-27 17:00:00+00:00,ETH/USDT
development|BTC/USDT|2023-12-27T22:00:00+00:00,development,0.009677956956914091,0.010821934662632593,0.001120882344404186,0.005408979482191434,0.0020022202863005933,0.3860987118989906,-0.001821139768334141,0.005333185752959652,0.3420961604981106,0.4906606710480651,274.48773459755546,0.006329531630568403,0.003645607964414203,0.003576374587104962,0.5305555555555556,65.25996357790598,0.004091970385885586,0.0024570501336975393,0.0016349202521880463,1.0065654813209288,0.014617233172753078,0.15148568206299173,RANGE,0,21,22,2,-0.0045735783746064795,0.03010806274494504,-0.023245505567110136,0.04151536111591447,41.0,0,-0.0018211397683340902,0.00421962033142842,0.008970315711837706,0.014830887260357528,0.024274141224281287,-0.0028360842630206218,2023-12-27 21:00:00+00:00,2023-12-27 22:00:00+00:00,BTC/USDT
development|BTC/USDT|2023-12-31T07:00:00+00:00,development,0.0012503927746922994,-0.00036550857104056256,-0.001614473461531308,-0.00016532489750797907,-0.0005180864535957452,0.24434282455765036,0.0012957960092895467,0.0021750099638650484,0.5949945593035846,0.660282916213268,210.23084433614923,0.004975562362816968,0.0032133421894918117,0.00374204195710352,0.2375,51.94815839717993,0.0002581536051811095,0.0002221713665337348,3.598223864737468e-05,0.4092278708895863,-1.3795470987071092,-0.3018368433077524,RANGE,0,20,7,6,-0.00843981271144123,0.017639082569249176,-0.03673620876124617,0.023067312348668212,81.0,0,0.0012957960092896403,0.0018180955993929437,-0.002718805547694547,-0.0037355777766722165,0.004811612745197147,-0.018109559009266807,2023-12-31 06:00:00+00:00,2023-12-31 07:00:00+00:00,BTC/USDT
